"Architecture","Best_Resolution","Core_Speed","Dedicated","HDMI_Connection","Manufacturer","Max_Power","Memory","Memory_Bandwidth","Memory_Bus","Memory_Speed","Memory_Type","Name","Pixel_Rate","Process","ROPs","Release_Date","Resolution_WxH","SLI_Crossfire","Shader","TMUs","Texture_Rate"
"Tesla G92b ",NA,"738 ","Yes",0,"Nvidia","141 ","1024  ","64","256  ","1000 ","GDDR3","GeForce GTS 150","12 ","55","16","
01-Mar-2009 ","2560x1600","Yes",4,64,"47 "
"R600 XT ","1366 x 768",NA,"Yes",0,"AMD","215 ","512  ","106","512  ","828 ","GDDR3","Radeon HD 2900 XT 512MB","12 ","80","16","
14-May-2007 ","2560x1600","Yes",4,16,"12 "
"R600 PRO ","1366 x 768",NA,"Yes",0,"AMD","200 ","512  ","51.2","256  ","800 ","GDDR3","Radeon HD 2900 Pro","10 ","80","16","
07-Dec-2007 ","2560x1600","Yes",4,16,"10 "
"RV630 ","1024 x 768",NA,"Yes",0,"AMD",NA,"256  ","36.8","128  ","1150 ","GDDR4","Radeon HD 2600 XT Diamond Edition","3 ","65","4","
01-Jul-2007 ","2560x1600","Yes",4,8,"7 "
"RV630 ","1024 x 768",NA,"Yes",0,"AMD","45 ","256  ","22.4","128  ","700 ","GDDR3","Radeon HD 2600 XT","3 ","65","4","
28-Jun-2007 ","2560x1600","Yes",4,8,"6 "
"RV630 ","1024 x 768",NA,"Yes",0,"AMD","50 ","256  ","35.2","128  ","1100 ","GDDR4","Radeon HD 2600 XT 256MB GDDR4","3 ","65","4","
26-Jun-2007 ","2560x1600","Yes",4,8,"6 "
"R700 RV790 XT ","1920 x 1080","870 ","Yes",1,"AMD","190 ","2048  ","134.4","256  ","1050 ","GDDR5","Radeon HD 4890 Sapphire Vapor-X OC 2GB Edition","14 ","55","16","
13-Jul-2009 ","2560x1600","Yes",4.1,40,"35 "
"R600 GT ","1024 x 768",NA,"Yes",0,"AMD","150 ","256  ","51.2","256  ","800 ","GDDR3","Radeon HD 2900 GT","7 ","80","12","
06-Nov-2007 ","2560x1600","Yes",4,12,"7 "
"Pitcairn XT GL ","1920 x 1080",NA,"Yes",0,"AMD","150 ","2048  ","160","256  ","1250 ","GDDR5","FirePro D300","25 ","28","32","
18-Jan-2014 ","4096x2160","Yes",5,80,"62 "
"RV100 ",NA,NA,"Yes",NA,"AMD","32 ","64  ","2.9","64  ","366 ","DDR","Radeon 7000 64mb",NA,NA,NA,"
02-Jan-2001 ","1600x1200","No",1,NA,NA
"NV28GL A2 ",NA,NA,"Yes",0,"Nvidia",NA,"128  ","5.2","128  ","325 ","DDR","Quadro4 980 XGL","1 ","150","4","
01-Nov-2002 ",NA,"No",1.3,8,"2 "
"Fermi GF110 ","1920 x 1080","650 ","Yes",1,"Nvidia","250 ","6144  ","177.6","384  ","925 ","GDDR5","Tesla M2090","31 ","40","48","
25-Jul-2011 ","2560x1600","Yes",5,56,"36 "
"Kepler GK110 ",NA,"705 ","Yes",0,"Nvidia","225 ","5120  ","168","320  ","1050 ","GDDR5","Tesla K20",NA,"28",NA,"
01-Nov-2012 ","4096x2160","No",5,NA,NA
"Kepler GK110 ","2560 x 1600","706 ","Yes",0,"Nvidia","245 ","12288  ","288.4","384  ","1502 ","GDDR5","Tesla K40c","34 ","28","48","
12-Nov-2013 ","4096x2160","Yes",5,240,"169 "
"RV200 ",NA,NA,"Yes",NA,"AMD",NA,"64  ","5.8","128  ","360 ","DDR","All-in-Wonder Radeon 7500",NA,NA,NA,"
22-Jan-2002 ","1600x1200","No",NA,NA,NA
"GCN 1.1 Oland XT + Kaveri ","1600 x 900","1050 ","Yes",1,"AMD","150 ","3072  ","57.6","128  ","900 ","DDR3","Radeon R7 250 v2 MSI OC 2GB + Radeon R7 7870K Dual","18 ","28","8 (x2)","
28-May-2015 ","2560x1600","Yes",5,28,"62 "
"Kepler GK104 x2 ",NA,NA,"Yes",0,"Nvidia","300 ","8192  ","320","512  ","1250 ","GDDR5","Tesla K10",NA,"28",NA,"
15-May-2012 ","4096x2160","No",5,NA,NA
"Kepler GK110 ",NA,"732 ","Yes",0,"Nvidia","235 ","6144  ","249.6","384  ","1300 ","GDDR5","Tesla K20X",NA,"28",NA,"
12-Nov-2012 ","4096x2160","Yes",5,NA,NA
"Skylake GT3-E ","1366 x 768","300 ","No",NA,"Intel","28 ",NA,"34.1","128  ","1067 ","DDR4","Iris i3 6167U","2 ","14","2","
01-Sep-2015 ","4096x2304","No",5,8,"8 "
"R360 ","1024 x 768",NA,"Yes",0,"AMD","60 ","256  ","23.4","256  ","730 ","DDR","Radeon 9800 XT","3 ","150","8","
01-Oct-2003 ","2048x1536","No",2,8,"3 "
"Fermi GF100 ",NA,"575 ","Yes",0,"Nvidia","238 ","6144  ","144","384  ","750 ","GDDR5","Tesla C2070",NA,"40",NA,"
01-Sep-2010 ","2560x1600","No",5,NA,NA
"Fermi GF100 ",NA,"575 ","Yes",0,"Nvidia","247 ","6144  ","144","384  ","750 ","GDDR5","Tesla C2075",NA,"40",NA,"
01-Jul-2011 ","2560x1600","No",5,NA,NA
"NV25 A2 ",NA,NA,"Yes",0,"Nvidia",NA,"128  ","3.6","128  ","225 ","DDR","Quadro4 750 XGL","1 ","150","4","
19-Feb-2002 ",NA,"No",1.3,8,"2 "
"NV28GL A2 ",NA,NA,"Yes",0,"Nvidia",NA,"128  ","5.2","128  ","325 ","DDR","Quadro4 900 XGL","1 ","150","4","
01-Nov-2002 ",NA,"No",1.3,8,"2 "
"Skylake GT3-E ","1366 x 768","300 ","No",NA,"Intel","15 ",NA,"34.1","128  ","1067 ","DDR4","Iris i5 6360U","2 ","14","2","
01-Sep-2015 ","4096x2304","No",5,8,"8 "
"NV28 ",NA,NA,"Yes",0,"Nvidia",NA,"128  ","4.4","128  ","275 ","DDR","Quadro4 780 XGL","1 ","150","4","
01-Nov-2002 ",NA,"No",1.3,8,"2 "
"Fermi GF100 ",NA,"575 ","Yes",0,"Nvidia","238 ","3072  ","144","384  ","750 ","GDDR5","Tesla C2050",NA,"40",NA,"
01-May-2010 ","2560x1600","No",5,NA,NA
"Skylake GT3-E ","1366 x 768","300 ","No",NA,"Intel","28 ",NA,"34.1","128  ","1067 ","DDR4","Iris i5 6267U","2 ","14","2","
01-Sep-2015 ","4096x2304","No",5,8,"8 "
"Skylake GT3-E ","1366 x 768","300 ","No",NA,"Intel","15 ",NA,"34.1","128  ","1067 ","DDR4","Iris i5 6260U","2 ","14","2","
01-Sep-2015 ","4096x2304","No",5,8,"8 "
"Haswell GT3 ","1366 x 768","200 ","No",NA,"Intel","15 ",NA,"25.6","128  ","800 ","DDR3","Iris i5 4258U","4 ","22","4","
02-Jun-2013 ","2560x1600","No",5,8,"9 "
"NV18 A4 ",NA,NA,"Yes",0,"Nvidia",NA,"64  ","3.2","128  ","200 ","DDR","Quadro4 580 XGL","1 ","150","4","
01-Nov-2002 ",NA,"No",1.3,4,"1 "
"Broadwell GT3-E ","1366 x 768","300 ","No",NA,"Intel","47 ",NA,"29.9","128  ","933 ","DDR3","Iris i5 5350H","2 ","14","2","
02-Jun-2015 ","4096x2304","No",5,8,"8 "
"NV17 A3 ",NA,NA,"Yes",0,"Nvidia",NA,"64  ","3.2","128  ","200 ","DDR","Quadro4 550 XGL","1 ","150","4","
19-Feb-2002 ",NA,"No",1.3,4,"1 "
"NV18 A4 ",NA,NA,"Yes",0,"Nvidia",NA,"128  ","4.1","128  ","256 ","DDR","Quadro4 380 XGL","1 ","150","4","
19-Feb-2002 ",NA,"No",1.3,4,"1 "
"NV25 A2 ",NA,NA,"Yes",0,"Nvidia",NA,"64  ","3.6","128  ","225 ","DDR","Quadro4 700 XGL","1 ","150","4","
19-Feb-2002 ",NA,"No",1.3,8,"2 "
"Skylake GT3-E ","1366 x 768","300 ","No",NA,"Intel","28 ",NA,"34.1","128  ","1067 ","DDR4","Iris i5 6287U","2 ","14","2","
01-Sep-2015 ","4096x2304","No",5,8,"9 "
"Skylake GT3-E ","1366 x 768","300 ","No",NA,"Intel","15 ",NA,"34.1","128  ","1067 ","DDR4","Iris i7 6650U","2 ","14","2","
01-Sep-2015 ","4096x2304","No",5,8,"8 "
"NV17 A3 ",NA,NA,"Yes",0,"Nvidia",NA,"128  ","2.7","128  ","166 ","DDR","Quadro4 500 XGL","1 ","150","4","
19-Feb-2002 ",NA,"No",1.3,4,"1 "
"Skylake GT3-E ","1366 x 768","300 ","No",NA,"Intel","28 ",NA,"34.1","128  ","1067 ","DDR4","Iris i7 6567U","2 ","14","2","
01-Sep-2015 ","4096x2304","No",5,8,"9 "
"Skylake GT3-E ","1366 x 768","300 ","No",NA,"Intel","15 ",NA,"34.1","128  ","1067 ","DDR4","Iris i7 6560U","2 ","14","2","
01-Sep-2015 ","4096x2304","No",5,8,"8 "
"Broadwell GT3-E ","1366 x 768","300 ","No",NA,"Intel","47 ",NA,"29.9","128  ","933 ","DDR3","Iris i7 5950HQ","2 ","14","2","
02-Jun-2015 ","4096x2304","No",5,8,"9 "
"Broadwell GT3-E ","1366 x 768","300 ","No",NA,"Intel","47 ",NA,"25.6","128  ","800 ","DDR3","Iris i7 5850EQ","2 ","14","2","
02-Jun-2015 ","4096x2304","No",5,8,"8 "
"Pascal GP102 ","3840 x 2160",NA,NA,1,"Nvidia","250 ",NA,"480","384  ","1250 ","GDDR5X","Titan X Pascal 2016","147 ","16","96","
02-Aug-2016 ","7680x4320","No",5,224,"343 "
"Broadwell GT3-E ","1366 x 768","300 ","No",NA,"Intel","47 ",NA,"29.9","128  ","933 ","DDR3","Iris i7 5850HQ","2 ","14","2","
02-Jun-2015 ","4096x2304","No",5,8,"9 "
"Broadwell GT3-E ","1366 x 768","300 ","No",NA,"Intel","47 ",NA,"29.9","128  ","933 ","DDR3","Iris i7 5750HQ","2 ","14","2","
02-Jun-2015 ","4096x2304","No",5,8,"8 "
"Pascal GP102 ","3840 x 2160",NA,"Yes",1,"Nvidia","250 ","12288  ","547.2","96  ","1425 ","GDDR5X","GeForce Titan XP","152 ","16","24 (x4)","
06-Apr-2017 ","7680x4320","Yes",5,56,"354 "
"Kepler GK110-400-A1 ","2560 x 1440","837 ","Yes",1,"Nvidia","250 ","6144  ","288.4","384  ","1502 ","GDDR5","GeForce GTX Titan Zotac Edition","42 ","28","48","
19-Feb-2013 ","4096x2160","Yes",5,224,"196 "
"Kepler GK110-430-B1 (x2) ","5760 x 1600","705 ","Yes",1,"Nvidia","375 ","12288  ","672","384  ","1750 ","GDDR5","GeForce GTX Titan Z Palit 12GB Edition","84 ","28","48 (x2)","
28-May-2014 ","4096x2160","Yes",5,240,"420 "
"Kepler GK110B ","5760 x 1600",NA,"Yes",1,"Nvidia","375 ","12288  ","672","384  ","1750 ","GDDR5","GeForce GTX Titan Z EVGA Superclocked 12GB Edition","88 ","28","48 (x2)","
28-May-2014 ","4096x2160","Yes",5,240,"439 "
"Kepler GK110-430-B1 (x2) ","3840 x 2160","705 ","Yes",1,"Nvidia","375 ","12288  ","672","384  ","1750 ","GDDR5","GeForce GTX Titan Z","84 ","28","48 (x2)","
28-May-2014 ","4096x2160","Yes",5,240,"420 "
"Kepler GK110B ","5760 x 1600",NA,"Yes",1,"Nvidia","375 ","12288  ","672","384  ","1750 ","GDDR5","GeForce GTX Titan Z EVGA Hydro Copper 12GB Edition","90 ","28","48 (x2)","
28-May-2014  ","4096x2160","Yes",5,240,"452 "
"Maxwell GM200-400-A1 ","3840 x 2160","1140 ","Yes",1,"Nvidia","250 ","12288  ","336.6","384  ","1753 ","GDDR5","GeForce GTX Titan X EVGA Hybrid 12GB Edition","120 ","28","96","
17-Mar-2015 ","4096x2160","Yes",5,192,"240 "
"Maxwell GM200-400-A1 (x2) ","3840 x 2160","1127 ","Yes",1,"Nvidia",NA,"24576  ","673.2","384  ","1753 ","GDDR5","GeForce GTX Titan X EVGA Superclocked 12GB Edition SLI","233 ","28","96 (x2)","
17-Mar-2015 ","4096x2160","Yes",5,192,"467 "
"Kepler GK110-400-A1 ","2560 x 1440","902 ","Yes",1,"Nvidia",NA,"6144  ","317.2","384  ","1652 ","GDDR5","GeForce GTX Titan Zotac AMP! Edition","46 ","28","48","
01-Apr-2013 ","4096x2160","Yes",5,224,"214 "
"Maxwell GM200-400-A1 (x2) ","5760 x 1080","1000 ","Yes",1,"Nvidia","450 ","24576  ","673.2","384  ","1753 ","GDDR5","GeForce GTX Titan X SLI","209 ","28","96 (x2)","
17-Mar-2015 ","4096x2160","Yes",5,192,"418 "
"Maxwell GM200-400-A1 ","3840 x 2160","1000 ","Yes",1,"Nvidia","250 ","12288  ","336.6","384  ","1753 ","GDDR5","GeForce GTX Titan X","105 ","28","96","
17-Mar-2015 ","4096x2160","Yes",5,192,"209 "
"Maxwell GM200-400-A1 ","3840 x 2160","1127 ","Yes",1,"Nvidia","250 ","12288  ","336.6","384  ","1753 ","GDDR5","GeForce GTX Titan X EVGA Superclocked 12GB Edition","117 ","28","96","
17-Mar-2015 ","4096x2160","Yes",5,192,"233 "
"Kepler GK110-400-A1 ","2560 x 1440","928 ","Yes",1,"Nvidia","265 ","6144  ","288.4","384  ","1502 ","GDDR5","GeForce GTX Titan WindForce 3X OC Edition","47 ","28","48","
15-May-2013 ","4096x2160","Yes",5,224,"220 "
"Kepler GK110-400-A1 (x2) ","5760 x 1600","837 ","Yes",2,"Nvidia","500 ","12288  ","576.8","384  ","1502 ","GDDR5","GeForce GTX Titan SLI","84 ","28","48 (x2)","
19-Feb-2013 ","4096x2160","Yes",5,224,"392 "
"Pascal P100 ","3840 x 2160","1000 ","Yes",1,"Nvidia","300 ","12288  ","384","3072  ","500 ","HBM-2","GeForce GTX Titan P 12GB [not released]","96 ","16","96","
17-Aug-2016 ","7680x4320","Yes",5,320,"320 "
"Kepler GK110-400-A1 ","2560 x 1440","837 ","Yes",1,"Nvidia","250 ","6144  ","288.4","384  ","1502 ","GDDR5","GeForce GTX Titan Inno3D Edition","42 ","28","48","
19-Feb-2013 ","4096x2160","Yes",5,224,"196 "
"Pascal P100 ","3840 x 2160","1000 ","Yes",1,"Nvidia","375 ","16384  ","512","4096  ","500 ","HBM-2","GeForce GTX Titan P 16GB [not released]","128 ","16","128","
17-Aug-2016 ","7680x4320","Yes",5,320,"320 "
"Kepler GK110-400-A1 ","2560 x 1440","837 ","Yes",1,"Nvidia","250 ","6144  ","288.4","384  ","1502 ","GDDR5","GeForce GTX Titan Gigabyte Edition","42 ","28","48","
19-Feb-2013 ","4096x2160","Yes",5,224,"196 "
"Kepler GK110-400-A1 ","2560 x 1440","937 ","Yes",1,"Nvidia","265 ","6144  ","288.4","384  ","1502 ","GDDR5","GeForce GTX Titan iChill Accelero Hybrid Edition","47 ","28","48","
15-Mar-2013 ","4096x2160","Yes",5,224,"220 "
"Kepler GK110-400-A1 ","2560 x 1440","837 ","Yes",1,"Nvidia","250 ","6144  ","288.4","384  ","1502 ","GDDR5","GeForce GTX Titan Asus Edition","42 ","28","48","
19-Feb-2013 ","4096x2160","Yes",5,224,"196 "
"Kepler GK110-430-B1 ","2560 x 1440","889 ","Yes",1,"Nvidia","250 ","6144  ","336","384  ","1750 ","GDDR5","GeForce GTX Titan Black Edition","47 ","28","48","
18-Feb-2014 ","4096x2160","Yes",5,240,"235 "
NA,"1366 x 768",NA,"Yes",0,"AMD",NA,"2048  ","28.8","128  ","900 ","DDR3","Radeon HD 8670D + 6670 Dual","8 ","32","8","
01-Mar-2013 ","2560x1600","No",5,48,"46 "
"Kepler GK110-400-A1 ","2560 x 1440","837 ","Yes",1,"Nvidia","250 ","6144  ","288.4","384  ","1502 ","GDDR5","GeForce GTX Titan EVGA Edition","42 ","28","48","
19-Feb-2013 ","4096x2160","Yes",5,224,"196 "
"Kepler GK110-400-A1 ","2560 x 1440","837 ","Yes",1,"Nvidia","250 ","6144  ","288.4","384  ","1502 ","GDDR5","GeForce GTX Titan","42 ","28","48","
19-Feb-2013 ","4096x2160","Yes",5,224,"196 "
"Terrascale 2 ",NA,"
","Yes",1,"AMD",NA,NA,"28.8","128  ","900 ","DDR3","Radeon HD 7660D + 6670 Dual",NA,NA,NA,"
01-Jun-2012 ","2560x1600","No",5,NA,NA
"Terascale 3 ",NA,"
","Yes",0,"AMD",NA,NA,NA,"128  ",NA,"DDR3","Radeon HD 7560D + 7670 Dual",NA,NA,NA,"
01-May-2012 ","2560x1600","No",5,NA,NA
"Terrascale 2 ",NA,"
","Yes",0,"AMD",NA,"1024  ","28.8","128  ","900 ","DDR3","Radeon HD 7560D + 6570 Dual",NA,NA,NA,"
01-Jul-2012 ","2560x1600","No",5,NA,NA
"Terrascale 3 ",NA,"
","Yes",0,"AMD",NA,"1024  ","28.8","128  ","900 ","DDR3","Radeon HD 7660D + 7670 Dual",NA,NA,NA,"
01-Jun-2012 ","2560x1600","No",5,NA,NA
"R200 ",NA,NA,"Yes",NA,"AMD",NA,"64  ","8.8","128  ","550 ","DDR","Radeon 8500 Series 64MB",NA,NA,NA,"
02-Jan-2001 ","2048x1536","No",1.4,NA,NA
"R360 ","1024 x 768",NA,"Yes",0,"AMD","47 ","128  ","44.8","256  ","700 ","DDR2","Radeon 9800 Pro","3 ","150","8","
01-Mar-2003 ","2048x1536","No",2,8,"3 "
"RV360 ","800 x 600",NA,"Yes",0,"AMD",NA,"256  ","4.8","128  ","300 ","DDR","Radeon 9600 PRO PC/Mac Edition","2 ","130","4","
01-Aug-2005 ","2048x1536","No",2,4,"2 "
"RV350 ",NA,NA,"Yes",0,"AMD",NA,"256  ","3.2","128  ","200 ","DDR","Radeon 9550",NA,NA,NA,"
02-Jan-2004 ","2048x1536","No",2,NA,NA
"RV360 ","800 x 600",NA,"Yes",0,"AMD","18 ","128  ","4.8","128  ","300 ","DDR","Radeon 9600 PRO","2 ","130","4","
01-Oct-2003 ","2048x1536","No",2,4,"2 "
"R300 ",NA,NA,"Yes",NA,"AMD",NA,"128  ","4.3","128  ","270 ","DDR","Radeon 9500 Pro",NA,NA,NA,"
24-Oct-2002 ","2048x1536","No",2,NA,NA
"R300 ",NA,NA,"Yes",0,"AMD",NA,"128  ","4.3","128  ","270 ","DDR","Radeon 9500",NA,NA,NA,"
24-Oct-2002 ","2048x1536","No",2,NA,NA
"RV350 ",NA,NA,"Yes",NA,"AMD",NA,"128  ","6.4","128  ","400 ","DDR","Radeon 9600 Series",NA,NA,NA,"
02-Jan-2003 ","2048x1536","No",2,NA,NA
"RV280 ",NA,NA,"Yes",0,"AMD",NA,"128  ","3.2","128  ","200 ","DDR","Radeon 9250",NA,NA,NA,"
02-Jan-2004 ","2048x1536","No",1.4,NA,NA
"RV280 ",NA,NA,"Yes",NA,"AMD",NA,"128  ","3.2","128  ","200 ","DDR","Radeon 9200 Series",NA,NA,NA,"
01-Apr-2003 ","2048x1536","No",1.4,NA,NA
"R200 ",NA,NA,"Yes",0,"AMD","28 ","64  ","4","128  ","250 ","DDR","Radeon 9100",NA,NA,NA,"
01-Apr-2003 ",NA,"No",1.4,NA,NA
NA,NA,NA,"Yes",1,"AMD",NA,"512  ","72","256  ","1125 ","GDDR4","FireGL V7700",NA,NA,NA,"
01-Jan-2008 ","2560x1600","No",4,NA,NA
NA,NA,NA,"Yes",1,"AMD",NA,"1024  ","41.6","256  ","650 ","GDDR3","FireGL V7350",NA,NA,NA,"
20-Mar-2006 ","3840x2400","No",3,NA,NA
NA,NA,NA,"Yes",NA,"AMD",NA,"256  ","28.8","256  ","450 ","GDDR3","FireGL V7100",NA,NA,NA,"
01-Jun-2004 ","2048x1536","No",3,NA,NA
"RV250 ",NA,NA,"Yes",NA,"AMD",NA,"64  ","8","128  ","500 ","DDR","Radeon 9000 Series 64MB",NA,NA,NA,"
01-Aug-2002 ","2048x1536","No",1.4,NA,NA
NA,NA,NA,"Yes",NA,"AMD",NA,"1024  ","111.1","512  ","868 ","GDDR4","FireGL V8600",NA,NA,NA,"
01-Jan-2007 ","2560x1600","No",4,NA,NA
NA,NA,NA,"Yes",NA,"AMD",NA,"512  ","35.2","128  ","1100 ","GDDR4","FireGL V5600",NA,NA,NA,"
01-Jan-2007 ","2048x1536","No",4,NA,NA
NA,NA,NA,"Yes",1,"AMD","450 ","256  ","41.6","256  ","650 ","GDDR3","FireGL V7200",NA,NA,NA,"
24-Apr-2006 ","2048x1536","No",3,NA,NA
NA,NA,NA,"Yes",1,"AMD",NA,"512  ","51.2","256  ","800 ","GDDR3","FireGL V7600",NA,NA,NA,"
01-Jan-2007 ","2560x1600","No",4,NA,NA
NA,NA,NA,"Yes",NA,"AMD",NA,"128  ","9.9","256  ","310 ","DDR","FireGL Z1",NA,NA,NA,"
21-Nov-2002 ","2048x1536","No",NA,NA,NA
NA,NA,NA,"Yes",0,"AMD",NA,"128  ","11.2","256  ","350 ","DDR","FireGL V5100",NA,NA,NA,"
01-Jan-2005 ","2048x1536","No",3,NA,NA
NA,NA,NA,"Yes",NA,"AMD",NA,"256  ","16","128  ","500 ","GDDR3","FireGL V3600",NA,NA,NA,"
01-Jan-2007 ","2048x1536","No",4,NA,NA
NA,NA,NA,"Yes",NA,"AMD",NA,"256  ","6.4","64  ","400 ","DDR2","FireGL V3350",NA,NA,NA,"
01-Jan-2006 ","2048x1536","No",3,NA,NA
NA,NA,NA,"Yes",0,"AMD",NA,"128  ","6.4","64  ","400 ","DDR2","FireGL V3300",NA,NA,NA,"
24-Apr-2006 ","2048x1536","No",3,NA,NA
NA,NA,NA,"Yes",NA,"AMD",NA,"128  ","16","128  ","500 ","GDDR3","FireGL V3400",NA,NA,NA,"
14-Aug-2006 ","2048x1536","No",3,NA,NA
"GCN 2.0 Hawaii XT GL ","2560 x 1600",NA,"Yes",0,"AMD","290 ","16384  ","320","512  ","1250 ","GDDR5","FirePro W9100","60 ","28","64","
26-Mar-2014 ","4096x2160","Yes",5,176,"164 "
"Tahiti Pro ",NA,NA,"Yes",0,"AMD","225 ","4096  ","176","256  ","1375 ","GDDR5","FirePro W8000",NA,NA,NA,"
14-Jun-2012 ","4096x2160","Yes",5,NA,NA
NA,NA,NA,"Yes",NA,"AMD",NA,"128  ","3.2","128  ","200 ","DDR","FireGL V3100",NA,NA,NA,"
01-Jun-2004 ","2048x1536","No",2,NA,NA
"Pitcairn LE ",NA,NA,"Yes",0,"AMD","75 ","2048  ","102.4","256  ","800 ","GDDR5","FirePro W5000",NA,NA,NA,"
01-Aug-2012 ","4096x2160","Yes",5,NA,NA
"Tahiti XT ","1920 x 1080",NA,"Yes",0,"AMD","274 ","6144  ","264","384  ","1375 ","GDDR5","FirePro W9000","31 ","28","32","
01-Aug-2012 ","4096x2160","Yes",5,128,"125 "
"RV770 XT ",NA,NA,"Yes",0,"AMD","154 ","2048  ","115.2","256  ","900 ","GDDR5","FirePro V8750",NA,NA,NA,"
28-Jul-2009 ","2560x1600","Yes",4.1,NA,NA
"Pitcairn XT ",NA,NA,"Yes",0,"AMD","150 ","4096  ","153.6","256  ","1200 ","GDDR5","FirePro W7000","30 ","28","32","
13-Jun-2012 ","4096x2160","Yes",5,80,"76 "
"Cayman Pro GL ",NA,NA,"Yes",0,"AMD","150 ","2048  ","160","256  ","1250 ","GDDR5","FirePro V7900",NA,NA,NA,"
24-May-2011 ","2560x1600","Yes",5,NA,NA
"GCN 1.1 Oland PRO ","1366 x 768","630 ","Yes",0,"AMD","26 ","2048  ","28.8","128  ","900 ","DDR3","FirePro W2100","5 ","28","8","
12-Aug-2014 ","4096x2160","No",5,20,"14 "
"RV770 XT ",NA,NA,"Yes",0,"AMD","151 ","1024  ","108.8","256  ","850 ","GDDR5","FirePro V8700",NA,NA,NA,"
11-Sep-2008 ","2560x1600","Yes",4.1,NA,NA
"RV870 ",NA,NA,"Yes",0,"AMD","138 ","2048  ","128","256  ","1000 ","GDDR5","FirePro V7800",NA,NA,NA,"
26-Apr-2010 ","2560x1600","Yes",5,NA,NA
"Cayman LE GL ",NA,NA,"Yes",0,"AMD","75 ","2048  ","128","256  ","1000 ","GDDR5","FirePro V5900","19 ","40","32","
24-May-2011 ","2560x1600","Yes",5,32,"19 "
"RV250 ",NA,NA,"Yes",NA,"AMD",NA,"64  ","3.2","128  ","200 ","DDR","All-in-Wonder 9000 64MB",NA,NA,NA,"
01-Mar-2003 ","2048x1536","No",1.4,NA,NA
"Evergreen Juniper XT GL ","1600 x 900",NA,"Yes",0,"AMD","74 ","1024  ","64","128  ","1000 ","GDDR5","FirePro V5800","11 ","40","16","
26-Apr-2010 ","4096x2160","Yes",5,40,"28 "
"RV730 ","1366 x 768",NA,"Yes",0,"AMD","56 ","512  ","28.8","128  ","900 ","GDDR3","FirePro V5700","6 ","55","8","
08-Aug-2008 ","2560x1600","No",4.1,32,"22 "
"RV730 ","1366 x 768",NA,"Yes",0,"AMD","48 ","256  ","22.4","128  ","700 ","GDDR3","FirePro V3750","4 ","55","8","
11-Sep-2008 ","2560x1600","No",4.1,32,"18 "
NA,NA,NA,"Yes",NA,"AMD",NA,"128  ","2.3","64  ","290 ","DDR","FireGL 8800",NA,NA,NA,"
01-Jan-2001 ","2048x1536","No",1.4,NA,NA
"GCN 2.0 Hawaii XT GL ","5760 x 1600",NA,"Yes",0,"AMD","235 ","16384  ","320","512  ","1250 ","GDDR5","FirePro S9150","58 ","28","64","
01-Aug-2014 ","4096x2160","Yes",5,176,"158 "
"GCN 1.0 Tahiti PRO GL ","2560 x 1600","900 ","Yes",0,"AMD","225 ","12288  ","264","384  ","1375 ","GDDR5","FirePro S9050","29 ","28","32","
01-Aug-2014 ","4096x2160","Yes",5,112,"101 "
"Cypress XT ","1920 x 1080",NA,"Yes",0,"AMD","250 ","4096  ","147.2","256  ","1150 ","GDDR5","FirePro V9800","27 ","28","32","
01-Sep-2010 ","2560x1600","Yes",5,80,"68 "
"GCN 1.0 Tahiti PRO GL ",NA,"900 ","Yes",0,"AMD","225 ","6144  ","264","384  ","1375 ","GDDR5","FirePro S9000","29 ","28","32","
01-Aug-2012 ","4096x2160","Yes",5,112,"101 "
"Pitcairn XT ",NA,NA,"Yes",0,"AMD","150 ","4096  ","153.6","256  ","1200 ","GDDR5","FirePro S7000",NA,NA,NA,"
01-Aug-2012 ","4096x2160","No",5,NA,NA
"Tahiti XT GL ","1920 x 1080",NA,"Yes",0,"AMD","274 ","3072  ","264","384  ","1375 ","GDDR5","FirePro D700","27 ","28","32","
18-Jan-2014 ","4096x2160","Yes",5,128,"109 "
"Tahiti LE ","1920 x 1080",NA,"Yes",0,"AMD","175 ","3072  ","240","384  ","1250 ","GDDR5","FirePro D500","23 ","28","32","
18-Jan-2014 ","4096x2160","Yes",5,96,"70 "
"Turks ","1366 x 768",NA,"Yes",0,"AMD","75 ","1024  ","28.8","128  ","900 ","DDR3","FirePro V3900","5 ","40","8","
01-Feb-2012 ","2560x1600","No",5,24,"16 "
"Kaveri Spectre ","1366 x 768",NA,"No",0,"AMD","65 ",NA,"34.1","128  ","1067 ","DDR3","Radeon R7 7860K","6 ","28","8","
02-Feb-2016 ","4096x2160","No",5,32,"24 "
"RV870 ",NA,NA,"Yes",0,"AMD","225 ","4096  ","153.6","256  ","1200 ","GDDR5","FireStream 9370",NA,NA,NA,"
23-Jun-2010 ","2560x1600","No",5,NA,NA
"Kaveri Spectre ","1366 x 768",NA,"No",0,"AMD","95 ",NA,"34.1","128  ","1067 ","DDR3","Radeon R7 7700K","7 ","28","8","
17-Feb-2014 ","4096x2160","No",5,24,"20 "
"Kaveri Spectre ","1366 x 768",NA,"No",0,"AMD","95 ",NA,"34.1","128  ","1067 ","DDR3","Radeon R7 7850K","7 ","28","8","
14-Jan-2014 ","4096x2160","No",5,32,"27 "
"Kaveri Spectre ","1366 x 768",NA,"No",0,"AMD","95 ",NA,"34.1","128  ","1067 ","DDR3","Radeon R7 7870K","7 ","28","8","
28-May-2015 ","4096x2160","No",5,32,"28 "
"Kaveri Spectre ","1366 x 768",NA,"No",0,"AMD","95 ",NA,"34.1","128  ","1067 ","DDR3","Radeon R7 7890K","7 ","28","8","
01-Mar-2016 ","4096x2160","No",5,32,"28 "
"GCN 1.0 Tahiti PRO ",NA,"825 ","Yes",0,"AMD","375 ","6144  ","240","384  ","1250 ","GDDR5","FirePro S10000","53 ","28","64","
01-Nov-2012 ","4096x2160","Yes",5,224,"185 "
"RV770 ","1600 x 900",NA,"Yes",0,"AMD","160 ","2048  ","108.8","256  ","850 ","GDDR5","FireStream 9270","12 ","55","16","
13-Nov-2008 ","2560x1600","No",4,40,"30 "
"RV870 ","1920 x 1080",NA,"Yes",0,"AMD","150 ","2048  ","128","256  ","1000 ","GDDR5","FireStream 9350","22 ","55","32","
01-Jun-2010 ","2560x1600","No",5,72,"50 "
"RV670 ","1366 x 768",NA,"Yes",0,"AMD","105 ","2048  ","51.2","256  ","800 ","GDDR3","FireStream 9170","13 ","55","16","
08-Nov-2007 ","2560x1600","No",4,16,"13 "
"Kaveri Spectre ","1366 x 768",NA,"No",0,"AMD","65 ",NA,"34.1","128  ","1067 ","DDR3","Radeon R7 7800","7 ","28","8","
30-Jun-2014 ","4096x2160","No",5,32,"27 "
"RV770 ","1600 x 900",NA,"Yes",0,"AMD","150 ","1024  ","63.6","256  ","993 ","GDDR3","FireStream 9250","10 ","55","16","
16-Jun-2008 ","2560x1600","No",4,40,"25 "
"Kaveri ","1366 x 768",NA,"No",0,"AMD","65 ",NA,"34.1","128  ","1067 ","DDR3","Radeon R7 7600","6 ","28","8","
30-Jun-2014 ","4096x2160","No",5,24,"17 "
"Kaveri ","1366 x 768",NA,"No",0,"AMD","35 ",NA,"34.1","128  ","1067 ","DDR3","Radeon R7 7600P","5 ","28","8","
30-Jun-2014 ","4096x2160","No",5,32,"22 "
"GCN 1.1 Godavari-KV-A1 ","1366 x 768","757 ","No",0,"AMD","95 ",NA,"34.1","128  ","1067 ","DDR3","Radeon R7 7670K","6 ","28","8","
20-Jul-2015 ","4096x2160","No",5,24,"18 "
"GCN 1.1 Kaveri-KV-A1 ","1366 x 768","720 ","No",0,"AMD","95 ",NA,"34.1","128  ","1067 ","DDR3","Radeon R7 7650K","6 ","28","8","
01-Feb-2015 ","4096x2160","No",5,24,"17 "
"Kabini ","1366 x 768",NA,"Yes",0,"AMD","25 ",NA,"25.6","128  ","800 ","DDR3","Radeon R3 5150","5 ","28","8","
09-Apr-2014 ","4096x2160","No",5,24,"14 "
"Richland ",NA,NA,"No",0,"AMD","100 ",NA,"34.1","128  ","1067 ","DDR3","Radeon HD 8670D","7 ","32","8","
01-Jun-2013 ","2560x1600","No",5,24,"20 "
"Kaveri ","1366 x 768",NA,"No",0,"AMD","65 ",NA,"29.9","128  ","933 ","DDR3","Radeon R5 7400K","6 ","28","8","
30-Jun-2014 ","4096x2160","No",5,16,"12 "
"Kabini ","1366 x 768",NA,"No",0,"AMD","25 ",NA,"25.6","128  ","800 ","DDR3","Radeon R3 5350","5 ","28","8","
09-Apr-2014 ","4096x2160","No",5,24,"14 "
"Terascale 2 Thames PRO ","1366 x 768","720 ","No",0,"AMD","65 ",NA,"34.1","128  ","1067 ","DDR3","Radeon HD 8650D","7 ","40","8","
28-Dec-2013 ","2560x1600","Yes",5,24,"20 "
"Richland ",NA,NA,"No",0,"AMD","65 ",NA,"29.9","128  ","933 ","DDR3","Radeon HD 8570D","7 ","28","8","
01-Jun-2013 ","2560x1600","No",5,16,"14 "
"Terascale 2 Thames PRO ","1366 x 768","760 ","Yes",0,"AMD","65 ",NA,"34.1","128  ","1067 ","DDR3","Radeon HD 8550D","7 ","40","8","
18-Sep-2013 ","2560x1600","Yes",5,24,"20 "
"Richland ",NA,NA,"No",0,"AMD","65 ",NA,"29.9","128  ","933 ","DDR3","Radeon HD 8470D","3 ","28","4","
01-Jun-2013 ","2560x1600","No",5,12,"10 "
NA,NA,"
","Yes",0,"AMD",NA,NA,NA,NA,NA,NA,"Radeon HD 6690D2",NA,NA,NA,"
Unknown Release Date ","2560x1600","No",5,NA,NA
NA,NA,NA,"No",0,"AMD",NA,NA,"29.9","128  ","933 ","DDR3","Radeon HD 7660D",NA,NA,NA,"
01-Jun-2012 ","2560x1600","No",5,NA,NA
"Scrapper ",NA,NA,"No",0,"AMD","65 ",NA,"29.9","128  ","933 ","DDR3","Radeon HD 7540D","3 ","32","4","
01-Jun-2012 ","2560x1600","No",5,12,"9 "
NA,NA,NA,"No",0,"AMD",NA,NA,"29.9","128  ","933 ","DDR3","Radeon HD 7560D",NA,NA,NA,"
01-Jul-2012 ","2560x1600","No",5,NA,NA
NA,NA,"
","Yes",0,"AMD",NA,"2048  ",NA,NA,NA,"DDR3","Radeon HD 6610D2",NA,NA,NA,"
Unknown Release Date ","2560x1600","No",5,NA,NA
"Terascale 2 Thames PRO ","1366 x 768","760 ","No",0,"AMD","65 ",NA,"34.1","128  ","1067 ","DDR3","Radeon HD 8370D","7 ","40","8","
18-Sep-2013 ","2560x1600","Yes",5,24,"20 "
"Trinity ",NA,NA,"No",0,"AMD","65 ",NA,"25.6","128  ","800 ","DDR3","Radeon HD 7480D",NA,NA,NA,"
01-Jun-2012 ","2560x1600","No",5,NA,NA
"WinterPark ",NA,NA,"No",0,"AMD","65 ",NA,NA,"128  ",NA,"DDR3","Radeon HD 6370D",NA,NA,NA,"
30-Nov-2011 ","2560x1600","No",NA,NA,NA
"WinterPark ",NA,NA,"No",0,"AMD","65 ",NA,NA,"128  ",NA,"DDR3","Radeon HD 6410D",NA,NA,NA,"
20-Jun-2011 ","2560x1600","No",NA,NA,NA
"RV610 ","800 x 600",NA,"Yes",0,"AMD","25 ","256  ","8","64  ","500 ","GDDR3","Radeon HD 2400 XT ","3 ","65","4","
28-Jun-2007 ",NA,"Yes",4,4,"3 "
"BeaverCreek ",NA,NA,"No",1,"AMD","100 ",NA,NA,"128  ",NA,"DDR3","Radeon HD 6550D",NA,NA,NA,"
20-Jun-2011 ","2560x1600","No",5,NA,NA
"RV610 ","800 x 600",NA,"Yes",0,"AMD","25 ","256  ","6.4","64  ","400 ","DDR2","Radeon HD 2400 Pro PCI-E","2 ","65","4","
01-Jun-2007 ","2560x1600","Yes",4,4,"2 "
"RV630 ","1024 x 768",NA,"Yes",0,"AMD","35 ","256  ","16","128  ","500 ","DDR2","Radeon HD 2600 Pro","2 ","65","4","
28-Jun-2007 ","2560x1600","Yes",4,8,"5 "
"RV610 ",NA,NA,"Yes",1,"AMD","25 ","256  ",NA,"64  ",NA,"DDR2","Radeon HD 2400 Series",NA,NA,NA,"
28-Jun-2007 ","2560x1600","Yes",4,NA,NA
"RV610 ","800 x 600",NA,"Yes",0,"AMD","20 ","256  ","6.4","64  ","400 ","DDR2","Radeon HD 2400 Pro","2 ","65","4","
28-Jun-2007 ","2560x1600","Yes",4,4,"2 "
"RV610 ","800 x 600",NA,"Yes",0,"AMD",NA,"256  ","6.4","64  ","400 ","DDR2","Radeon HD 2400 MSI Pro 256MB GDDR2","2 ","65","4","
01-Jul-2007 ","2560x1600","Yes",4,4,"2 "
"RS740 ",NA,NA,"No",0,"AMD",NA,NA,"5.3","64  ","333 ","DDR2","Radeon HD 2100",NA,NA,NA,"
28-Feb-2007 ",NA,"No",4,NA,NA
"R700 RV790 XT ","1920 x 1080","870 ","Yes",1,"AMD","190 ","1024  ","134.4","256  ","1050 ","GDDR5","Radeon HD 4890 Sapphire Vapor-X OC 1GB Edition","14 ","55","16","
18-May-2009 ","2560x1600","Yes",4.1,40,"35 "
"BeaverCreek ",NA,NA,"No",1,"AMD","64 ",NA,"29.9","128  ","933 ","DDR3","Radeon HD 6530D",NA,NA,NA,"
20-Jun-2011 ","2560x1600","No",5,NA,NA
"R700 RV790 XT ","1920 x 1080","1000 ","Yes",0,"AMD","190 ","1024  ","134.4","256  ","1050 ","GDDR5","Radeon HD 4890 Sapphire Toxic Atomic 1GB Edition","16 ","55","16","
19-May-2009 ","2560x1600","No",4.1,40,"40 "
"RV610 ","640 x 480",NA,"Yes",0,"AMD","20 ","256  ","6.4","64  ","400 ","DDR2","Radeon HD 2350 Pro","2 ","65","4","
01-Jan-2007 ","2560x1600","Yes",4,4,"2 "
"R700 RV790 XT ","1920 x 1080","901 ","Yes",0,"AMD","190 ","1024  ","128","256  ","1000 ","GDDR5","Radeon HD 4890 Sapphire OC 1GB Edition","14 ","55","16","
02-Apr-2009 ","2560x1600","Yes",4.1,40,"36 "
"R700 XT ","1920 x 1080",NA,"Yes",0,"AMD","420 ","2048  ","230.4","512  ","900 ","GDDR5","Radeon HD 4870 X2","24 ","55","32","
01-Apr-2009 ","2560x1600","Yes",4.1,80,"60 "
"R700 RV790 XT ","1920 x 1080","960 ","Yes",0,"AMD","190 ","1024  ","134.4","256  ","1050 ","GDDR5","Radeon HD 4890 Sapphire Toxic 1GB Edition","15 ","55","16","
26-May-2009 ","2560x1600","Yes",4.1,40,"38 "
"R700 RV770 PRO ","1600 x 900","750 ","Yes",1,"AMD","150 ","1024  ","115.2","256  ","900 ","GDDR5","Radeon HD 4870 Sapphire Vapor-X 1GB Edition","12 ","55","16","
 07-Mar-2009 ","2560x1600","Yes",4.1,40,"30 "
"R700 RV790 XT ","1920 x 1080","850 ","Yes",0,"AMD","190 ","1024  ","124.8","256  ","975 ","GDDR5","Radeon HD 4890","14 ","55","16","
02-Apr-2009 ","2560x1600","Yes",4.1,40,"34 "
"RV770 PRO ","1600 x 900",NA,"Yes",0,"AMD","150 ","512  ","115.2","256  ","900 ","GDDR5","Radeon HD 4870","12 ","55","16","
01-Jun-2008 ","2560x1600","Yes",4.1,40,"30 "
"R700 RV770 PRO ","1600 x 900","780 ","Yes",1,"AMD","150 ","512  ","121.6","256  ","950 ","GDDR5","Radeon HD 4870 PowerColor PCS+ 512MB Edition","12 ","55","16","
25-Jun-2008 ","2560x1600","Yes",4.1,40,"31 "
"R700 RV770 PRO ","1440 x 900","625 ","Yes",0,"AMD","250 ","2048  ","63.6","256  ","993 ","GDDR3","Radeon HD 4850x2","10 ","55","16","
01-Apr-2009 ","2560x1600","Yes",4.1,40,"25 "
"R700 RV770 PRO ","1440 x 900","650 ","Yes",1,"AMD",NA,"1024  ","64","256  ","1000 ","GDDR3","Radeon HD 4850 Sapphire Vapor-X Edition","10 ","55","16","
01-Oct-2011 ","2560x1600","Yes",4.1,40,"26 "
"RV790 GT ","1600 x 900",NA,"Yes",0,"AMD","130 ","512  ","96","256  ","750 ","GDDR5","Radeon HD 4860","11 ","55","16","
09-Sep-2009 ","2560x1600","Yes",4.1,32,"22 "
"R700 RV770 PRO ","1440 x 900","700 ","Yes",0,"AMD",NA,"512  ","70.4","256  ","1100 ","GDDR3","Radeon HD 4850 Golden Sample Edition","11 ","55","16","
01-Aug-2008 ","2560x1600","Yes",4.1,40,"28 "
"R700 RV770 PRO ","1440 x 900","625 ","Yes",1,"AMD","110 ","1024  ","63.6","256  ","993 ","GDDR3","Radeon HD 4850 HIS iCooler IV 1GB Edition","10 ","55","16","
01-Jun-2008 ","2560x1600","Yes",4.1,40,"25 "
"R700 RV770 PRO ","1440 x 900","640 ","Yes",1,"AMD","110 ","512  ","60.2","256  ","940 ","GDDR3","Radeon HD 4850 Gigabyte 512MB Edition","10 ","55","16","
01-Oct-2011 ","2560x1600","Yes",4.1,40,"26 "
"R700 RV770 PRO ","1440 x 900","700 ","Yes",0,"AMD",NA,"1024  ","63.4","256  ","990 ","GDDR3","Radeon HD 4850 Gigabyte OC Edition","11 ","55","16","
01-Jun-2009 ","2560x1600","Yes",4.1,40,"28 "
"R700 RV770 PRO ","1440 x 900","625 ","Yes",0,"AMD","110 ","512  ","63.6","256  ","993 ","GDDR3","Radeon HD 4850","10 ","55","16","
01-Jun-2008 ","2560x1600","Yes",4.1,40,"25 "
"R700 RV790 LE ","1600 x 900","575 ","Yes",0,"AMD","95 ","512  ","57.6","256  ","900 ","GDDR3","Radeon HD 4830 512MB","9 ","55","16","
21-Oct-2008 ","2560x1600","Yes",4.1,32,"18 "
"R700 RV790 LE ","1600 x 900","575 ","Yes",0,"AMD","95 ","512  ","57.6","256  ","900 ","GDDR3","Radeon HD 4830 HIS Fan 512MB Edition","9 ","55","16","
21-Oct-2008 ","2560x1600","Yes",4.1,32,"18 "
"R700 RV730 XT ","1366 x 768","750 ","Yes",1,"AMD","59 ","1024  ","27.9","128  ","873 ","GDDR3","Radeon HD 4670 HIS IceQ 1GB Edition","6 ","55","8","
01-Sep-2008 ","2560x1600","Yes",4.1,32,"24 "
"R700 RV740 PRO ","1366 x 768","750 ","Yes",1,"AMD","80 ","512  ","51.2","128  ","800 ","GDDR5","Radeon HD 4770 512MB","12 ","40","16","
28-Apr-2009 ","2560x1600","Yes",4.1,32,"24 "
"RV770 CE ","1440 x 900",NA,"Yes",1,"AMD","110 ","512  ","57.6","128  ","900 ","GDDR5","Radeon HD 4730 ","6 ","55","8","
08-Jun-2009 ","2560x1600","Yes",4.1,32,"24 "
"RV770 CE ","1440 x 900",NA,"Yes",1,"AMD",NA,"512  ","57.6","128  ","900 ","GDDR5","Radeon HD 4730 PowerColor PCS Edition","6 ","55","8","
08-Nov-2009 ","2560x1600","Yes",4.1,32,"22 "
"RV740 PRO ","1440 x 900",NA,"Yes",0,"AMD","75 ","512  ","51.2","128  ","800 ","GDDR5","Radeon HD 4750","12 ","40","16","
09-Sep-2009 ","2560x1600","Yes",4.1,32,"23 "
"R700 RV730 XT ","1366 x 768","750 ","Yes",0,"AMD","59 ","1024  ","25.6","128  ","800 ","GDDR3","Radeon HD 4670 Gigabyte 1GB Edition","6 ","55","8","
01-Nov-2009 ","2560x1600","Yes",4.1,32,"24 "
"R700 RV730 XT ","1366 x 768","750 ","Yes",0,"AMD","59 ","1024  ","25.6","128  ","800 ","GDDR3","Radeon HD 4670 AGP","6 ","55","8","
17-Jul-2007 ","2560x1600","Yes",4.1,32,"24 "
"R700 RV730 XT ","1366 x 768","750 ","Yes",1,"AMD","59 ","512  ","32.1","128  ","1004 ","GDDR3","Radeon HD 4670 Asus 512MB Edition","6 ","55","8","
09-Oct-2008 ","2560x1600","Yes",4.1,32,"24 "
"R700 RV730 PRO ","1280 x 720","600 ","Yes",0,"AMD","48 ","1024  ","24","128  ","750 ","GDDR3","Radeon HD 4650 v2","5 ","55","8","
10-Sep-2008 ","2560x1600","Yes",4.1,32,"19 "
"R700 RV730 PRO ","1280 x 720","600 ","Yes",1,"AMD","48 ","1024  ","22.4","128  ","700 ","DDR2","Radeon HD 4650 1GB","5 ","55","8","
10-Sep-2008 ","2560x1600","Yes",4.1,32,"19 "
"R700 RV730 XT ","1366 x 768","750 ","Yes",1,"AMD","59 ","1024  ","25.6","128  ","800 ","GDDR3","Radeon HD 4670 1GB","6 ","55","8","
10-Sep-2008 ","2560x1600","Yes",4.1,32,"24 "
"R700 RV710 ","800 x 600","600 ","Yes",1,"AMD","20 ","512  ","6.4","64  ","400 ","DDR2","Radeon HD 4350 Asus Silent 512MB Edition","2 ","55","4","
30-Sep-2008 ","2560x1600","No",4.1,8,"5 "
"R700 RV730PRO ","1280 x 720",NA,"Yes",0,"AMD","48 ","512  ","12.8","128  ","400 ","DDR2","Radeon HD 4650","5 ","55","8","
01-Sep-2008 ","2560x1600","Yes",4.1,32,"19 "
"R700 RV730PRO ","1280 x 720",NA,"Yes",1,"AMD","48 ","1024  ","12.8","128  ","400 ","DDR2","Radeon HD 4650 Asus Low Profile Edition","5 ","55","8","
01-Sep-2008 ","2560x1600","Yes",4.1,32,"19 "
"R700 RV710 ","1024 x 768","600 ","Yes",1,"AMD","25 ","256  ","12.8","64  ","800 ","GDDR3","Radeon HD 4550","2 ","55","4","
01-Sep-2008 ","2560x1600","Yes",4.1,8,"5 "
"R700 RV710 ","800 x 600","600 ","Yes",1,"AMD","20 ","1024  ","8","64  ","500 ","DDR2","Radeon HD 4350 1GB","2 ","55","4","
30-Sep-2008 ","2560x1600","Yes",4.1,8,"5 "
"R700 RV710 ","1024 x 768","600 ","Yes",1,"AMD","25 ","512  ","12.8","64  ","800 ","GDDR3","Radeon HD 4550 v2","2 ","55","4","
30-Sep-2008 ","2560x1600","No",4.1,8,"5 "
"R700 RV730 XT ","1366 x 768","750 ","Yes",1,"AMD","59 ","512  ","25.6","128  ","800 ","GDDR3","Radeon HD 4670 512MB","6 ","55","8","
10-Sep-2008 ","2560x1600","Yes",4.1,32,"24 "
"R700 RV710 ","800 x 600","600 ","Yes",1,"AMD","20 ","512  ","6.4","64  ","400 ","DDR2","Radeon HD 4350","2 ","55","4","
30-Sep-2008 ","2560x1600","Yes",4.1,8,"5 "
"RS880 ",NA,NA,"No",1,"AMD",NA,NA,NA,"32  ",NA,"DDR2","Radeon HD 4250","2 ","55","4","
30-Mar-2010 ",NA,"No",4.1,4,"2 "
"RS880D ",NA,NA,"No",0,"AMD",NA,NA,NA,"32  ",NA,"DDR2","Radeon HD 4290","3 ","55","4","
01-Mar-2010 ",NA,"No",4.1,4,"3 "
"Tesla G94b ",NA,"650 ","Yes",0,"Nvidia","105 ","1024  ","57.6","256  ","900 ","GDDR3","GeForce GT 140","10 ","55","16","
01-Mar-2009 ","2560x1600","Yes",4,32,"21 "
"Tesla G94b ",NA,"500 ","Yes",1,"Nvidia","75 ","768  ","24","192  ","500 ","DDR2","GeForce GT 130","8 ","55","16","
01-Mar-2009 ","2048x1536","Yes",4,32,"16 "
"Tesla G96b ",NA,"500 ","Yes",1,"Nvidia","50 ","512  ","16","128  ","500 ","DDR2","GeForce GT 120","4 ","55","8","
01-Mar-2009 ","2048x1536","Yes",4,16,"8 "
"RS880 ",NA,NA,"No",0,"AMD",NA,NA,NA,"32  ",NA,"DDR2","Radeon HD 4200","2 ","55","4","
01-Aug-2009 ","2560x1600","No",4.1,4,"2 "
"R600 RV670 XT ","1440 x 900","825 ","Yes",0,"AMD","165 ","1024  ","57.6","256  ","900 ","GDDR4","Radeon HD 3870 X2","13 ","55","16","
28-Jan-2008 ","2560x1600","Yes",4.1,16,"13 "
"R600 RV670 XT ","1440 x 900","777 ","Yes",1,"AMD","106 ","512  ","72.1","256  ","1126 ","GDDR4","Radeon HD 3870","12 ","55","16","
19-Nov-2007 ","2560x1600","Yes",4.1,16,"12 "
"RV670 PRO ","1366 x 768",NA,"Yes",0,"AMD","140 ","1024  ","106","512  ","828 ","GDDR3","Radeon HD 3850 X2","21 ","55","32","
04-Apr-2008 ","2560x1600","Yes",4.1,32,"21 "
"RV670 PRO ","1280 x 720",NA,"Yes",0,"AMD","75 ","256  ","26.6","128  ","830 ","GDDR3","Radeon HD 3830","11 ","55","16","
01-Apr-2008 ","2560x1600","Yes",4.1,16,"11 "
"RV670 PRO ","1024 x 768",NA,"Yes",0,"AMD","75 ","256  ","26.6","128  ","830 ","GDDR3","Radeon HD 3690","11 ","55","16","
30-Jan-2008 ","2560x1600","Yes",4.1,16,"11 "
"RV670 ",NA,"
","Yes",0,"AMD",NA,"512  ",NA,"256  ",NA,"DDR3","Radeon HD 3800 series",NA,"55","16","
01-Nov-2007 ","2560x1600","Yes",4.1,16,NA
"Tesla G98 ","800 x 600","567 ","Yes",0,"Nvidia","35 ","512  ","8","64  ","500 ","DDR2","GeForce G 100","2 ","65","4","
01-Mar-2009 ","2560x1600","No",4,8,"5 "
"RV670 PRO ","1366 x 768",NA,"Yes",1,"AMD","75 ","256  ","53.1","256  ","830 ","GDDR3","Radeon HD 3850","11 ","55","16","
19-Nov-2007 ","2560x1600","Yes",4.1,16,"11 "
"RV635 PRO ","1024 x 768",NA,"Yes",0,"AMD","65 ","256  ","25.6","128  ","800 ","GDDR3","Radeon HD 3650","3 ","55","4","
23-Jan-2008 ","2560x1600","Yes",4.1,8,"6 "
"RV635 ",NA,"
","Yes",NA,"AMD",NA,NA,NA,"128  ",NA,"DDR3","Radeon HD 3600 Series",NA,NA,NA,"
01-Jan-2008 ","2560x1600","Yes",4.1,NA,NA
"RV620 PRO ","800 x 600",NA,"Yes",1,"AMD","30 ","256  ","15.2","64  ","950 ","GDDR3","Radeon HD 3470","3 ","55","4","
23-Jan-2008 ","2560x1600","Yes",4.1,4,"3 "
"RV670 PRO ","1366 x 768",NA,"Yes",0,"AMD","75 ","512  ","53.1","256  ","830 ","GDDR3","Radeon HD 3850 AGP","11 ","55","16","
03-Jan-2008 ","2560x1600","Yes",4.1,16,"11 "
"RV620 ",NA,NA,"Yes",1,"AMD","65 ","256  ",NA,"64  ",NA,"DDR3","Radeon HD 3400 Series","2 ","55","4","
01-Jan-2008 ","2560x1600","No",4.1,4,"2 "
"RV670 PRO ","1366 x 768",NA,"Yes",0,"AMD","145 ","1536  ","163.2","768  ","850 ","GDDR3","Radeon HD 3850 X3","32 ","55","48","
10-Apr-2008 ","2560x1600","Yes",4.1,48,"32 "
"RV620 LE ","800 x 600",NA,"Yes",1,"AMD","25 ","256  ","8","64  ","500 ","DDR2","Radeon HD 3450","2 ","55","4","
10-Dec-2007 ","2560x1600","No",4.1,4,"2 "
"RS780 ",NA,NA,"No",0,"AMD",NA,NA,NA,"32  ",NA,"GDDR3","Radeon HD 3200 IGP","2 ","55","4","
01-Mar-2008 ",NA,"No",4.1,4,"2 "
"RS780D ",NA,NA,"No",0,"AMD",NA,NA,NA,"32  ",NA,"GDDR3","Radeon HD 3300","3 ","55","4","
06-Aug-2008 ","2560x1600","No",4.1,4,"3 "
"RS780 ",NA,NA,"No",0,"AMD",NA,NA,"3.2","32  ","400 ","DDR2","Radeon HD 3200","2 ","55","4","
01-Mar-2008 ","2048x1536","No",4,4,"2 "
"RS760 ",NA,NA,"No",0,"AMD",NA,NA,NA,"32  ",NA,"DDR2","Radeon 3000","2 ","55","4","
01-Jan-2009 ",NA,"No",2,4,"2 "
"Broadwell GT3-E ","1366 x 768","300 ","No",NA,"Intel","47 ","128  ","29.9","128  ","933 ","DDR3","Iris Pro Graphics 6200 Mobile","2 ","14","2","
02-Jun-2015 ","4096x2304","No",5,8,"9 "
"Broadwell GT3 ","1366 x 768","300 ","No",NA,"Intel","28 ",NA,"29.9","128  ","933 ","DDR3","Iris Graphics 6100 Mobile","2 ","14","2","
05-Jan-2015 ","2560x1600","No",5,8,"9 "
"Haswell GT3e ","1366 x 768","200 ","No",NA,"Intel","47 ","128  ","12.8","128  ","800 ","eDRAM","Iris Pro Graphics 5200 Mobile","3 ","22","2","
27-Jul-2013 ","2560x1600","No",5,8,"10 "
"Skylake GT1-U ","1366 x 768","300 ","No",NA,"Intel","15 ",NA,"34.1","128  ","1067 ","DDR4","HD Pentium 4405U","8 ","14","8","
01-Sep-2015 ","4096x2304","No",5,16,"15 "
"Cantiga ",NA,"
","No",NA,"Intel","12 ",NA,"17.1","128  ","533 ","DDR3","Intel GS45 Express Chipset ",NA,NA,NA,"
01-Sep-2008 ",NA,"No",4,NA,NA
"Skylake GT3-E ","1366 x 768","300 ","No",NA,"Intel","28 ",NA,"34.1","128  ","1067 ","DDR4","Iris Graphics 550 Mobile","2 ","14","2","
01-Sep-2015 ","4096x2304","No",5,8,"9 "
"Tonga ","1920 x 1080",NA,"Yes",NA,"AMD","125 ","4096  ","174.3","256  ","1362 ","GDDR5","Radeon R9 M295X 4GB","27 ","28","32","
23-Nov-2014 ","4096x2160","Yes",5,128,"109 "
"GCN 1.2 Amethyst XT ","1920 x 1080","723 ","Yes",NA,"AMD","125 ","4096  ","160","256  ","1250 ","GDDR5","Radeon R9 M395X 4GB","23 ","28","32","
09-Jun-2015 ","4096x2160","Yes",5,128,"93 "
"GCN 1.1 Neptune XT ","1920 x 1080","850 ","Yes",NA,"AMD","100 ","4096  ","153.6","256  ","1200 ","GDDR5","Radeon R9 M390 4GB","29 ","28","32","
09-Jun-2015 ","4096x2160","Yes",5,80,"72 "
"Arrandale ",NA,NA,"No",NA,"Intel",NA,NA,"8.5","64  ","533 ","DDR3","HD i7 M640",NA,NA,NA,"
20-Sep-2010 ","2560x1600","No",4,NA,NA
"GCN 1.2 Amethyst XT ","1920 x 1080","723 ","Yes",NA,"AMD","125 ","4096  ","160","256  ","1250 ","GDDR5","Radeon R9 M485X 4GB","23 ","28","32","
13-May-2016 ","4096x2160","Yes",5,128,"93 "
"GCN 1.1 Neptune XT ","1920 x 1080","900 ","Yes",NA,"AMD","100 ","4096  ","160","256  ","1250 ","GDDR5","Radeon R9 M390X 4GB","30 ","28","32","
09-Jun-2015 ","4096x2160","Yes",5,80,"76 "
"GCN 1.1 Neptune XT (x2) ","1920 x 1080","850 ","Yes",NA,"AMD","200 ","4096  ","307.2","256  ","1200 ","GDDR5","Radeon R9 M290X Crossfire","58 ","28","32 (x2)","
01-Jan-2014 ","4096x2160","Yes",5,80,"144 "
"Arrandale ",NA,NA,"No",NA,"Intel","35 ",NA,"8.5","64  ","533 ","DDR3","HD i3 M350",NA,NA,NA,"
30-Mar-2010 ",NA,"No",4,NA,NA
"Terascale 2 Loveland ","1280 x 720","280 ","No",NA,"AMD","9 ",NA,"8.5","64  ","533 ","DDR3","Radeon HD 7290","2 ","40","4","
05-Jun-2012 ","2560x1600","No",5,8,"3 "
"Terascale 2 Broadway XT (x2) ","1920 x 800","700 ","Yes",NA,"AMD","100 ","2048  ","128","128  ","1000 ","GDDR5","Mobility Radeon HD 5870 Crossfire","22 ","40","16 (x2)","
07-Jan-2010 ","2560x1600","Yes",5,40,"56 "
"M96 XT ","1366 x 768",NA,"Yes",NA,"AMD","35 ","1024  ","25.6","128  ","800 ","GDDR3","Mobility Radeon HD 565v","5 ","55","8","
05-May-2010 ","2560x1600","Yes",4.1,32,"22 "
"Terascale 2 Broadway XT ","1600 x 900","700 ","Yes",NA,"AMD","50 ","1024  ","64","128  ","1000 ","GDDR5","Mobility Radeon HD 5870","11 ","40","16","
07-Jan-2010 ","2560x1600","Yes",5,40,"28 "
"Terascale 2 Broadway PRO ","1600 x 900","625 ","Yes",NA,"AMD","39 ","1024  ","64","128  ","1000 ","GDDR5","Mobility Radeon HD 5850","10 ","40","16","
07-Jan-2010 ","2560x1600","Yes",5,40,"25 "
"Terascale 2 Broadway LE ","1366 x 768","500 ","Yes",NA,"AMD","24 ","1024  ","25.6","128  ","800 ","GDDR3","Mobility Radeon HD 5830","8 ","40","16","
07-Jan-2010 ","2560x1600","Yes",5,40,"20 "
"GCN 1.1 Neptune XT ","1920 x 1080","850 ","Yes",NA,"AMD","100 ","4096  ","153.6","256  ","1200 ","GDDR5","Radeon R9 M290X","29 ","28","32","
09-Jan-2014 ","4096x2160","Yes",5,80,"72 "
"Terascale 2 Madison LE ","1366 x 768","650 ","Yes",NA,"AMD","26 ","1024  ","25.6","128  ","800 ","GDDR3","Mobility Radeon HD 5730","4 ","40","6","
07-Jan-2010 ","2560x1600","No",5,20,"13 "
"Terascale 2 Madison XT ","1440 x 900","650 ","Yes",NA,"AMD","30 ","1024  ","51.2","128  ","800 ","GDDR5","Mobility Radeon HD 5770","5 ","40","8","
07-Jan-2010 ","2560x1600","No",5,20,"13 "
"Terascale 2 Madison LP ","1366 x 768","450 ","Yes",NA,"AMD","15 ","1024  ","25.6","128  ","800 ","GDDR3","Mobility Radeon HD 5650","4 ","40","8","
07-Jan-2010 ","2560x1600","No",5,20,"9 "
"Terascale 2 Park XT ","1024 x 768","750 ","Yes",NA,"AMD","15 ","1024  ","12.8","64  ","800 ","GDDR3","Mobility Radeon HD 5470","3 ","40","4","
07-Jan-2010 ","2560x1600","No",5,8,"6 "
"M96 ","1366 x 768",NA,"Yes",NA,"AMD","35 ","1024  ","25.6","128  ","800 ","GDDR3","Mobility Radeon HD 560v","4 ","55","8","
05-May-2010 ","2560x1600","Yes",4.1,32,"18 "
"M96 ","1280 x 720",NA,"Yes",NA,"AMD","20 ","1024  ","19.2","128  ","600 ","GDDR3","Mobility Radeon HD 550v","4 ","55","8","
05-May-2010 ","2560x1600","Yes",4,32,"14 "
"M92 ","1024 x 768",NA,"Yes",NA,"AMD","15 ","1024  ","12.8","64  ","800 ","GDDR3","Mobility Radeon HD 545v","3 ","55","4","
05-May-2010 ","2560x1600","No",4.1,8,"6 "
"Park XT ","1024 x 768",NA,"Yes",NA,"AMD","15 ","512  ","12.8","64  ","800 ","GDDR3","Mobility Radeon HD 5470 512MB","3 ","40","4","
07-Jan-2010 ","2560x1600","No",5,8,"6 "
"M92 ","800 x 600",NA,"Yes",NA,"AMD","10 ","1024  ","9.6","64  ","600 ","GDDR3","Mobility Radeon HD 530v","2 ","55","4","
05-May-2010 ","2560x1600","No",4.1,8,"4 "
"GCN 1.1 Neptune XT (x2) ","1920 x 1080","850 ","Yes",NA,"AMD","200 ","4096  ","307.2","256  ","1200 ","GDDR5","Radeon HD 8970M Crossfire","58 ","28","32 (x2)","
01-May-2013 ","2560x1600","Yes",5,80,"144 "
"M92 ","800 x 600",NA,"Yes",NA,"AMD","15 ","1024  ","14.4","64  ","900 ","GDDR3","Mobility Radeon HD 5145","3 ","40","4","
07-Jan-2010 ","2560x1600","No",4.1,8,"6 "
"Terascale 2 Park PRO ","800 x 600","675 ","Yes",NA,"AMD","11 ","1024  ","12.8","64  ","800 ","GDDR3","Mobility Radeon HD 5450","3 ","40","4","
07-Jan-2010 ","2560x1600","No",5,8,"5 "
"GCN 1.1 Neptune XT ","1920 x 1080","850 ","Yes",NA,"AMD","100 ","2048  ","153.6","256  ","1200 ","GDDR5","Radeon HD 8970M","29 ","28","32","
14-May-2013 ","4096x2160","Yes",5,80,"72 "
"M92 ","800 x 600",NA,"Yes",NA,"AMD","13 ","512  ","12.8","64  ","800 ","GDDR3","Mobility Radeon HD 540v","2 ","55","4","
05-May-2010 ","2560x1600","No",4.1,8,"4 "
"M96 ","1024 x 768",NA,"Yes",NA,"AMD","35 ","1024  ","28.8","128  ","900 ","GDDR3","Mobility Radeon HD 5165","5 ","40","8","
07-Jan-2010 ","2560x1600","Yes",4.1,32,"19 "
"Terascale 2 Park LP ","800 x 600","500 ","Yes",NA,"AMD","7 ","1024  ","12.8","64  ","800 ","GDDR3","Mobility Radeon HD 5430","2 ","40","4","
07-Jan-2010 ","2560x1600","No",5,8,"4 "
"Terascale 2 Madison PRO ","1440 x 900","550 ","Yes",NA,"AMD","25 ","1024  ","51.2","128  ","800 ","GDDR5","Mobility Radeon HD 5750","4 ","40","8","
07-Jan-2010 ","2560x1600","No",5,20,"11 "
"GCN 1.1 Venus XT ","1600 x 900",NA,"Yes",NA,"AMD","50 ","2048  ","72","128  ","1125 ","GDDR5","Radeon HD 8870M","12 ","28","16","
01-Apr-2013 ","2560x1600","Yes",5,40,"31 "
"GCN 1.1 Venus PRO ","1600 x 900",NA,"Yes",NA,"AMD","45 ","2048  ","72","128  ","1125 ","GDDR5","Radeon HD 8850M v2","12 ","28","16","
01-Apr-2013 ","4096x2160","Yes",5,40,"29 "
"GCN 1.1 Mars XTX ","1600 x 900","850 ","Yes",NA,"AMD","35 ","2048  ","64","128  ","1000 ","GDDR5","Radeon HD 8790M","7 ","28","8","
01-Apr-2013 ","2560x1600","Yes",5,24,"22 "
"GCN 1.1 Venus LE ","1366 x 768",NA,"Yes",NA,"AMD","35 ","2048  ","32","128  ","1000 ","DDR3","Radeon HD 8830M","5 ","28","8","
01-Apr-2013 ","2560x1600","Yes",5,24,"15 "
"GCN 1.1 Mars XT ","1600 x 900","775 ","Yes",NA,"AMD","20 ","2048  ","72","128  ","1125 ","GDDR5","Radeon HD 8770M","7 ","28","8","
01-Apr-2013 ","2560x1600","Yes",5,24,"20 "
"GCN 1.1 Venus PRO ","1366 x 768",NA,"Yes",NA,"AMD","45 ","2048  ","32","128  ","1000 ","DDR3","Radeon HD 8850M","12 ","28","16","
01-Apr-2013 ","4096x2160","Yes",5,40,"31 "
"GCN 1.1 Mars PRO ","1600 x 900","620 ","Yes",NA,"AMD","20 ","2048  ","64","128  ","1000 ","GDDR5","Radeon HD 8750M","6 ","28","8","
26-Feb-2013 ","2560x1600","Yes",5,24,"19 "
"GCN 1.1 Mars XT ","1366 x 768","775 ","Yes",NA,"AMD",NA,"1024  ","36","64  ","1125 ","GDDR5","Radeon HD 8690M","7 ","28","8","
01-Jan-2013 ","2560x1600","No",5,24,"20 "
"GCN 1.1 Mars LE ","1366 x 768","650 ","Yes",NA,"AMD","15 ","1024  ","32","128  ","1000 ","DDR3","Radeon HD 8730M","6 ","28","8","
01-Apr-2013 ","4096x2160","Yes",5,24,"17 "
"GCN 1.1 Mars PRO ","1366 x 768","670 ","Yes",NA,"AMD","20 ","2048  ","28.8","128  ","900 ","DDR3","Radeon HD 8750M v2","7 ","28","8","
26-Feb-2013 ","2560x1600","Yes",5,24,"20 "
"GCN 1.1 Mars XT ","1366 x 768","775 ","Yes",NA,"AMD",NA,"1024  ","14.4","64  ","900 ","DDR3","Radeon HD 8670M","7 ","28","8","
01-Mar-2013 ","2560x1600","No",5,24,"20 "
"GCN 1.1 Sun PRO ",NA,"650 ","Yes",NA,"AMD",NA,"1024  ","36","64  ","1125 ","GDDR5","Radeon HD 8570M","22 ","28","32","
01-Jan-2013 ","2560x1600","Yes",5,24,"17 "
"GCN ","1366 x 768",NA,"Yes",NA,"AMD",NA,"1024  ","14.4","64  ","900 ","DDR3","Radeon HD 8550M","22 ","28","32","
01-Jan-2013 ","2560x1600","No",5,24,"17 "
"GCN 1.1 Mars XT ","1366 x 768","775 ","Yes",NA,"AMD",NA,"2048  ","14.4","64  ","900 ","DDR3","Radeon HD 8670M 2GB","7 ","28","8","
01-Mar-2013 ","2560x1600","Yes",5,24,"20 "
"Terascale 2 Blackcomb XT ","1920 x 1080","680 ","Yes",NA,"AMD","75 ","2048  ","115.2","256  ","900 ","GDDR5","Radeon HD 6970M","22 ","40","32","
04-Jan-2011 ","1600x900","Yes",5,48,"33 "
"Kalindi ",NA,NA,"No",NA,"AMD","25 ",NA,"25.6","128  ","800 ","DDR3","Radeon HD 8400","2 ","28","4","
23-May-2013 ",NA,"No",5,8,"5 "
"Terascale 2 Blackcomb PRO ","1680 x 1050","580 ","Yes",NA,"AMD","50 ","1024  ","115.2","256  ","900 ","GDDR5","Radeon HD 6950M","19 ","40","32","
04-Jan-2011 ","2560x1600","Yes",5,48,"28 "
"Terascale 2 Granville PRO ","1600 x 900","675 ","Yes",NA,"AMD","50 ","1024  ","25.6","128  ","800 ","DDR3","Radeon HD 6850M","11 ","40","16","
04-Jan-2011 ","2560x1600","No",5,40,"27 "
"Terascale 2 Granville LP ","1366 x 768","575 ","Yes",NA,"AMD","39 ","2048  ","25.6","128  ","800 ","DDR3","Radeon HD 6830M","9 ","40","16","
04-Jan-2011 ","2560x1600","No",5,40,"23 "
"Terascale 2 Granville XT ","1600 x 900","675 ","Yes",NA,"AMD","50 ","1024  ","64","128  ","1000 ","GDDR5","Radeon HD 6870M","11 ","40","16","
04-Jan-2011 ","2560x1600","Yes",5,40,"27 "
"Terascale 2 Whistler XT ","1440 x 900","725 ","Yes",NA,"AMD","35 ","2048  ","51.2","128  ","800 ","GDDR5","Radeon HD 6770M 2GB","6 ","40","8","
01-Jan-2011 ","2560x1600","Yes",5,24,"17 "
"Terascale 2 Blackcomb XTX ","1920 x 1080","715 ","Yes",NA,"AMD","100 ","2048  ","115.2","256  ","900 ","GDDR5","Radeon HD 6990M","23 ","40","32","
12-Jul-2011 ","2560x1600","Yes",5,56,"40 "
"Terascale 2 Whistler XT ","1440 x 900","725 ","Yes",NA,"AMD","35 ","1024  ","51.2","128  ","800 ","GDDR5","Radeon HD 6770M","6 ","40","8","
04-Jan-2011 ","2560x1600","Yes",5,24,"17 "
"Terascale 2 Whistler PRO ","1366 x 768","600 ","Yes",NA,"AMD",NA,"512  ","51.2","128  ","800 ","GDDR5","Radeon HD 6750M 512MB","5 ","40","8","
01-Jan-2011 ","2560x1600","Yes",5,24,"14 "
"Terascale 2 Whistler PRO ","1366 x 768","600 ","Yes",NA,"AMD",NA,"1024  ","51.2","128  ","800 ","GDDR5","Radeon HD 6750M","5 ","40","8","
04-Jan-2011 ","2560x1600","Yes",5,24,"14 "
"Terascale 2 Whistler LE ","1366 x 768","600 ","Yes",NA,"AMD",NA,"1024  ","25.6","128  ","800 ","DDR3","Radeon HD 6650M","5 ","40","8","
04-Jan-2011 ","2560x1600","Yes",5,24,"14 "
"Terascale 2 Capilano XT ","1440 x 900","650 ","Yes",NA,"AMD","30 ","1024  ","51.2","128  ","800 ","GDDR5","Radeon HD 6570M","5 ","40","8","
26-Nov-2010 ","2560x1600","No",5,20,"13 "
"Terascale 2 Whistler LE ","1366 x 768","725 ","Yes",NA,"AMD","39 ","1024  ","25.6","128  ","800 ","DDR3","Radeon HD 6730M","6 ","40","8","
04-Jan-2011 ","2560x1600","Yes",5,24,"17 "
"Terascale 2 Whistler LP ","1366 x 768","485 ","Yes",NA,"AMD","26 ","1024  ","25.6","128  ","800 ","DDR3","Radeon HD 6630M","4 ","40","8","
04-Jan-2011 ","2560x1600","Yes",5,24,"12 "
"Terascale 2 Capilano PRO ","1366 x 768","600 ","Yes",NA,"AMD","26 ","1024  ","25.6","128  ","800 ","DDR3","Radeon HD 6550M","5 ","40","8","
26-Nov-2010 ","2560x1600","No",5,20,"12 "
"Terascale 2 Seymour XT ","1024 x 768","800 ","Yes",NA,"AMD","11 ","1024  ","12.8","64  ","800 ","DDR3","Radeon HD 6470M","3 ","40","4","
04-Jan-2011 ","2560x1600","No",5,8,"6 "
"Terascale 2 Seymour XTX ","1366 x 768","750 ","Yes",NA,"AMD","14 ","512  ","25.6","64  ","800 ","GDDR5","Radeon HD 6490M","3 ","40","4","
04-Jan-2011 ","2560x1600","No",5,8,"6 "
"Terascale 2 Capilano LE ","1366 x 768","500 ","Yes",NA,"AMD","26 ","1024  ","25.6","128  ","800 ","DDR3","Radeon HD 6530M","4 ","40","8","
26-Nov-2010 ","2560x1600","No",5,20,"10 "
"Terascale 2 Seymour PRO ","1024 x 768","600 ","Yes",NA,"AMD","11 ","1024  ","12.8","64  ","800 ","DDR3","Radeon HD 6450M","2 ","40","4","
04-Jan-2011 ","2560x1600","No",5,8,"5 "
"Terascale 2 Robson XT ","1024 x 768","750 ","Yes",NA,"AMD","11 ","1024  ","12.8","64  ","800 ","DDR3","Radeon HD 6370M","3 ","40","4","
26-Nov-2010 ","2560x1600","No",5,8,"6 "
"Terascale 2 Robson PRO ","1024 x 768","500 ","Yes",NA,"AMD","7 ","1024  ","14.4","64  ","900 ","DDR3","Radeon HD 6350M","2 ","40","4","
26-Nov-2010 ","2560x1600","No",5,8,"4 "
"Terascale 2 Seymour LE ","1024 x 768","480 ","Yes",NA,"AMD","11 ","1024  ","12.8","64  ","800 ","DDR3","Radeon HD 6430M","2 ","40","4","
04-Jan-2011 ","2560x1600","No",5,8,"4 "
"Terascale 2 Robson LE ",NA,"500 ","Yes",NA,"AMD","7 ","1024  ","12.8","64  ","800 ","DDR3","Radeon HD 6330M","2 ","40","4","
26-Nov-2010 ","2560x1600","No",5,8,"4 "
"Kalindi ",NA,NA,"No",NA,"AMD","15 ",NA,"25.6","128  ","800 ","DDR3","Radeon HD 8330","2 ","28","4","
01-Aug-2013 ",NA,"No",5,8,"4 "
"Kalindi LP ",NA,NA,"No",NA,"AMD","8 ",NA,"17.1","128  ","533 ","DDR3","Radeon HD 8250","2 ","28","4","
23-May-2013 ",NA,"No",5,8,"3 "
"Kalindi ",NA,NA,"No",NA,"AMD","15 ",NA,"25.6","128  ","800 ","DDR3","Radeon HD 8280","2 ","28","4","
01-Sep-2013 ",NA,"No",5,8,"4 "
"Zacate ","800 x 600",NA,"No",NA,"AMD","18 ",NA,NA,"128  ",NA,"DDR3","Radeon HD 6320","2 ","40","4","
16-Nov-2010 ","2560x1600","No",5,8,"4 "
"Kalindi LP ",NA,NA,"No",NA,"AMD","4 ",NA,"17.1","128  ","533 ","DDR3","Radeon HD 8180","1 ","28","4","
23-May-2013 ",NA,"No",5,8,"2 "
"Loveland ","800 x 600",NA,"No",NA,"AMD","9 ",NA,"25.6","128  ","800 ","DDR3","Radeon HD 6290","2 ","40","4","
07-Jan-2011 ","2560x1600","No",5,8,"3 "
"Zacate ","800 x 600",NA,"No",NA,"AMD","9 ",NA,NA,"128  ",NA,"DDR3","Radeon HD 6250","1 ","40","4","
09-Nov-2010 ","2560x1600","No",5,8,"2 "
"Kalindi LP ",NA,NA,"No",NA,"AMD","8 ",NA,NA,"128  ",NA,"DDR3","Radeon HD 8210","1 ","28","4","
23-May-2013 ",NA,"No",5,8,"2 "
"GCN 1.0 Wimbledon PRO ","1920 x 1080","700 ","Yes",NA,"AMD","75 ","2048  ","128","256  ","1000 ","GDDR5","Radeon HD 7950M [not released]","22 ","28","32","
01-May-2012 ","4096x2160","Yes",5,8,"6 "
"Kalindi ",NA,NA,"No",NA,"AMD","15 ",NA,"21.3","128  ","667 ","DDR3","Radeon HD 8240","2 ","28","4","
01-Nov-2013 ",NA,"No",5,8,"3 "
"Zacate ","800 x 600",NA,"No",NA,"AMD","18 ",NA,NA,"128  ",NA,"DDR3","Radeon HD 6310","2 ","40","4","
09-Nov-2010 ","2560x1600","No",5,8,"4 "
"GCN 1.0 Heathrow Pro ","1600 x 900","675 ","Yes",NA,"AMD","40 ","2048  ","64","128  ","1000 ","GDDR5","Radeon HD 7850M","11 ","28","16","
24-Apr-2012 ","2560x1600","Yes",5,40,"27 "
"GCN 1.0 Heathrow XT ","1600 x 900","800 ","Yes",NA,"AMD","45 ","2048  ","64","128  ","1000 ","GDDR5","Radeon HD 7870M","13 ","28","16","
24-Apr-2012 ","2560x1600","Yes",5,40,"32 "
"GCN 1.0 Chelsea XT ","1600 x 900","675 ","Yes",NA,"AMD","32 ","2048  ","64","128  ","1000 ","GDDR5","Radeon HD 7770M 2GB","11 ","28","16","
24-Apr-2012 ","2560x1600","No",5,32,"22 "
"GCN 1.0 Wimbledon XT ","1920 x 1080","850 ","Yes",NA,"AMD","100 ","2048  ","153.6","256  ","1200 ","GDDR5","Radeon HD 7970M","27 ","28","32","
01-May-2012 ","4096x2160","Yes",5,80,"68 "
"GCN 1.0 Wimbledon XT (x2) ","1920 x 1080","850 ","Yes",NA,"AMD","200 ","4096  ","307.2","256  ","1200 ","GDDR5","Radeon HD 7970M Crossfire","54 ","28","32 (x2)","
01-May-2012 ","4096x2160","Yes",5,80,"136 "
"GCN 1.0 Chelsea LE ","1366 x 768","575 ","Yes",NA,"AMD","25 ","2048  ","28.8","128  ","900 ","DDR3","Radeon HD 7730M","11 ","28","16","
23-Apr-2012 ","2560x1600","Yes",5,32,"22 "
"Terascale 2 Thames XTX ","1600 x 900","725 ","Yes",NA,"AMD","25 ","1024  ","57.6","128  ","900 ","GDDR5","Radeon HD 7690M XT","6 ","40","8","
07-Jan-2013 ","2560x1600","Yes",5,24,"17 "
"Terascale 2 Thames XT ","1366 x 768","600 ","Yes",NA,"AMD","20 ","1024  ","28.8","128  ","900 ","DDR3","Radeon HD 7670M","10 ","40","16","
07-Jan-2012 ","2560x1600","No",5,24,"14 "
"Terascale 2 Thames PRO ","1366 x 768","500 ","Yes",NA,"AMD","20 ","1024  ","28.8","128  ","900 ","DDR3","Radeon HD 7650M","4 ","40","8","
07-Jan-2012 ","2560x1600","Yes",5,24,"12 "
"Terascale 2 Thames XT ","1366 x 768","600 ","Yes",NA,"AMD","20 ","2048  ","28.8","128  ","900 ","DDR3","Radeon HD 7670M 2GB","10 ","40","16","
07-Jan-2012 ","2560x1600","Yes",5,24,"14 "
"GCN 1.0 Chelsea PRO ","1600 x 900","575 ","Yes",NA,"AMD","28 ","1024  ","64","128  ","1000 ","GDDR5","Radeon HD 7750M","9 ","28","16","
24-Apr-2012 ","2560x1600","Yes",5,32,"18 "
"GCN 1.0 Chelsea XT ","1600 x 900","675 ","Yes",NA,"AMD","32 ","1024  ","64","128  ","1000 ","GDDR5","Radeon HD 7770M","11 ","28","16","
24-Apr-2012 ","2560x1600","Yes",5,32,"22 "
"Terascale 2 Thames XT ","1366 x 768","725 ","Yes",NA,"AMD","20 ","1024  ","28.8","128  ","900 ","DDR3","Radeon HD 7690M","12 ","40","16","
25-Dec-2011 ","2560x1600","Yes",5,24,"17 "
"Terascale 2 Thames LP ","1366 x 768","450 ","Yes",NA,"AMD","20 ","1024  ","25.6","128  ","800 ","DDR3","Radeon HD 7630M","4 ","40","8","
07-Jan-2012 ","2560x1600","No",5,24,"11 "
"Terascale 2 Thames LE ","1366 x 768","450 ","Yes",NA,"AMD","20 ","1024  ","25.6","128  ","800 ","DDR3","Radeon HD 7610M","4 ","40","8","
07-Jan-2012 ","2560x1600","No",5,20,"9 "
"Terascale 2 Thames PRO ","1366 x 768","450 ","Yes",NA,"AMD","14 ","1024  ","25.6","64  ","800 ","GDDR5","Radeon HD 7550M v2","4 ","40","8","
07-Jan-2012 ","2560x1600","Yes",5,24,"11 "
"Terascale 2 Thames XT ","1366 x 768","600 ","Yes",NA,"AMD","18 ","1024  ","25.6","64  ","800 ","GDDR5","Radeon HD 7590M","5 ","40","8","
07-Jan-2012 ","2560x1600","Yes",5,24,"14 "
"Terascale 2 Thames LE ","1366 x 768","450 ","Yes",NA,"AMD","11 ","1024  ","12.8","64  ","800 ","DDR3","Radeon HD 7510M","4 ","40","8","
07-Jan-2012 ","2560x1600","No",5,20,"9 "
"Terascale 2 Thames LP ","1366 x 768","450 ","Yes",NA,"AMD","11 ","1024  ","14.4","64  ","900 ","DDR3","Radeon HD 7530M","4 ","40","8","
07-Jan-2012 ","2560x1600","No",5,20,"9 "
"Terascale 2 Thames PRO ","1366 x 768","500 ","Yes",NA,"AMD","14 ","2048  ","14.4","64  ","900 ","DDR3","Radeon HD 7550M","4 ","40","8","
07-Jan-2012 ","2560x1600","Yes",5,24,"12 "
"Terascale 2 Thames PRO ","1366 x 768","500 ","Yes",NA,"AMD","13 ","1024  ","25.6","64  ","800 ","GDDR5","Radeon HD 7570M","4 ","40","8","
07-Jan-2012 ","2560x1600","Yes",5,24,"12 "
"Terascale 2 Seymour PRO ","1280 x 720","600 ","Yes",NA,"AMD","7 ","1024  ","14.4","64  ","900 ","DDR3","Radeon HD 7430M","2 ","40","4","
07-Jan-2012 ","2560x1600","No",5,8,"5 "
"Terascale 2 Seymour PRO ","1280 x 720","700 ","Yes",NA,"AMD","7 ","1024  ","14.4","64  ","900 ","DDR3","Radeon HD 7450M","3 ","40","4","
07-Jan-2012 ","2560x1600","No",5,8,"6 "
"Terascale 2 Seymour XT ","1366 x 768","800 ","Yes",NA,"AMD","7 ","512  ","14.4","64  ","900 ","DDR3","Radeon HD 7470M","3 ","40","4","
07-Jan-2012 ","2560x1600","No",5,8,"6 "
"Terascale 2 Seymour XTX ","1366 x 768","800 ","Yes",NA,"AMD","9 ","1024  ","30.4","64  ","950 ","GDDR5","Radeon HD 7490M","3 ","40","4","
07-Jan-2012 ","2560x1600","No",5,8,"6 "
"Terascale 2 Robson XT ","1280 x 720","750 ","Yes",NA,"AMD","11 ","1024  ","12.8","64  ","800 ","DDR3","Radeon HD 7370M","3 ","40","4","
07-Jan-2012 ","2560x1600","No",5,8,"6 "
"Terascale 2 Loveland ","1280 x 720","523 ","No",NA,"AMD","18 ",NA,"10.7","64  ","667 ","DDR3","Radeon HD 7340","3 ","40","4","
06-Jun-2012 ","2560x1600","No",5,8,"5 "
"Terascale 2 Robson PRO ","1280 x 720","500 ","Yes",NA,"AMD","7 ","1024  ","14.4","64  ","900 ","DDR3","Radeon HD 7350M","2 ","40","4","
07-Jan-2012 ","2560x1600","No",5,4,"2 "
"Terascale 2 Robson LE ","1280 x 720","500 ","Yes",NA,"AMD","5 ","1024  ","12.8","64  ","800 ","DDR3","Radeon HD 7330M","2 ","40","4","
07-Jan-2012 ","2560x1600","No",5,4,"2 "
"Terascale 2 Loveland ","1280 x 720","500 ","No",NA,"AMD","18 ",NA,"8.5","64  ","533 ","DDR3","Radeon HD 7310","2 ","40","4","
05-Jun-2012 ","2560x1600","No",5,8,"4 "
"Saturn XT ","1600 x 900",NA,"Yes",NA,"AMD","75 ","2048  ","64","128  ","1000 ","GDDR5","Radeon R9 M280X [not released]","15 ","28","16","
01-Jun-2014 ","4096x2160","Yes",5,56,"52 "
"GCN 1.1 Venus XTX ","1920 x 1080",NA,"Yes",NA,"AMD","50 ","2048  ","64","128  ","1000 ","GDDR5","Radeon R9 M275X","15 ","28","16","
09-Mar-2014 ","4096x2160","Yes",5,40,"37 "
"GCN 1.1 Venus PRO ","1600 x 900",NA,"Yes",NA,"AMD","35 ","2048  ","64","128  ","1000 ","GDDR5","Radeon R9 M265X","10 ","28","16","
09-Jan-2014 ","4096x2160","Yes",5,40,"25 "
"Venus XT ","1920 x 1080","
","Yes",NA,"AMD","50 ","2048  ","64","128  ","1000 ","GDDR5","Radeon R9 M275 [not released]",NA,"28","16","
09-Mar-2014 ","4096x2160","Yes",5,40,NA
"GCN 1.1 Venus XT ","1600 x 900",NA,"Yes",NA,"AMD","50 ","2048  ","64","128  ","1000 ","GDDR5","Radeon R9 M270X","12 ","28","16","
01-Jun-2014 ","4096x2160","Yes",5,48,"37 "
"GCN 1.1 Mars XT ","1600 x 900","715 ","Yes",NA,"AMD","35 ","2048  ","64","128  ","1000 ","GDDR5","Radeon R7 M260X","6 ","28","8","
09-Jan-2014 ","4096x2160","No",5,24,"17 "
"GCN 1.1 Mars XT ","1366 x 768","800 ","Yes",NA,"AMD","35 ","2048  ","32","128  ","1000 ","DDR3","Radeon R7 M265","7 ","28","8","
09-Jan-2014 ","4096x2160","Yes",5,24,"20 "
"GCN 1.1 Topaz XT ","1366 x 768","940 ","Yes",NA,"AMD","35 ","2048  ","16","64  ","1000 ","DDR3","Radeon R7 M260","8 ","28","8","
11-Jun-2014 ","4096x2160","No",5,24,"24 "
"GCN 1.1 Mars PRO ","1366 x 768","620 ","Yes",NA,"AMD","35 ","4096  ","28.8","128  ","900 ","DDR3","Radeon R7 M260 v2","6 ","28","8","
09-Jan-2014 ","4096x2160","No",5,24,"17 "
"GCN 1.1 Opal XT ","1366 x 768","725 ","Yes",NA,"AMD","30 ","4096  ","32","128  ","1000 ","DDR3","Radeon R7 M270","7 ","28","8","
09-Jan-2014 ","4096x2160","Yes",5,24,"20 "
"GCN 1.1 Sun PRO ","1366 x 768","925 ","Yes",NA,"AMD","20 ","4096  ","16","64  ","1000 ","DDR3","Radeon R5 M255","8 ","28","8","
12-Oct-2014 ","2560x1600","No",5,20,"19 "
"Jet PRO ",NA,NA,"Yes",NA,"AMD","17 ","1024  ","14.4","64  ","900 ","DDR3","Radeon R5 M220","5 ","28","8","
01-Nov-2013 ","2560x1600","No",5,20,"12 "
"Jet LE ",NA,NA,"Yes",NA,"AMD","13 ","1024  ","14.4","64  ","900 ","DDR3","Radeon R5 M210","4 ","28","8","
01-Nov-2013 ","2560x1600","No",5,20,"10 "
"GCN 1.1 Sun LE ","1366 x 768","780 ","Yes",NA,"AMD","20 ","4096  ","16","64  ","1000 ","DDR3","Radeon R5 M230","7 ","28","8","
01-Jan-2014 ","2560x1600","No",5,20,"17 "
"GCN 1.1 Jet XT ","1366 x 768","1000 ","Yes",NA,"AMD",NA,"2048  ","16","64  ","1000 ","DDR3","Radeon R5 M240","8 ","28","8","
18-Sep-2014 ","2560x1600","No",5,24,"25 "
"M66 ",NA,NA,"Yes",NA,"AMD",NA,"256  ","12.8","128  ","400 ","DDR2","Mobility Radeon X2500",NA,NA,NA,"
01-Jun-2007 ",NA,"No",3,NA,NA
"RS690M ",NA,NA,"No",NA,"AMD",NA,NA,"6.4","64  ","400 ","DDR2","Mobility Radeon Xpress 1250","2 ","80","4","
01-Feb-2007 ",NA,"No",2,4,"2 "
"R520 ",NA,NA,"Yes",NA,"AMD",NA,"256  ","32","256  ","500 ","GDDR3","Mobility Radeon X1800",NA,NA,NA,"
01-Mar-2006 ","2048x1536","No",3,NA,NA
"RV570 ",NA,NA,"Yes",NA,"AMD",NA,"256  ","30.1","256  ","470 ","GDDR3","Mobility Radeon X1900",NA,NA,NA,"
11-Jan-2007 ","2048x1536","No",3,NA,NA
"M64 ",NA,NA,"Yes",NA,"AMD",NA,"128  ","12.8","128  ","400 ","GDDR3","Mobility Radeon X2300 128MB GDDR3",NA,NA,NA,"
01-Mar-2007 ",NA,"No",3,NA,NA
"RV515 ",NA,NA,"Yes",NA,"AMD",NA,"128  ","8","128  ","250 ","DDR2","Mobility Radeon X1400",NA,NA,NA,"
19-Jan-2006 ","2048x1536","No",3,NA,NA
"RV515 ",NA,NA,"Yes",NA,"AMD",NA,"128  ","8","128  ","250 ","DDR2","Mobility Radeon X1300",NA,NA,NA,"
19-Jan-2006 ","2048x1536","No",3,NA,NA
"GCN 1.1 Saturn PRO ","1600 x 900","900 ","Yes",NA,"AMD","75 ","4096  ","88","128  ","1375 ","GDDR5","Radeon R9 M385 4GB","16 ","28","16","
09-Jun-2015 ","4096x2160","Yes",5,56,"56 "
"GCN 1.2 Strato PRO ","1600 x 900","1000 ","Yes",NA,"AMD","75 ","4096  ","96","128  ","1500 ","GDDR5","Radeon R9 M380 4GB","16 ","28","16","
09-Jun-2015 ","4096x2160","Yes",5,48,"48 "
"RV530 ",NA,NA,"Yes",NA,"AMD",NA,"256  ","15","128  ","470 ","GDDR3","Mobility Radeon X1600",NA,NA,NA,"
01-Feb-2006 ","2048x1536","No",3,NA,NA
"GCN 1.1 Saturn XT ","1600 x 900","1000 ","Yes",NA,"AMD","75 ","4096  ","96","128  ","1500 ","GDDR5","Radeon R9 M385X 4GB","18 ","28","16","
09-Jun-2015 ","4096x2160","Yes",5,56,"62 "
"GCN 1.0 Venus XTX ","1600 x 900","900 ","Yes",NA,"AMD","75 ","4096  ","72","128  ","1125 ","GDDR5","Radeon R9 M375X 4GB","15 ","28","16","
09-Jun-2015 ","4096x2160","Yes",5,40,"37 "
"GCN 1.0 ???? ","1600 x 900",NA,"Yes",NA,"AMD","50 ","4096  ","64","128  ","1000 ","GDDR5","Radeon R9 M360 4GB","15 ","28","16","
09-Jun-2015 ","4096x2160","Yes",5,32,"30 "
"GCN 1.0 Venus PRO ","1600 x 900","625 ","Yes",NA,"AMD","50 ","4096  ","64","128  ","1000 ","GDDR5","Radeon R9 M365X 4GB","10 ","28","16","
09-Jun-2015 ","4096x2160","Yes",5,40,"25 "
"GCN 1.1 Meso PRO ","1366 x 768","943 ","Yes",NA,"AMD","25 ","2048  ","16","64  ","1000 ","DDR3","Radeon R7 M340 2GB","8 ","28","8","
05-May-2015 ","2560x1600","No",5,20,"20 "
"GCN 1.0 Venus XTX ","1366 x 768","1000 ","Yes",NA,"AMD","75 ","2048  ","35.2","128  ","1100 ","DDR3","Radeon R9 M375 2GB","16 ","28","16","
05-May-2015 ","4096x2160","Yes",5,40,"41 "
"GCN 1.1 Mars XT ","1366 x 768","1000 ","Yes",NA,"AMD","50 ","2048  ","17.6","64  ","1100 ","DDR3","Radeon R7 M360 2GB","8 ","28","8","
05-May-2015 ","4096x2160","No",5,24,"24 "
"RV535 ",NA,NA,"Yes",NA,"AMD",NA,"256  ","12.8","128  ","400 ","GDDR3","Mobility Radeon X1700",NA,NA,NA,"
02-Jan-2006 ","2560x1600","No",3,NA,NA
"GCN 1.1 Mars XT ","1366 x 768","1000 ","Yes",NA,"AMD","50 ","4096  ","17.6","64  ","1100 ","DDR3","Radeon R7 M360 4GB","8 ","28","8","
05-May-2015 ","4096x2160","No",5,24,"24 "
"M62 ",NA,NA,"Yes",NA,"AMD",NA,"128  ","6.3","64  ","392 ","DDR2","Mobility Radeon X1350","2 ","100","4","
18-Sep-2006 ",NA,"No",3,4,"2 "
"GCN 1.1 Exo XT ","1366 x 768","1070 ","Yes",NA,"AMD","25 ","2048  ","17.6","64  ","1100 ","DDR3","Radeon R5 M335 2GB","9 ","28","8","
21-Oct-2015 ","2560x1600","No",5,20,"21 "
"GCN 1.1 Sun PRO ","1366 x 768","1000 ","Yes",NA,"AMD","25 ","2048  ","16","64  ","1000 ","DDR3","Radeon R5 M330 2GB","8 ","28","8","
05-May-2015 ","2560x1600","No",5,20,"21 "
"GCN 1.1 Jet PRO ","1366 x 768","780 ","Yes",NA,"AMD","20 ","2048  ","16","64  ","1000 ","DDR3","Radeon R5 M320 2GB","7 ","28","8","
05-May-2015 ","2560x1600","No",5,20,"17 "
"GCN 1.1 Sun PRO ","1366 x 768","1000 ","Yes",NA,"AMD","25 ","4096  ","16","64  ","1000 ","DDR3","Radeon R5 M330 4GB","8 ","28","8","
05-May-2015 ","2560x1600","No",5,20,"21 "
"GCN 1.1 Saturn PRO ","1600 x 900","900 ","Yes",NA,"AMD","75 ","4096  ","88","128  ","1375 ","GDDR5","Radeon R9 M470 4GB","16 ","28","16","
13-May-2016 ","4096x2160","Yes",5,56,"56 "
"GCN 1.1 Saturn XT ","1600 x 900","1000 ","Yes",NA,"AMD","75 ","4096  ","96","128  ","1500 ","GDDR5","Radeon R9 M470X 4GB","18 ","28","16","
13-May-2016 ","4096x2160","Yes",5,56,"62 "
NA,NA,NA,"No",NA,"Intel","14 ",NA,"10.7","128  ","333 ","DDR2","Intel GM965 Express Chipset ",NA,NA,NA,"
01-May-2007 ",NA,"No",4,NA,NA
"Cantiga ",NA,NA,"No",NA,"Intel","12 ",NA,"17.1","128  ","533 ","DDR3","Intel GM45 Express Chipset",NA,NA,NA,"
01-Sep-2008 ",NA,"No",4,NA,NA
"RV370 ",NA,NA,"Yes",NA,"AMD",NA,"128  ","2","64  ","250 ","DDR","Mobility Radeon X300",NA,NA,NA,"
01-Nov-2005 ","1280x1024","No",2,NA,NA
"GCN 1.1 Exo XT ","1366 x 768","1070 ","Yes",NA,"AMD","25 ","4096  ","17.6","64  ","1100 ","DDR3","Radeon R5 M335 4GB","9 ","28","8","
21-Oct-2015 ","4096x2160","No",5,20,"21 "
NA,NA,NA,"No",NA,"AMD",NA,NA,NA,"64  ",NA,"DDR","Mobility Radeon Xpress 200",NA,NA,NA,"
01-Feb-2004 ","1280x1024","No",2,NA,NA
"Arrandale ",NA,NA,"No",NA,"Intel","35 ",NA,"17.1","128  ","533 ","DDR3","HD i5 M580",NA,NA,NA,"
30-Sep-2010 ",NA,"No",4,NA,NA
"RV380 ",NA,NA,"Yes",NA,"AMD",NA,"128  ","4","128  ","250 ","DDR","Mobility Radeon X600",NA,NA,NA,"
01-Jun-2004 ","2048x1536","No",NA,NA,NA
"RV410 ",NA,NA,"Yes",NA,"AMD",NA,"128  ","11.2","128  ","350 ","DDR2","Mobility Radeon X700",NA,NA,NA,"
01-Mar-2005 ","2048x1536","No",2,NA,NA
"Montara-GM ",NA,"
","No",NA,"Intel",NA,NA,NA,NA,"166 ","DDR","Intel 82852/82855 ",NA,NA,NA,"
01-Feb-2004 ",NA,"No",NA,NA,NA
"Arrandale ",NA,NA,"No",NA,"Intel","18 ",NA,"12.8","128  ","400 ","DDR3","HD i5 U470",NA,NA,NA,"
30-Dec-2010 ",NA,"No",4,NA,NA
"Arrandale ",NA,NA,"No",NA,"Intel","18 ",NA,"12.8","128  ","400 ","DDR3","HD i5 U430",NA,NA,NA,"
30-May-2010 ",NA,"No",4,NA,NA
"Arrandale ",NA,NA,"No",NA,"Intel","35 ",NA,"17.1","128  ","533 ","DDR3","HD i5 M560",NA,NA,NA,"
30-Sep-2010 ",NA,"No",4,NA,NA
"Arrandale ",NA,NA,"No",NA,"Intel","35 ",NA,"17.1","128  ","533 ","DDR3","HD i5 M480",NA,NA,NA,"
30-Mar-2011 ",NA,"No",NA,NA,NA
"Arrandale ",NA,NA,"No",NA,"Intel","35 ",NA,"17.1","128  ","533 ","DDR3","HD i5 M520",NA,NA,NA,"
30-Mar-2010 ",NA,"No",4,NA,NA
"Arrandale ",NA,NA,"No",NA,"Intel","35 ",NA,"17.1","128  ","533 ","DDR3","HD i5 M540",NA,NA,NA,"
30-Mar-2010 ",NA,"No",4,NA,NA
"Arrandale ",NA,NA,"No",NA,"Intel","35 ",NA,"17.1","128  ","533 ","DDR3","HD i5 M460",NA,NA,NA,"
30-Sep-2010 ",NA,"No",NA,NA,NA
"Arrandale ",NA,NA,"No",NA,"Intel","35 ",NA,"17.1","128  ","533 ","DDR3","HD i5 M430",NA,NA,NA,"
30-Mar-2010 ",NA,"No",4,NA,NA
"Arrandale ",NA,NA,"No",NA,"Intel","35 ",NA,"17.1","128  ","533 ","DDR3","HD i5 M450",NA,NA,NA,"
30-May-2010 ",NA,"No",4,NA,NA
"Skylake GT2-U ","1366 x 768","300 ","No",NA,"Intel","15 ",NA,"34.1","128  ","1067 ","DDR4","HD i5 6300U","8 ","14","8","
01-Sep-2015 ","4096x2304","No",5,16,"16 "
"Skylake GT2-H ","1366 x 768","350 ","No",NA,"Intel","35 ",NA,"34.1","128  ","1067 ","DDR4","HD i5 6440HQ","8 ","14","8","
01-Sep-2015 ","4096x2304","No",5,16,"15 "
"Broadwell GT3 ","1366 x 768","300 ","No",NA,"Intel","15 ",NA,"29.9","128  ","933 ","DDR3","HD i5 5350U","2 ","14","2","
05-Jan-2015 ","2560x1600","No",5,8,"8 "
"Skylake GT2-U ","1366 x 768","300 ","No",NA,"Intel","15 ",NA,"34.1","128  ","1067 ","DDR4","HD i5 6200U","8 ","14","8","
01-Sep-2015 ","4096x2304","No",5,16,"16 "
"Haswell GT3 ","1366 x 768","200 ","No",NA,"Intel","15 ",NA,"25.6","128  ","800 ","DDR3","HD i5 4250U","4 ","22","4","
02-Jun-2013 ","2560x1600","No",5,8,"8 "
"Haswell GT3 ","1366 x 768","200 ","No",NA,"Intel","15 ",NA,"25.6","128  ","800 ","DDR3","HD i5 4260U","4 ","22","4","
14-Apr-2014 ","2560x1600","No",5,8,"8 "
"Skylake GT2-H ","1366 x 768","350 ","No",NA,"Intel","35 ",NA,"34.1","128  ","1067 ","DDR4","HD i5 6300HQ","8 ","14","8","
01-Sep-2015 ","4096x2304","No",5,16,"15 "
"Broadwell GT3 ","1366 x 768","300 ","No",NA,"Intel","15 ",NA,"29.9","128  ","933 ","DDR3","HD i5 5250U","2 ","14","2","
05-Jan-2015 ","2560x1600","No",5,8,"8 "
"Haswell GT3 ","1366 x 768","200 ","No",NA,"Intel","15 ",NA,"25.6","128  ","800 ","DDR3","HD i5 4210U","4 ","22","4","
14-Apr-2014 ","2560x1600","No",5,8,"8 "
"Haswell GT2 ","1366 x 768","400 ","No",NA,"Intel","47 ",NA,"25.6","128  ","800 ","DDR3","HD i5 4210M","2 ","22","2","
14-Apr-2014 ","2560x1600","No",5,4,"5 "
"Haswell GT2 ","1366 x 768","400 ","No",NA,"Intel","47 ",NA,"25.6","128  ","800 ","DDR3","HD i5 4210H","2 ","22","2","
20-Jul-2014 ","2560x1600","No",5,4,"5 "
"Haswell GT2 ","1366 x 768","400 ","No",NA,"Intel","47 ",NA,"25.6","128  ","800 ","DDR3","HD i5 4200H","2 ","22","2","
01-Sep-2013 ","2560x1600","No",5,4,"5 "
"Haswell GT1 ","1366 x 768","200 ","No",NA,"Intel","15 ",NA,"25.6","128  ","800 ","DDR3","HD i5 4200U","2 ","22","2","
02-Jun-2014 ","2560x1600","No",5,4,"4 "
"Sandy Bridge ",NA,NA,"No",NA,"Intel","35 ",NA,"21.3","128  ","667 ","DDR3","HD i5 2520M",NA,NA,NA,"
30-Mar-2011 ",NA,"No",4.1,NA,NA
"Sandy Bridge ",NA,NA,"No",NA,"Intel","35 ",NA,"21.3","128  ","667 ","DDR3","HD i5 2430M",NA,NA,NA,"
02-Nov-2011 ",NA,"No",4.1,NA,NA
"Sandy Bridge ",NA,NA,"No",NA,"Intel","17 ",NA,"21.3","128  ","667 ","DDR3","HD i5 2467M",NA,NA,NA,"
30-May-2011 ",NA,"No",4.1,NA,NA
"Arrandale ",NA,NA,"No",NA,"Intel","35 ",NA,"17.1","128  ","533 ","DDR3","HD i3 M380",NA,NA,NA,"
30-Sep-2010 ",NA,"No",4,NA,NA
"Sandy Bridge ",NA,NA,"No",NA,"Intel","35 ",NA,"21.3","128  ","667 ","DDR3","HD i5 2410M",NA,NA,NA,"
30-Mar-2011 ",NA,"No",4.1,NA,NA
"Arrandale ",NA,NA,"No",NA,"Intel",NA,NA,"17.1","128  ","533 ","DDR3","HD i3 M390",NA,NA,NA,"
30-Mar-2010 ",NA,"No",4,NA,NA
"Haswell GT2 ","1366 x 768","400 ","No",NA,"Intel","47 ",NA,"25.6","128  ","800 ","DDR3","HD i5 4200M","2 ","22","2","
01-Sep-2013 ","2560x1600","No",5,4,"5 "
"Arrandale ",NA,NA,"No",NA,"Intel","35 ",NA,"8.5","64  ","533 ","DDR3","HD i3 M370",NA,NA,NA,"
30-Sep-2010 ",NA,"No",4,NA,NA
"Skylake GT2-Y ","1366 x 768","300 ","No",NA,"Intel","5 ",NA,"29.9","128  ","933 ","DDR3","HD M5-6Y57","7 ","14","8","
01-Sep-2015 ","4096x2304","No",5,16,"14 "
"Skylake GT2-Y ","1366 x 768","300 ","No",NA,"Intel","5 ",NA,"29.9","128  ","933 ","DDR3","HD M5-6Y54","7 ","14","8","
01-Sep-2015 ","4096x2304","No",5,16,"14 "
"Skylake GT2-Y ","1366 x 768","300 ","No",NA,"Intel","5 ",NA,"29.9","128  ","933 ","DDR3","HD M7-6Y75","8 ","14","8","
01-Sep-2015 ","4096x2304","No",5,16,"16 "
"Skylake GT2-Y ","1366 x 768","300 ","No",NA,"Intel","5 ",NA,"29.9","128  ","933 ","DDR3","HD M3-6Y30","7 ","14","8","
01-Sep-2015 ","4096x2304","No",5,16,"14 "
"Broadwell GT2 ","1366 x 768","300 ","No",NA,"Intel","5 ",NA,"25.6","128  ","800 ","DDR3","HD M-5Y70","1 ","14","1","
05-Sep-2014 ","2560x1600","No",5,4,"3 "
"Broadwell GT2 ","1366 x 768","300 ","No",NA,"Intel","5 ",NA,"25.6","128  ","800 ","DDR3","HD M-5Y71","1 ","14","1","
05-Jan-2015 ","2560x1600","No",5,4,"4 "
"Arrandale ",NA,NA,"No",NA,"Intel","35 ",NA,"17.1","128  ","533 ","DDR3","HD i3 M330",NA,NA,NA,"
30-Mar-2010 ",NA,"No",4,NA,NA
"Broadwell GT2 ","1366 x 768","300 ","No",NA,"Intel","5 ",NA,"25.6","128  ","800 ","DDR3","HD M-5Y31","1 ","14","1","
05-Jan-2015 ","2560x1600","No",5,4,"3 "
"Skylake GT2-U ","1366 x 768","300 ","No",NA,"Intel","15 ",NA,"34.1","128  ","1067 ","DDR4","HD i3 6100U","8 ","14","8","
01-Sep-2015 ","4096x2304","No",5,16,"16 "
"Skylake GT2-H ","1366 x 768","350 ","No",NA,"Intel","35 ",NA,"34.1","128  ","1067 ","DDR4","HD i3 6100H","7 ","14","8","
01-Sep-2015 ","4096x2304","No",5,16,"14 "
"Broadwell GT2 ","1366 x 768","300 ","No",NA,"Intel","5 ",NA,"25.6","128  ","800 ","DDR3","HD M-5Y51","1 ","14","1","
05-Jan-2015 ","2560x1600","No",5,4,"4 "
"Sandy Bridge ",NA,NA,"No",NA,"Intel","17 ",NA,"21.3","128  ","667 ","DDR3","HD i3 2357M",NA,NA,NA,"
30-May-2011 ",NA,"No",4.1,NA,NA
"Sandy Bridge ",NA,NA,"No",NA,"Intel","35 ",NA,"21.3","128  ","667 ","DDR3","HD i3 2370M",NA,NA,NA,"
01-Jan-2012 ",NA,"No",4.1,NA,NA
"Sandy Bridge ",NA,NA,"No",NA,"Intel","35 ",NA,"21.3","128  ","667 ","DDR3","HD i3 2310M",NA,NA,NA,"
30-Mar-2011 ",NA,"No",4.1,NA,NA
"Sandy Bridge ",NA,NA,"Yes",NA,"Intel",NA,"1720  ","21.3","128  ","667 ","DDR3","HD i3 2330M",NA,NA,NA,"
01-Jun-2011 ","2560x1600","No",4.1,NA,NA
"Broadwell GT2 ","1366 x 768","100 ","No",NA,"Intel","5 ",NA,"25.6","128  ","800 ","DDR3","HD M-5Y10a","1 ","14","1","
05-Sep-2014 ","2560x1600","No",5,4,"3 "
"Broadwell GT2 ","1366 x 768","100 ","No",NA,"Intel","5 ",NA,"25.6","128  ","800 ","DDR3","HD M-5Y10","1 ","14","1","
05-Sep-2014 ","2560x1600","No",5,4,"3 "
"Arrandale ",NA,NA,"No",NA,"Intel",NA,NA,"8.5","64  ","533 ","DDR3","HD i7 M620",NA,NA,NA,"
07-Jan-2010 ","2560x1600","No",4,NA,NA
"Skylake GT2-H ","1366 x 768","350 ","No",NA,"Intel","45 ",NA,"34.1","128  ","1067 ","DDR4","HD i7 6820HK","8 ","14","8","
01-Sep-2015 ","4096x2304","No",5,16,"17 "
"Skylake GT2-H ","1366 x 768","350 ","No",NA,"Intel","45 ",NA,"34.1","128  ","1067 ","DDR4","HD i7 6820HQ","8 ","14","8","
01-Sep-2015 ","4096x2304","No",5,16,"17 "
"Broadwell GT2 ","1366 x 768","300 ","No",NA,"Intel","5 ",NA,"25.6","128  ","800 ","DDR3","HD M-5Y10c","1 ","14","1","
05-Jan-2015 ","2560x1600","No",5,4,"3 "
"Skylake GT2-H ","1366 x 768","350 ","No",NA,"Intel","45 ",NA,"34.1","128  ","1067 ","DDR4","HD i7 6920HQ","8 ","14","8","
01-Sep-2015 ","4096x2304","No",5,16,"17 "
"Skylake GT2-U ","1366 x 768","300 ","No",NA,"Intel","15 ",NA,"34.1","128  ","1067 ","DDR4","HD i7 6500U","8 ","14","8","
01-Sep-2015 ","4096x2304","No",5,16,"17 "
"Broadwell GT2 ","1366 x 768","300 ","No",NA,"Intel","47 ",NA,"29.9","128  ","933 ","DDR3","HD i7 5700HQ","1 ","14","1","
02-Jun-2015 ","2560x1600","No",5,4,"4 "
NA,NA,NA,"No",NA,"Intel",NA,NA,NA,NA,NA,NA,"Intel GMA 900",NA,NA,NA,"
01-Mar-2005 ",NA,"No",2,NA,NA
"Skylake GT2-H ","1366 x 768","350 ","No",NA,"Intel","45 ",NA,"34.1","128  ","1067 ","DDR4","HD i7 6700HQ","8 ","14","8","
01-Sep-2015 ","4096x2304","No",5,16,"17 "
"Sandy Bridge GT1 ","1024 x 768","350 ","No",NA,"Intel","5 ",NA,"21.3","128  ","667 ","DDR3","Intel HD Graphics Mobile (Sandy Bridge)","1 ","32","1","
05-Sep-2014 ","2560x1600","No",4.1,1,"1 "
"Ivy Bridge ","1366 x 768",NA,"No",NA,"Intel","45 ",NA,"25.6","128  ","800 ","DDR3","Intel HD Graphics Mobile (Ivy Bridge)","1 ","22","1","
01-Oct-2012 ","2560x1600","No",5,1,"1 "
"Skylake GT2-U ","1366 x 768","300 ","No",NA,"Intel","15 ",NA,"34.1","128  ","1067 ","DDR4","HD i7 6600U","8 ","14","8","
01-Sep-2015 ","4096x2304","No",5,16,"17 "
"Calistoga ",NA,NA,"No",NA,"Intel","7 ",NA,NA,NA,NA,NA,"Intel GMA 950",NA,NA,NA,"
01-Mar-2005 ","2048x1536","No",2,NA,NA
"Haswell ","1366 x 768",NA,"No",NA,"Intel","4 ",NA,"25.6","128  ","800 ","DDR3","Intel HD Graphics Mobile (Haswell)","2 ","22","2","
01-Jun-2013 ","2560x1600","No",5,4,"4 "
"Braswell GT1 ","1366 x 768","320 ","No",NA,"Intel","6 ",NA,"25.6","128  ","800 ","DDR3","Intel HD Graphics Mobile (Braswell)","1 ","14","1","
01-Apr-2015 ","4096x2304","No",5,4,"3 "
"Bay Trail GT1 ","1366 x 768","311 ","No",NA,"Intel","10 ",NA,"21.3","128  ","667 ","DDR3","Intel HD Graphics Mobile (Bay Trail)","2 ","22","2","
11-Sep-2013 ","2560x1600","No",5,2,"2 "
"Arrandale ",NA,NA,"No",NA,"Intel","35 ",NA,"8.5","64  ","533 ","DDR3","Intel HD Graphics Mobile",NA,NA,NA,"
10-Jan-2010 ",NA,"No",4,NA,NA
"Kaby Lake ",NA,NA,NA,NA,"Intel","15 ",NA,NA,NA,"1067 ",NA,"Intel HD Graphics 630 Mobile","1 ","14","3","
30-Mar-2017 ","4096x2304","No",NA,24,"7 "
"Skylake GT2 ","1366 x 768","300 ","No",NA,"Intel","15 ",NA,"34.1","128  ","1067 ","DDR4","Intel HD Graphics 620 Mobile","3 ","14","3","
01-Aug-2016 ",NA,"No",5,24,"25 "
"Broadwell GT3 ","1366 x 768","300 ","No",NA,"Intel","15 ",NA,"29.9","128  ","933 ","DDR3","Intel HD Graphics 6000 Mobile","2 ","14","2","
05-Jan-2015 ","2560x1600","No",5,8,"8 "
"Broadwell GT2 ","1366 x 768","300 ","No",NA,"Intel","37 ",NA,"29.9","128  ","933 ","DDR3","Intel HD Graphics 5600 Mobile","1 ","14","1","
02-Jun-2015 ","2560x1600","No",5,4,"4 "
"Skylake GT2 ","1366 x 768","300 ","No",NA,"Intel","15 ",NA,"34.1","128  ","1067 ","DDR4","Intel HD Graphics 615 Mobile","3 ","14","3","
01-Aug-2016 ","4096x2304","No",5,24,"25 "
"Skylake GT2-H ","1366 x 768","350 ","No",NA,"Intel","45 ",NA,"34.1","128  ","1067 ","DDR4","Intel HD Graphics 530 Mobile","8 ","14","8","
01-Sep-2015 ","4096x2304","No",5,16,"17 "
"Broadwell GT2 ","1366 x 768","300 ","No",NA,"Intel","5 ",NA,"25.6","128  ","800 ","DDR3","Intel HD Graphics 5300 Mobile","1 ","14","1","
05-Sep-2014 ","2560x1600","No",5,4,"4 "
"Skylake GT2-Y ","1366 x 768","300 ","No",NA,"Intel","5 ",NA,"29.9","128  ","933 ","DDR3","Intel HD Graphics 515 Mobile","8 ","14","8","
01-Sep-2015 ","4096x2304","No",5,16,"16 "
"Haswell GT3 ","1366 x 768","200 ","No",NA,"Intel","15 ",NA,"25.6","128  ","800 ","DDR3","Intel HD Graphics 5000 Mobile","4 ","22","4","
27-May-2013 ","2560x1600","No",5,8,"9 "
"Skylake GT1-U ","1366 x 768","300 ","No",NA,"Intel","15 ",NA,"34.1","128  ","1067 ","DDR4","Intel HD Graphics 510 Mobile","8 ","14","8","
01-Sep-2015 ","4096x2304","No",5,16,"15 "
"Haswell GT1 ","1366 x 768","200 ","No",NA,"Intel","15 ",NA,"25.6","128  ","800 ","DDR3","Intel HD Graphics 4400 Mobile","2 ","22","2","
05-Jun-2013 ","2560x1600","No",5,4,"4 "
"Broadwell GT2 ","1366 x 768","100 ","No",NA,"Intel","15 ",NA,"29.9","128  ","933 ","DDR3","Intel HD Graphics 5500 Mobile","1 ","14","1","
05-Jan-2015 ","2560x1600","No",5,4,"4 "
"Haswell GT2 ","1366 x 768","200 ","No",NA,"Intel","47 ",NA,"25.6","128  ","800 ","DDR3","Intel HD Graphics 4600 Mobile","3 ","22","2","
27-May-2013 ","2560x1600","No",5,4,"5 "
"Skylake GT2-U ","1366 x 768","300 ","No",NA,"Intel","15 ",NA,"34.1","128  ","1067 ","DDR4","Intel HD Graphics 520 Mobile","8 ","14","8","
01-Sep-2015 ","4096x2304","No",5,16,"17 "
"Ivy Bridge GT2 ","1366 x 768","650 ","No",NA,"Intel","55 ",NA,"25.6","128  ","800 ","DDR3","Intel HD Graphics 4000 Mobile","5 ","22","4","
08-Mar-2012 ","2560x1600","No",5,4,"5 "
"Sandy Bridge ",NA,NA,"No",NA,"Intel",NA,NA,NA,"128  ",NA,"DDR3","Intel HD Graphics 2000 Mobile","1 ","32","1","
01-Feb-2011 ",NA,"No",4.1,1,"1 "
"Ivy Bridge ",NA,NA,"No",NA,"Intel",NA,NA,"25.6","128  ","800 ","DDR3","Intel HD Graphics 2500 Mobile",NA,NA,NA,"
01-Apr-2012 ",NA,"No",5,NA,NA
"Haswell ","1366 x 768",NA,"No",NA,"Intel","20 ",NA,"25.6","128  ","800 ","DDR3","Intel HD Graphics 4200 Mobile","2 ","22","2","
01-Jul-2013 ","2560x1600","No",5,4,"3 "
"Arrandale ",NA,NA,"No",NA,"Intel","35 ",NA,"17.1","128  ","533 ","DDR3","HD Pentium P6200",NA,NA,NA,"
26-Sep-2010 ","2560x1600","No",4,NA,NA
"Broadwell GT2 ","1366 x 768","300 ","No",NA,"Intel","47 ",NA,"25.6","128  ","800 ","DDR3","HD i7 5700EQ","1 ","14","1","
02-Jun-2015 ","2560x1600","No",5,4,"4 "
"Arrandale ",NA,NA,"No",NA,"Intel","35 ",NA,"17.1","128  ","533 ","DDR3","HD Pentium P6100",NA,NA,NA,"
26-Sep-2010 ","2560x1600","No",4,NA,NA
"Broadwell GT2 ","1366 x 768","300 ","No",NA,"Intel","15 ",NA,"25.6","128  ","800 ","DDR3","HD i7 5600U","1 ","14","1","
05-Jan-2015 ","2560x1600","No",5,4,"4 "
"Broadwell GT3 ","1366 x 768","300 ","No",NA,"Intel","15 ",NA,"29.9","128  ","933 ","DDR3","HD i7 5650U","2 ","14","2","
05-Jan-2015 ","2560x1600","No",5,8,"8 "
"Broadwell GT3 ","1366 x 768","300 ","No",NA,"Intel","15 ",NA,"29.9","128  ","933 ","DDR3","HD i7 5550U","2 ","14","2","
05-Jan-2015 ","2560x1600","No",5,8,"8 "
"Ivy Bridge ",NA,NA,"Yes",NA,"Intel",NA,NA,"12.8","64  ","800 ","DDR3","HD i7 3920XM",NA,NA,NA,"
29-Apr-2012 ","2560x1600","No",5,NA,NA
"Broadwell GT2 ","1366 x 768","300 ","No",NA,"Intel","15 ",NA,"25.6","128  ","800 ","DDR3","HD i7 5500U","1 ","14","1","
05-Jan-2015 ","2560x1600","No",5,4,"4 "
"Ivy Bridge GT2 ","1366 x 768","650 ","No",NA,"Intel","45 ",NA,"12.8","64  ","800 ","DDR3","HD i7 3840QM","3 ","22","2","
29-Apr-2012 ","2560x1600","No",5,4,"5 "
NA,NA,NA,"No",NA,"Intel",NA,NA,"12.8","64  ","800 ","DDR3","Intel HD Graphics 3000 Mobile",NA,NA,NA,"
01-Feb-2011 ","2560x1600","No",4.1,NA,NA
"Broadwell GT3 ","1366 x 768","300 ","No",NA,"Intel","28 ",NA,"29.9","128  ","933 ","DDR3","HD i7 5557U","2 ","14","2","
05-Jan-2015 ","2560x1600","No",5,8,"9 "
"Ivy Bridge ",NA,NA,"Yes",NA,"Intel",NA,NA,"12.8","64  ","800 ","DDR3","HD i7 3720QM",NA,NA,NA,"
29-Apr-2012 ","2560x1600","No",5,NA,NA
"Ivy Bridge ",NA,NA,"No",NA,"Intel","45 ",NA,"25.6","128  ","800 ","DDR3","HD i7 3630QM",NA,NA,NA,"
01-Sep-2012 ",NA,"No",5,NA,NA
"Sandy Bridge ",NA,NA,"No",NA,"Intel",NA,NA,"12.8","64  ","800 ","DDR3","HD i7 2920XM",NA,NA,NA,"
09-Jan-2011 ","2560x1600","No",4.1,NA,NA
"Ivy Bridge ",NA,NA,"No",NA,"Intel",NA,NA,"12.8","64  ","800 ","DDR3","HD i7 3610QM",NA,NA,NA,"
29-Apr-2012 ","2560x1600","No",5,NA,NA
"Sandy Bridge ",NA,NA,"No",NA,"Intel",NA,NA,"12.8","64  ","800 ","DDR3","HD i7 2820QM",NA,NA,NA,"
09-Jan-2011 ","2560x1600","No",NA,NA,NA
"Sandy Bridge ",NA,NA,"No",NA,"Intel",NA,NA,"12.8","64  ","800 ","DDR3","HD i7 2860QM",NA,NA,NA,"
04-Sep-2011 ","2560x1600","No",4.1,NA,NA
"Sandy Bridge ",NA,NA,"No",NA,"Intel",NA,NA,"10.7","64  ","667 ","DDR3","HD i7 2670QM",NA,NA,NA,"
12-Nov-2011 ","2560x1600","No",NA,NA,NA
"Sandy Bridge ",NA,NA,"No",NA,"Intel",NA,NA,"10.7","64  ","667 ","DDR3","HD i7 2630QM",NA,NA,NA,"
09-Jan-2011 ","2560x1600","No",4.1,NA,NA
"Sandy Bridge ",NA,NA,"No",NA,"Intel",NA,NA,"10.7","64  ","667 ","DDR3","HD i7 2640M",NA,NA,NA,"
04-Sep-2011 ","2560x1600","No",NA,NA,NA
"Sandy Bridge ",NA,NA,"No",NA,"Intel",NA,NA,"12.8","64  ","800 ","DDR3","HD i7 2720QM",NA,NA,NA,"
09-Jan-2011 ","2560x1600","No",NA,NA,NA
"Sandy Bridge ",NA,NA,"No",NA,"Intel",NA,NA,"10.7","64  ","667 ","DDR3","HD i7 2675QM",NA,NA,NA,"
09-Jan-2011 ","2560x1600","No",NA,NA,NA
"Ivy Bridge ",NA,NA,"Yes",NA,"Intel",NA,NA,"12.8","64  ","800 ","DDR3","HD i7 3820QM",NA,NA,NA,"
29-Apr-2012 ","2560x1600","No",5,NA,NA
"Sandy Bridge ",NA,NA,"No",NA,"Intel",NA,NA,"12.8","64  ","800 ","DDR3","HD i7 2760QM",NA,NA,NA,"
04-Sep-2011 ","2560x1600","No",4.1,NA,NA
"Sandy Bridge ",NA,NA,"No",NA,"Intel",NA,NA,"10.7","64  ","667 ","DDR3","HD i7 2620M",NA,NA,NA,"
20-Feb-2011 ","2560x1600","No",NA,NA,NA
NA,NA,NA,"No",NA,"Intel","35 ",NA,NA,NA,NA,NA,"Intel GMA 5700M HD",NA,NA,NA,"
01-Oct-2010 ","1600x1200","No",4,NA,NA
"Cantiga ",NA,NA,"No",NA,"Intel",NA,NA,NA,"64  ",NA,"DDR3","Intel GMA 4500M HD",NA,NA,NA,"
01-Oct-2008 ",NA,"No",4,NA,NA
"PowerVR SGX 545 ","800 x 600",NA,"No",NA,"Intel",NA,NA,"8.5","64  ","533 ","DDR3","Intel GMA 3650",NA,NA,NA,"
01-Nov-2011 ",NA,"No",3,NA,NA
"Broadwater ",NA,NA,"No",NA,"Intel",NA,NA,NA,NA,NA,NA,"Intel 965 Express Family",NA,NA,NA,"
09-May-2007 ","1600x1200","No",2,NA,NA
"Skylake GT3-E ","1366 x 768","300 ","No",NA,"Intel","15 ",NA,"34.1","128  ","1067 ","DDR4","Iris Graphics 540 Mobile","2 ","14","2","
01-Sep-2015 ","4096x2304","No",5,8,"8 "
"Pineview ",NA,NA,"No",NA,"Intel","50 ",NA,NA,NA,NA,NA,"Intel GMA 3150",NA,NA,NA,"
01-Oct-2010 ","1600x1200","No",3,NA,NA
"Arrandale ",NA,NA,"No",NA,"Intel",NA,NA,"17.1","128  ","533 ","DDR3","HD Pentium P6000",NA,NA,NA,"
20-Jun-2010 ",NA,"No",4,NA,NA
"Cedar Trail ","800 x 600",NA,"No",NA,"Intel","13 ",NA,"8.5","64  ","533 ","DDR3","Intel GMA 3600",NA,NA,NA,"
01-Oct-2011 ",NA,"No",4.1,NA,NA
"Haswell GT3 ","1366 x 768","200 ","No",NA,"Intel","28 ",NA,"25.6","128  ","800 ","DDR3","Iris Graphics 5100 Mobile","5 ","22","4","
29-Apr-2013 ","2560x1600","No",5,8,"10 "
"Sandy Bridge ",NA,NA,"No",NA,"Intel",NA,NA,"10.7","64  ","667 ","DDR3","HD i7 2617M",NA,NA,NA,"
20-Feb-2011 ","2560x1600","No",NA,NA,NA
"GL40 ",NA,NA,"No",NA,"Intel",NA,NA,NA,"128  ",NA,NA,"Intel GMA 4500M",NA,NA,NA,"
01-Oct-2008 ",NA,"No",4,NA,NA
"RV620 ",NA,NA,"Yes",NA,"AMD",NA,NA,NA,"64  ",NA,"DDR2","Radeon HD 3100",NA,NA,NA,"
01-Aug-2008 ","2560x1600","No",4.1,NA,NA
"R680 ",NA,NA,"Yes",NA,"AMD","110 ","1024  ","108.8","256  ","1700 ","GDDR3","Mobility Radeon HD 3870 x2",NA,NA,NA,"
01-Sep-2008 ","2560x1600","No",4.1,NA,NA
"RV770 ","1440 x 900",NA,"Yes",NA,"AMD","65 ","1024  ","89.6","256  ","700 ","GDDR5","Mobility Radeon HD 4870","9 ","55","16","
09-Jan-2009 ","2560x1600","No",4.1,40,"22 "
"RV770 ","1600 x 960",NA,"Yes",NA,"AMD","130 ","2048  ","179.2","512  ","700 ","GDDR5","Mobility Radeon HD 4870 x2","9 ","55","16","
09-Jan-2009 ","2560x1600","No",4.1,40,"22 "
NA,NA,"
","Yes",NA,"AMD",NA,NA,NA,NA,NA,"DDR3","Radeon HD 6755G2",NA,NA,NA,"
14-Jun-2011 ",NA,"No",5,NA,NA
"G72GLM ",NA,NA,"Yes",NA,"Nvidia","45 ","1024  ",NA,"256  ",NA,"GDDR3","Quadro NVS 510M",NA,NA,NA,"
07-Jan-2010 ","1600x1200","No",3,NA,NA
"G72GLM ",NA,NA,"Yes",NA,"Nvidia","16 ","512  ","16","128  ","500 ","GDDR3","Quadro NVS 300M",NA,NA,NA,"
24-May-2006 ","1600x1200","No",4,NA,NA
"G84M ",NA,NA,"Yes",NA,"Nvidia","20 ","512  ","22.4","128  ","700 ","GDDR3","Quadro NVS 320M",NA,"80",NA,"
09-Jun-2007 ","1600x1200","No",4,NA,NA
"G98M ",NA,NA,"Yes",NA,"Nvidia","12 ","256  ","11.2","64  ","700 ","GDDR3","Quadro NVS 160M",NA,NA,NA,"
15-Aug-2008 ","1920x1200","No",4,NA,NA
"Terascale 3 ","1366 x 768",NA,"No",NA,"AMD","25 ",NA,"21.3","128  ","667 ","DDR3","Radeon HD 8610G","5 ","32","8","
23-May-2013 ","2560x1600","No",5,24,"15 "
"Terascale 3: Trinity ",NA,NA,"No",NA,"AMD","35 ",NA,"25.6","128  ","800 ","DDR3","Radeon HD 7660G","5 ","32","8","
15-May-2012 ","2560x1600","Yes",5,24,"16 "
"G98M ",NA,NA,"Yes",NA,"Nvidia","10 ","256  ","11.2","64  ","700 ","GDDR3","Quadro NVS 150M",NA,NA,NA,"
15-Aug-2008 ","1680x1050","No",4,NA,NA
"Terascale 3 ","1366 x 768",NA,"No",NA,"AMD","35 ",NA,"29.9","128  ","933 ","DDR3","Radeon HD 8650G","6 ","32","8","
23-May-2013 ","2560x1600","Yes",5,24,"17 "
"Fermi GF108 ",NA,"660 ","Yes",NA,"Nvidia","35 ","2048  ","28.8","128  ","900 ","DDR3","NVS 5400M",NA,"40",NA,"
01-Jun-2012 ","2560x1600","No",5,NA,NA
"NV18M ",NA,NA,"Yes",NA,"Nvidia",NA,"64  ","1.1","32  ","275 ","DDR","GeForce4 Go 488",NA,NA,NA,"
01-Mar-2002 ",NA,"No",NA,NA,NA
"WinterPark ",NA,NA,"No",NA,"AMD","35 ",NA,NA,"128  ",NA,"DDR3","Radeon HD 6380G",NA,NA,NA,"
14-Jun-2011 ",NA,"No",5,NA,NA
"RV200 ",NA,NA,"Yes",NA,"AMD","27 ","64  ","1.6","64  ","200 ","DDR","Mobility Radeon 7500 64MB",NA,NA,NA,"
01-Dec-2001 ","2048x1536","No",NA,NA,NA
"G94 ",NA,NA,"Yes",NA,"Nvidia","75 ","1024  ","51.2","256  ","800 ","GDDR3","GeForce 9800M GTS",NA,NA,NA,"
01-Jul-2008 ","2560x1600","No",4,NA,NA
"G92 (x2) ",NA,NA,"Yes",NA,"Nvidia","150 ","2048  ","102.4","256  ","800 ","GDDR3","GeForce 9800M GTX SLI",NA,"65",NA,"
01-Jul-2008 ","2560x1600","Yes",4,NA,NA
"G92 (x2) ",NA,NA,"Yes",NA,"Nvidia","130 ","1024  ","102.4","256  ","800 ","GDDR3","GeForce 9800M GT SLI",NA,"65",NA,"
01-Jul-2008 ","2560x1600","Yes",4,NA,NA
"G94 (x2) ",NA,NA,"Yes",NA,"Nvidia","150 ","2048  ","102.4","256  ","800 ","GDDR3","GeForce 9800M GTS SLI",NA,NA,NA,"
01-Jul-2008 ","2560x1600","Yes",4,NA,NA
"G92 ",NA,NA,"Yes",NA,"Nvidia","75 ","1024  ","51.2","256  ","800 ","GDDR3","GeForce 9800M GTX",NA,"65",NA,"
01-Jul-2008 ","2560x1600","Yes",4,NA,NA
"G94 ",NA,NA,"Yes",NA,"Nvidia","60 ","512  ","51.2","256  ","800 ","GDDR3","GeForce 9800M GS",NA,NA,NA,"
02-Jan-2008 ","2560x1600","No",4,NA,NA
"G96 ",NA,NA,"Yes",NA,"Nvidia","45 ","512  ","25.6","128  ","800 ","GDDR3","GeForce 9700M GT",NA,NA,NA,"
01-Jul-2008 ","2560x1600","No",4,NA,NA
"G92 ",NA,NA,"Yes",NA,"Nvidia","65 ","512  ","51.2","256  ","800 ","GDDR3","GeForce 9800M GT",NA,"65",NA,"
01-Jul-2008 ","2560x1600","Yes",4,NA,NA
"G84 ",NA,NA,"Yes",NA,"Nvidia","29 ","512  ","25.6","128  ","800 ","GDDR3","GeForce 9650M GS",NA,"80",NA,"
02-Jan-2008 ","2560x1600","No",4,NA,NA
"G94 ",NA,NA,"Yes",NA,"Nvidia","60 ","512  ","51.2","256  ","800 ","GDDR3","GeForce 9700M GTS",NA,NA,NA,"
01-Jul-2008 ","2560x1600","No",4,NA,NA
"G96 ",NA,NA,"Yes",NA,"Nvidia","23 ","1024  ","25.6","128  ","800 ","GDDR3","GeForce 9600M GT",NA,NA,NA,"
02-Jan-2008 ","2560x1600","Yes",4,NA,NA
"G96 ",NA,NA,"Yes",NA,"Nvidia","23 ","1024  ","25.6","128  ","800 ","GDDR3","GeForce 9650M GT",NA,NA,NA,"
19-Aug-2008 ","2560x1600","Yes",4,NA,NA
"G84 ",NA,NA,"Yes",NA,"Nvidia","20 ","512  ","22.4","128  ","700 ","GDDR3","GeForce 9500M GS",NA,"80",NA,"
01-Feb-2008 ","2560x1600","No",4,NA,NA
"G96 ",NA,NA,"Yes",NA,"Nvidia","20 ","1024  ","25.6","128  ","800 ","GDDR3","GeForce 9600M GS",NA,NA,NA,"
03-Jun-2008 ","2560x1600","No",4,NA,NA
"G96 ",NA,NA,"Yes",NA,"Nvidia","20 ","1024  ","25.6","128  ","800 ","GDDR3","GeForce 9500M G",NA,NA,NA,"
03-Jun-2008 ","2560x1600","Yes",4,NA,NA
"G98 ",NA,NA,"Yes",NA,"Nvidia","13 ","256  ","11.2","64  ","700 ","GDDR3","GeForce 9300M GS",NA,NA,NA,"
02-Jan-2008 ","2560x1600","Yes",4,NA,NA
"G86 ",NA,NA,"Yes",NA,"Nvidia","13 ","256  ","9.6","64  ","600 ","GDDR3","GeForce 9300M G",NA,"80",NA,"
02-Jan-2008 ","2560x1600","No",4,NA,NA
NA,NA,NA,"Yes",NA,"Nvidia",NA,"64  ",NA,NA,NA,NA,"GeForce 9200M GE",NA,NA,NA,"
02-Jan-2008 ","2560x1600","No",4,NA,NA
NA,NA,NA,"Yes",NA,"Nvidia","12 ","256  ",NA,NA,NA,NA,"GeForce 9400M",NA,NA,NA,"
01-Oct-2008 ","2560x1600","No",4,NA,NA
NA,NA,"
","Yes",NA,"Nvidia",NA,NA,NA,NA,NA,NA,"GeForce 9500M",NA,NA,NA,"
02-Jan-2008 ","2560x1600","No",4,NA,NA
NA,NA,NA,"No",NA,"Nvidia","12 ",NA,NA,"128  ",NA,NA,"GeForce 9100M",NA,NA,NA,"
03-Jun-2008 ","2560x1600","Yes",4,NA,NA
"G98 ",NA,NA,"Yes",NA,"Nvidia","13 ","256  ","11.2","64  ","700 ","DDR3","GeForce 9200M GS",NA,NA,NA,"
03-Jun-2008 ","2560x1600","No",4,NA,NA
"NV17M ",NA,NA,"Yes",NA,"Nvidia",NA,"64  ","1000MB/sec","32  ","250 ","DDR","GeForce4 Go 460",NA,NA,NA,"
06-Feb-2002 ",NA,"No",NA,NA,NA
"MCP79MX ",NA,NA,"No",NA,"Nvidia","12 ",NA,NA,"128  ",NA,NA,"GeForce 9400M G",NA,NA,NA,"
01-Oct-2008 ","2560x1600","Yes",4,NA,NA
"NV17M ",NA,NA,"Yes",NA,"Nvidia",NA,"64  ","880MB/sec","32  ","220 ","DDR","GeForce4 Go 440",NA,NA,NA,"
26-Feb-2002 ",NA,"No",NA,NA,NA
"GT216M ",NA,NA,"Yes",NA,"Nvidia","35 ","1024  ","25.3","128  ","790 ","GDDR3","Quadro FX 880M",NA,"40",NA,"
07-Jan-2010 ",NA,"No",4,NA,NA
"NV17M ",NA,NA,"Yes",NA,"Nvidia",NA,"32  ","800MB/sec","32  ","200 ","DDR","GeForce4 Go 420",NA,NA,NA,"
06-Feb-2002 ",NA,"No",NA,NA,NA
"NB9P-GLM2 ",NA,NA,"Yes",NA,"Nvidia","35 ","512  ","25.6","128  ","800 ","GDDR3","Quadro FX 770M",NA,NA,NA,"
14-Aug-2008 ","2560x1600","No",4,NA,NA
"NV28M ",NA,NA,"Yes",NA,"Nvidia",NA,"128  ","3.2","128  ","200 ","DDR","GeForce4 Go 4200",NA,NA,NA,"
14-Nov-2002 ",NA,"No",1.1,NA,NA
"G92M ",NA,NA,"Yes",NA,"Nvidia","75 ","1024  ","51.2","256  ","800 ","GDDR3","Quadro FX 3700M",NA,"65",NA,"
14-Aug-2008 ","2560x1600","No",4,NA,NA
"G84M ",NA,NA,"Yes",NA,"Nvidia","45 ","512  ","22.4","128  ","700 ","GDDR3","Quadro FX 570M",NA,"80",NA,"
01-Jun-2007 ","2560x1600","No",4,NA,NA
"GT218M ",NA,NA,"Yes",NA,"Nvidia","25 ","512  ","12.8","64  ","800 ","GDDR3","Quadro FX 380M",NA,"40",NA,"
07-Jan-2010 ","2560x1600","No",4,NA,NA
"G92M ",NA,NA,NA,NA,"Nvidia","100 ",NA,"64","256  ","1000 ","GDDR3","Quadro FX 3800M",NA,"65",NA,"
22-Dec-2009 ","2560x1600","No",4,NA,NA
"G86M ",NA,NA,"Yes",NA,"Nvidia","17 ","256  ","9.6","64  ","600 ","GDDR3","Quadro FX 360M",NA,"80",NA,"
09-May-2007 ","2560x1600","No",4,NA,NA
"G92M ",NA,NA,"Yes",NA,"Nvidia","70 ","1024  ","51.2","256  ","800 ","GDDR3","Quadro FX 3600M",NA,"65",NA,"
23-Feb-2008 ","2560x1600","No",4,NA,NA
"G92M ",NA,NA,"Yes",NA,"Nvidia","75 ","1024  ","64","256  ","1000 ","GDDR3","Quadro FX 2800M",NA,"65",NA,"
01-Dec-2009 ","2560x1600","No",4,NA,NA
"G72GLM ",NA,NA,"Yes",NA,"Nvidia","15 ","256  ","5.6","64  ","350 ","DDR3","Quadro FX 350M",NA,NA,NA,"
31-Mar-2006 ","2560x1600","No",4,NA,NA
"G71GLM ",NA,NA,"Yes",NA,"Nvidia","45 ","512  ","44.8","256  ","700 ","GDDR3","Quadro FX 3500M",NA,NA,NA,"
01-Mar-2007 ","2560x1600","No",4,NA,NA
"G71GLM ",NA,NA,"Yes",NA,"Nvidia","45 ","1024  ","38.4","256  ","600 ","GDDR3","Quadro FX 2500M",NA,NA,NA,"
29-Sep-2005 ","2560x1600","No",4,NA,NA
"GT215M ",NA,NA,"Yes",NA,"Nvidia","45 ","1024  ","70.4","128  ","1100 ","GDDR5","Quadro FX 1800M",NA,"40",NA,"
01-Feb-2010 ",NA,"No",4,NA,NA
"G96M ",NA,NA,"Yes",NA,"Nvidia","50 ","512  ","25.6","128  ","800 ","GDDR3","Quadro FX 1700M",NA,NA,NA,"
01-Oct-2008 ","2560x1600","No",4,NA,NA
"Kepler GK208 ",NA,"980 ","Yes",NA,"Nvidia","30 ","1024  ","20.8","64  ","650 ","GDDR5","Quadro K610M","8 ","28","8","
23-Jul-2013 ","4096x2160","Yes",5,16,"16 "
"G71GLM ",NA,NA,"Yes",NA,"Nvidia","45 ","512  ","32","256  ","500 ","GDDR3","Quadro FX 1500M",NA,NA,NA,"
18-Apr-2006 ","2560x1600","No",4,NA,NA
"G94M ",NA,NA,"Yes",NA,"Nvidia","65 ","512  ","51.2","256  ","800 ","GDDR3","Quadro FX 2700M",NA,NA,NA,"
14-Aug-2008 ","2560x1600","No",4,NA,NA
"RS200 ",NA,NA,"No",NA,"AMD",NA,NA,NA,"64  ",NA,"DDR","Radeon IGP 320M",NA,NA,NA,"
05-Oct-2002 ",NA,"No",NA,NA,NA
"RS200 ",NA,NA,"No",NA,"AMD",NA,NA,NA,"64  ",NA,"DDR","Radeon IGP 340M",NA,NA,NA,"
05-Oct-2002 ",NA,"No",NA,NA,NA
"Kepler GK104 ","1920 x 1080","771 ","Yes",NA,"Nvidia","100 ","8192  ","115.5","256  ","902 ","GDDR5","Quadro K5100M","25 ","28","32","
23-Jul-2013 ","4096x2160","No",5,128,"99 "
"Kepler GK104 ",NA,"601 ","Yes",NA,"Nvidia","100 ","4096  ","89.6","256  ","700 ","GDDR5","Quadro K4000M","19 ","28","32","
01-Jun-2012 ","4096x2160","No",5,80,"48 "
"Kepler GK107 ",NA,"850 ","Yes",NA,"Nvidia",NA,"1024  ","14.4","64  ","900 ","DDR3","Quadro K500M",NA,"28",NA,"
01-Jun-2012 ","4096x2160","No",5,NA,NA
"Kepler GK104 ","1920 x 1080","601 ","Yes",NA,"Nvidia","100 ","4096  ","96","256  ","750 ","GDDR5","Quadro K5000M","19 ","28","32","
01-Aug-2012 ","4096x2160","No",5,112,"67 "
"Kepler GK104 ",NA,"654 ","Yes",NA,"Nvidia","75 ","2048  ","89.6","256  ","700 ","GDDR5","Quadro K3000M",NA,"28",NA,"
01-Jun-2012 ","4096x2160","No",5,NA,NA
"Kepler GK107 ",NA,"745 ","Yes",NA,"Nvidia","55 ","2048  ","28.8","128  ","900 ","DDR3","Quadro K2000M",NA,"28",NA,"
01-Jun-2012 ","4096x2160","No",5,NA,NA
"GF110GLM ",NA,NA,"Yes",NA,"Nvidia","100 ","4096  ","166.4","256  ","1300 ","GDDR5","Quadro 5010M",NA,"40",NA,"
22-Feb-2011 ",NA,"No",5,NA,NA
"Kepler GK107 ",NA,"706 ","Yes",NA,"Nvidia","45 ","2048  ","44.8","128  ","700 ","GDDR5","Quadro K1100M","11 ","28","16","
23-Jul-2013 ","4096x2160","No",5,32,"23 "
"Kepler GK104 ",NA,"706 ","Yes",NA,"Nvidia","75 ","4096  ","102.4","256  ","800 ","GDDR5","Quadro K3100M","23 ","28","32","
23-Jul-2013 ","4096x2160","Yes",5,64,"45 "
"Kepler GK107 ",NA,"850 ","Yes",NA,"Nvidia","45 ","2048  ","28.8","128  ","900 ","DDR3","Quadro K1000M","14 ","28","16","
01-Jun-2012 ","4096x2160","No",5,16,"14 "
"GF110GLM ",NA,NA,"Yes",NA,"Nvidia","100 ","2048  ","153.6","256  ","1200 ","GDDR5","Quadro 4000M",NA,"40",NA,"
22-Feb-2011 ",NA,"No",5,NA,NA
"GF110GLM ",NA,NA,"Yes",NA,"Nvidia","75 ","2048  ","80","256  ","625 ","GDDR5","Quadro 3000M",NA,"40",NA,"
22-Feb-2011 ",NA,"No",5,NA,NA
"Fermi GF106-N12P-Q3 ","1366 x 720","550 ","Yes",NA,"Nvidia","55 ","2048  ","28.8","128  ","900 ","DDR3","Quadro 2000M","9 ","40","16","
13-Jan-2011 ","2560x1600","No",5,32,"18 "
"G84M ",NA,NA,"Yes",NA,"Nvidia","50 ","512  ","25.6","128  ","800 ","GDDR3","Quadro FX 1600M",NA,"80",NA,"
01-Jun-2007 ","2560x1600","No",4,NA,NA
"GF104GLM ",NA,NA,"Yes",NA,"Nvidia","100 ","2048  ","153.6","256  ","1200 ","GDDR5","Quadro 5000M",NA,"40",NA,"
27-Oct-2010 ",NA,"No",5,NA,NA
"Fermi GF108 ",NA,"625 ","Yes",NA,"Nvidia",NA,"1024  ","14.4","64  ","900 ","DDR3","NVS 5200M",NA,"40",NA,"
01-Jun-2012 ","2560x1600","No",5,NA,NA
"GF108GLM ",NA,NA,"Yes",NA,"Nvidia","45 ","2048  ","28.8","128  ","900 ","DDR3","Quadro 1000M",NA,"40",NA,"
22-Feb-2011 ",NA,"No",5,NA,NA
"GT216M ",NA,NA,"Yes",NA,"Nvidia","35 ","1024  ","25.6","128  ","800 ","DDR3","NVS 5100M",NA,"40",NA,"
07-Jan-2010 ","2560x1600","No",4.1,NA,NA
"Fermi GF119 ",NA,"810 ","Yes",NA,"Nvidia",NA,"1024  ","12.8","64  ","800 ","DDR3","NVS 4200M",NA,"40",NA,"
22-Feb-2011 ","2560x1600","No",4.1,NA,NA
"GT218M ",NA,NA,"Yes",NA,"Nvidia","14 ","512  ","12.8","64  ","800 ","GDDR3","NVS 3100M",NA,"40",NA,"
07-Jan-2010 ","2560x1600","No",4.1,NA,NA
"G84M ",NA,NA,"Yes",NA,"Nvidia","10 ","256  ","11.2","64  ","700 ","GDDR3","Quadro NVS 140M 256MB GDDR3",NA,"80",NA,"
05-Sep-2007 ","1600x1200","No",4,NA,NA
"G84M ",NA,NA,"Yes",NA,"Nvidia","10 ","128  ","11.2","64  ","700 ","DDR2","Quadro NVS 140M 128MB GDDR2",NA,"80",NA,"
05-Sep-2007 ","1600x1200","No",3,NA,NA
"GT218M ",NA,NA,"Yes",NA,"Nvidia","14 ","512  ","12.8","64  ","800 ","GDDR3","NVS 2100M",NA,"40",NA,"
07-Jan-2010 ","2560x1600","No",4.1,NA,NA
"G86M ",NA,NA,"Yes",NA,"Nvidia","10 ","256  ","9.6","64  ","600 ","GDDR3","Quadro NVS 135M",NA,"80",NA,"
09-May-2007 ","1600x1200","No",4,NA,NA
"G86M ",NA,NA,"Yes",NA,"Nvidia","10 ","256  ","11.2","64  ","700 ","GDDR3","Quadro NVS 130M",NA,"80",NA,"
09-May-2007 ","1600x1200","No",4,NA,NA
"G72M ",NA,NA,"Yes",NA,"Nvidia","10 ","512  ","11.2","64  ","700 ","DDR3","Quadro NVS 120M",NA,NA,NA,"
01-Jun-2006 ","1600x1200","No",3,NA,NA
"GCN 1.2 Carrizo ","1366 x 768","800 ","No",NA,"AMD","15 ",NA,"34.1","128  ","1067 ","DDR3","Radeon R7 8800P","6 ","28","8","
02-Jun-2015 ","4096x2160","No",5,24,"19 "
"G72M ",NA,NA,"Yes",NA,"Nvidia","10 ","512  ",NA,"64  ",NA,"DDR","Quadro NVS 110M",NA,NA,NA,"
01-Jun-2006 ","1600x1200","No",3,NA,NA
"Kaveri ","1366 x 768",NA,"No",NA,"AMD","19 ",NA,"25.6","128  ","800 ","DDR3","Radeon R7 7500","4 ","28","8","
04-Jun-2014 ","4096x2160","No",5,24,"13 "
"Kaveri ","1366 x 768",NA,"No",NA,"AMD","20 ",NA,"25.6","128  ","800 ","DDR3","Radeon R6 7350B","4 ","28","8","
30-Jun-2014 ","4096x2160","No",5,24,"13 "
"Puma+ Carrizo-L ","1366 x 768","847 ","No",NA,"AMD","15 ",NA,"29.9","128  ","933 ","DDR3","Radeon R5 7410","3 ","28","4","
06-May-2015 ","4096x2304","No",5,8,"7 "
"Kaveri ","1366 x 768",NA,"No",NA,"AMD","35 ",NA,"29.9","128  ","933 ","DDR3","Radeon R6 7400P","5 ","28","8","
30-Jun-2014 ","4096x2160","No",5,24,"16 "
"GCN 1.2 Carrizo ","1366 x 768","800 ","No",NA,"AMD","35 ",NA,"34.1","128  ","1067 ","DDR3","Radeon R6 8700P","6 ","28","8","
02-Jun-2015 ","4096x2160","No",5,24,"19 "
"Kaveri ","1366 x 768",NA,"No",NA,"AMD","20 ",NA,"25.6","128  ","800 ","DDR3","Radeon R6 7300","4 ","28","8","
30-Jun-2014 ","4096x2160","No",5,24,"13 "
"Kaveri ","1366 x 768",NA,"No",NA,"AMD","35 ",NA,"29.9","128  ","933 ","DDR3","Radeon R5 7200P","5 ","28","8","
30-Jun-2014 ","4096x2160","No",5,16,"10 "
"Puma Mullins ML-A1 ","1024 x 768",NA,"No",NA,"AMD","5 ",NA,"10.7","64  ","667 ","DDR3","Radeon R6 6700T","2 ","28","4","
29-Apr-2014 ","4096x2160","No",5,8,"4 "
"Kaveri ","1280 x 720",NA,"No",NA,"AMD","20 ",NA,"25.6","128  ","800 ","DDR3","Radeon R5 7100","4 ","28","8","
30-Jun-2014 ","4096x2160","No",5,16,"8 "
"Kaveri ","1280 x 720",NA,"No",NA,"AMD","20 ",NA,"25.6","128  ","800 ","DDR3","Radeon R5 7150B","4 ","28","8","
30-Jun-2014 ","4096x2160","No",5,16,"9 "
"Beema ","1280 x 720",NA,"No",NA,"AMD","15 ",NA,"14.9","64  ","933 ","DDR3","Radeon R5 6410","3 ","28","4","
30-Jun-2014 ","4096x2160","No",5,8,"6 "
"Beema ","1280 x 720",NA,"No",NA,"AMD","15 ",NA,"12.8","64  ","800 ","DDR3","Radeon R3 6210","2 ","28","4","
29-Apr-2014 ","4096x2160","No",5,8,"5 "
"Kaveri ","1280 x 720",NA,"No",NA,"AMD","17 ",NA,"25.6","128  ","800 ","DDR3","Radeon R4 7000","2 ","28","4","
30-Jun-2014 ","4096x2160","No",5,8,"4 "
"Puma+ ","1280 x 720",NA,"No",NA,"AMD","15 ",NA,"12.8","64  ","800 ","DDR3","Radeon R4 7310","3 ","28","4","
06-May-2015 ","4096x2160","No",5,8,"6 "
"Beema ","1280 x 720",NA,"No",NA,"AMD","15 ",NA,"12.8","64  ","800 ","DDR3","Radeon R2 6110","2 ","28","4","
29-Apr-2014 ","4096x2160","No",5,8,"4 "
"Puma Mullins ML-A1 ","1024 x 768",NA,"No",NA,"AMD","4 ",NA,"8.5","64  ","533 ","DDR3","Radeon R2 6200T","1 ","28","4","
29-Apr-2014 ","4096x2160","No",5,8,"2 "
"Kaveri ","1280 x 720",NA,"No",NA,"AMD","17 ",NA,"25.6","128  ","800 ","DDR3","Radeon R4 7050B","2 ","28","4","
30-Jun-2014 ","4096x2160","No",5,8,"4 "
"Beema ","1280 x 720",NA,"No",NA,"AMD","15 ",NA,"14.9","64  ","933 ","DDR3","Radeon R4 6310","3 ","28","4","
29-Apr-2014 ","4096x2160","No",5,8,"6 "
"Puma Mullins ML-A1 ","1024 x 768",NA,"No",NA,"AMD","5 ",NA,"10.7","64  ","667 ","DDR3","Radeon R3 6400T","1 ","28","4","
29-Apr-2014 ","4096x2160","No",5,8,"3 "
"Beema ","1024 x 768",NA,"No",NA,"AMD","10 ",NA,"10.7","64  ","667 ","DDR3","Radeon R2 6010","1 ","28","4","
29-Apr-2014 ","4096x2160","No",5,8,"3 "
"GCN 1.1 ","1366 x 768",NA,"Yes",NA,"AMD","85 ","2048  ","86.4","192  ","1800 ","DDR3","Radeon R8 M365DX","18 ","28","16","
03-Jun-2015 ","4096x2160","No",5,48,"54 "
"Terascale 3/GCN ","1366 x 768",NA,"No",NA,"AMD","50 ",NA,"16","64  ","1000 ","DDR3","Radeon HD 8650G + HD 8670M Dual","12 ","32","16","
01-Aug-2013 ","2560x1600","No",5,48,"37 "
"Terascale 3/GCN ","1366 x 768",NA,"Yes",NA,"AMD","50 ",NA,"16","64  ","1000 ","DDR3","Radeon HD 8650G + HD 8570M Dual","12 ","32","16","
01-Aug-2013 ","2560x1600","No",5,48,"35 "
"Terascale 3 Devastator (x2) ","1366 x 768","533 ","Yes",NA,"AMD",NA,"2048  ","21.3","64  ","667 ","DDR3","Radeon HD 8610G + HD 8670M Dual","10 ","32","8 (x2)","
23-May-2013 ","4096x2160","Yes",5,24,"30 "
"Devastator / Mars PRO ","1366 x 768","720 ","Yes",NA,"AMD","50 ","2048  ","25.6","128  ","800 ","DDR3","Radeon HD 8550G + HD 8750M Dual","12 ","32","16","
01-Aug-2013 ","2560x1600","No",5,40,"29 "
"Terascale 3/GCN ","1366 x 768",NA,"No",NA,"AMD","50 ",NA,"16","64  ","1000 ","DDR3","Radeon HD 8550G + HD 8670M Dual","16 ","32","16","
01-Aug-2013 ","2560x1600","No",5,40,"39 "
"Terascale 2 ",NA,NA,"Yes",NA,"AMD",NA,NA,"28.8","128  ","900 ","DDR3","Radeon HD 7660G + HD 7670M Dual",NA,NA,NA,"
01-May-2012 ","2560x1600","No",5,NA,NA
"Terascale 3 ",NA,NA,"Yes",NA,"AMD",NA,NA,"28.8","128  ","900 ","DDR3","Radeon HD 7640G + HD 7670M Dual",NA,NA,NA,"
01-May-2012 ","2560x1600","No",5,NA,NA
"Terascale 3/GCN ","1366 x 768",NA,"Yes",NA,"AMD","50 ","1024  ","16","64  ","1000 ","DDR3","Radeon HD 8210G + HD 8570M Dual","10 ","32","12","
01-Aug-2013 ","2560x1600","No",5,28,"23 "
"Devastator ",NA,NA,"Yes",NA,"AMD",NA,"1024  ","25.6","128  ","800 ","DDR3","Radeon HD 7640G + HD 7470M Dual",NA,NA,NA,"
01-Jun-2012 ","2560x1600","No",5,NA,NA
"Terascale 3 ",NA,NA,"No",NA,"AMD",NA,NA,"28.8","128  ","900 ","DDR3","Radeon HD 7640G + HD 7610M Dual","10 ","28","16","
15-May-2012 ","2560x1600","No",5,36,"24 "
NA,NA,NA,"Yes",NA,"AMD",NA,"1024  ",NA,NA,NA,NA,"Radeon HD 6740G2",NA,NA,NA,"
14-Jun-2011 ","2560x1600","No",5,NA,NA
"Terascale 3 ",NA,NA,"Yes",NA,"AMD",NA,NA,"28.8","128  ","900 ","DDR3","Radeon HD 7520G + HD 7670M Dual",NA,NA,NA,"
01-May-2012 ","2560x1600","No",5,NA,NA
NA,NA,"
","Yes",NA,"AMD",NA,NA,"25.6","128  ","800 ","DDR3","Radeon HD 6620G + HD 7690M Dual",NA,NA,NA,"
01-Jun-2012 ","2560x1600","No",5,NA,NA
NA,NA,NA,"Yes",NA,"AMD",NA,NA,"28.8","128  ","900 ","DDR3","Radeon HD 6620G + HD 7450M Dual",NA,NA,NA,"
01-Feb-2012 ","2560x1600","No",5,NA,NA
"Terrascale 2 ",NA,NA,"Yes",NA,"AMD",NA,"1024  ","28.8","128  ","900 ","DDR3","Radeon HD 6520G + HD 7670M Dual",NA,NA,NA,"
01-Jun-2011 ","2560x1600","No",5,NA,NA
NA,NA,"
","Yes",NA,"AMD",NA,NA,NA,NA,NA,NA,"Radeon HD 6640G2",NA,NA,NA,"
14-Jun-2011 ","2560x1600","No",5,NA,NA
NA,NA,NA,"Yes",NA,"AMD",NA,"1024  ",NA,"128  ",NA,"DDR3","Radeon HD 6720G2",NA,NA,NA,"
14-Jun-2011 ","2560x1600","No",5,NA,NA
"Terrascale 2 ",NA,"
","Yes",NA,"AMD",NA,NA,"21.3","128  ","667 ","DDR3","Radeon HD 6645G2",NA,NA,NA,"
14-Jun-2011 ","2560x1600","No",5,NA,NA
"BeaverCreek ",NA,NA,"No",NA,"AMD","40 ",NA,NA,"128  ",NA,"DDR3","Radeon HD 6620G",NA,NA,NA,"
14-Jun-2011 ",NA,"No",5,NA,NA
NA,NA,"
","Yes",NA,"AMD",NA,NA,NA,NA,NA,NA,"Radeon HD 6545G2",NA,NA,NA,"
14-Jun-2011 ","2560x1600","No",5,NA,NA
NA,NA,NA,"Yes",NA,"AMD",NA,"512  ",NA,NA,NA,NA,"Radeon HD 6515G2",NA,NA,NA,"
14-Jun-2011 ","2560x1600","No",5,NA,NA
NA,NA,NA,"Yes",NA,"AMD",NA,"1024  ",NA,NA,NA,NA,"Radeon HD 6540G2",NA,NA,NA,"
14-Jun-2011 ",NA,"Yes",5,NA,NA
"Terascale 3: Trinity ",NA,NA,"No",NA,"AMD","35 ",NA,"25.6","128  ","800 ","DDR3","Radeon HD 7640G","4 ","32","8","
15-May-2012 ","2560x1600","No",5,16,"8 "
"BeaverCreek ",NA,NA,"No",NA,"AMD","35 ",NA,NA,"128  ",NA,"DDR3","Radeon HD 6520G","3 ","40","8","
14-Jun-2011 ",NA,"No",5,16,"6 "
"Terascale 3: Trinity ",NA,NA,"Yes",NA,"AMD","25 ",NA,"21.3","128  ","667 ","DDR3","Radeon HD 7620G",NA,NA,NA,"
01-May-2012 ","2560x1600","No",5,NA,NA
"Trinity ",NA,NA,"No",NA,"AMD","19 ",NA,"21.3","128  ","667 ","DDR3","Radeon HD 7600G",NA,NA,NA,"
01-Sep-2012 ","2560x1600","No",5,NA,NA
"Terascale 3: Trinity ",NA,NA,"No",NA,"AMD","17 ",NA,"21.3","128  ","667 ","DDR3","Radeon HD 7400G",NA,NA,NA,"
01-Sep-2012 ","2560x1600","No",5,NA,NA
"Terascale 3: Trinity ",NA,NA,"No",NA,"AMD","17 ",NA,"21.3","128  ","667 ","DDR3","Radeon HD 7500G",NA,NA,NA,"
01-May-2012 ","2560x1600","No",5,NA,NA
"Terascale 3 ",NA,NA,"No",NA,"AMD","35 ",NA,"25.6","128  ","800 ","DDR3","Radeon HD 8550G",NA,NA,NA,"
12-Mar-2013 ","2560x1600","No",5,NA,NA
"Terascale 3 ","1366 x 768",NA,"No",NA,"AMD",NA,NA,NA,"128  ",NA,"DDR3","Radeon HD 8510G","4 ","32","8","
01-May-2013 ","2560x1600","No",5,16,"9 "
"Terascale 3: Trinity ",NA,NA,"No",NA,"AMD","35 ",NA,"25.6","128  ","800 ","DDR3","Radeon HD 7520G",NA,NA,NA,"
01-Jun-2012 ","2560x1600","No",5,NA,NA
"Terascale 3: Trinity ",NA,NA,"Yes",NA,"AMD","35 ",NA,"25.6","128  ","800 ","DDR3","Radeon HD 7420G",NA,NA,NA,"
01-Jun-2012 ","2560x1600","No",5,NA,NA
"Scrapper ",NA,NA,"No",NA,"AMD","35 ",NA,"25.6","128  ","800 ","DDR3","Radeon HD 8350G","3 ","32","4","
12-Mar-2013 ",NA,"No",5,8,"6 "
"Terascale 3 ",NA,NA,"No",NA,"AMD","35 ",NA,"25.6","128  ","800 ","DDR3","Radeon HD 8450G",NA,NA,NA,"
12-Mar-2013 ","2560x1600","No",5,NA,NA
NA,NA,"
","Yes",NA,"AMD",NA,NA,NA,NA,NA,NA,"Mobility Radeon HD 4860",NA,NA,NA,"
03-Mar-2009 ",NA,"No",NA,NA,NA
NA,NA,"
","Yes",NA,"AMD",NA,NA,NA,NA,NA,NA,"Mobility Radeon HD 4830",NA,NA,NA,"
03-Mar-2009 ","2560x1600","No",NA,NA,NA
"BeaverCreek ",NA,NA,"No",NA,"AMD",NA,NA,NA,"128  ",NA,"DDR3","Radeon HD 6480G",NA,NA,NA,"
14-Jun-2011 ",NA,"No",5,NA,NA
"RV730 ",NA,NA,"Yes",NA,"AMD",NA,"1024  ","25.6","128  ","800 ","GDDR3","Mobility Radeon HD 4670 1GB",NA,NA,NA,"
09-Jan-2009 ","2560x1600","No",4.1,NA,NA
"RV710 ",NA,NA,"Yes",NA,"AMD","12 ","512  ","11.2","64  ","700 ","GDDR3","Mobility Radeon HD 4550",NA,NA,NA,"
01-Jan-2010 ","2560x1600","No",4.1,NA,NA
"RV730 ",NA,NA,"Yes",NA,"AMD","20 ","512  ","25.6","128  ","800 ","DDR3","Mobility Radeon HD 4650",NA,NA,NA,"
09-Jan-2009 ","2560x1600","No",4.1,NA,NA
"RV770 ",NA,NA,"Yes",NA,"AMD","55 ","1024  ","54.4","256  ","850 ","GDDR3","Mobility Radeon HD 4850",NA,NA,NA,"
09-Jan-2009 ","2560x1600","No",4.1,NA,NA
"RV710 ",NA,NA,"Yes",NA,"AMD","10 ","512  ","11.2","64  ","700 ","GDDR3","Mobility Radeon HD 4530",NA,NA,NA,"
09-Jan-2009 ","2560x1600","No",4.1,NA,NA
"M86GL ",NA,NA,"Yes",NA,"AMD",NA,"1024  ","22.4","128  ","700 ","GDDR3","Mobility FireGL V5700",NA,NA,NA,"
07-Jan-2008 ",NA,"No",4.1,NA,NA
"RV710 ",NA,NA,"Yes",NA,"AMD","14 ","512  ","12.8","64  ","800 ","GDDR3","Mobility Radeon HD 4570",NA,NA,NA,"
09-Jan-2009 ","2560x1600","No",4.1,NA,NA
"RV730 ",NA,NA,"Yes",NA,"AMD","29 ","512  ","25.6","128  ","800 ","DDR3","Mobility Radeon HD 4670 512MB",NA,NA,NA,"
09-Jan-2009 ","2560x1600","No",4.1,NA,NA
"RV710 ",NA,NA,"Yes",NA,"AMD","12 ","512  ","9.6","64  ","600 ","GDDR3","Mobility Radeon HD 4350",NA,NA,NA,"
09-Jan-2009 ","2560x1600","No",4.1,NA,NA
"M66GL ",NA,NA,"No",NA,"AMD",NA,NA,"10.6","128  ","330 ","GDDR3","Mobility FireGL V5250",NA,NA,NA,"
01-Jan-2007 ","2048x1536","No",3,NA,NA
"M56GL ",NA,NA,"No",NA,"AMD",NA,NA,"15.2","128  ","475 ","GDDR3","Mobility FireGL V5200",NA,NA,NA,"
01-Dec-2006 ","2048x1536","No",3,NA,NA
NA,NA,NA,"No",NA,"AMD",NA,NA,"3.2","128  ","200 ","DDR","Mobility FireGL T2",NA,NA,NA,"
01-Nov-2003 ","2048x1536","No",2,NA,NA
"Juniper XT ",NA,NA,"Yes",NA,"AMD",NA,"1024  ","64","128  ","1000 ","GDDR5","FirePro M7820",NA,NA,NA,"
01-May-2010 ",NA,"No",5,NA,NA
"Blackcomb XT ",NA,NA,"No",NA,"AMD","75 ",NA,"115.2","256  ","900 ","GDDR5","FirePro M8900",NA,NA,NA,"
12-Apr-2011 ",NA,"No",5,NA,NA
"M97GL ",NA,NA,"Yes",NA,"AMD",NA,"1024  ","64","128  ","1000 ","GDDR5","FirePro M7740",NA,NA,NA,"
04-Aug-2009 ","2560x1600","No",4.1,NA,NA
"Whistler XT ",NA,NA,"Yes",NA,"AMD","30 ","1024  ","57.6","128  ","900 ","GDDR5","FirePro M5950",NA,NA,NA,"
13-Apr-2011 ",NA,"No",5,NA,NA
"GCN 1.1 Mars XTX ","1600 x 900","825 ","Yes",NA,"AMD","50 ","2048  ","72","128  ","1125 ","GDDR5","FirePro W4170M","7 ","28","8","
28-Apr-2014 ","4096x2160","Yes",5,24,"22 "
"Redwood XT ",NA,NA,"Yes",NA,"AMD",NA,"1024  ","51.2","128  ","800 ","GDDR5","FirePro M5800 1GB DDR3",NA,NA,NA,"
01-Mar-2010 ",NA,"No",5,NA,NA
"GCN 1.1 Saturn XT GL ","1600 x 900",NA,"Yes",NA,"AMD","75 ","2048  ","72","128  ","1125 ","GDDR5","FirePro M6100","18 ","28","16","
16-Oct-2013 ","4096x2160","Yes",5,56,"62 "
"GCN 1.1 Venus XT ","1600 x 900",NA,"Yes",NA,"AMD","50 ","2048  ","72","128  ","1125 ","GDDR5","FirePro M5100","12 ","28","16","
16-Oct-2013 ","4096x2160","Yes",5,40,"31 "
"Cape Verde PRO GL ",NA,NA,"Yes",NA,"AMD","33 ","2048  ","64","128  ","1000 ","GDDR5","FirePro M4000","10 ","28","16","
27-Jun-2012 ","4096x2160","Yes",5,32,"19 "
"M24GL ",NA,NA,"No",NA,"AMD",NA,NA,NA,"128  ",NA,"DDR2","Mobility FireGL V3200",NA,NA,NA,"
01-Dec-2004 ","2048x1536","No",2,NA,NA
"RV710 ",NA,NA,"Yes",NA,"AMD","7 ","512  ","9.6","64  ","600 ","GDDR3","Mobility Radeon HD 4330",NA,NA,NA,"
09-Jan-2009 ","2560x1600","No",4.1,NA,NA
"RV350 ",NA,NA,"Yes",NA,"AMD",NA,"128  ","4","128  ","250 ","DDR","Mobility Radeon 9600 Series",NA,NA,NA,"
01-Mar-2003 ","2048x1536","No",2,NA,NA
"Caicos ",NA,NA,"No",NA,"AMD","20 ",NA,"14.4","64  ","900 ","DDR3","FirePro M3900",NA,NA,NA,"
13-Apr-2011 ",NA,"No",5,NA,NA
"RV280 ",NA,NA,"Yes",NA,"AMD",NA,"64  ","3.2","128  ","200 ","DDR","Mobility Radeon 9200",NA,NA,NA,"
01-Mar-2003 ","2048x1536","No",1.4,NA,NA
"RV360 ",NA,NA,"Yes",NA,"AMD",NA,"128  ","4.4","128  ","275 ","DDR","Mobility Radeon 9700 Series",NA,NA,NA,"
01-Feb-2004 ","2048x1536","No",2,NA,NA
"RV620 ",NA,NA,"Yes",NA,"AMD",NA,"512  ",NA,"128  ",NA,"DDR3","Mobility Radeon HD 4250",NA,NA,NA,"
01-May-2010 ","2560x1600","No",4,NA,NA
"RV620 ",NA,NA,"No",NA,"AMD",NA,NA,NA,"128  ",NA,"DDR3","Mobility Radeon HD 4270",NA,NA,NA,"
01-May-2010 ","2560x1600","No",5,NA,NA
"RV620 ",NA,NA,"Yes",NA,"AMD",NA,"256  ",NA,"128  ",NA,"DDR3","Mobility Radeon HD 4200",NA,NA,NA,"
10-Sep-2009 ","2560x1600","No",4.1,NA,NA
"RV630 ",NA,NA,"Yes",NA,"AMD",NA,"256  ","24","128  ","750 ","GDDR3","Mobility Radeon HD 2600 XT",NA,NA,NA,"
14-May-2007 ","2560x1600","No",4,NA,NA
"RV250 ",NA,NA,"Yes",NA,"AMD",NA,"64  ","3.2","128  ","200 ","DDR","Mobility Radeon 9000 64MB",NA,NA,NA,"
01-Aug-2002 ","2048x1536","No",1.4,NA,NA
"RV630 ",NA,NA,"Yes",NA,"AMD",NA,"256  ","19.2","128  ","600 ","GDDR3","Mobility Radeon HD 2600",NA,NA,NA,"
14-May-2007 ","2560x1600","No",4,NA,NA
"RV630 ",NA,NA,"Yes",NA,"AMD",NA,"256  ","22.4","128  ","700 ","GDDR3","Mobility Radeon HD 2700",NA,NA,NA,"
12-Dec-2007 ","2560x1600","No",4,NA,NA
"RV515 ",NA,NA,"Yes",NA,"AMD",NA,"128  ","12.8","128  ","400 ","DDR2","Mobility Radeon HD 2300",NA,NA,NA,"
01-Mar-2007 ","2560x1600","No",3,NA,NA
"RV610 ",NA,NA,"Yes",NA,"AMD",NA,"256  ","11.2","64  ","700 ","GDDR3","Mobility Radeon HD 2400 XT",NA,NA,NA,"
14-May-2007 ","2560x1600","No",4,NA,NA
"RV670 ",NA,NA,"Yes",NA,"AMD","55 ","512  ","54.4","256  ","850 ","GDDR3","Mobility Radeon HD 3870",NA,NA,NA,"
04-Jun-2008 ","2560x1600","Yes",4.1,NA,NA
"RV635 ",NA,NA,"Yes",NA,"AMD","30 ","512  ","25.6","128  ","800 ","GDDR3","Mobility Radeon HD 3670",NA,NA,NA,"
07-Jan-2008 ","2560x1600","No",4.1,NA,NA
"RV635 ",NA,NA,"Yes",NA,"AMD","30 ","512  ","22.4","128  ","700 ","GDDR3","Mobility Radeon HD 3650",NA,NA,NA,"
07-Jan-2008 ","2560x1600","No",4.1,NA,NA
"RV610 ",NA,NA,"Yes",NA,"AMD",NA,"256  ","8","64  ","500 ","DDR2","Mobility Radeon HD 2400",NA,NA,NA,"
14-May-2007 ","2560x1600","No",4,NA,NA
"RV670 ",NA,NA,"Yes",NA,"AMD","45 ","512  ","48","256  ","750 ","GDDR3","Mobility Radeon HD 3850",NA,NA,NA,"
04-Jun-2008 ","2560x1600","No",4.1,NA,NA
"RV620 ",NA,NA,"Yes",NA,"AMD","12 ","256  ","12.8","64  ","800 ","GDDR3","Mobility Radeon HD 3470",NA,NA,NA,"
07-Jan-2008 ","2560x1600","No",4.1,NA,NA
"RV620 ",NA,NA,"Yes",NA,"AMD",NA,"256  ",NA,"64  ",NA,"DDR2","Mobility Radeon HD 3200",NA,NA,NA,"
04-Jun-2008 ","2560x1600","No",4.1,NA,NA
"RV620 ",NA,NA,"Yes",NA,"AMD","10 ","256  ","11.2","64  ","700 ","DDR2","Mobility Radeon HD 3430",NA,NA,NA,"
25-Jul-2008 ","2560x1600","No",4.1,NA,NA
"RV620 ",NA,NA,"Yes",NA,"AMD","12 ","256  ","11.2","64  ","700 ","GDDR3","Mobility Radeon HD 3450",NA,NA,NA,"
07-Jan-2008 ","2560x1600","No",4.1,NA,NA
"RV620 ",NA,NA,"Yes",NA,"AMD","8 ","256  ","11.2","64  ","700 ","DDR2","Mobility Radeon HD 3410",NA,NA,NA,"
25-Jul-2008 ","2560x1600","No",4.1,NA,NA
NA,NA,NA,"No",NA,"Nvidia",NA,NA,NA,"64  ",NA,NA,"GeForce 7150M nForce 630M",NA,NA,NA,"
01-Jan-2006 ",NA,"No",3,NA,NA
"G92M ",NA,NA,"Yes",NA,"Nvidia","65 ","512  ","51.2","256  ","800 ","GDDR3","GeForce 8800M GTX",NA,"65",NA,"
01-Nov-2007 ","2560x1600","Yes",4,NA,NA
"G92 (x2) ",NA,NA,"Yes",NA,"Nvidia","130 ","2048  ","204.8","256  ","800 ","GDDR5","GeForce 8800M GTX SLI",NA,"65",NA,"
01-Nov-2007 ","2560x1600","Yes",4,NA,NA
"G92M ",NA,NA,"Yes",NA,"Nvidia","50 ","512  ","51.2","256  ","800 ","GDDR3","GeForce 8800M GTS",NA,"65",NA,"
01-Nov-2007 ","2560x1600","No",4,NA,NA
"NV41M ",NA,NA,"Yes",NA,"Nvidia","89 ","256  ","35.2","256  ","550 ","DDR3","GeForce Go 6800 ultra",NA,NA,NA,"
01-Feb-2005 ","2048x1536","No",3,NA,NA
"Kepler GK104 ","1920 x 1080","954 ","Yes",NA,"Nvidia","122 ","8192  ","160","256  ","1250 ","GDDR5","GeForce GTX 880M 8GB","32 ","28","32","
12-Mar-2014 ","4096x2160","Yes",5,128,"127 "
"G71M ",NA,NA,"Yes",NA,"Nvidia","45 ","512  ","38.4","256  ","600 ","GDDR3","GeForce Go 7900 GTX",NA,NA,NA,"
01-Apr-2006 ","2560x1600","Yes",3,NA,NA
"G72M ",NA,NA,"Yes",NA,"Nvidia",NA,"64  ","2.8","32  ","350 ","DDR3","GeForce Go 7200",NA,NA,NA,"
01-Sep-2006 ","2560x1600","No",3,NA,NA
"G70M ",NA,NA,"Yes",NA,"Nvidia","65 ","512  ","35.2","256  ","550 ","GDDR3","GeForce Go 7800 GTX",NA,NA,NA,"
01-Oct-2005 ","2560x1600","Yes",3,NA,NA
"G71M ",NA,NA,"Yes",NA,"Nvidia","45 ","512  ","44.8","256  ","700 ","GDDR3","GeForce Go 7950 GTX",NA,NA,NA,"
01-Oct-2006 ","2560x1600","Yes",3,NA,NA
"Kepler GK104 (x2) ","1920 x 1080",NA,"Yes",NA,"Nvidia","200 ","16384  ","320","256  ","1250 ","GDDR5","GeForce GTX 880M SLI","64 ","28","32 (x2)","
12-Mar-2014 ","4096x2160","Yes",5,128,"254 "
"Fermi GF104-N12E-GTX-A1 (x2) ","1920 x 1080","575 ","Yes",NA,"Nvidia","200 ","4096  ","192","256  ","750 ","GDDR5","GeForce GTX 485M SLI","37 ","40","32 (x2)","
01-Jan-2011 ","2560x1600","Yes",5,64,"74 "
"Kepler GK104 ","1920 x 1080","954 ","Yes",NA,"Nvidia","122 ","4096  ","160","256  ","1250 ","GDDR5","GeForce GTX 880M 4GB","32 ","28","32","
12-Mar-2014 ","4096x2160","Yes",5,128,"127 "
"G71M ",NA,NA,"Yes",NA,"Nvidia","20 ","512  ","32","256  ","500 ","GDDR3","GeForce Go 7900 GS",NA,NA,NA,"
01-Apr-2006 ","2560x1600","Yes",3,NA,NA
"G94b ",NA,NA,"Yes",NA,"Nvidia","60 ","1024  ","51.2","256  ","800 ","GDDR3","GeForce GTS 160M",NA,"55",NA,"
02-Mar-2009 ","2560x1600","Yes",4,NA,NA
"Fermi GF114 (x2) ","1920 x 800",NA,"Yes",NA,"Nvidia","200 ","4096  ","192","256  ","750 ","GDDR5","GeForce GTX 580M SLI","40 ","40","32 (x2)","
01-Jun-2011 ","2560x1600","Yes",5,64,"79 "
"Fermi GF116 (x2) ","1600 x 900",NA,"Yes",NA,"Nvidia","150 ","3072  ","120","192  ","625 ","GDDR5","GeForce GTX 560M SLI","37 ","40","24 (x2)","
01-May-2011 ","2560x1600","Yes",5,32,"50 "
"Fermi GF114 ","1600 x 900","575 ","Yes",NA,"Nvidia","75 ","1536  ","72","192  ","750 ","GDDR5","GeForce GTX 570M","14 ","40","24","
28-Jun-2011 ","2560x1600","Yes",5,56,"32 "
"Fermi GF106 ","1366 x 768","590 ","Yes",NA,"Nvidia","35 ","3072  ","43.2","192  ","900 ","DDR3","GeForce GT 555M 3GB","9 ","40","16","
05-Jan-2011 ","2560x1600","No",5,24,"14 "
"Fermi GF114 ","1920 x 1080","620 ","Yes",NA,"Nvidia","100 ","2048  ","96","256  ","750 ","GDDR5","GeForce GTX 580M","20 ","40","32","
28-Jun-2011 ","2560x1600","Yes",5,64,"40 "
"Fermi GF108-400-A1 ","1366 x 768","753 ","Yes",NA,"Nvidia","35 ","1024  ","50.2","128  ","784 ","GDDR5","GeForce GT 555M v2","3 ","40","4","
15-Jun-2011 ","2560x1600","No",5,16,"12 "
"Fermi GF116 ","1600 x 900","775 ","Yes",NA,"Nvidia","75 ","1536  ","60","192  ","625 ","GDDR5","GeForce GTX 560M","19 ","40","24","
30-May-2011 ","2560x1600","Yes",5,32,"25 "
"Fermi GF116 ","1366 x 768","675 ","Yes",NA,"Nvidia","35 ","2048  ","28.8","128  ","900 ","DDR3","GeForce GT 555M v3","11 ","40","16","
26-Mar-2012 ","2560x1600","No",5,24,"16 "
"Fermi GF108 ","1366 x 768","740 ","Yes",NA,"Nvidia","35 ","2048  ","28.8","128  ","900 ","DDR3","GeForce GT 550M 2GB","3 ","40","4","
06-Jan-2011 ","2560x1600","No",5,16,"12 "
"Fermi GF108 ","1366 x 768","672 ","Yes",NA,"Nvidia","35 ","1024  ","28.8","128  ","900 ","DDR3","GeForce GT 540M","3 ","40","4","
06-Jan-2011 ","2560x1600","No",5,16,"11 "
"Fermi GF106 ","1366 x 768","590 ","Yes",NA,"Nvidia","35 ","1536  ","43.2","192  ","900 ","DDR3","GeForce GT 555M","9 ","40","16","
05-Jan-2011 ","2560x1600","No",5,24,"14 "
"Fermi GF108 ","1366 x 768","672 ","Yes",NA,"Nvidia","35 ","2048  ","28.8","128  ","900 ","DDR3","GeForce GT 540M 2GB","3 ","40","4","
01-Jan-2011 ","2560x1600","No",5,16,"11 "
"Fermi GF108 ","1366 x 768","740 ","Yes",NA,"Nvidia","35 ","1024  ","28.8","128  ","900 ","DDR3","GeForce GT 550M","3 ","40","4","
05-Jan-2011 ","2560x1600","No",5,16,"12 "
"Fermi GF108 ","1366 x 768","600 ","Yes",NA,"Nvidia","23 ","1024  ","28.8","128  ","900 ","DDR3","GeForce GT 525M","2 ","40","4","
05-Jan-2011 ","2560x1600","No",5,16,"10 "
"Fermi GF108 ","1366 x 768","600 ","Yes",NA,"Nvidia","25 ","2048  ","28.8","128  ","900 ","DDR3","GeForce GT 525M 2GB","2 ","40","4","
01-Jan-2011 ","2560x1600","No",5,16,"10 "
"Fermi GF108 ","1366 x 768","672 ","Yes",NA,"Nvidia","12 ","1024  ","12.8","64  ","800 ","DDR3","GeForce GT 520M v2","5 ","40","8","
05-Jan-2011 ","2560x1600","No",5,8,"5 "
"Fermi GF119 ","1024 x 768","740 ","Yes",NA,"Nvidia","12 ","1024  ","12.8","64  ","800 ","DDR3","GeForce GT 520M","3 ","40","4","
05-Jan-2011 ","2560x1600","No",5,8,"6 "
"Tesla G92-N10E-GTX ",NA,"585 ","Yes",NA,"Nvidia","75 ","1024  ","60.8","256  ","950 ","GDDR3","GeForce GTX 280M","9 ","55","16","
01-Mar-2009 ","2560x1600","Yes",4,64,"37 "
"Tesla G92-N10E-GTX1-B1 ",NA,"600 ","Yes",NA,"Nvidia","75 ","1024  ","64","256  ","1000 ","GDDR3","GeForce GTX 285M","10 ","65","16","
01-Feb-2010 ","2560x1600","Yes",4,64,"38 "
"Fermi GF119 ","1024 x 768","900 ","Yes",NA,"Nvidia","20 ","1024  ","14.4","64  ","900 ","DDR3","GeForce GT 520MX","4 ","40","4","
30-May-2011 ","2560x1600","No",5,8,"7 "
"Tesla G92-N10E-GT ",NA,"550 ","Yes",NA,"Nvidia","65 ","1024  ","60.8","256  ","950 ","GDDR3","GeForce GTX 260M","9 ","65","16","
01-Mar-2009 ","2560x1600","Yes",4,56,"31 "
"Tesla G92b (x2) ","1920 x 1080",NA,"Yes",NA,"Nvidia","130 ","2048  ","121.6","256  ","950 ","GDDR3","GeForce GTX 260M SLI","18 ","55","16 (x2)","
01-Mar-2009 ","2560x1600","Yes",4,56,"62 "
"Tesla GT215-N10E-GS ",NA,"550 ","Yes",NA,"Nvidia","38 ","1024  ","57.6","128  ","900 ","GDDR5","GeForce GTS 260M","4 ","40","8","
01-Jun-2009 ","2560x1600","Yes",4,32,"18 "
"Tesla GT215-N10E-GE-A2 ",NA,"500 ","Yes",NA,"Nvidia","28 ","1024  ","51.2","128  ","800 ","GDDR5","GeForce GTS 250M","4 ","40","8","
01-Jun-2009 ","2560x1600","Yes",4,32,"16 "
"Tesla G92b (x2) ","1920 x 1080",NA,"Yes",NA,"Nvidia","150 ","2048  ","121.6","256  ","950 ","GDDR3","GeForce GTX 280M SLI","19 ","55","16 (x2)","
01-Mar-2009 ","2560x1600","Yes",4,64,"75 "
"Pascal P104-200-A1 ","2560 x 1440","1442 ","Yes",NA,"Nvidia","150 ","8192  ","256.3","256  ","2002 ","GDDR5","GeForce GTX 1070M","105 ","16","64","
01-Sep-2016 ","7680x4320","No",5,120,"197 "
"Pascal P107 ","1920 x 1080","1290 ","Yes",NA,"Nvidia","75 ","4096  ","112.1","128  ","1752 ","GDDR5","GeForce GTX 1050M Ti 4GB","45 ","14","32","
18-Oct-2016 ","7680x4320","No",5,48,"67 "
"Tesla GT216-N10P-GS ",NA,"550 ","Yes",NA,"Nvidia","23 ","1024  ","25.6","128  ","800 ","DDR3","GeForce GT 240M","4 ","40","8","
01-Jun-2009 ","2560x1600","No",4,16,"9 "
"Pascal P102 ","3840 x 2160","1480 ","Yes",NA,"Nvidia","220 ","11264  ","484.4","352  ","1376 ","GDDR5X","GeForce GTX 1080 Ti Mobile","139 ","16","88","
05-Mar-2017 ","7680x4320","Yes",5,224,"354 "
"Pascal P107 ","1600 x 900","1354 ","Yes",NA,"Nvidia","75 ","2048  ","112.1","128  ","1752 ","GDDR5","GeForce GTX 1050M","47 ","14","32","
01-Nov-2016 ","7680x4320","No",5,40,"58 "
"Tesla GT218-N10M-GS ",NA,"625 ","Yes",NA,"Nvidia","14 ","512  ","12.8","64  ","800 ","GDDR3","GeForce G 210M","3 ","40","4","
02-Jan-2009 ","2560x1600","No",4,8,"5 "
"Tesla GT216-N10P-GE-A2 ","1366 x 768","500 ","Yes",NA,"Nvidia","23 ","1024  ","25.6","128  ","800 ","GDDR3","GeForce GT 230M","4 ","40","8","
15-Jun-2009 ","2560x1600","No",4,16,"8 "
"Pascal P106-400-A1 ","1920 x 1080","1404 ","Yes",NA,"Nvidia","120 ","6144  ","192.2","192  ","2002 ","GDDR5","GeForce GTX 1060M","80 ","16","48","
01-Sep-2016 ","7680x4320","No",5,106,"177 "
"Tesla G92b (x2) ","1920 x 1080",NA,"Yes",NA,"Nvidia","150 ","2048  ","65.3","128  ","1020 ","GDDR3","GeForce GTX 285M SLI","19 ","55","16 (x2)","
01-Feb-2010 ","2560x1600","Yes",4,64,"77 "
"G96b ",NA,NA,"Yes",NA,"Nvidia","23 ","1024  ","25.6","128  ","800 ","GDDR3","GeForce GT 130M",NA,"55",NA,"
08-Jan-2009 ","2560x1600","Yes",4,NA,NA
"G94b ",NA,NA,"Yes",NA,"Nvidia","45 ","1024  ","64","256  ","1000 ","GDDR3","GeForce GTS 150M",NA,"55",NA,"
02-Mar-2009 ","2560x1600","Yes",4,NA,NA
"Tesla MCP79MX ",NA,"450 ","No",NA,"Nvidia","12 ",NA,"6.4","64  ","400 ","DDR2","GeForce G 205M","2 ","90","4","
01-Jan-2010 ",NA,"No",4,8,"4 "
"Tesla G96M C1 ",NA,"500 ","Yes",NA,"Nvidia","14 ","1024  ","25.6","128  ","800 ","DDR3","GeForce GT 220M","4 ","55","8","
16-Aug-2009 ","2560x1600","No",4,16,"8 "
"G98 ",NA,NA,"Yes",NA,"Nvidia","14 ","512  ","8","64  ","500 ","DDR2","GeForce G 103M","3 ","65","4","
01-Sep-2009 ","2560x1600","No",4,8,"5 "
"G98 ",NA,NA,"Yes",NA,"Nvidia","14 ","512  ","11.2","64  ","700 ","GDDR3","GeForce G 105M",NA,NA,NA,"
08-Jan-2009 ","2560x1600","No",4,NA,NA
"MCP79XT ",NA,NA,"No",NA,"Nvidia","14 ",NA,"6.4","64  ","400 ","DDR2","GeForce G 102M",NA,"65",NA,"
03-Mar-2009 ","2560x1600","No",4,NA,NA
"G96b ",NA,NA,"Yes",NA,"Nvidia","23 ","1024  ",NA,"128  ",NA,"DDR3","GeForce GT 120M",NA,"55",NA,"
11-Feb-2009 ","2560x1600","No",4,NA,NA
"Fermi GF104-N12E-GTX-A1 ","1920 x 1080","575 ","Yes",NA,"Nvidia","100 ","2048  ","96","256  ","750 ","GDDR5","GeForce GTX 485M","18 ","40","32","
05-Jan-2011 ","2560x1600","Yes",5,64,"37 "
"Fermi GF100-N11E-GTX-A3 ","1600 x 900","425 ","Yes",NA,"Nvidia","100 ","2048  ","76.8","256  ","600 ","GDDR5","GeForce GTX 480M","14 ","40","32","
25-May-2010 ","2560x1600","Yes",5,44,"19 "
"Fermi GF100-N11E-GTX-A3 (x2) ","1600 x 900","425 ","Yes",NA,"Nvidia","200 ","4096  ","153.6","256  ","600 ","GDDR5","GeForce GTX 480M SLI","27 ","40","32 (x2)","
01-May-2010 ","2560x1600","Yes",5,44,"37 "
"Fermi GF104-N11E-GT (x2) ","1920 x 1080","535 ","Yes",NA,"Nvidia","150 ","3072  ","120","192  ","625 ","GDDR5","GeForce GTX 470M SLI","26 ","40","24 (x2)","
01-Sep-2010 ","2560x1600","Yes",5,48,"51 "
"Fermi GF104-N11E-GT ","1600 x 900","535 ","Yes",NA,"Nvidia","75 ","1536  ","60","192  ","625 ","GDDR5","GeForce GTX 470M","13 ","40","24","
03-Sep-2010 ","2560x1600","Yes",5,48,"26 "
"Fermi GF106-N11E-GE-A1 ","1600 x 900","570 ","Yes",NA,"Nvidia","35 ","1024  ","40","128  ","625 ","GDDR5","GeForce GT 445M v2","9 ","40","16","
03-Sep-2010 ","2560x1600","No",5,24,"14 "
"G96b ",NA,NA,"Yes",NA,"Nvidia","14 ","1024  ","11.2","64  ","700 ","GDDR3","GeForce G 110M",NA,"55",NA,"
08-Jan-2009 ","2560x1600","No",4,NA,NA
"Fermi GF106-N11E-GE-A1 ","1366 x 768","590 ","Yes",NA,"Nvidia","35 ","3072  ","38.4","192  ","800 ","DDR3","GeForce GT 445M","9 ","40","16","
03-Sep-2010 ","2560x1600","No",5,24,"14 "
"Fermi GF106-N11E-GS-A1 (x2) ","1920 x 800","675 ","Yes",NA,"Nvidia","100 ","3072  ","120","192  ","625 ","GDDR5","GeForce GTX 460M SLI","32 ","40","24 (x2)","
01-Sep-2010 ","2560x1600","Yes",5,32,"43 "
"Fermi GF106-N11E-GE-A1 ","1366 x 768","590 ","Yes",NA,"Nvidia","35 ","1024  ","25.6","128  ","800 ","DDR3","GeForce GT 435M v2","9 ","40","16","
15-Jan-2011 ","2560x1600","No",5,16,"9 "
"Fermi GF108-N11P-GT ","1366 x 768","650 ","Yes",NA,"Nvidia","35 ","1024  ","25.6","128  ","800 ","DDR3","GeForce GT 435M","3 ","40","4","
03-Sep-2010 ","2560x1600","No",5,16,"10 "
"Fermi GF108-N11P-GS-A1 ","1366 x 768","560 ","Yes",NA,"Nvidia","23 ","1024  ","25.6","128  ","800 ","DDR3","GeForce GT 425M","2 ","40","4","
03-Sep-2010 ","1600x1200","No",5,16,"9 "
"Fermi GF106-N11E-GS-A1 ","1600 x 900","675 ","Yes",NA,"Nvidia","50 ","1536  ","60","192  ","625 ","GDDR5","GeForce GTX 460M","16 ","40","24","
03-Sep-2010 ","2560x1600","Yes",5,32,"22 "
"Kepler GK104 ","1920 x 1080","941 ","Yes",NA,"Nvidia","100 ","6144  ","120","192  ","1250 ","GDDR5","GeForce GTX 870M 6GB","31 ","28","32","
12-Mar-2014 ","4096x2160","Yes",5,112,"108 "
"Pascal P104-400-A1 ","2560 x 1600","1556 ","Yes",NA,"Nvidia","180 ","8192  ","320.3","256  ","1251 ","GDDR5X","GeForce GTX 1080M","111 ","16","64","
01-Sep-2016 ","7680x4320","No",5,160,"277 "
"Fermi GF119-N12M-GS ","1366 x 768","575 ","Yes",NA,"Nvidia","12 ","1024  ","12.8","64  ","800 ","DDR3","GeForce 410M","2 ","40","4","
05-Jan-2011 ","2560x1600","No",5,8,"5 "
"Fermi GF108-N11P-GE-A1 ","1366 x 768","500 ","Yes",NA,"Nvidia","23 ","512  ","25.6","128  ","800 ","DDR3","GeForce GT 420M","2 ","40","4","
03-Sep-2010 ","2560x1600","No",5,16,"8 "
"Fermi GF108-N11P-GV ","1366 x 768","500 ","Yes",NA,"Nvidia","12 ","512  ","25.6","128  ","800 ","DDR3","GeForce GT 415M","2 ","40","4","
03-Sep-2010 ","2560x1600","No",5,8,"4 "
"Maxwell GM107 ","1920 x 1080","1029 ","Yes",NA,"Nvidia","50 ","4096  ","80","128  ","1250 ","GDDR5","GeForce GTX 860M 4GB","18 ","28","16","
12-Mar-2014 ","4096x2160","No",5,40,"44 "
"Tesla GT218 ","1024 x 768","606 ","Yes",NA,"Nvidia","14 ","512  ","12.8","64  ","800 ","GDDR3","Geforce 405M","2 ","40","4","
10-May-2012 ","2560x1600","No",5,8,"5 "
"Maxwell GM107 ","1920 x 1080","876 ","Yes",NA,"Nvidia","45 ","2048  ","80.2","128  ","1253 ","GDDR5","GeForce GTX 850M v2 2GB","15 ","28","16","
12-Mar-2014 ","4096x2160","No",5,40,"37 "
"Maxwell GM107 ","1600 x 900","936 ","Yes",NA,"Nvidia","45 ","4096  ","32","128  ","1000 ","DDR3","GeForce GTX 850M 4GB","17 ","28","16","
12-Mar-2014 ","4096x2160","Yes",5,40,"43 "
"Maxwell GM107-N15P-GX-A1 (x2) ","1920 x 1080","1029 ","Yes",NA,"Nvidia","120 ","4096  ","160.4","128  ","1253 ","GDDR5","GeForce GTX 860M 2GB SLI","35 ","28","16 (x2)","
12-Mar-2014 ","4096x2160","Yes",5,40,"88 "
"Maxwell GM108 ","1366 x 768","1029 ","Yes",NA,"Nvidia","33 ","2048  ","16","64  ","1001 ","DDR3","GeForce 840M 4GB","9 ","28","8","
12-Mar-2014 ","4096x2160","No",5,24,"27 "
"GT215 ","1440 x 900",NA,"Yes",NA,"Nvidia","38 ","1024  ","57.6","128  ","900 ","GDDR5","GeForce GTS 360M","4 ","40","8","
07-Jan-2010 ","2560x1600","Yes",4.1,32,"18 "
"Fermi GF117-N15V-GM ","1366 x 768","625 ","Yes",NA,"Nvidia","15 ","2048  ","14.4","64  ","900 ","DDR3","GeForce 820M 2GB","5 ","28","8","
27-Nov-2013 ","2560x1600","No",5,16,"10 "
"GT215 ","1440 x 900",NA,"Yes",NA,"Nvidia","28 ","1024  ","51.2","128  ","800 ","GDDR5","GeForce GTS 350M","4 ","40","8","
07-Jan-2010 ","2560x1600","Yes",4.1,32,"16 "
"GT215 ","1366 x 768",NA,"Yes",NA,"Nvidia","28 ","1024  ","34.1","128  ","1066 ","DDR3","GeForce GT 335M","4 ","40","8","
07-Jan-2010 ","2560x1600","Yes",4.1,24,"11 "
"Maxwell GM108 ","1366 x 768","1029 ","Yes",NA,"Nvidia","33 ","2048  ","16","64  ","1001 ","DDR3","GeForce 840M 2GB","9 ","28","8","
12-Mar-2014 ","4096x2160","No",5,24,"27 "
"GT216 ","1366 x 768",NA,"Yes",NA,"Nvidia","23 ","1024  ","34.1","128  ","1066 ","DDR3","GeForce GT 330M","5 ","40","8","
10-Jan-2010 ","2560x1600","No",4.1,16,"9 "
"GT216 ","1366 x 768",NA,"Yes",NA,"Nvidia","23 ","1024  ","34.1","128  ","1066 ","DDR3","GeForce GT 325M","4 ","40","8","
10-Jan-2010 ","2560x1600","No",4.1,16,"7 "
"Kepler GK208 ","1366 x 768","850 ","Yes",NA,"Nvidia","33 ","2048  ","14.4","64  ","900 ","DDR3","GeForce 825M 2GB","8 ","28","8","
27-Jan-2014 ","4096x2160","No",5,32,"30 "
"Tesla MCP89 ","1024 x 768","450 ","No",NA,"Nvidia","23 ",NA,"21.3","128  ","667 ","DDR3","GeForce 320M","4 ","40","8","
01-Apr-2010 ","2560x1600","No",4.1,16,"7 "
"GT216 ","1280 x 720",NA,"Yes",NA,"Nvidia","14 ","1024  ","25.3","128  ","790 ","DDR3","GeForce GT 320M","4 ","40","8","
21-Jan-2010 ","2560x1600","No",4.1,8,"4 "
"Maxwell GM107 ","1600 x 900","936 ","Yes",NA,"Nvidia","45 ","2048  ","32","128  ","1000 ","DDR3","GeForce GTX 850M 2GB","17 ","28","16","
12-Mar-2014 ","4096x2160","Yes",5,40,"43 "
"Tesla GT218-N11M-GE1 ","1024 x 768","625 ","Yes",NA,"Nvidia","14 ","512  ","12.6","64  ","790 ","DDR3","GeForce 310M","3 ","40","4","
10-Jan-2010 ","2560x1600","No",4.1,8,"5 "
"Tesla GT218-N11M-GE1 ","1024 x 768","606 ","Yes",NA,"Nvidia","14 ","512  ","12.6","64  ","790 ","DDR3","GeForce 315M","2 ","40","4","
05-Jan-2011 ","2560x1600","No",4.1,8,"5 "
"Kepler GK104 ","1920 x 1080","941 ","Yes",NA,"Nvidia","100 ","3072  ","120","192  ","1250 ","GDDR5","GeForce GTX 870M 3GB","31 ","28","32","
12-Mar-2014 ","4096x2160","Yes",5,112,"108 "
"Fermi GF117-N15V-GM ","1366 x 768","775 ","Yes",NA,"Nvidia","15 ","1024  ","14.4","64  ","900 ","DDR3","GeForce 820M 1GB","8 ","28","8","
27-Nov-2013 ","2560x1600","No",5,16,"15 "
"Tesla GT218-N11M-LP1 ","1024 x 768","525 ","Yes",NA,"Nvidia","14 ","512  ","11.2","64  ","700 ","DDR3","GeForce 305M","2 ","40","4","
10-Jan-2010 ","2560x1600","Yes",4.1,8,"4 "
"Kepler GK104 ","1920 x 1080","719 ","Yes",NA,"Nvidia","100 ","1024  ","160","256  ","1250 ","GDDR5","GeForce GTX 675MX Mac Edition","23 ","28","32","
01-Apr-2013 ","4096x2160","Yes",5,112,"81 "
"Kepler GK104-N13E-GTX-A2 ","1920 x 1080","720 ","Yes",NA,"Nvidia","100 ","4096  ","115.2","256  ","900 ","GDDR5","GeForce GTX 680M","23 ","28","32","
05-Jun-2012 ","4096x2160","Yes",5,112,"81 "
"Kepler GK104-N13E-GSR-A2 ","1920 x 1080","600 ","Yes",NA,"Nvidia","100 ","2048  ","115.2","256  ","900 ","GDDR5","GeForce GTX 675MX","19 ","28","32","
01-Oct-2012 ","4096x2160","Yes",5,80,"48 "
"Kepler GK104-N13E-GTX2-A2 ","1920 x 1080","719 ","Yes",NA,"Nvidia","122 ","2048  ","160","256  ","1250 ","GDDR5","GeForce GTX 680MX","23 ","28","32","
23-Oct-2012 ","4096x2160","Yes",5,128,"92 "
"Kepler GK104 (x2) ","1920 x 1080",NA,"Yes",NA,"Nvidia","200 ","4096  ","230.4","256  ","900 ","GDDR5","GeForce GTX 680M SLI","46 ","28","32 (x2)","
01-Jun-2012 ","4096x2160","Yes",5,112,"161 "
"Fermi GF114 ","1920 x 1080","620 ","Yes",NA,"Nvidia","100 ","2048  ","96","256  ","750 ","GDDR5","GeForce GTX 675M","20 ","40","32","
22-Mar-2012 ","2560x1600","Yes",5,64,"40 "
"Fermi GF114 (x2) ","1920 x 1080",NA,"Yes",NA,"Nvidia","200 ","4096  ","192","256  ","750 ","GDDR5","GeForce GTX 675M SLI","40 ","40","32 (x2)","
22-Mar-2012 ","2560x1600","Yes",5,64,"79 "
"Maxwell GM107-N15P-GX-A1 ","1600 x 900","1029 ","Yes",NA,"Nvidia","60 ","2048  ","80.2","128  ","1253 ","GDDR5","GeForce GTX 860M 2GB","18 ","28","16","
12-Mar-2014 ","4096x2160","Yes",5,40,"44 "
"Kepler GK106 (x2) ","1920 x 1080",NA,"Yes",NA,"Nvidia","150 ","6144  ","134.4","192  ","700 ","GDDR5","GeForce GTX 670MX SLI","29 ","28","24 (x2)","
01-Oct-2012 ","4096x2160","Yes",5,80,"96 "
"Tesla GT218-N11M-GE1 ","1024 x 768","606 ","Yes",NA,"Nvidia","14 ","1024  ","10.7","64  ","667 ","DDR3","GeForce 310M v2","2 ","40","4","
10-Jan-2010 ","2560x1600","No",4.1,8,"5 "
"Fermi GF114 ","1600 x 900","598 ","Yes",NA,"Nvidia","75 ","1536  ","72","192  ","750 ","GDDR5","GeForce GTX 670M","14 ","40","24","
22-Mar-2012 ","2560x1600","Yes",5,56,"33 "
"Fermi GF114 ","1600 x 900","598 ","Yes",NA,"Nvidia","75 ","3072  ","72","192  ","750 ","GDDR5","GeForce GTX 670M 3GB",NA,"40",NA,"
01-Mar-2012 ","2560x1600","Yes",5,NA,NA
"Kepler GK104-N13E-GR-A2 ","1920 x 1080","601 ","Yes",NA,"Nvidia","75 ","3072  ","67.2","192  ","700 ","GDDR5","GeForce GTX 670MX","14 ","28","24","
01-Oct-2012 ","4096x2160","Yes",5,80,"48 "
"Kepler GK107-N13E-GE-A2 ","1600 x 900","835 ","Yes",NA,"Nvidia","50 ","2048  ","64","128  ","1000 ","GDDR5","GeForce GTX 660M","15 ","28","16","
22-Mar-2012 ","4096x2160","Yes",5,32,"30 "
"Kepler GK107 (x2) ","1600 x 900","745 ","Yes",NA,"Nvidia","90 ","4096  ","128","128  ","1000 ","GDDR5","GeForce GT 650M v2 SLI","24 ","28","16 (x2)","
22-Mar-2012 ","4096x2160","Yes",5,32,"48 "
"Kepler GK107-N13P-GT-W-A2 ","1600 x 900","900 ","Yes",NA,"Nvidia","45 ","1024  ","80.3","128  ","1254 ","GDDR5","GeForce GT 650M Mac 1GB Edition","14 ","28","16","
12-Jul-2012 ","4096x2160","Yes",5,32,"29 "
"Kepler GK107 ","1366 x 768","710 ","Yes",NA,"Nvidia","32 ","2048  ","28.8","128  ","900 ","DDR3","GeForce GT 645M","11 ","28","16","
01-Oct-2012 ","4096x2160","No",5,32,"23 "
"Fermi GF108 ","1600 x 900","753 ","Yes",NA,"Nvidia","32 ","2048  ","50.2","128  ","785 ","GDDR5","GeForce GT 640M LE v2","3 ","40","4","
05-May-2012 ","2560x1600","No",5,16,"12 "
"Kepler GK107 ","1366 x 768","500 ","Yes",NA,"Nvidia","20 ","1024  ","28.8","128  ","900 ","DDR3","GeForce GT 640M LE","8 ","28","16","
22-Mar-2012 ","4096x2160","No",5,32,"16 "
"Kepler GK107 ","1366 x 768","850 ","Yes",NA,"Nvidia","45 ","1024  ","28.8","128  ","900 ","DDR3","GeForce GT 650M","14 ","28","16","
22-Mar-2012 ","4096x2160","No",5,32,"27 "
"Kepler GK107 ","1366 x 768","625 ","Yes",NA,"Nvidia","32 ","2048  ","28.8","128  ","900 ","DDR3","GeForce GT 640M","10 ","28","16","
22-Mar-2012 ","4096x2160","No",5,32,"20 "
"Fermi GF116 ","1366 x 768","650 ","Yes",NA,"Nvidia","35 ","2048  ","28.8","128  ","900 ","DDR3","GeForce GT 635M v3","10 ","40","16","
06-Mar-2012 ","2560x1600","No",5,24,"16 "
"Fermi GF108 ","1366 x 768","660 ","Yes",NA,"Nvidia","33 ","1024  ","28.8","128  ","900 ","DDR3","GeForce GT 635M v2","3 ","40","4","
22-Mar-2012 ","2560x1600","No",5,16,"11 "
"Fermi GF108 ","1366 x 768","660 ","Yes",NA,"Nvidia","33 ","1024  ","28.8","128  ","900 ","DDR3","GeForce GT 630M","3 ","40","4","
22-Mar-2012 ","2560x1600","No",5,16,"11 "
"Fermi GF117 ","1366 x 768","625 ","Yes",NA,"Nvidia","15 ","2048  ","14.4","64  ","900 ","DDR3","GeForce GT 625M","3 ","28","4","
01-Oct-2012 ","2560x1600","No",5,16,"10 "
"Fermi GF108 ","1366 x 768","660 ","Yes",NA,"Nvidia","25 ","1024  ","28.8","128  ","900 ","DDR3","GeForce GT 620M v2","3 ","40","4","
23-Aug-2012 ","2560x1600","No",5,16,"11 "
"Fermi GF108 ","1366 x 768","672 ","Yes",NA,"Nvidia","35 ","2048  ","28.8","128  ","900 ","DDR3","GeForce GT 630M v3","3 ","40","4","
22-Mar-2012 ","2560x1600","No",5,16,"11 "
"Fermi GF117 ","1366 x 768","625 ","Yes",NA,"Nvidia","15 ","1024  ","14.4","64  ","900 ","DDR3","GeForce GT 620M","5 ","28","8","
22-Mar-2012 ","2560x1600","No",5,16,"10 "
"Fermi GF119 ","1366 x 768","800 ","Yes",NA,"Nvidia","20 ","2048  ","12.8","64  ","800 ","DDR3","GeForce 610M v5","3 ","40","4","
07-Dec-2011 ","2560x1600","No",5,8,"7 "
"Fermi GF108 ","1600 x 900","800 ","Yes",NA,"Nvidia","33 ","2048  ","57.6","128  ","900 ","GDDR5","GeForce GT 630M v2","3 ","40","4","
22-Mar-2012 ","2560x1600","No",5,16,"13 "
"Maxwell GM108 ","1366 x 768","1082 ","Yes",NA,"Nvidia","25 ","2048  ","14.4","64  ","900 ","DDR3","GeForce 830M 2GB","9 ","28","8","
12-Mar-2014 ","4096x2160","No",5,16,"18 "
"Fermi GF119 ","1366 x 768","900 ","Yes",NA,"Nvidia","20 ","1024  ","14.4","64  ","900 ","DDR3","GeForce 610M v4","7 ","40","8","
01-Dec-2011 ","2560x1600","No",5,8,"7 "
"Fermi GF117 ","1366 x 768","625 ","Yes",NA,"Nvidia","12 ","1024  ","14.4","64  ","900 ","DDR3","GeForce 610M v3","5 ","28","8","
01-Dec-2011 ","2560x1600","No",5,8,"5 "
"Fermi GF108 ","1366 x 768","672 ","Yes",NA,"Nvidia","12 ","1024  ","14.4","64  ","900 ","DDR3","GeForce 610M v2","5 ","40","8","
01-Dec-2011 ","2560x1600","No",5,8,"5 "
"Kepler GK104 (x2) ","2560 x 1600",NA,"Yes",NA,"Nvidia","200 ","8192  ","320","256  ","1250 ","GDDR5","GeForce GTX 780M SLI","51 ","28","32 (x2)","
30-May-2013 ","4096x2160","Yes",5,128,"204 "
"Kepler GK104-N14E-GTX-A2 ","1920 x 1080","771 ","Yes",NA,"Nvidia","122 ","4096  ","160","256  ","1250 ","GDDR5","GeForce GTX 780M","26 ","28","32","
30-May-2013 ","4096x2160","Yes",5,128,"102 "
"Kepler GK106 (x2) ","1920 x 1080",NA,"Yes",NA,"Nvidia","150 ","4096  ","192","192  ","1000 ","GDDR5","GeForce GTX 770M SLI","39 ","28","24 (x2)","
30-May-2013 ","4096x2160","Yes",5,80,"130 "
"Kepler GK106-N14E-GS-A1 ","1920 x 1080","811 ","Yes",NA,"Nvidia","75 ","3072  ","96.2","192  ","1002 ","GDDR5","GeForce GTX 770M","19 ","28","24","
30-May-2013 ","4096x2160","Yes",5,80,"65 "
"Fermi GF116 ","1366 x 768","675 ","Yes",NA,"Nvidia","35 ","2048  ","28.8","128  ","900 ","DDR3","GeForce GT 635M","11 ","40","16","
06-Mar-2012 ","2560x1600","No",5,24,"16 "
"Kepler GK106-N14E-GE-B-A1 (x2) ","1920 x 1080","797 ","Yes",NA,"Nvidia","125 ","4096  ","128","128  ","1000 ","GDDR5","GeForce GTX 765M SLI","28 ","28","16 (x2)","
30-May-2013 ","4096x2160","Yes",5,64,"110 "
"Kepler GK104-N13E-GTX-A2 ","1920 x 1080","719 ","Yes",NA,"Nvidia","100 ","2048  ","115.2","256  ","900 ","GDDR5","GeForce GTX 775M Mac Edition","23 ","28","32","
08-Nov-2013 ","4096x2160","Yes",5,112,"81 "
"Kepler GK106-N14E-GL-A1 (x2) ","1920 x 1080","628 ","Yes",NA,"Nvidia","100 ","4096  ","128","128  ","1000 ","GDDR5","GeForce GTX 760M SLI","21 ","28","16 (x2)","
30-May-2013 ","4096x2160","Yes",5,64,"84 "
"Kepler GK106-N14E-GE-B-A1 ","1600 x 900","850 ","Yes",NA,"Nvidia","65 ","2048  ","64.1","128  ","1002 ","GDDR5","GeForce GTX 765M","14 ","28","16","
30-May-2013 ","4096x2160","Yes",5,64,"54 "
"Kepler GK107-GT-755M (x2) ","1920 x 1080","980 ","Yes",NA,"Nvidia","100 ","4096  ","172.8","128  ","1350 ","GDDR5","GeForce GT 755M SLI","31 ","28","16 (x2)","
25-Jun-2013 ","4096x2160","Yes",5,32,"63 "
"Kepler GK106-N14E-GL-A1 ","1600 x 900","628 ","Yes",NA,"Nvidia","55 ","2048  ","64.1","128  ","1002 ","GDDR5","GeForce GTX 760M","11 ","28","16","
30-May-2013 ","4096x2160","Yes",5,64,"42 "
"Kepler GK107-N14P-GT ","1366 x 768","967 ","Yes",NA,"Nvidia","50 ","2048  ","28.8","128  ","900 ","DDR3","GeForce GT 750M v3","19 ","28","16","
09-Jan-2013 ","4096x2160","Yes",5,32,"37 "
"Kepler GK107-N14P-GT ","1600 x 900","926 ","Yes",NA,"Nvidia","50 ","2048  ","80.2","128  ","1253 ","GDDR5","GeForce GT 750M Mac Edition","15 ","28","16","
08-Nov-2013 ","4096x2160","Yes",5,32,"30 "
"Kepler GK107 (x2) ","1920 x 1080","967 ","Yes",NA,"Nvidia","80 ","4096  ","160","128  ","1250 ","GDDR5","GeForce GT 750M SLI","31 ","28","16 (x2)","
01-Apr-2013 ","4096x2160","Yes",5,32,"62 "
"Kepler GK107-N14P-GT ","1366 x 768","967 ","Yes",NA,"Nvidia","50 ","2048  ","28.8","128  ","900 ","DDR3","GeForce GT 750M","19 ","28","16","
09-Jan-2013 ","4096x2160","Yes",5,32,"37 "
"Kepler GK107-N14P-GT ","1600 x 900","941 ","Yes",NA,"Nvidia","50 ","2048  ","64","128  ","1000 ","GDDR5","GeForce GT 750M 2GB GDDR5","17 ","28","16","
09-Jan-2013 ","4096x2160","No",5,32,"34 "
"Kepler GK107-N14P-LP ","1366 x 768","837 ","Yes",NA,"Nvidia","45 ","2048  ","28.8","128  ","900 ","DDR3","GeForce GT 745M v2","17 ","28","16","
01-Apr-2013 ","4096x2160","No",5,32,"33 "
"Kepler GK107-GT-740M ","1366 x 768","810 ","Yes",NA,"Nvidia","45 ","2048  ","28.8","128  ","900 ","DDR3","GeForce GT 740M v2","14 ","28","16","
01-Apr-2013 ","4096x2160","No",5,32,"29 "
"Kepler GK107-N14P-LP ","1366 x 768","837 ","Yes",NA,"Nvidia","45 ","2048  ","28.8","128  ","900 ","DDR3","GeForce GT 745M","13 ","28","16","
01-Apr-2013 ","4096x2160","No",5,32,"27 "
"Kepler GK107-GT-755M ","1600 x 900","980 ","Yes",NA,"Nvidia","50 ","2048  ","86.4","128  ","1350 ","GDDR5","GeForce GT 755M","16 ","28","16","
25-Jun-2013 ","4096x2160","No",5,32,"31 "
"Kepler GK208-GT-740M ","1366 x 768","980 ","Yes",NA,"Nvidia","33 ","2048  ","14.4","64  ","900 ","DDR3","GeForce GT 740M 64-bit Edition","8 ","28","8","
20-Jun-2013 ","4096x2160","Yes",5,32,"34 "
"Kepler GK107-GT-740M ","1366 x 768","810 ","Yes",NA,"Nvidia","45 ","2048  ","28.8","128  ","900 ","DDR3","GeForce GT 740M","13 ","28","16","
01-Apr-2013 ","4096x2160","No",5,32,"26 "
"Kepler GK208 ","1366 x 768","719 ","Yes",NA,"Nvidia","33 ","2048  ","28.8","128  ","900 ","DDR3","GeForce GT 730M v2","7 ","28","8","
06-Mar-2014 ","4096x2160","No",5,16,"14 "
"Kepler GK107 ","1366 x 768","725 ","Yes",NA,"Nvidia","33 ","2048  ","28.8","128  ","900 ","DDR3","GeForce GT 730M","12 ","28","16","
20-Jan-2013 ","4096x2160","No",5,32,"23 "
"Fermi GF117-N14M-GE ","1366 x 768","775 ","Yes",NA,"Nvidia","33 ","2048  ","14.4","64  ","900 ","DDR3","GeForce GT 720M 2GB","8 ","28","8","
01-Apr-2013 ","2560x1600","No",5,16,"15 "
"Kepler GK208 ","1366 x 768","575 ","Yes",NA,"Nvidia","17 ","2048  ","14.4","64  ","900 ","DDR3","GeForce GT 735M","15 ","28","16","
01-Apr-2013 ","4096x2160","No",5,32,"30 "
"Fermi GF117-N14M-GL ","1366 x 768","775 ","Yes",NA,"Nvidia","15 ","1024  ","14.4","64  ","900 ","DDR3","GeForce 710M","6 ","28","8","
09-Jan-2013 ","2560x1600","No",5,16,"12 "
"Fermi GF117-N14M-GE ","1366 x 768","625 ","Yes",NA,"Nvidia","33 ","1024  ","14.4","64  ","900 ","DDR3","GeForce GT 720M","8 ","28","8","
01-Apr-2013 ","2560x1600","No",5,16,"15 "
"Kepler GK107 ","1600 x 900","745 ","Yes",NA,"Nvidia","45 ","2048  ","64","128  ","1000 ","GDDR5","GeForce GT 650M v2","12 ","28","16","
22-Mar-2012 ","4096x2160","Yes",5,32,"24 "
"Maxwell GM204 (x2) ","2560 x 1600","1038 ","Yes",NA,"Nvidia","200 ","16384  ","320.8","256  ","1253 ","GDDR5","GeForce GTX 980M 8GB SLI","133 ","28","64 (x2)","
07-Oct-2014 ","4096x2160","Yes",5,96,"199 "
"Maxwell GM204 ","1920 x 1080","1038 ","Yes",NA,"Nvidia","122 ","8192  ","160.4","256  ","1253 ","GDDR5","GeForce GTX 980MX 8GB","72 ","28","64","
01-Jun-2016 ","4096x2160","Yes",5,104,"117 "
"Maxwell GM204-N16E-GX-A2 ","1920 x 1080","1038 ","Yes",NA,"Nvidia","100 ","8192  ","160.4","256  ","1253 ","GDDR5","GeForce GTX 980M 8GB","72 ","28","64","
07-Oct-2014 ","4096x2160","Yes",5,96,"108 "
"Maxwell GM204-N16E-GX-A2 ","1920 x 1080","1038 ","Yes",NA,"Nvidia","100 ","4096  ","160.4","256  ","1253 ","GDDR5","GeForce GTX 980M 4GB","72 ","28","64","
07-Oct-2014 ","4096x2160","Yes",5,96,"108 "
"Maxwell GM204 ","1920 x 1080","924 ","Yes",NA,"Nvidia","75 ","3072  ","120.3","192  ","1253 ","GDDR5","GeForce GTX 970MX 3GB","58 ","28","56","
01-Jun-2016 ","4096x2160","Yes",5,88,"91 "
"Maxwell GM204-N16E-GT-A2 (x2) ","2560 x 1600","924 ","Yes",NA,"Nvidia","150 ","12288  ","240.6","192  ","1253 ","GDDR5","GeForce GTX 970M 6GB SLI","95 ","28","48 (x2)","
07-Oct-2014 ","4096x2160","Yes",5,80,"159 "
"Maxwell GM204 ","1920 x 1080","924 ","Yes",NA,"Nvidia","81 ","3072  ","120.3","192  ","1253 ","GDDR5","GeForce GTX 970M 3GB","50 ","28","48","
07-Oct-2014 ","4096x2160","Yes",5,80,"83 "
"Maxwell GM204 ","1920 x 1080","924 ","Yes",NA,"Nvidia","81 ","6144  ","120.3","192  ","1253 ","GDDR5","GeForce GTX 970M 6GB","48 ","28","48","
07-Oct-2014 ","4096x2160","Yes",5,80,"79 "
"Maxwell GM204-N16E-GS (x2) ","2560 x 1440","924 ","Yes",NA,"Nvidia","100 ","4096  ","160","128  ","1250 ","GDDR5","GeForce GTX 965M 4GB SLI","61 ","28","32 (x2)","
07-Jan-2015 ","4096x2160","Yes",5,64,"122 "
"Maxwell GM204 ","2560 x 1600","1064 ","Yes",NA,"Nvidia","165 ","4096  ","224","256  ","1750 ","GDDR5","GeForce GTX 980 4GB","76 ","28","64","
22-Sep-2015 ","4096x2160","Yes",5,128,"152 "
"Maxwell GM107-N16P-GX-A1 ","1920 x 1080","1029 ","Yes",NA,"Nvidia","50 ","4096  ","80.2","128  ","1253 ","GDDR5","GeForce GTX 960M 4GB","18 ","28","16","
12-Mar-2015 ","4096x2160","Yes",5,40,"44 "
"Maxwell GM204-N16E-GS ","1920 x 1080","924 ","Yes",NA,"Nvidia","50 ","4096  ","80","128  ","1250 ","GDDR5","GeForce GTX 965M 4GB","30 ","28","32","
07-Jan-2015 ","4096x2160","Yes",5,64,"61 "
"Maxwell GM107-N16P-GX-A1 ","1920 x 1080","1029 ","Yes",NA,"Nvidia","50 ","2048  ","80.2","128  ","1253 ","GDDR5","GeForce GTX 960M 2GB","18 ","28","16","
12-Mar-2015 ","4096x2160","No",5,40,"44 "
"Fermi GF119 ","1366 x 768","738 ","Yes",NA,"Nvidia","20 ","1024  ","14.4","64  ","900 ","DDR3","GeForce 610M","6 ","40","8","
01-Dec-2011 ","2560x1600","No",5,8,"6 "
"Maxwell GM107-N16P-GT ","1600 x 900","993 ","Yes",NA,"Nvidia","50 ","2048  ","32","128  ","1000 ","DDR3","GeForce GTX 950M v2 2GB","18 ","28","16","
12-Mar-2015 ","4096x2160","No",5,40,"45 "
"Maxwell GM108-N16S-GTR ","1366 x 768","1122 ","Yes",NA,"Nvidia","25 ","2048  ","16","64  ","1001 ","DDR3","GeForce 940MX 2GB","10 ","28","8","
01-Mar-2016 ","4096x2160","No",5,24,"30 "
"Maxwell GM107 ","1600 x 900","928 ","Yes",NA,"Nvidia","40 ","2048  ","32","128  ","1000 ","DDR3","GeForce 945M 2GB","17 ","28","16","
27-Oct-2015 ","4096x2160","No",5,32,"33 "
"Maxwell GM107-N16P-GT ","1600 x 900","993 ","Yes",NA,"Nvidia","50 ","4096  ","28.8","128  ","900 ","DDR3","GeForce GTX 950M v2 4GB","18 ","28","16","
12-Mar-2015 ","4096x2160","No",5,40,"45 "
"Maxwell GM204-N16E ","1920 x 1080",NA,"Yes",NA,"Nvidia","70 ","2048  ","80","128  ","1250 ","GDDR5","GeForce GTX 965M 2GB","32 ","28","32","
07-Jan-2015 ","4096x2160","Yes",5,64,"64 "
"Fermi GF119-B1 ","1366 x 768","775 ","Yes",NA,"Nvidia","15 ","1024  ","14.4","64  ","900 ","DDR3","GeForce 705M 1GB","3 ","40","4","
01-Jun-2013 ","2560x1600","No",5,8,"6 "
"Maxwell GM108-N16S-GMR ","1600 x 900","928 ","Yes",NA,"Nvidia","25 ","2048  ","40","64  ","1250 ","GDDR5","GeForce 930MX 2GB","7 ","28","8","
01-Mar-2016 ","4096x2160","No",5,24,"22 "
"Maxwell GM107-N16P-GT ","1920 x 1080","914 ","Yes",NA,"Nvidia","50 ","2048  ","80","128  ","1250 ","GDDR5","GeForce GTX 950M 2GB","16 ","28","16","
12-Mar-2015 ","4096x2160","Yes",5,40,"40 "
"Maxwell GM108-N16S-GT-S ","1366 x 768","1072 ","Yes",NA,"Nvidia","30 ","2048  ","16","64  ","1000 ","DDR3","GeForce 940M 2GB","9 ","28","8","
13-Mar-2015 ","4096x2160","No",5,24,"28 "
"Maxwell GM108-N16V-GMR ","1600 x 900","888 ","Yes",NA,"Nvidia","25 ","2048  ","36","64  ","1125 ","GDDR5","GeForce 920MX 2GB","7 ","28","8","
01-Mar-2016 ","4096x2160","No",5,24,"21 "
"Maxwell GM108-N16S-GM ","1366 x 768","928 ","Yes",NA,"Nvidia","25 ","2048  ","14.4","64  ","900 ","DDR3","GeForce 930M 2GB","8 ","28","8","
13-Mar-2015 ","4096x2160","No",5,24,"23 "
"Maxwell GM108-N16S-GT-S ","1366 x 768","1072 ","Yes",NA,"Nvidia","25 ","4096  ","16","64  ","1000 ","DDR3","GeForce 940M 4GB","9 ","28","8","
13-Mar-2015 ","4096x2160","No",5,24,"28 "
"Kepler GK208-N16V-GM ","1366 x 768","575 ","Yes",NA,"Nvidia","25 ","4096  ","14.4","64  ","900 ","DDR3","GeForce 920M 4GB","8 ","28","8","
13-Mar-2015 ","4096x2160","No",5,32,"31 "
"Kepler GK107? ","1366 x 768",NA,"Yes",NA,"Nvidia","25 ","2048  ","14.4","64  ","900 ","DDR3","GeForce 910M 2GB","6 ","28","8","
27-Jul-2015 ","4096x2160","No",5,32,"26 "
"Kepler GK208-N16V-GM ","1366 x 768","575 ","Yes",NA,"Nvidia","25 ","2048  ","14.4","64  ","900 ","DDR3","GeForce 920M 2GB","8 ","28","8","
13-Mar-2015 ","4096x2160","No",5,32,"31 "
"G70M ",NA,NA,"Yes",NA,"Nvidia","35 ","256  ","35.2","256  ","550 ","GDDR3","GeForce Go 7800",NA,NA,NA,"
01-Mar-2006 ","2560x1600","No",3,NA,NA
"G73-N-B1 ",NA,NA,"Yes",NA,"Nvidia",NA,"512  ","16","128  ","500 ","GDDR3","GeForce Go 7700",NA,NA,NA,"
02-Jan-2006 ","2560x1600","No",3,NA,NA
"G72M ",NA,NA,"Yes",NA,"Nvidia",NA,"64  ","11.2","64  ","700 ","DDR3","GeForce Go 7300",NA,NA,NA,"
01-Feb-2006 ","2560x1600","No",3,NA,NA
"G73M ",NA,NA,"Yes",NA,"Nvidia",NA,"256  ","19.2","128  ","600 ","GDDR3","GeForce Go 7600 GT",NA,NA,NA,"
02-Aug-2006 ","2560x1600","No",3,NA,NA
"Kepler GK208-N16V-GM ","1366 x 768","954 ","Yes",NA,"Nvidia","25 ","1024  ","14.4","64  ","900 ","DDR3","GeForce 920M 1GB","8 ","28","8","
13-Mar-2015 ","4096x2160","No",5,32,"31 "
"G72M ",NA,NA,"Yes",NA,"Nvidia",NA,"128  ","7.2","64  ","450 ","DDR3","GeForce Go 7400",NA,NA,NA,"
01-Feb-2006 ","2560x1600","No",3,NA,NA
"NV41M ",NA,NA,"Yes",NA,"Nvidia",NA,"256  ","17.6","128  ","550 ","DDR3","GeForce Go 6800",NA,NA,NA,"
25-Feb-2005 ",NA,"No",3,NA,NA
"NV43M ",NA,NA,"Yes",NA,"Nvidia",NA,"256  ","9.6","128  ","300 ","DDR2","GeForce Go 6600",NA,NA,NA,"
29-Sep-2005 ",NA,"No",3,NA,NA
"G73M ",NA,NA,"Yes",NA,"Nvidia",NA,"512  ","12.2","128  ","380 ","DDR2","GeForce Go 7600 512MB DDR2",NA,NA,NA,"
01-Mar-2006 ","2560x1600","No",3,NA,NA
"NV44M ",NA,NA,"Yes",NA,"Nvidia",NA,"32  ","2.8","64  ","350 ","DDR","GeForce Go 6400",NA,NA,NA,"
01-Feb-2006 ",NA,"No",3,NA,NA
"C51M ",NA,NA,"No",NA,"Nvidia",NA,NA,NA,NA,NA,"DDR2","GeForce Go 6150",NA,NA,NA,"
01-Feb-2006 ",NA,"No",3,NA,NA
"C51M ",NA,NA,"No",NA,"Nvidia",NA,NA,NA,NA,NA,"DDR2","GeForce Go 6100",NA,NA,NA,"
01-Feb-2006 ",NA,"No",3,NA,NA
"NV44M ",NA,NA,"Yes",NA,"Nvidia","10 ","32  ","2.4","64  ","300 ","DDR","GeForce Go 6200",NA,NA,NA,"
01-Feb-2006 ",NA,"No",3,NA,NA
NA,NA,"
","Yes",NA,"Nvidia",NA,NA,NA,NA,NA,NA,"GeForce 8800M GT",NA,NA,NA,"
01-Nov-2007 ","2560x1600","No",4,NA,NA
NA,NA,"
","Yes",NA,"Nvidia",NA,"320  ",NA,NA,NA,NA,"GeForce 8800M GS",NA,NA,NA,"
01-Nov-2007 ","2560x1600","No",4,NA,NA
"G73M ",NA,NA,"Yes",NA,"Nvidia",NA,"256  ","16","128  ","500 ","GDDR3","GeForce Go 7600",NA,NA,NA,"
01-Mar-2006 ","2560x1600","No",3,NA,NA
"G84M ",NA,NA,NA,NA,"Nvidia","29 ",NA,"25.6","128  ","800 ","GDDR3","GeForce 8700M GT",NA,"80",NA,"
01-Jun-2007 ","2560x1600","Yes",4,NA,NA
"G84M ",NA,NA,"Yes",NA,"Nvidia","29 ","256  ","25.6","128  ","800 ","GDDR3","GeForce 8700M GT 256MB",NA,"80",NA,"
01-Jun-2007 ","2560x1600","Yes",4,NA,NA
"G84M ",NA,NA,"Yes",NA,"Nvidia","20 ","512  ","22.4","128  ","700 ","GDDR3","GeForce 8600M GT 512MB",NA,"80",NA,"
01-Jun-2007 ","2560x1600","Yes",4,NA,NA
"G84M ",NA,NA,"Yes",NA,"Nvidia","20 ","256  ","22.4","128  ","700 ","GDDR3","GeForce 8600M GT",NA,"80",NA,"
01-Jun-2007 ","2560x1600","Yes",4,NA,NA
"G86M ",NA,NA,"Yes",NA,"Nvidia","11 ","256  ","9.6","64  ","600 ","GDDR3","GeForce 8400M GS",NA,"80",NA,"
01-May-2007 ","2560x1600","No",4,NA,NA
"G84M ",NA,NA,"Yes",NA,"Nvidia","18 ","512  ","22.4","128  ","700 ","GDDR3","GeForce 8600M GS",NA,"80",NA,"
01-Jun-2007 ","2560x1600","No",4,NA,NA
"G86M ",NA,NA,"Yes",NA,"Nvidia","10 ","256  ","9.6","64  ","600 ","GDDR3","GeForce 8400M G",NA,"80",NA,"
01-May-2007 ","2560x1600","No",4,NA,NA
NA,NA,NA,"No",NA,"Nvidia",NA,NA,NA,NA,NA,NA,"GeForce 7000M/nForce 610M",NA,NA,NA,"
01-Feb-2006 ","2560x1600","No",3,NA,NA
NA,NA,NA,"No",NA,"Nvidia",NA,NA,NA,"128  ",NA,NA,"GeForce 8200M G",NA,NA,NA,"
01-Jun-2008 ","2560x1600","No",4,NA,NA
"G86M ",NA,NA,"Yes",NA,"Nvidia","14 ","512  ","19.2","128  ","600 ","GDDR3","GeForce 8400M GT",NA,"80",NA,"
01-May-2007 ","2560x1600","No",4,NA,NA
"Broadwell GT3e ","1366 x 768",NA,"No",0,"Intel","65 ",NA,"12.8","128  ","800 ","eDRAM","Iris i5 5675C","2 ","14","2","
02-Jun-2015 ","2560x1600","No",5,8,"9 "
"Sandy Bridge ",NA,NA,"No",0,"Intel",NA,NA,"21.3","128  ","667 ","DDR3","HD Xeon E3-1235",NA,NA,NA,"
01-Apr-2011 ",NA,"No",4,NA,NA
"Clarkdale ",NA,NA,"No",NA,"Intel","73 ",NA,"10.7","64  ","667 ","DDR3","HD i5 K655",NA,NA,NA,"
30-May-2010 ",NA,"No",4,NA,NA
"Sandy Bridge ",NA,NA,"No",0,"Intel",NA,NA,"21.3","128  ","667 ","DDR3","HD Xeon E3-1225",NA,NA,NA,"
01-Apr-2011 ",NA,"No",4,NA,NA
"Sandy Bridge ",NA,NA,"No",0,"Intel",NA,NA,"17.1","128  ","533 ","DDR3","Intel HD Pentium G620",NA,NA,NA,"
01-May-2011 ",NA,"No",4.1,NA,NA
NA,NA,NA,"No",NA,"Intel","45 ",NA,NA,NA,NA,NA,"Intel Media Accelerator HD",NA,NA,NA,"
25-Jan-2010 ","1600x1200","No",NA,NA,NA
"Eaglelake ","800 x 600",NA,"No",0,"Intel",NA,NA,NA,"64  ",NA,NA,"Intel GMA X4500","3 ","65","4","
01-May-2008 ","2560x1600","No",4,4,"3 "
"Skylake GT2 ","1366 x 768","350 ","No",0,"Intel","47 ",NA,"34.1","128  ","1067 ","DDR4","Intel HD Pentium G4520","8 ","14","8","
01-Sep-2015 ","4096x2160","No",5,16,"17 "
"Eaglelake ",NA,NA,"No",0,"Intel",NA,NA,NA,NA,NA,"DDR3","Intel Q45 Express Chipset",NA,NA,NA,"
01-Aug-2008 ",NA,"No",4,NA,NA
"Vega 10 XT ","3840 x 2160",NA,"Yes",1,"AMD","200 ","8192  ","256","512  ","500 ","HBM-2","Radeon RX Vega 64 Nano 8GB","96 ","14","16 (x4)","
30-Sep-2017 ","3840x2160","Yes",5,64,"384 "
"Vega 10 XTX ","3840 x 2160",NA,"Yes",1,"AMD","375 ","8192  ","256","512  ","500 ","HBM-2","Radeon RX Vega 64 Liquid 8GB","102 ","14","16 (x4)","
30-Jul-2017 ","7680x4320","Yes",5,64,"410 "
"RS690C ",NA,NA,"Yes",NA,"AMD",NA,NA,NA,"128  ",NA,"DDR2","Radeon Xpress 1200 Series",NA,NA,NA,"
28-Feb-2007 ","2048x1536","No",3,NA,NA
NA,"5760 x 1600",NA,"Yes",0,"AMD","300 ","6144  ","480","768  ","1250 ","GDDR5","Radeon Sky 900",NA,NA,NA,"
25-Mar-2013 ",NA,"No",5,NA,NA
"R480 ",NA,NA,"Yes",0,"AMD",NA,"256  ","75.5","256  ","1180 ","GDDR3","Radeon X850 XT Platinum",NA,NA,NA,"
21-Dec-2004 ","2048x1536","No",2,NA,NA
NA,"1920 x 1080",NA,"Yes",0,"AMD","225 ","6144  ","264","384  ","1375 ","GDDR5","Radeon Sky 700",NA,NA,NA,"
25-Mar-2013 ",NA,"No",5,NA,NA
"GCN 1.1 Versuvius XT ","5760 x 1600","1018 ","Yes",1,"AMD","750 ","16384  ","1280","512  ","1250 ","GDDR5","Radeon R9 295X2 Crossfire","195 ","28","48 (x4)","
08-Apr-2014 ","4096x2160","Yes",5,176,"717 "
"GCN 1.1 Versuvius XT ","3840 x 2160","1018 ","Yes",1,"AMD","500 ","8192  ","640","512  ","1250 ","GDDR5","Radeon R9 295X2 XFX Hydra 8GB Edition","130 ","28","64 (x2)","
29-Apr-2014 ","4096x2160","Yes",5,176,"358 "
"GCN 1.1 Versuvius XT ","3840 x 2160","1018 ","Yes",1,"AMD","500 ","8192  ","640","512  ","1250 ","GDDR5","Radeon R9 295X2","130 ","28","64 (x2)","
29-Apr-2014 ","4096x2160","Yes",5,176,"358 "
"GCN 1.1 Hawaii XT ","2560 x 1440","1000 ","Yes",1,"AMD","290 ","8192  ","352","512  ","1375 ","GDDR5","Radeon R9 290X XFX Double Dissipation 8GB Edition","64 ","28","64","
07-Nov-2014 ","4096x2160","Yes",5,176,"176 "
NA,"1920 x 1080",NA,"Yes",0,"AMD","150 ","4096  ","153.6","256  ","1200 ","GDDR5","Radeon Sky 500",NA,NA,NA,"
25-Mar-2013 ",NA,"No",5,NA,NA
"GCN 1.2 Fiji XT ","3840 x 2160","1000 ","Yes",1,"AMD","175 ","4096  ","512","4096  ","500 ","HBM-1","Radeon R9 Nano 4GB","64 ","28","64","
27-Aug-2015 ","4096x2160","Yes",5,256,"256 "
"GCN 1.1 Hawaii XT ","2560 x 1440","1000 ","Yes",1,"AMD","290 ","4096  ","320","512  ","1250 ","GDDR5","Radeon R9 290X XFX Core 4GB Edition","64 ","28","64","
24-Oct-2013 ","4096x2160","Yes",5,176,"176 "
"GCN 1.2 Fiji XT (x2) ","3840 x 2160",NA,"Yes",1,"AMD","500 ","8192  ","1024","4096  ","500 ","HBM-1","Radeon R9 FURY X 4GB Crossfire","134 ","28","64 (x2)","
24-Jun-2015 ","4096x2160","Yes",5,256,"538 "
"RS480 ",NA,NA,"No",0,"AMD",NA,NA,"3.2","64  ","400 ","DDR","Radeon Xpress X200",NA,NA,NA,"
01-Nov-2004 ",NA,"No",NA,NA,NA
"GCN 1.2 Fiji PRO ","2560 x 1600","1000 ","Yes",1,"AMD","375 ","4096  ","512","4096  ","500 ","HBM-1","Radeon R9 FURY Sapphire Tri-X 4GB Edition","64 ","28","64","
10-Jul-2015 ","4096x2160","Yes",5,224,"224 "
"GCN 1.2 Fiji XT ","2560 x 1600","1050 ","Yes",1,"AMD","275 ","4096  ","512","4096  ","500 ","HBM-1","Radeon R9 FURY X 4GB","67 ","28","64","
24-Jun-2015 ","4096x2160","Yes",5,256,"269 "
"GCN 1.2 Fiji PRO ","2560 x 1600","1000 ","Yes",1,"AMD","275 ","4096  ","512","4096  ","500 ","HBM-1","Radeon R9 FURY 4GB","64 ","28","64","
10-Jul-2015 ","4096x2160","Yes",5,224,"224 "
"GCN 1.1 Grenada XT ","2560 x 1600","1090 ","Yes",1,"AMD","300 ","8192  ","384","512  ","1500 ","GDDR5","Radeon R9 390X XFX Double Dissipation Black 8GB Edition","70 ","28","64","
18-Jun-2015 ","4096x2160","Yes",5,176,"192 "
"GCN 1.1 Grenada XT ","2560 x 1600","1060 ","Yes",1,"AMD","300 ","8192  ","384","512  ","1500 ","GDDR5","Radeon R9 390X PowerColor PCS+ 8GB Edition","68 ","28","64","
18-Jun-2015 ","4096x2160","Yes",5,176,"187 "
"GCN 1.1 Grenada XT ","2560 x 1600","1050 ","Yes",1,"AMD","275 ","8192  ","384","512  ","1500 ","GDDR5","Radeon R9 390X XFX Double Dissipation 8GB Edition","67 ","28","64","
18-Jun-2015 ","4096x2160","Yes",5,176,"185 "
"GCN 1.1 Grenada XT ","2560 x 1600","1055 ","Yes",1,"AMD","375 ","8192  ","384","512  ","1500 ","GDDR5","Radeon R9 390X Sapphire Tri-X 8GB Edition","68 ","28","64","
18-Jun-2015 ","4096x2160","Yes",5,176,"186 "
"GCN 1.1 Grenada XT ","2560 x 1600","1080 ","Yes",1,"AMD","375 ","8192  ","384","512  ","1500 ","GDDR5","Radeon R9 390X Sapphire Tri-X w/ Back Plate 8GB Edition","69 ","28","64","
18-Jun-2015 ","4096x2160","Yes",5,176,"190 "
"GCN 1.1 Grenada XT ","2560 x 1600","1060 ","Yes",1,"AMD","375 ","8192  ","384","512  ","1500 ","GDDR5","Radeon R9 390X Sapphire Nitro w/ Back Plate 8GB Edition","68 ","28","64","
18-Jun-2015 ","4096x2160","Yes",5,176,"187 "
"GCN 1.1 Grenada XT ","2560 x 1600","1070 ","Yes",1,"AMD","300 ","8192  ","384","512  ","1500 ","GDDR5","Radeon R9 390X HIS IceQ X² OC 8GB Edition","68 ","28","64","
18-Jun-2015 ","4096x2160","Yes",5,176,"188 "
"GCN 1.1 Grenada XT ","2560 x 1600","1100 ","Yes",1,"AMD","300 ","8192  ","390.4","512  ","1525 ","GDDR5","Radeon R9 390X MSI Gaming 8GB Edition","70 ","28","64","
18-Jun-2015 ","4096x2160","Yes",5,176,"194 "
"GCN 1.1 Grenada XT ","2560 x 1600","1100 ","Yes",1,"AMD","275 ","8192  ","390.4","512  ","1525 ","GDDR5","Radeon R9 390X PowerColor Devil 8GB Edition","70 ","28","64","
13-Aug-2015 ","4096x2160","Yes",5,176,"194 "
"GCN 1.1 Grenada XT ","2560 x 1600","1060 ","Yes",1,"AMD","300 ","8192  ","384","512  ","1500 ","GDDR5","Radeon R9 390X Gigabyte G1 Gaming 8GB Edition","68 ","28","64","
18-Jun-2015 ","4096x2160","Yes",5,176,"187 "
"GCN 1.1 Grenada XT (x2) ","3840 x 2160","1050 ","Yes",1,"AMD","550 ","16384  ","768","512  ","1500 ","GDDR5","Radeon R9 390X Crossfire","134 ","28","64 (x2)","
18-Jun-2015 ","4096x2160","Yes",5,176,"370 "
"GCN 1.1 Grenada XT ","2560 x 1600","1070 ","Yes",1,"AMD","375 ","8192  ","384","512  ","1500 ","GDDR5","Radeon R9 390X Asus DirectCU III Strix Gaming OC 8GB Edition","68 ","28","64","
18-Jun-2015 ","4096x2160","Yes",5,176,"188 "
"GCN 1.1 Grenada XT ","2560 x 1600","1060 ","Yes",1,"AMD","300 ","8192  ","384","512  ","1500 ","GDDR5","Radeon R9 390X Club3D royalQueen OC 8GB Edition","68 ","28","64","
18-Jun-2015 ","4096x2160","Yes",5,176,"187 "
"GCN 1.1 Grenada PRO ","2560 x 1440","1000 ","Yes",1,"AMD","275 ","8192  ","384","512  ","1500 ","GDDR5","Radeon R9 390 XFX Double Dissipation 8GB Edition","64 ","28","64","
18-Jun-2015 ","4096x2160","Yes",5,160,"160 "
"GCN 1.1 Grenada XT ","2560 x 1600","1050 ","Yes",1,"AMD","275 ","8192  ","384","512  ","1500 ","GDDR5","Radeon R9 390X","67 ","28","64","
18-Jun-2015 ","4096x2160","Yes",5,176,"185 "
"GCN 1.1 Grenada PRO ","2560 x 1440","1010 ","Yes",1,"AMD","300 ","8192  ","384","512  ","1500 ","GDDR5","Radeon R9 390 PowerColor PCS+ 8GB Edition","65 ","28","64","
18-Jun-2015 ","4096x2160","Yes",5,160,"162 "
"GCN 1.1 Grenada XT ","2560 x 1600","1050 ","Yes",1,"AMD","275 ","8192  ","384","512  ","1500 ","GDDR5","Radeon R9 390X Asus DirectCU II 8GB Edition","67 ","28","64","
18-Jun-2015 ","4096x2160","Yes",5,176,"185 "
"GCN 1.1 Grenada PRO ","2560 x 1440","1010 ","Yes",1,"AMD","375 ","8192  ","384","512  ","1500 ","GDDR5","Radeon R9 390 Sapphire Nitro 8GB Edition","65 ","28","64","
18-Jun-2015 ","4096x2160","Yes",5,160,"162 "
"GCN 1.1 Grenada PRO ","2560 x 1440","1040 ","Yes",1,"AMD","375 ","8192  ","384","512  ","1500 ","GDDR5","Radeon R9 390 Sapphire Nitro w/ Back Plate 8GB Edition","67 ","28","64","
16-Sep-2015 ","4096x2160","Yes",5,160,"166 "
"GCN 1.1 Grenada PRO ","2560 x 1440","1025 ","Yes",1,"AMD","275 ","8192  ","384","512  ","1500 ","GDDR5","Radeon R9 390 Gigabyte G1 Gaming 8GB Edition","66 ","28","64","
18-Jun-2015 ","4096x2160","Yes",5,160,"164 "
"GCN 1.1 Grenada PRO ","2560 x 1440","1060 ","Yes",1,"AMD","275 ","8192  ","390.4","512  ","1525 ","GDDR5","Radeon R9 390 MSI Gaming 8GB Edition","68 ","28","64","
18-Jun-2015 ","4096x2160","Yes",5,160,"170 "
"GCN 1.1 Grenada PRO (x2) ","3840 x 2160","1000 ","Yes",1,"AMD","550 ","16384  ","768","512  ","1500 ","GDDR5","Radeon R9 390 Crossfire","128 ","28","64 (x2)","
18-Jun-2015 ","4096x2160","Yes",5,160,"320 "
"GCN 1.1 Grenada PRO (x2) ","3840 x 2160","1000 ","Yes",1,"AMD","580 ","16384  ","691.2","512  ","1350 ","GDDR5","Radeon R9 390 PowerColor Devil 13 Dual Core 16GB Edition","128 ","28","64 (x2)","
03-Sep-2015 ","4096x2160","Yes",5,160,"320 "
"GCN 1.1 Grenada PRO ","2560 x 1440","1050 ","Yes",1,"AMD","300 ","8192  ","384","512  ","1500 ","GDDR5","Radeon R9 390 Asus DirectCU III OC Strix Gaming 8GB Edition","67 ","28","64","
18-Jun-2015 ","4096x2160","Yes",5,160,"168 "
"GCN 1.2 Antigua XT ","1920 x 1080","1030 ","Yes",1,"AMD","225 ","4096  ","185.6","256  ","1450 ","GDDR5","Radeon R9 380X XFX Double Dissipation Black OC 4GB Edition","33 ","28","32","
19-Nov-2015 ","4096x2160","Yes",5,128,"132 "
"GCN 1.1 Grenada PRO (x2) ","3840 x 2160","1025 ","Yes",1,"AMD","550 ","16384  ","768","512  ","1500 ","GDDR5","Radeon R9 390 Gigabyte G1 Gaming 8GB Edition Crossfire","131 ","28","64 (x2)","
18-Jun-2015 ","4096x2160","Yes",5,160,"328 "
"GCN 1.2 Antigua XT ","1920 x 1080","990 ","Yes",1,"AMD","190 ","4096  ","182.4","256  ","1425 ","GDDR5","Radeon R9 380X XFX Double Dissipation XXX OC 4GB Edition","32 ","28","32","
19-Nov-2015 ","4096x2160","Yes",5,128,"127 "
"GCN 1.1 Grenada PRO ","2560 x 1440","1000 ","Yes",1,"AMD","275 ","8192  ","384","512  ","1500 ","GDDR5","Radeon R9 390","64 ","28","64","
18-Jun-2015 ","4096x2160","Yes",5,160,"160 "
"GCN 1.1 Grenada PRO ","2560 x 1440","1010 ","Yes",1,"AMD","300 ","8192  ","384","512  ","1500 ","GDDR5","Radeon R9 390 Club3D royalQueen OC 8GB Edition","65 ","28","64","
18-Jun-2015 ","4096x2160","Yes",5,160,"162 "
"GCN 1.2 Antigua XT ","1920 x 1080","1040 ","Yes",1,"AMD","225 ","4096  ","192","256  ","1500 ","GDDR5","Radeon R9 380X Sapphire Nitro 4GB Edition","33 ","28","32","
19-Nov-2015 ","4096x2160","Yes",5,128,"133 "
"GCN 1.2 Antigua XT ","1920 x 1080","1020 ","Yes",1,"AMD","190 ","4096  ","182.4","256  ","1425 ","GDDR5","Radeon R9 380X HIS IceQ X² Turbo 4GB Edition","33 ","28","32","
19-Nov-2015 ","4096x2160","Yes",5,128,"131 "
"GCN 1.1 Grenada PRO ","2560 x 1440","1000 ","Yes",1,"AMD","300 ","8192  ","384","512  ","1500 ","GDDR5","Radeon R9 390 Asus DirectCU II 8GB Edition","64 ","28","64","
18-Jun-2015 ","4096x2160","Yes",5,160,"160 "
"GCN 1.2 Antigua XT ","1920 x 1080","990 ","Yes",1,"AMD","190 ","4096  ","182.4","256  ","1425 ","GDDR5","Radeon R9 380X HIS IceQ X² OC 4GB Edition","32 ","28","32","
19-Nov-2015 ","4096x2160","Yes",5,128,"127 "
"GCN 1.2 Antigua XT ","1920 x 1080","1020 ","Yes",1,"AMD","225 ","4096  ","188.8","256  ","1475 ","GDDR5","Radeon R9 380X PowerColor PCS+ Myst. 4GB Edition","33 ","28","32","
19-Nov-2015 ","4096x2160","Yes",5,128,"131 "
"GCN 1.2 Antigua XT ","1920 x 1080","980 ","Yes",1,"AMD","190 ","4096  ","182.4","256  ","1425 ","GDDR5","Radeon R9 380X Gigabyte Gaming G1 4GB Edition","31 ","28","32","
19-Nov-2015 ","4096x2160","Yes",5,128,"125 "
"GCN 1.2 Antigua XT ","1920 x 1080","970 ","Yes",1,"AMD","190 ","4096  ","182.4","256  ","1425 ","GDDR5","Radeon R9 380X Asus DirectCU II Strix Gaming 4GB Edition","31 ","28","32","
19-Nov-2015 ","4096x2160","Yes",5,128,"124 "
"GCN 1.2 Antigua XT ","1920 x 1080","970 ","Yes",1,"AMD","190 ","4096  ","182.4","256  ","1425 ","GDDR5","Radeon R9 380X","31 ","28","32","
19-Nov-2015 ","4096x2160","Yes",5,128,"124 "
"GCN 1.2 Antigua PRO ","1920 x 1080","980 ","Yes",1,"AMD","225 ","2048  ","176","256  ","1375 ","GDDR5","Radeon R9 380 Sapphire ITX Compact OC 2GB Edition","31 ","28","32","
18-Jun-2015 ","4096x2160","Yes",5,112,"110 "
"GCN 1.2 Antigua XT ","1920 x 1080","1030 ","Yes",1,"AMD","190 ","4096  ","182.4","256  ","1425 ","GDDR5","Radeon R9 380X Asus DirectCU II OC Strix Gaming 4GB Edition","33 ","28","32","
19-Nov-2015 ","4096x2160","Yes",5,128,"132 "
"GCN 1.2 Antigua PRO ","1920 x 1080","990 ","Yes",1,"AMD","190 ","4096  ","182.4","256  ","1425 ","GDDR5","Radeon R9 380 XFX Double Dissipation 4GB Edition","32 ","28","32","
18-Jun-2015 ","4096x2160","Yes",5,112,"111 "
"GCN 1.2 Antigua PRO ","1920 x 1080","980 ","Yes",1,"AMD","190 ","2048  ","188.8","256  ","1475 ","GDDR5","Radeon R9 380 PowerColor PCS+ 2GB Edition","31 ","28","32","
18-Jun-2015 ","4096x2160","Yes",5,112,"110 "
"GCN 1.2 Antigua PRO ","1920 x 1080","980 ","Yes",1,"AMD","190 ","4096  ","188.8","256  ","1475 ","GDDR5","Radeon R9 380 PowerColor PCS+ 4GB Edition","31 ","28","32","
18-Jun-2015 ","4096x2160","Yes",5,112,"110 "
"GCN 1.2 Antigua PRO ","1920 x 1080","985 ","Yes",1,"AMD","225 ","4096  ","185.6","256  ","1450 ","GDDR5","Radeon R9 380 Sapphire Nitro 4GB Edition","32 ","28","32","
18-Jun-2015 ","4096x2160","Yes",5,112,"110 "
"GCN 1.2 Antigua PRO ","1920 x 1080","990 ","Yes",1,"AMD","190 ","4096  ","182.4","256  ","1425 ","GDDR5","Radeon R9 380 HIS IceQ X² OC 4GB Edition","32 ","28","32","
18-Jun-2015 ","4096x2160","Yes",5,112,"111 "
"GCN 1.2 Antigua PRO ","1920 x 1080","985 ","Yes",1,"AMD","225 ","2048  ","176","256  ","1375 ","GDDR5","Radeon R9 380 Sapphire Dual-X OC 2GB Edition","32 ","28","32","
18-Jun-2015 ","4096x2160","Yes",5,112,"110 "
"GCN 1.2 Antigua PRO ","1920 x 1080","980 ","Yes",1,"AMD","190 ","2048  ","176","256  ","1375 ","GDDR5","Radeon R9 380 MSI OC 2GB Edition","31 ","28","32","
18-Jun-2015 ","4096x2160","Yes",5,112,"110 "
"GCN 1.2 Antigua PRO ","1920 x 1080","1000 ","Yes",1,"AMD","190 ","4096  ","185.6","256  ","1450 ","GDDR5","Radeon R9 380 MSI Gaming 4GB Edition","32 ","28","32","
18-Jun-2015 ","4096x2160","Yes",5,112,"112 "
"GCN 1.2 Antigua PRO ","1920 x 1080","990 ","Yes",1,"AMD","190 ","4096  ","182.4","256  ","1425 ","GDDR5","Radeon R9 380 HIS IceQ X² 4GB Edition","32 ","28","32","
18-Jun-2015 ","4096x2160","Yes",5,112,"111 "
"GCN 1.2 Antigua PRO ","1920 x 1080","980 ","Yes",1,"AMD","190 ","2048  ","176","256  ","1375 ","GDDR5","Radeon R9 380 Gigabyte WindForce 2X OC (rev 1.0) 2GB Edition","31 ","28","32","
18-Jun-2015 ","4096x2160","Yes",5,112,"110 "
"GCN 1.2 Antigua PRO ","1920 x 1080","1000 ","Yes",1,"AMD","190 ","2048  ","179.2","256  ","1400 ","GDDR5","Radeon R9 380 MSI Gaming 2GB Edition","32 ","28","32","
18-Jun-2015 ","4096x2160","Yes",5,112,"112 "
"GCN 1.2 Antigua PRO (x2) ","2560 x 1600","970 ","Yes",1,"AMD","400 ","4096  ","352","256  ","1375 ","GDDR5","Radeon R9 380 Crossfire","62 ","28","32 (x2)","
18-Jun-2015 ","4096x2160","Yes",5,112,"217 "
"GCN 1.2 Antigua PRO ","1920 x 1080","990 ","Yes",1,"AMD","190 ","4096  ","182.4","256  ","1425 ","GDDR5","Radeon R9 380 Gigabyte G1 Gaming 4GB Edition","32 ","28","32","
18-Jun-2015 ","4096x2160","Yes",5,112,"111 "
"GCN 1.2 Tonga PRO ","1920 x 1080","918 ","Yes",1,"AMD","190 ","2048  ","176","256  ","1375 ","GDDR5","Radeon R9 380 (OEM)","29 ","28","32","
07-May-2015 ","4096x2160","Yes",5,112,"103 "
"GCN 1.2 Antigua PRO ","1920 x 1080","980 ","Yes",1,"AMD","190 ","4096  ","188.8","256  ","1475 ","GDDR5","Radeon R9 380 Club3D royalQueen OC 4GB Edition","31 ","28","32","
18-Jun-2015 ","4096x2160","Yes",5,112,"110 "
"GCN 1.2 Antigua PRO ","1920 x 1080","990 ","Yes",1,"AMD","190 ","2048  ","176","256  ","1375 ","GDDR5","Radeon R9 380 Asus DirectCU II OC Strix Gaming 2GB Edition","32 ","28","32","
18-Jun-2015 ","4096x2160","Yes",5,112,"111 "
"GCN 1.0 Pitcairn PRO ","1920 x 1080","925 ","Yes",1,"AMD","150 ","2048  ","179.2","256  ","1400 ","GDDR5","Radeon R9 370 (OEM)","31 ","28","32","
07-May-2015 ","4096x2160","Yes",5,64,"62 "
"GCN 1.0 Trinidad PRO (x2) ","1920 x 1080","985 ","Yes",1,"AMD","300 ","8192  ","358.4","256  ","1400 ","GDDR5","Radeon R7 370 Sapphire Nitro 4GB Edition Crossfire","63 ","28","32 (x2)","
18-Jun-2015 ","4096x2160","Yes",5,64,"126 "
"GCN 1.0 Trinidad XT ","1920 x 1080","1000 ","Yes",1,"AMD","180 ","2048  ","179.2","256  ","1400 ","GDDR5","Radeon R9 370X","34 ","28","32","
27-Aug-2015 ","4096x2160","Yes",5,80,"84 "
"GCN 1.2 Antigua PRO ","1920 x 1080","970 ","Yes",1,"AMD","190 ","2048  ","176","256  ","1375 ","GDDR5","Radeon R9 380","31 ","28","32","
18-Jun-2015 ","4096x2160","Yes",5,112,"109 "
"GCN 1.0 Trinidad PRO ","1600 x 900","985 ","Yes",1,"AMD","150 ","2048  ","179.2","256  ","1400 ","GDDR5","Radeon R7 370 Sapphire Nitro 2GB Edition","33 ","28","32","
18-Jun-2015 ","4096x2160","Yes",5,64,"66 "
"GCN 1.0 Trinidad PRO (x2) ","1920 x 1080","1020 ","Yes",1,"AMD","220 ","8192  ","364.8","256  ","1425 ","GDDR5","Radeon R7 370 MSI Gaming 4GB Edition Crossfire","68 ","28","32 (x2)","
18-Jun-2015 ","4096x2160","Yes",5,64,"137 "
"GCN 1.0 Trinidad PRO ","1600 x 900","985 ","Yes",1,"AMD","150 ","2048  ","179.2","256  ","1400 ","GDDR5","Radeon R7 370 Sapphire Dual-X OC 2GB Edition","33 ","28","32","
18-Jun-2015 ","4096x2160","Yes",5,64,"66 "
"GCN 1.0 Trinidad PRO ","1600 x 900","985 ","Yes",1,"AMD","150 ","4096  ","179.2","256  ","1400 ","GDDR5","Radeon R7 370 Sapphire Nitro 4GB Edition","32 ","28","32","
18-Jun-2015 ","4096x2160","Yes",5,64,"63 "
"GCN 1.0 Trinidad PRO ","1600 x 900","970 ","Yes",1,"AMD","110 ","2048  ","179.2","256  ","1400 ","GDDR5","Radeon R7 370 MSI OC 2GB Edition","33 ","28","32","
18-Jun-2015 ","4096x2160","Yes",5,64,"65 "
"GCN 1.0 Trinidad PRO ","1600 x 900","935 ","Yes",1,"AMD","110 ","2048  ","182.4","256  ","1425 ","GDDR5","Radeon R7 370 PowerColor PCS+ 2GB Edition","32 ","28","32","
18-Jun-2015 ","4096x2160","Yes",5,64,"63 "
"GCN 1.2 Antigua PRO ","1920 x 1080","990 ","Yes",1,"AMD","190 ","4096  ","176","256  ","1375 ","GDDR5","Radeon R9 380 Asus DirectCU II OC Strix Gaming 4GB Edition","32 ","28","32","
18-Jun-2015 ","4096x2160","Yes",5,112,"111 "
"GCN 1.0 Trinidad PRO ","1600 x 900","1020 ","Yes",1,"AMD","110 ","4096  ","182.4","256  ","1425 ","GDDR5","Radeon R7 370 MSI Gaming 4GB Edition","34 ","28","32","
18-Jun-2015 ","4096x2160","Yes",5,64,"68 "
"GCN 1.1 Tobago PRO ","1600 x 900","1000 ","Yes",1,"AMD","85 ","2048  ","104","128  ","1625 ","GDDR5","Radeon R9 360 (OEM)","17 ","28","16","
07-May-2015 ","4096x2160","Yes",5,48,"50 "
"GCN 1.0 Trinidad PRO ","1600 x 900","1000 ","Yes",1,"AMD","110 ","2048  ","182.4","256  ","1425 ","GDDR5","Radeon R7 370 MSI Gaming 2GB Edition","34 ","28","32","
18-Jun-2015 ","4096x2160","Yes",5,64,"67 "
"GCN 1.0 Trinidad PRO (x2) ","1920 x 1080","925 ","Yes",1,"AMD","225 ","4096  ","358.4","256  ","1400 ","GDDR5","Radeon R7 370 Crossfire","62 ","28","32 (x2)","
18-Jun-2015 ","4096x2160","Yes",5,64,"125 "
"GCN 1.0 Trinidad PRO ","1600 x 900","1000 ","Yes",1,"AMD","150 ","4096  ","179.2","256  ","1400 ","GDDR5","Radeon R7 370 Asus DirectCU II OC Strix Gaming 4GB Edition","34 ","28","32","
18-Jun-2015 ","4096x2160","Yes",5,64,"67 "
"GCN 1.1 Tobago XT ","1600 x 900","1100 ","Yes",1,"AMD","120 ","2048  ","104","128  ","1625 ","GDDR5","Radeon R7 360X [not released]","18 ","28","16","
30-Oct-2015 ","2560x1600","Yes",5,56,"64 "
"GCN 1.0 Trinidad PRO ","1600 x 900","975 ","Yes",1,"AMD","110 ","2048  ","179.2","256  ","1400 ","GDDR5","Radeon R7 370 Gigabyte WindForce 2X OC (Rev 1.0) 2GB Edition","32 ","28","32","
18-Jun-2015 ","4096x2160","Yes",5,64,"65 "
"GCN 1.0 Trinidad PRO ","1600 x 900","1000 ","Yes",1,"AMD","150 ","2048  ","179.2","256  ","1400 ","GDDR5","Radeon R7 370 Asus DirectCU II OC Strix Gaming 2GB Edition","34 ","28","32","
18-Jun-2015 ","4096x2160","Yes",5,64,"67 "
"GCN 1.0 Trinidad PRO ","1600 x 900","925 ","Yes",1,"AMD","110 ","2048  ","179.2","256  ","1400 ","GDDR5","Radeon R7 370","31 ","28","32","
18-Jun-2015 ","4096x2160","Yes",5,64,"62 "
"GCN 1.1 Tobago PRO ","1600 x 900","1060 ","Yes",1,"AMD","150 ","2048  ","104","128  ","1625 ","GDDR5","Radeon R7 360 v2 Sapphire Nitro 2GB Edition","17 ","28","16","
18-Jun-2015 ","4096x2160","Yes",5,48,"51 "
"GCN 1.1 Tobago PRO ","1600 x 900","1050 ","Yes",1,"AMD","100 ","2048  ","112","128  ","1750 ","GDDR5","Radeon R7 360 v3","17 ","28","16","
18-Jun-2015 ","4096x2160","Yes",5,48,"50 "
"GCN 1.1 Tobago PRO ","1600 x 900","1100 ","Yes",1,"AMD","100 ","2048  ","96","128  ","1500 ","GDDR5","Radeon R7 360 XFX Double Dissipation Best Buy 2GB Edition","18 ","28","16","
18-Jun-2015 ","4096x2160","Yes",5,48,"53 "
"GCN 1.1 Tobago PRO ","1600 x 900","1050 ","Yes",1,"AMD","100 ","2048  ","104","128  ","1625 ","GDDR5","Radeon R7 360 v2 MSI OC 2GB Edition","17 ","28","16","
18-Jun-2015 ","4096x2160","Yes",5,48,"50 "
"GCN 1.1 Tobago PRO ","1600 x 900","1050 ","Yes",1,"AMD","100 ","2048  ","96","128  ","1500 ","GDDR5","Radeon R7 360 XFX Double Dissipation 2GB Edition","17 ","28","16","
18-Jun-2015 ","4096x2160","Yes",5,48,"50 "
"GCN 1.1 Tobago PRO ","1600 x 900","1060 ","Yes",1,"AMD","100 ","2048  ","105.6","128  ","1650 ","GDDR5","Radeon R7 360 v2 PowerColor OC 2GB Edition","17 ","28","16","
18-Jun-2015 ","4096x2160","Yes",5,48,"51 "
"GCN 1.1 Tobago PRO ","1600 x 900","1050 ","Yes",1,"AMD","100 ","2048  ","96","128  ","1500 ","GDDR5","Radeon R7 360 XFX Core 2GB Edition","17 ","28","16","
18-Jun-2015 ","4096x2160","Yes",5,48,"50 "
"GCN 1.1 Tobago PRO ","1600 x 900","1070 ","Yes",1,"AMD","100 ","2048  ","104","128  ","1625 ","GDDR5","Radeon R7 360 v2 HIS iCooler 2GB Edition","17 ","28","16","
18-Jun-2015 ","4096x2160","Yes",5,48,"51 "
"GCN 1.1 Tobago PRO ","1600 x 900","1060 ","Yes",1,"AMD","150 ","2048  ","96","128  ","1500 ","GDDR5","Radeon R7 360 Sapphire OC 2GB Edition","17 ","28","16","
18-Jun-2015 ","4096x2160","Yes",5,48,"51 "
"GCN 1.1 Tobago PRO ","1600 x 900","1200 ","Yes",1,"AMD","150 ","2048  ","104","128  ","1625 ","GDDR5","Radeon R7 360 v2 Gigabyte OC 2GB Edition","19 ","28","16","
18-Jun-2015 ","4096x2160","Yes",5,48,"58 "
"GCN 1.1 Tobago PRO (x2) ","1920 x 1080","1050 ","Yes",1,"AMD","200 ","4096  ","192","128  ","1500 ","GDDR5","Radeon R7 360 Crossfire","34 ","28","16 (x2)","
18-Jun-2015 ","2560x1600","Yes",5,48,"101 "
"GCN 1.1 Tobago PRO ","1600 x 900","1070 ","Yes",1,"AMD","50 ","2048  ","96","128  ","1500 ","GDDR5","Radeon R7 360 HIS GREEN iCooler OC 2GB Edition","17 ","28","16","
09-Mar-2016 ","4096x2160","Yes",5,48,"51 "
"GCN 1.1 Tobago PRO ","1600 x 900","1070 ","Yes",1,"AMD","100 ","2048  ","104","128  ","1625 ","GDDR5","Radeon R7 360 v2 Asus OC 2GB Edition","17 ","28","16","
18-Jun-2015 ","4096x2160","Yes",5,48,"51 "
"GCN 1.1 Oland XT ","1366 x 768","730 ","Yes",1,"AMD","50 ","2048  ","28.8","128  ","900 ","DDR3","Radeon R7 340 (OEM)","6 ","28","8","
05-May-2015 ","2560x1600","No",5,24,"19 "
"GCN 1.1 Tobago PRO ","1600 x 900","1050 ","Yes",1,"AMD","100 ","2048  ","104","128  ","1625 ","GDDR5","Radeon R7 360 v2","17 ","28","16","
18-Jun-2015 ","4096x2160","Yes",5,48,"50 "
"GCN 1.1 Oland PRO ","1366 x 768","800 ","Yes",1,"AMD","65 ","2048  ","72","128  ","1125 ","GDDR5","Radeon R5 340 (OEM)","7 ","28","8","
05-May-2015 ","4096x2160","No",5,20,"17 "
"GCN 1.1 Oland PRO ","1366 x 768","830 ","Yes",1,"AMD","50 ","2048  ","28.8","128  ","900 ","DDR3","Radeon R5 330 (OEM)","7 ","28","8","
05-May-2015 ","4096x2160","No",5,20,"17 "
"GCN 1.1 Tobago PRO ","1600 x 900","1050 ","Yes",1,"AMD","75 ","2048  ","96","128  ","1500 ","GDDR5","Radeon R7 360","17 ","28","16","
18-Jun-2015 ","4096x2160","Yes",5,48,"50 "
"GCN 1.1 Oland XT ","1600 x 900","1000 ","Yes",1,"AMD","65 ","2048  ","73.6","128  ","1150 ","GDDR5","Radeon R7 350 [not released]","8 ","28","8","
01-Sep-2015 ","2560x1600","Yes",5,24,"25 "
"GCN 1.1 Hawaii XT ","2560 x 1440","1050 ","Yes",1,"AMD","300 ","4096  ","320","512  ","1250 ","GDDR5","Radeon R9 290X XFX Black Edition","67 ","28","64","
01-Dec-2013 ","4096x2160","Yes",5,176,"185 "
"GCN 1.2 Capsaicin XT ","3840 x 2160","1000 ","Yes",1,"AMD","350 ","8192  ","1024","4096  ","500 ","HBM-1","Radeon Pro Duo 8GB [not released]","128 ","28","64 (x2)","
26-Apr-2016 ","4096x2160","Yes",5,256,"512 "
"GCN 1.1 Hawaii XT ","2560 x 1440","1030 ","Yes",1,"AMD","290 ","8192  ","352","512  ","1375 ","GDDR5","Radeon R9 290X Sapphire Vapor-X 8GB Edition","66 ","28","64","
07-Nov-2014 ","4096x2160","Yes",5,176,"181 "
"GCN 1.1 Hawaii XT ","2560 x 1440","1080 ","Yes",1,"AMD","290 ","4096  ","361","512  ","1410 ","GDDR5","Radeon R9 290X Sapphire Vapor-X Tri-X OC 4GB Edition","69 ","28","64","
29-Apr-2014 ","4096x2160","Yes",5,176,"190 "
"GCN 1.1 Hawaii XT (x2) ","2560 x 1440","1040 ","Yes",1,"AMD",NA,"8192  ","691.2","512  ","1350 ","GDDR5","Radeon R9 290X PowerColor PCS+ 4GB Edition Crossfire","133 ","28","64 (x2)","
07-Jan-2014 ","4096x2160","Yes",5,176,"366 "
"GCN 1.1 Hawaii XT ","2560 x 1440","1040 ","Yes",1,"AMD","290 ","4096  ","332.8","512  ","1300 ","GDDR5","Radeon R9 290X Sapphire Tri-X OC Edition","67 ","28","64","
01-Dec-2013 ","4096x2160","Yes",5,176,"183 "
"GCN 1.1 Oland XT ","1600 x 900","1000 ","Yes",1,"AMD","65 ","1024  ","73.6","128  ","1150 ","GDDR5","Radeon R7 350 (OEM)","8 ","28","8","
05-May-2015 ","2560x1600","No",5,24,"25 "
"GCN 1.1 Hawaii XT ","2560 x 1440","1040 ","Yes",1,"AMD","290 ","4096  ","345.6","512  ","1350 ","GDDR5","Radeon R9 290X PowerColor PCS+ 4GB Edition","67 ","28","64","
07-Jan-2014 ","4096x2160","Yes",5,176,"183 "
"GCN 1.1 Hawaii XT ","2560 x 1440","1030 ","Yes",1,"AMD",NA,"4096  ","320","512  ","1250 ","GDDR5","Radeon R9 290X PowerColor OC Edition","66 ","28","64","
26-Oct-2013 ","4096x2160","Yes",5,176,"181 "
"GCN 1.1 Hawaii XT ","2560 x 1440","1080 ","Yes",1,"AMD","290 ","4096  ","320","512  ","1250 ","GDDR5","Radeon R9 290X MSI Lightning Edition","69 ","28","64","
01-Mar-2014 ","4096x2160","Yes",5,176,"190 "
"GCN 1.1 Hawaii XT (x2) ","3840 x 2160","1040 ","Yes",1,"AMD","580 ","8192  ","640","512  ","1250 ","GDDR5","Radeon R9 290X MSI Gaming Edition Crossfire","133 ","28","64 (x2)","
01-Dec-2013 ","4096x2160","Yes",5,176,"366 "
"GCN 1.1 Hawaii XT ","2560 x 1440","1040 ","Yes",1,"AMD","290 ","4096  ","320","512  ","1250 ","GDDR5","Radeon R9 290X MSI Gaming Edition","67 ","28","64","
01-Dec-2013 ","4096x2160","Yes",5,176,"183 "
"GCN 1.1 Hawaii XT (x2) ","3840 x 2160","1040 ","Yes",1,"AMD",NA,"8192  ","640","512  ","1250 ","GDDR5","Radeon R9 290X Gigabyte WindForce 3X OC Edition Crossfire","133 ","28","64 (x2)","
01-Dec-2013 ","4096x2160","Yes",5,176,"366 "
"GCN 1.1 Hawaii XT ","2560 x 1440","1040 ","Yes",1,"AMD","290 ","8192  ","320","512  ","1250 ","GDDR5","Radeon R9 290X MSI Gaming 8GB Edition","67 ","28","64","
06-Nov-2014 ","4096x2160","Yes",5,176,"183 "
"GCN 1.1 Hawaii XT ","2560 x 1440","1030 ","Yes",1,"AMD","250 ","4096  ","320","512  ","1250 ","GDDR5","Radeon R9 290X Club3D royalKing Edition","66 ","28","64","
24-Oct-2013 ","4096x2160","Yes",5,176,"181 "
"GCN 1.1 Hawaii XT (x2) ","5760 x 1600","1000 ","Yes",2,"AMD","500 ","8192  ","640","512  ","1250 ","GDDR5","Radeon R9 290X Crossfire","128 ","28","64 (x2)","
24-Oct-2013 ","4096x2160","Yes",5,176,"352 "
"GCN 1.1 Hawaii XT (x2) ","5760 x 1600","1050 ","Yes",1,"AMD","600 ","8192  ","691.2","512  ","1350 ","GDDR5","Radeon R9 290X Asus DirectCU II OC Edition Crossfire","134 ","28","64 (x2)","
01-Dec-2013 ","4096x2160","Yes",5,176,"370 "
"GCN 1.1 Hawaii XT ","2560 x 1440","1050 ","Yes",1,"AMD","300 ","4096  ","345.6","512  ","1350 ","GDDR5","Radeon R9 290X Asus DirectCU II OC Edition","67 ","28","64","
19-Dec-2013 ","4096x2160","Yes",5,176,"185 "
"GCN 1.1 Hawaii XT ","2560 x 1440","1040 ","Yes",1,"AMD","290 ","4096  ","320","512  ","1250 ","GDDR5","Radeon R9 290X Gigabyte WindForce 3X OC Edition","67 ","28","64","
01-Dec-2013 ","4096x2160","Yes",5,176,"183 "
"GCN 1.1 Hawaii XT ","2560 x 1440","1000 ","Yes",1,"AMD","290 ","4096  ","320","512  ","1250 ","GDDR5","Radeon R9 290X","64 ","28","64","
24-Oct-2013 ","4096x2160","Yes",5,176,"176 "
"GCN 1.1 Hawaii XT ","2560 x 1440","1050 ","Yes",1,"AMD","375 ","4096  ","345.6","512  ","1350 ","GDDR5","Radeon R9 290X Asus ROG Matrix Platinum Edition","67 ","28","64","
19-Mar-2014 ","4096x2160","Yes",5,176,"185 "
"GCN 1.1 Hawaii PRO ","2560 x 1440","980 ","Yes",1,"AMD","250 ","4096  ","320","512  ","1250 ","GDDR5","Radeon R9 290 XFX Black Edition","63 ","28","64","
05-Nov-2013 ","4096x2160","Yes",5,160,"157 "
"GCN 1.1 Hawaii XT ","2560 x 1440","1000 ","Yes",1,"AMD","300 ","4096  ","320","512  ","1250 ","GDDR5","Radeon R9 290X Asus DirectCU II Edition","64 ","28","64","
06-Jan-2014 ","4096x2160","Yes",5,176,"176 "
"GCN 1.1 Hawaii PRO ","2560 x 1440","1030 ","Yes",1,"AMD","275 ","4096  ","358.4","512  ","1400 ","GDDR5","Radeon R9 290 Sapphire Vapor-X OC Edition","66 ","28","64","
05-Apr-2014 ","4096x2160","Yes",5,160,"165 "
"GCN 1.1 Hawaii PRO ","2560 x 1440","947 ","Yes",1,"AMD","250 ","4096  ","320","512  ","1250 ","GDDR5","Radeon R9 290 XFX Double Dissipation Edition","61 ","28","64","
20-Dec-2013 ","4096x2160","Yes",5,160,"152 "
"GCN 1.1 Hawaii PRO ","2560 x 1440","975 ","Yes",1,"AMD","250 ","4096  ","320","512  ","1250 ","GDDR5","Radeon R9 290 VTX3D X-Edition","62 ","28","64","
05-Nov-2013 ","4096x2160","Yes",5,160,"156 "
"GCN 1.1 Hawaii PRO ","2560 x 1440","1000 ","Yes",1,"AMD","275 ","4096  ","332.8","512  ","1300 ","GDDR5","Radeon R9 290 Sapphire Tri-X OC Edition","64 ","28","64","
05-Dec-2013 ","4096x2160","Yes",5,160,"160 "
"GCN 1.1 Hawaii PRO ","2560 x 1440","975 ","Yes",1,"AMD","250 ","4096  ","320","512  ","1250 ","GDDR5","Radeon R9 290 PowerColor OC Edition","62 ","28","64","
05-Nov-2013 ","4096x2160","Yes",5,160,"156 "
"GCN 1.1 Hawaii PRO ","2560 x 1440","1007 ","Yes",1,"AMD","275 ","4096  ","320","512  ","1250 ","GDDR5","Radeon R9 290 MSI Gaming Edition","64 ","28","64","
23-Dec-2013 ","4096x2160","Yes",5,160,"161 "
"GCN 1.1 Hawaii PRO ","2560 x 1600","1000 ","Yes",1,"AMD","550 ","8192  ","665.6","512  ","1300 ","GDDR5","Radeon R9 290 Sapphire Tri-X OC Edition Crossfire","128 ","28","64 (x2)","
05-Dec-2013 ","4096x2160","Yes",5,160,"320 "
"GCN 1.1 Hawaii PRO ","2560 x 1440","947 ","Yes",1,"AMD","275 ","4096  ","320","512  ","1250 ","GDDR5","Radeon R9 290 Sapphire BF4 Edition","61 ","28","64","
05-Nov-2013 ","4096x2160","Yes",5,160,"152 "
"GCN 1.1 Hawaii PRO ","2560 x 1440","1040 ","Yes",1,"AMD","275 ","4096  ","345.6","512  ","1350 ","GDDR5","Radeon R9 290 PowerColor PCS+ Edition","67 ","28","64","
13-Jan-2014 ","4096x2160","Yes",5,160,"166 "
"GCN 1.1 Hawaii PRO (x2) ","3840 x 2160","1040 ","Yes",1,"AMD",NA,"8192  ","640","512  ","1250 ","GDDR5","Radeon R9 290 Gigabyte WindForce 3X OC Edition Crossfire","133 ","28","64 (x2)","
05-Dec-2013 ","4096x2160","Yes",5,160,"333 "
"GCN 1.1 Hawaii PRO ","2560 x 1440","1040 ","Yes",1,"AMD","275 ","4096  ","320","512  ","1250 ","GDDR5","Radeon R9 290 Gigabyte WindForce 3X OC Edition","67 ","28","64","
05-Dec-2013 ","4096x2160","Yes",5,160,"166 "
"GCN 1.1 Hawaii PRO ","2560 x 1440","1040 ","Yes",1,"AMD","275 ","4096  ","320","512  ","1250 ","GDDR5","Radeon R9 290 Club3D royalAce 4GB Edition","67 ","28","64","
05-Nov-2013 ","4096x2160","Yes",5,160,"166 "
"GCN 1.1 Hawaii PRO ","2560 x 1440","975 ","Yes",1,"AMD","250 ","4096  ","320","512  ","1250 ","GDDR5","Radeon R9 290 Club3D royalKing 4GB Edition","62 ","28","64","
05-Nov-2013 ","4096x2160","Yes",5,160,"156 "
"GCN 1.1 Hawaii PRO ","2560 x 1440","1000 ","Yes",1,"AMD","275 ","4096  ","320","512  ","1250 ","GDDR5","Radeon R9 290 Asus DirectCU II OC Edition","64 ","28","64","
17-Jan-2014 ","4096x2160","Yes",5,160,"160 "
"GCN 1.2 Tonga PRO ","1920 x 1080","928 ","Yes",1,"AMD","190 ","2048  ","179.2","256  ","1400 ","GDDR5","Radeon R9 285 Sapphire ITX Compact OC 2GB Edition","30 ","28","32","
02-Sep-2014 ","4096x2160","Yes",5,112,"104 "
"GCN 1.2 Tonga PRO ","1920 x 1080","918 ","Yes",1,"AMD","190 ","2048  ","176","256  ","1375 ","GDDR5","Radeon R9 285 XFX Double D 2GB Edition","29 ","28","32","
02-Sep-2014 ","4096x2160","Yes",5,112,"103 "
"GCN 1.1 Hawaii PRO (x2) ","2560 x 1600","947 ","Yes",1,"AMD","550 ","8192  ","640","512  ","1250 ","GDDR5","Radeon R9 290 Crossfire","121 ","28","64 (x2)","
05-Nov-2013 ","4096x2160","Yes",5,160,"303 "
"GCN 1.2 Tonga PRO ","1920 x 1080","918 ","Yes",1,"AMD","190 ","2048  ","176","256  ","1375 ","GDDR5","Radeon R9 285 Sapphire Dual-X 2GB Edition","29 ","28","32","
02-Sep-2014 ","4096x2160","Yes",5,112,"103 "
"GCN 1.1 Hawaii PRO ","2560 x 1440","947 ","Yes",1,"AMD","275 ","4096  ","320","512  ","1250 ","GDDR5","Radeon R9 290","61 ","28","64","
05-Nov-2013 ","4096x2160","Yes",5,160,"152 "
"GCN 1.2 Tonga PRO ","1920 x 1080","918 ","Yes",1,"AMD","190 ","2048  ","176","256  ","1375 ","GDDR5","Radeon R9 285 Sapphire ITX Compact 2GB Edition","29 ","28","32","
02-Sep-2014 ","4096x2160","Yes",5,112,"103 "
"GCN 1.2 Tonga PRO ","1920 x 1080","965 ","Yes",1,"AMD","190 ","2048  ","179.2","256  ","1400 ","GDDR5","Radeon R9 285 Sapphire Dual-X OC 2GB Edition","31 ","28","32","
01-Sep-2014 ","4096x2160","Yes",5,112,"108 "
"GCN 1.2 Tonga PRO ","1920 x 1080","945 ","Yes",1,"AMD","190 ","2048  ","176","256  ","1375 ","GDDR5","Radeon R9 285 Club3D royalQueen 2GB Edition","30 ","28","32","
02-Sep-2014 ","4096x2160","Yes",5,112,"106 "
"GCN 1.2 Tonga PRO ","1920 x 1080","945 ","Yes",1,"AMD","190 ","2048  ","176","256  ","1375 ","GDDR5","Radeon R9 285 PowerColor TurboDuo OC 2GB Edition","30 ","28","32","
02-Sep-2014 ","4096x2160","Yes",5,112,"106 "
"GCN 1.2 Tonga PRO ","1920 x 1080","973 ","Yes",1,"AMD","190 ","2048  ","179.2","256  ","1400 ","GDDR5","Radeon R9 285 MSI Gaming 2GB Edition","31 ","28","32","
02-Sep-2014 ","4096x2160","Yes",5,112,"109 "
"GCN 1.2 Tonga PRO ","1920 x 1080","954 ","Yes",1,"AMD","190 ","2048  ","179.2","256  ","1400 ","GDDR5","Radeon R9 285 Asus Strix OC 2GB Edition","31 ","28","32","
02-Sep-2014 ","4096x2160","Yes",5,112,"107 "
"GCN 1.2 Tonga PRO ","1920 x 1080","918 ","Yes",1,"AMD","190 ","2048  ","176","256  ","1375 ","GDDR5","Radeon R9 285 2GB","29 ","28","32","
02-Sep-2014 ","4096x2160","Yes",5,112,"103 "
"GCN 1.0 Tahiti XTL ","1920 x 1080","850 ","Yes",1,"AMD","250 ","3072  ","288","384  ","1500 ","GDDR5","Radeon R9 280X XFX Double D 3GB Edition","32 ","28","32","
08-Oct-2013 ","4096x2160","Yes",5,128,"128 "
"GCN 1.0 Tahiti XTL ","1920 x 1080","1000 ","Yes",1,"AMD","250 ","3072  ","297.6","384  ","1550 ","GDDR5","Radeon R9 280X XFX Double D Black Edition","35 ","28","32","
09-Oct-2013 ","4096x2160","Yes",5,128,"138 "
"GCN 1.2 Tonga PRO ","1920 x 1080","973 ","Yes",1,"AMD","190 ","2048  ","179.2","256  ","1400 ","GDDR5","Radeon R9 285 Gigabyte WindForce 2X OC 2GB Edition","31 ","28","32","
02-Sep-2014 ","4096x2160","Yes",5,112,"109 "
"GCN 1.0 Tahiti XTL ","1920 x 1080","850 ","Yes",1,"AMD","250 ","3072  ","288","384  ","1500 ","GDDR5","Radeon R9 280X VisionTek 3GB Edition","32 ","28","32","
08-Oct-2013 ","4096x2160","Yes",5,128,"128 "
"GCN 1.1 Tahiti XTL (x2) ","2560 x 1440",NA,"Yes",1,"AMD","500 ","6144  ","595.2","384  ","1550 ","GDDR5","Radeon R9 280X Sapphire Vapor-X 3GB OC Edition Crossfire","68 ","28","32 (x2)","
08-Oct-2013 ","4096x2160","Yes",5,128,"274 "
"GCN 1.0 Tahiti XTL ","1920 x 1080","1020 ","Yes",1,"AMD","250 ","3072  ","288","384  ","1500 ","GDDR5","Radeon R9 280X Sapphire TRI-X OC 3GB Edition","35 ","28","32","
20-Dec-2013 ","4096x2160","Yes",5,128,"141 "
"GCN 1.0 Tahiti XTL ","1920 x 1080","1000 ","Yes",1,"AMD","250 ","3072  ","288","384  ","1500 ","GDDR5","Radeon R9 280X Sapphire Vapor-X 3GB TRI-X OC Edition","35 ","28","32","
01-Mar-2014 ","4096x2160","Yes",5,128,"141 "
"GCN 1.0 Tahiti XTL ","1920 x 1080","1100 ","Yes",1,"AMD","250 ","3072  ","307.2","384  ","1600 ","GDDR5","Radeon R9 280X Sapphire Toxic 3GB OC Edition","37 ","28","32","
08-Oct-2013 ","4096x2160","Yes",5,128,"147 "
"GCN 1.0 Tahiti XTL ","1920 x 1080","1000 ","Yes",1,"AMD","250 ","6144  ","288","384  ","1500 ","GDDR5","Radeon R9 280X MSI Gaming 6GB Edition","34 ","28","32","
08-Mar-2014 ","4096x2160","Yes",5,128,"134 "
"GCN 1.0 Tahiti XTL ","1920 x 1080","870 ","Yes",1,"AMD","250 ","3072  ","288","384  ","1500 ","GDDR5","Radeon R9 280X Sapphire Dual-X 3GB OC Edition","33 ","28","32","
08-Oct-2013 ","4096x2160","Yes",5,128,"131 "
"GCN 1.0 Tahiti XTL ","1920 x 1080","950 ","Yes",1,"AMD","250 ","3072  ","297.6","384  ","1550 ","GDDR5","Radeon R9 280X Sapphire Vapor-X 3GB OC Edition","34 ","28","32","
08-Oct-2013 ","4096x2160","Yes",5,128,"137 "
"GCN 1.0 Tahiti XTL ","1920 x 1080","1000 ","Yes",1,"AMD","250 ","3072  ","288","384  ","1500 ","GDDR5","Radeon R9 280X MSI Gaming 3GB Edition","34 ","28","32","
08-Oct-2013 ","4096x2160","Yes",5,128,"134 "
"GCN 1.0 Tahiti XTL ","1920 x 1080","1000 ","Yes",1,"AMD","250 ","3072  ","288","384  ","1500 ","GDDR5","Radeon R9 280X HIS iPower IceQ X² Edition","34 ","28","32","
08-Oct-2013 ","4096x2160","Yes",5,128,"134 "
"GCN 1.0 Tahiti XTL ","1920 x 1080","880 ","Yes",1,"AMD","250 ","3072  ","288","384  ","1500 ","GDDR5","Radeon R9 280X PowerColor TurboDuo 3GB OC Edition","33 ","28","32","
05-Dec-2013 ","4096x2160","Yes",5,128,"132 "
"GCN 1.0 Tahiti XTL ","1920 x 1080","1000 ","Yes",1,"AMD","250 ","3072  ","288","384  ","1500 ","GDDR5","Radeon R9 280X Gigabyte 3GB OC Edition","35 ","28","32","
09-Oct-2013 ","4096x2160","Yes",5,128,"141 "
"GCN 1.0 Tahiti XTL ","1920 x 1080","950 ","Yes",1,"AMD","375 ","3072  ","307.2","384  ","1600 ","GDDR5","Radeon R9 280X Matrix Platinum 3GB Edition","35 ","28","32","
08-Oct-2013 ","4096x2160","Yes",5,128,"141 "
"GCN 1.0 Tahiti XTL ","1920 x 1080","1000 ","Yes",1,"AMD","280 ","3072  ","288","384  ","1500 ","GDDR5","Radeon R9 280X Club3D royalKing Edition","35 ","28","32","
08-Oct-2013 ","4096x2160","Yes",5,128,"141 "
"GCN 1.1 Tahiti XTL (x2) ","1920 x 1080",NA,"Yes",0,"AMD","550 ","6144  ","576","384  ","1500 ","GDDR5","Radeon R9 280X Crossfire","64 ","28","32 (x2)","
01-Oct-2013 ","4096x2160","Yes",5,128,"256 "
"GCN 1.0 Tahiti XTL ","1920 x 1080","970 ","Yes",1,"AMD","250 ","3072  ","307.2","384  ","1600 ","GDDR5","Radeon R9 280X DirectCU II TOP 3GB Edition","34 ","28","32","
09-Oct-2013 ","4096x2160","Yes",5,128,"137 "
"GCN 1.0 Tahiti XTL ","1920 x 1080","925 ","Yes",1,"AMD","280 ","3072  ","288","384  ","1500 ","GDDR5","Radeon R9 280X Club3D royalQueen Edition","32 ","28","32","
08-Oct-2013 ","4096x2160","Yes",5,128,"128 "
"GCN 1.0 Tahiti XTL ","1920 x 1080","850 ","Yes",1,"AMD","250 ","3072  ","288","384  ","1500 ","GDDR5","Radeon R9 280X Asus Matrix 3GB Edition","32 ","28","32","
08-Oct-2013 ","4096x2160","Yes",5,128,"128 "
"GCN 1.0 Tahiti PRO2 ","1920 x 1080","933 ","Yes",1,"AMD","200 ","3072  ","249.6","384  ","1300 ","GDDR5","Radeon R9 280 XFX Double D Black 3GB Edition","32 ","28","32","
04-Mar-2014 ","4096x2160","Yes",5,112,"112 "
"GCN 1.0 Tahiti PRO2 ","1920 x 1080","855 ","Yes",1,"AMD","200 ","3072  ","240","384  ","1250 ","GDDR5","Radeon R9 280 PowerColor TurboDuo OC 3GB Edition","31 ","28","32","
04-Mar-2014 ","4096x2160","Yes",5,112,"108 "
"GCN 1.0 Tahiti PRO2 ","1920 x 1080","847 ","Yes",1,"AMD","200 ","3072  ","240","384  ","1250 ","GDDR5","Radeon R9 280 HIS IceQ OC 3GB Edition","30 ","28","32","
04-Mar-2014 ","4096x2160","Yes",5,112,"107 "
"GCN 1.0 Tahiti PRO2 ","1920 x 1080","950 ","Yes",1,"AMD","225 ","3072  ","240","384  ","1250 ","GDDR5","Radeon R9 280 Gigabyte WindForce 3X OC 3GB Edition","34 ","28","32","
17-Mar-2014 ","4096x2160","Yes",5,112,"120 "
"GCN 1.0 Tahiti PRO2 ","1920 x 1080","933 ","Yes",1,"AMD","200 ","3072  ","240","384  ","1250 ","GDDR5","Radeon R9 280 MSI Gaming 3GB Edition","32 ","28","32","
11-Mar-2014 ","4096x2160","Yes",5,112,"112 "
"GCN 1.0 Tahiti PRO2 ","1920 x 1080","855 ","Yes",1,"AMD","200 ","3072  ","240","384  ","1250 ","GDDR5","Radeon R9 280 Club3D royalKing 3GB Edition","31 ","28","32","
04-Mar-2014 ","4096x2160","Yes",5,112,"108 "
"GCN 1.0 Tahiti PRO2 ","1920 x 1080","874 ","Yes",1,"AMD","200 ","3072  ","249.6","384  ","1300 ","GDDR5","Radeon R9 280 Asus DirectCU II TOP 3GB Edition","31 ","28","32","
04-Mar-2014 ","4096x2160","Yes",5,112,"110 "
"GCN 1.0 Tahiti PRO2 ","1920 x 1080","850 ","Yes",1,"AMD","200 ","3072  ","240","384  ","1250 ","GDDR5","Radeon R9 280 Sapphire Dual-X OC 3GB Edition","30 ","28","32","
04-Mar-2014 ","4096x2160","Yes",5,112,"105 "
"GCN 1.0 Tahiti XTL ","1920 x 1080","850 ","Yes",1,"AMD","250 ","3072  ","288","384  ","1500 ","GDDR5","Radeon R9 280X","32 ","28","32","
08-Oct-2013 ","4096x2160","Yes",5,128,"128 "
"GCN 1.1 Tahiti PRO2 (x2) ","2560 x 1600",NA,"Yes",1,"AMD","400 ","6144  ","480","384  ","1250 ","GDDR5","Radeon R9 280 Crossfire","60 ","28","32 (x2)","
04-Mar-2014 ","4096x2160","Yes",5,112,"209 "
"GCN 1.1 Curacao XT ","1920 x 1080","1000 ","Yes",1,"AMD","180 ","4096  ","179.2","256  ","1400 ","GDDR5","Radeon R9 270X XFX Double D 4GB Edition","34 ","28","32","
08-Oct-2013 ","4096x2160","Yes",5,80,"84 "
"GCN 1.1 Curacao XT ","1920 x 1080","1050 ","Yes",1,"AMD","180 ","2048  ","185.6","256  ","1450 ","GDDR5","Radeon R9 270X XFX Double D Black Edition","35 ","28","32","
08-Oct-2013 ","4096x2160","Yes",5,80,"88 "
"GCN 1.1 Curacao XT ","1920 x 1080","1050 ","Yes",1,"AMD","180 ","2048  ","185.6","256  ","1450 ","GDDR5","Radeon R9 270X Sapphire Vapor-X 2GB OC Edition","35 ","28","32","
08-Oct-2013 ","4096x2160","Yes",5,80,"88 "
"GCN 1.1 Curacao XT ","1920 x 1080","1030 ","Yes",1,"AMD","180 ","2048  ","179.2","256  ","1400 ","GDDR5","Radeon R9 270X VTX3D v2 2GB X-Edition","35 ","28","32","
19-Dec-2013 ","4096x2160","Yes",5,80,"86 "
"GCN 1.1 Curacao XT ","1920 x 1080","1100 ","Yes",1,"AMD","180 ","2048  ","192","256  ","1500 ","GDDR5","Radeon R9 270X Sapphire Toxic 2GB OC Edition","37 ","28","32","
08-Oct-2013 ","4096x2160","Yes",5,80,"92 "
"GCN 1.1 Curacao XT ","1920 x 1080","1020 ","Yes",1,"AMD","180 ","4096  ","179.2","256  ","1400 ","GDDR5","Radeon R9 270X Sapphire Dual-X 4GB OC Edition","34 ","28","32","
08-Oct-2013 ","4096x2160","Yes",5,80,"86 "
"GCN 1.1 Curacao XT ","1920 x 1080","1020 ","Yes",1,"AMD","180 ","2048  ","179.2","256  ","1400 ","GDDR5","Radeon R9 270X Sapphire Dual-X 2GB OC Edition","34 ","28","32","
08-Oct-2013 ","4096x2160","Yes",5,80,"86 "
"GCN 1.0 Tahiti PRO2 ","1920 x 1080","827 ","Yes",1,"AMD","200 ","3072  ","240","384  ","1250 ","GDDR5","Radeon R9 280","30 ","28","32","
04-Mar-2014 ","4096x2160","Yes",5,112,"104 "
"GCN 1.1 Curacao XT ","1920 x 1080","1100 ","Yes",1,"AMD","180 ","2048  ","192","256  ","1500 ","GDDR5","Radeon R9 270X Sapphire Black Diamond 2GB Edition","37 ","28","32","
21-Apr-2014 ","4096x2160","Yes",5,80,"92 "
"GCN 1.1 Curacao XT ","1920 x 1080","1060 ","Yes",1,"AMD","180 ","2048  ","182.4","256  ","1425 ","GDDR5","Radeon R9 270X PowerColor PCS+ Edition","35 ","28","32","
26-Nov-2013 ","4096x2160","Yes",5,80,"88 "
"GCN 1.1 Curacao XT ","1920 x 1080","1100 ","Yes",1,"AMD","180 ","2048  ","179.2","256  ","1400 ","GDDR5","Radeon R9 270X MSI Hawk Edition","37 ","28","32","
09-Oct-2013 ","4096x2160","Yes",5,80,"92 "
"GCN 1.1 Curacao XT ","1920 x 1080","1030 ","Yes",1,"AMD","180 ","2048  ","179.2","256  ","1400 ","GDDR5","Radeon R9 270X PowerColor 2GB OC TurboDuo Edition","35 ","28","32","
08-Oct-2013 ","4096x2160","Yes",5,80,"86 "
"GCN 1.1 Curacao XT ","1920 x 1080","1150 ","Yes",1,"AMD","180 ","2048  ","179.2","256  ","1400 ","GDDR5","Radeon R9 270X PowerColor Devil Edition","38 ","28","32","
31-Oct-2013 ","4096x2160","Yes",5,80,"94 "
"GCN 1.1 Curacao XT (x2) ","1920 x 1080","1030 ","Yes",1,"AMD",NA,"8192  ","358.4","256  ","1400 ","GDDR5","Radeon R9 270X MSI Gaming 4GB Edition Crossfire","72 ","28","32 (x2)","
09-Oct-2013 ","4096x2160","Yes",5,80,"179 "
"GCN 1.1 Curacao XT (x2) ","1920 x 1080","1030 ","Yes",1,"AMD","180 ","4096  ","358.4","256  ","1400 ","GDDR5","Radeon R9 270X MSI Gaming 2GB Edition Crossfire","72 ","28","32 (x2)","
09-Oct-2013 ","4096x2160","Yes",5,80,"179 "
"GCN 1.1 Curacao XT ","1920 x 1080","1030 ","Yes",1,"AMD","180 ","2048  ","179.2","256  ","1400 ","GDDR5","Radeon R9 270X PowerColor 2GB OC Edition","35 ","28","32","
08-Oct-2013 ","4096x2160","Yes",5,80,"86 "
"GCN 1.1 Curacao XT ","1920 x 1080","1030 ","Yes",1,"AMD","180 ","2048  ","179.2","256  ","1400 ","GDDR5","Radeon R9 270X MSI Gaming ITX 2GB Edition","35 ","28","32","
06-May-2014 ","4096x2160","Yes",5,80,"86 "
"GCN 1.1 Curacao XT ","1920 x 1080","1100 ","Yes",1,"AMD","180 ","2048  ","179.2","256  ","1400 ","GDDR5","Radeon R9 270X HIS IceQ X2 Turbo Edition","36 ","28","32","
09-Oct-2013 ","4096x2160","Yes",5,80,"91 "
"GCN 1.1 Curacao XT (x2) ","1920 x 1080","1050 ","Yes",1,"AMD","180 ","8192  ","358.4","256  ","1400 ","GDDR5","Radeon R9 270X Gigabyte 4GB OC Edition Crossfire","70 ","28","32 (x2)","
09-Oct-2013 ","4096x2160","Yes",5,80,"176 "
"GCN 1.1 Curacao XT ","1920 x 1080","1030 ","Yes",1,"AMD","180 ","2048  ","179.2","256  ","1400 ","GDDR5","Radeon R9 270X MSI Gaming 2GB Edition","36 ","28","32","
09-Oct-2013 ","4096x2160","Yes",5,80,"90 "
"GCN 1.1 Curacao XT ","1920 x 1080","1030 ","Yes",1,"AMD","175 ","2048  ","179.2","256  ","1400 ","GDDR5","Radeon R9 270X Club3D royalQueen Edition","35 ","28","32","
08-Oct-2013 ","4096x2160","Yes",5,80,"86 "
"GCN 1.1 Curacao XT ","1920 x 1080","1050 ","Yes",1,"AMD","180 ","4096  ","179.2","256  ","1400 ","GDDR5","Radeon R9 270X Gigabyte 4GB OC Edition","35 ","28","32","
09-Oct-2013 ","4096x2160","Yes",5,80,"88 "
"GCN 1.1 Curacao XT ","1920 x 1080","1050 ","Yes",1,"AMD","180 ","2048  ","179.2","256  ","1400 ","GDDR5","Radeon R9 270X Gigabyte 2GB OC Edition","35 ","28","32","
09-Oct-2013 ","4096x2160","Yes",5,80,"88 "
"GCN 1.1 Curacao XT ","1920 x 1080","1000 ","Yes",1,"AMD","180 ","2048  ","179.2","256  ","1400 ","GDDR5","Radeon R9 270X","34 ","28","32","
08-Oct-2013 ","4096x2160","Yes",5,80,"84 "
"GCN 1.1 Curacao XT ","1920 x 1080","1050 ","Yes",1,"AMD","225 ","4096  ","179.2","256  ","1400 ","GDDR5","Radeon R9 270X Asus DirectCU II 4GB Edition","35 ","28","32","
09-Oct-2013 ","4096x2160","Yes",5,80,"88 "
"GCN 1.1 Curacao XT (x2) ","1920 x 1080","1000 ","Yes",1,"AMD","360 ","4096  ","358.4","256  ","1400 ","GDDR5","Radeon R9 270X Crossfire","67 ","28","32 (x2)","
08-Oct-2013 ","4096x2160","Yes",5,80,"168 "
"GCN 1.1 Curacao PRO ","1920 x 1080","900 ","Yes",1,"AMD","150 ","2048  ","179.2","256  ","1400 ","GDDR5","Radeon R9 270 XFX Double D 2GB Edition","30 ","28","32","
 13-Nov-2013 ","4096x2160","Yes",5,80,"74 "
"GCN 1.1 Curacao PRO ","1920 x 1080","920 ","Yes",1,"AMD",NA,"2048  ","179.2","256  ","1400 ","GDDR5","Radeon R9 270 Sapphire Dual-X 2GB OC Edition","30 ","28","32","
13-Nov-2013 ","4096x2160","Yes",5,80,"76 "
"GCN 1.1 Curacao XT ","1920 x 1080","1030 ","Yes",1,"AMD","180 ","4096  ","179.2","256  ","1400 ","GDDR5","Radeon R9 270X MSI Gaming 4GB Edition","36 ","28","32","
09-Oct-2013 ","4096x2160","Yes",5,80,"90 "
"GCN 1.1 Curacao PRO ","1920 x 1080","930 ","Yes",1,"AMD",NA,"2048  ","179.2","256  ","1400 ","GDDR5","Radeon R9 270 PowerColor 2GB OC Edition","31 ","28","32","
13-Nov-2013 ","4096x2160","Yes",5,80,"76 "
"GCN 1.1 Curacao PRO ","1920 x 1080","900 ","Yes",1,"AMD","175 ","2048  ","179.2","256  ","1400 ","GDDR5","Radeon R9 270 MSI Gaming 2GB Edition","31 ","28","32","
13-Nov-2013 ","4096x2160","Yes",5,80,"78 "
"GCN 1.0 Pitcairn PRO ","1920 x 1080","900 ","Yes",1,"AMD","150 ","2048  ","179.2","256  ","1400 ","GDDR5","Radeon R9 270 v2","30 ","28","32","
13-Mar-2015 ","4096x2160","Yes",5,64,"59 "
"GCN 1.1 Curacao PRO ","1920 x 1080","950 ","Yes",1,"AMD","175 ","2048  ","179.2","256  ","1400 ","GDDR5","Radeon R9 270 DirectCU II OC Edition","31 ","28","32","
13-Nov-2013 ","4096x2160","Yes",5,80,"78 "
"GCN 1.1 Curacao PRO ","1920 x 1080","950 ","Yes",1,"AMD","175 ","2048  ","179.2","256  ","1400 ","GDDR5","Radeon R9 270 HIS IceQ X² Turbo Edition","31 ","28","32","
13-Nov-2013 ","4096x2160","Yes",5,80,"78 "
"GCN 1.1 Curacao PRO ","1920 x 1080","925 ","Yes",1,"AMD","150 ","2048  ","179.2","256  ","1400 ","GDDR5","Radeon R9 270 HIS iCooler 2GB Edition","30 ","28","32","
13-Nov-2013 ","4096x2160","Yes",5,80,"76 "
"GCN 1.1 Curacao PRO ","1920 x 1080","950 ","Yes",1,"AMD","175 ","2048  ","179.2","256  ","1400 ","GDDR5","Radeon R9 270 Gigabyte WindForce 2X OC Edition","31 ","28","32","
13-Nov-2013 ","4096x2160","Yes",5,80,"78 "
"GCN 1.1 Curacao PRO (x2) ","2560 x 1440","900 ","Yes",1,"AMD","300 ","4096  ","358.4","256  ","1400 ","GDDR5","Radeon R9 270 Crossfire","59 ","28","32 (x2)","
13-Nov-2013 ","4096x2160","Yes",5,80,"148 "
"GCN 1.1 Curacao XT ","1920 x 1080","1070 ","Yes",1,"AMD","180 ","2048  ","179.2","256  ","1400 ","GDDR5","Radeon R9 270X DirectCU II TOP 2GB Edition","36 ","28","32","
08-Oct-2013 ","4096x2160","Yes",5,80,"90 "
"GCN 1.1 Curacao PRO ","1920 x 1080","900 ","Yes",1,"AMD","150 ","2048  ","179.2","256  ","1400 ","GDDR5","Radeon R9 270 HIS IceQ XÂ² 2GB Edition","30 ","28","32","
13-Nov-2013 ","4096x2160","Yes",5,80,"74 "
"GCN 1.1 Curacao PRO (x2) ","2560 x 1440","930 ","Yes",1,"AMD","300 ","4096  ","358.4","256  ","1400 ","GDDR5","Radeon R9 270 Club3D 14Series Edition Crossfire","61 ","28","32 (x2)","
18-Dec-2013 ","4096x2160","Yes",5,80,"153 "
"GCN 1.1 Curacao PRO ","1920 x 1080","930 ","Yes",1,"AMD","146 ","2048  ","179.2","256  ","1400 ","GDDR5","Radeon R9 270 Club3D '14Series Edition","31 ","28","32","
18-Dec-2013 ","4096x2160","Yes",5,80,"76 "
"GCN 1.0 Cape Verde PRX ","1600 x 900","930 ","Yes",1,"AMD",NA,"2048  ","104","128  ","1625 ","GDDR5","Radeon R9 255 (OEM)","15 ","28","16","
21-Dec-2013 ","4096x2160","Yes",5,32,"30 "
"GCN 1.0 Bonaire XT ","1600 x 900",NA,"Yes",1,"AMD","115 ","2048  ","104","128  ","1625 ","GDDR5","Radeon R9 260 (OEM)","18 ","28","16","
21-Dec-2013 ","4096x2160","Yes",5,56,"62 "
"GCN 1.1 Curacao PRO ","1920 x 1080","900 ","Yes",1,"AMD","150 ","2048  ","179.2","256  ","1400 ","GDDR5","Radeon R9 270","30 ","28","32","
13-Nov-2013 ","4096x2160","Yes",5,80,"74 "
"GCN 1.0 Pitcairn PRO ","1920 x 1080","900 ","Yes",1,"AMD","150 ","2048  ","179.2","256  ","1400 ","GDDR5","Radeon R7 265 Sapphire Dual-X 2GB Edition","30 ","28","32","
13-Feb-2014 ","4096x2160","Yes",5,64,"59 "
"GCN 1.0 Pitcairn PRO ","1920 x 1080","1008 ","Yes",1,"AMD","150 ","2048  ","179.2","256  ","1400 ","GDDR5","Radeon R7 265 Gigabyte WindForce 2X OC 2GB Edition","33 ","28","32","
18-Mar-2014 ","4096x2160","Yes",5,64,"66 "
"GCN 1.0 Pitcairn PRO ","1920 x 1080","900 ","Yes",1,"AMD","150 ","2048  ","179.2","256  ","1400 ","GDDR5","Radeon R7 265 Asus DirectCU II 2GB Edition","30 ","28","32","
13-Feb-2014 ","4096x2160","Yes",5,64,"59 "
"Pitcairn PRO ","1920 x 1080",NA,"Yes",1,"AMD","300 ","4096  ","358.4","256  ","1400 ","GDDR5","Radeon R7 265 Crossfire","59 ","28","32 (x2)","
13-Feb-2014 ","4096x2160","Yes",5,64,"118 "
"GCN 1.0 Pitcairn PRO ","1920 x 1080","930 ","Yes",1,"AMD","150 ","2048  ","179.2","256  ","1400 ","GDDR5","Radeon R7 265 PowerColor TurboDuo OC 2GB Edition","31 ","28","32","
19-Mar-2014 ","4096x2160","Yes",5,64,"61 "
"GCN 1.1 Bonaire XTX ","1600 x 900","1100 ","Yes",1,"AMD","115 ","2048  ","102.4","128  ","1600 ","GDDR5","Radeon R7 260X XFX Double D 2GB Edition","18 ","28","16","
08-Oct-2013 ","4096x2160","Yes",5,56,"62 "
"GCN 1.1 Curacao PRO ","1920 x 1080","930 ","Yes",1,"AMD","146 ","2048  ","179.2","256  ","1400 ","GDDR5","Radeon R9 270 Club3D royalQueen Edition","31 ","28","32","
13-Nov-2013 ","4096x2160","Yes",5,80,"76 "
"GCN 1.0 Pitcairn PRO ","1920 x 1080","900 ","Yes",1,"AMD","150 ","2048  ","179.2","256  ","1400 ","GDDR5","Radeon R7 265","30 ","28","32","
13-Feb-2014 ","4096x2160","Yes",5,64,"59 "
"GCN 1.1 Bonaire XTX ","1600 x 900","1160 ","Yes",1,"AMD","115 ","2048  ","105.6","128  ","1650 ","GDDR5","Radeon R7 260X VisionTek OC 2GB Edition","19 ","28","16","
08-Oct-2013 ","4096x2160","Yes",5,56,"65 "
"GCN 1.0 Pitcairn PRO ","1920 x 1080","900 ","Yes",1,"AMD","150 ","2048  ","179.2","256  ","1400 ","GDDR5","Radeon R7 265 MSI OC 2GB Edition","31 ","28","32","
13-Feb-2014 ","4096x2160","Yes",5,64,"61 "
"GCN 1.3 Greenland XT ","2560 x 1440",NA,NA,1,"ATI","225 ",NA,"1024","8192  ","500 ","HBM-2","Radeon RX 490 8GB [not released]","67 ","14","64","
01-Nov-2016 ","5760x2160","Yes",5,256,"269 "
"GCN 1.3 Ellesmere XT ",NA,"1250 ",NA,1,"ATI","150 ",NA,NA,NA,"1750 ",NA,"Radeon RX 480X 8GB [not released]","80 ","14","64","
01-Nov-2016 ","4096x2160","Yes",NA,128,"160 "
"GCN 1.3 Polaris 10 ",NA,"1000 ",NA,1,"ATI","250 ",NA,NA,NA,"500 ",NA,"Radeon RX 490X 8GB [not released]","128 ","14","128","
01-Jun-2016 ","4096x2160","Yes",NA,384,"384 "
"GCN 1.3 Ellesmere XT ","2560 x 1440","1120 ","Yes",1,"ATI","150 ","8192  ","256","256  ","2000 ","GDDR5","Radeon RX 480 XFX Triple X OC 8GB","41 ","14","32","
29-Jun-2016 ","4096x2160","No",5,144,"185 "
"GCN 1.1 Bonaire XT ","1600 x 900","1000 ","Yes",1,"AMD","85 ","2048  ","80","128  ","1250 ","GDDR5","Radeon R7 260X v3 Sapphire 2GB Edition","16 ","28","16","
05-Feb-2015 ","4096x3112","Yes",5,56,"56 "
"GCN 1.3 Ellesmere XT ","2560 x 1440","1120 ","Yes",1,"ATI","150 ","8192  ","256","256  ","2000 ","GDDR5","Radeon RX 480 XFX GTR Hard Swap Black Edition 8GB","43 ","14","32","
29-Jul-2016 ","4096x2160","No",5,144,"193 "
"GCN 1.3 Ellesmere XT ","1920 x 1080","1120 ","Yes",1,"ATI","150 ","4096  ","224","256  ","1750 ","GDDR5","Radeon RX 480 XFX RS Hard Swap 4GB","41 ","14","32","
29-Jun-2016 ","4096x2160","No",5,144,"182 "
"GCN 1.3 Ellesmere XT ","2560 x 1440","1120 ","Yes",1,"ATI","150 ","8192  ","256","256  ","2000 ","GDDR5","Radeon RX 480 XFX RS Hard Swap Triple X 8GB","41 ","14","32","
29-Jul-2016 ","4096x2160","No",5,144,"185 "
"GCN 1.3 Polaris 10 ",NA,"1150 ",NA,1,"ATI","175 ",NA,NA,NA,"500 ",NA,"Radeon RX 480X 4GB [not released]","166 ","14","128","
01-Nov-2016 ","4096x2160","Yes",NA,256,"333 "
"GCN 1.1 Bonaire XT ","1600 x 900","1030 ","Yes",1,"AMD","85 ","2048  ","80","128  ","1250 ","GDDR5","Radeon R7 260X v3 PowerColor OC v4 2GB Edition","16 ","28","16","
08-Oct-2013 ","4096x2160","Yes",5,56,"58 "
"GCN 1.1 Bonaire XT ","1600 x 900","1030 ","Yes",1,"AMD","85 ","2048  ","80","128  ","1250 ","GDDR5","Radeon R7 260X v3 PowerColor OC v3 2GB Edition","16 ","28","16","
08-Oct-2013 ","4096x2160","Yes",5,56,"58 "
"GCN 1.1 Bonaire XT ","1600 x 900","1188 ","Yes",1,"AMD","85 ","2048  ","80","128  ","1250 ","GDDR5","Radeon R7 260X v3 Gigabyte OC Rev. 3.0 2GB Edition","19 ","28","16","
05-Feb-2015 ","4096x3112","Yes",5,56,"67 "
"Pitcairn PRO ","1920 x 1080",NA,"Yes",1,"AMD","300 ","4096  ","358.4","256  ","1400 ","GDDR5","Radeon R7 265 Sapphire Dual-X 2GB Edition Crossfire","59 ","28","32 (x2)","
13-Feb-2014 ","4096x2160","Yes",5,64,"118 "
"GCN 1.1 Bonaire XT ","1600 x 900","1050 ","Yes",1,"AMD","85 ","2048  ","80","128  ","1250 ","GDDR5","Radeon R7 260X v3 MSI OC 2GB Edition","17 ","28","16","
05-Feb-2015 ","4096x3112","Yes",5,56,"59 "
"GCN 1.1 Bonaire XT ","1600 x 900","1075 ","Yes",1,"AMD","85 ","2048  ","80","128  ","1250 ","GDDR5","Radeon R7 260X v3 Asus OC 2GB Edition","17 ","28","16","
08-Oct-2013 ","4096x3112","Yes",5,56,"60 "
"GCN 1.1 Bonaire XT ","1600 x 900","1000 ","Yes",1,"AMD","85 ","2048  ","80","128  ","1250 ","GDDR5","Radeon R7 260X v3","16 ","28","16","
05-Feb-2015 ","4096x3112","Yes",5,56,"56 "
"GCN 1.1 Bonaire XT ","1600 x 900","1075 ","Yes",1,"AMD","105 ","1024  ","102.4","128  ","1600 ","GDDR5","Radeon R7 260X v2 XFX Core 1GB Edition","17 ","28","16","
08-Oct-2013 ","4096x2160","Yes",5,56,"60 "
"GCN 1.1 Bonaire XT ","1600 x 900","1075 ","Yes",1,"AMD","105 ","2048  ","102.4","128  ","1600 ","GDDR5","Radeon R7 260X v2 XFX Core 2GB Edition","17 ","28","16","
08-Oct-2013 ","4096x2160","Yes",5,56,"60 "
"GCN 1.1 Bonaire XT ","1600 x 900","1050 ","Yes",1,"AMD","105 ","2048  ","96","128  ","1500 ","GDDR5","Radeon R7 260X v2 Sapphire OC 2GB Edition","17 ","28","16","
20-Dec-2013 ","4096x2160","Yes",5,56,"59 "
"GCN 1.1 Bonaire XT ","1600 x 900","1050 ","Yes",1,"AMD","105 ","2048  ","96","128  ","1500 ","GDDR5","Radeon R7 260X v2 Sapphire iCafe Gaming OC 2GB Edition","17 ","28","16","
28-Feb-2015 ","4096x2160","Yes",5,56,"59 "
"GCN 1.1 Bonaire XT ","1600 x 900","1175 ","Yes",1,"AMD","105 ","2048  ","96","128  ","1500 ","GDDR5","Radeon R7 260X v2 MSI OC v2 2GB Edition","19 ","28","16","
08-Oct-2013 ","4096x2160","Yes",5,56,"66 "
"GCN 1.1 Bonaire XT ","1600 x 900","1050 ","Yes",1,"AMD","105 ","2048  ","96","128  ","1500 ","GDDR5","Radeon R7 260X v2 MSI OC v1 2GB Edition","17 ","28","16","
08-Oct-2013 ","4096x2160","Yes",5,56,"59 "
"GCN 1.1 Bonaire XT ","1600 x 900","1050 ","Yes",1,"AMD","105 ","1024  ","96","128  ","1500 ","GDDR5","Radeon R7 260X v2 MSI OC 1GB Edition","17 ","28","16","
08-Oct-2013 ","4096x2160","Yes",5,56,"59 "
"GCN 1.1 Bonaire XT ","1600 x 900","1075 ","Yes",1,"AMD","105 ","1024  ","102.4","128  ","1600 ","GDDR5","Radeon R7 260X v2 HIS iPower IceQ X² Turbo 1GB Edition","17 ","28","16","
31-Oct-2013 ","4096x2160","Yes",5,56,"60 "
"GCN 1.1 Bonaire XT ","1600 x 900","1000 ","Yes",1,"AMD","105 ","1024  ","96","128  ","1500 ","GDDR5","Radeon R7 260X v2 MSI 1GB Edition","16 ","28","16","
08-Oct-2013 ","4096x2160","Yes",5,56,"56 "
"GCN 1.1 Bonaire XT ","1600 x 900","1000 ","Yes",1,"AMD","105 ","2048  ","96","128  ","1500 ","GDDR5","Radeon R7 260X v2 HIS iPower IceQ X² 2GB Edition","16 ","28","16","
09-Oct-2013 ","4096x2160","Yes",5,56,"56 "
"GCN 1.1 Bonaire XT ","1600 x 900","1030 ","Yes",1,"AMD","105 ","1024  ","96","128  ","1500 ","GDDR5","Radeon R7 260X v2 PowerColor OC 1GB Edition","16 ","28","16","
08-Oct-2013 ","4096x2160","Yes",5,56,"58 "
"GCN 1.1 Bonaire XT ","1600 x 900","1100 ","Yes",1,"AMD","105 ","2048  ","96","128  ","1500 ","GDDR5","Radeon R7 260X v2 MSI OC 2GB Edition","18 ","28","16","
08-Oct-2013 ","4096x2160","Yes",5,56,"62 "
"GCN 1.1 Bonaire XT ","1600 x 900","1050 ","Yes",1,"AMD","105 ","1024  ","96","128  ","1500 ","GDDR5","Radeon R7 260X v2 Sapphire OC 1GB Edition","17 ","28","16","
26-Dec-2013 ","4096x2160","Yes",5,56,"59 "
"GCN 1.1 Bonaire XT ","1600 x 900","1000 ","Yes",1,"AMD","105 ","2048  ","96","128  ","1500 ","GDDR5","Radeon R7 260X v2 HIS iCooler 2GB Edition","16 ","28","16","
08-Oct-2013 ","4096x2160","Yes",5,56,"56 "
"GCN 1.1 Bonaire XT ","1600 x 900","1000 ","Yes",1,"AMD","105 ","1024  ","96","128  ","1500 ","GDDR5","Radeon R7 260X v2 HIS iCooler 1GB Edition","16 ","28","16","
31-Oct-2013 ","4096x2160","Yes",5,56,"56 "
"GCN 1.1 Bonaire XT ","1600 x 900","1075 ","Yes",1,"AMD","105 ","1024  ","96","128  ","1500 ","GDDR5","Radeon R7 260X v2 Gigabyte OC 1GB Edition","17 ","28","16","
26-Dec-2013 ","4096x2160","Yes",5,56,"60 "
"GCN 1.1 Bonaire XT ","1600 x 900","1075 ","Yes",1,"AMD","105 ","1024  ","102.4","128  ","1600 ","GDDR5","Radeon R7 260X v2 Asus DirectCU II OC 1GB Edition","17 ","28","16","
08-Oct-2013 ","4096x2160","Yes",5,56,"60 "
"GCN 1.1 Bonaire XT ","1600 x 900","1000 ","Yes",1,"AMD","105 ","1024  ","96","128  ","1500 ","GDDR5","Radeon R7 260X v2","16 ","28","16","
08-Oct-2013 ","4096x2160","Yes",5,56,"56 "
"GCN 1.1 Bonaire XTX ","1600 x 900","1160 ","Yes",1,"AMD","115 ","2048  ","105.6","128  ","1650 ","GDDR5","Radeon R7 260X PowerColor TurboDuo OC 2GB Edition","19 ","28","16","
08-Oct-2013 ","4096x2160","Yes",5,56,"65 "
"GCN 1.1 Bonaire XTX ","1600 x 900","1100 ","Yes",1,"AMD","115 ","2048  ","104","128  ","1625 ","GDDR5","Radeon R7 260X MSI 2GB Edition","18 ","28","16","
08-Oct-2013 ","4096x2160","Yes",5,56,"62 "
"GCN 1.1 Bonaire XTX ","1600 x 900","1188 ","Yes",1,"AMD","115 ","2048  ","104","128  ","1625 ","GDDR5","Radeon R7 260X Gigabyte 2GB OC Rev. 2.0 Edition","19 ","28","16","
09-Oct-2013 ","4096x2160","Yes",5,56,"67 "
"GCN 1.1 Bonaire XTX ","1600 x 900","1188 ","Yes",1,"AMD","115 ","2048  ","104","128  ","1625 ","GDDR5","Radeon R7 260X Gigabyte 2GB OC Rev. 1.0 Edition","19 ","28","16","
09-Oct-2013 ","4096x2160","Yes",5,56,"67 "
"GCN 1.1 Bonaire XTX ","1600 x 900","1150 ","Yes",1,"AMD","120 ","2048  ","105.6","128  ","1650 ","GDDR5","Radeon R7 260X Sapphire 2GB OC Edition","18 ","28","16","
08-Oct-2013 ","4096x2160","Yes",5,56,"64 "
"GCN 1.1 Bonaire XTX ","1600 x 900","1188 ","Yes",1,"AMD","115 ","2048  ","112","128  ","1750 ","GDDR5","Radeon R7 260X Asus DirectCU II OC Edition","19 ","28","16","
08-Oct-2013 ","4096x2160","Yes",5,56,"67 "
"GCN 1.1 Bonaire XTX ","1600 x 900","1175 ","Yes",1,"AMD","115 ","2048  ","104","128  ","1625 ","GDDR5","Radeon R7 260X MSI 2GB OC Edition","19 ","28","16","
08-Oct-2013 ","4096x2160","Yes",5,56,"66 "
"GCN 1.1 Bonaire XTX ","1600 x 900","1160 ","Yes",1,"AMD","105 ","2048  ","105.6","128  ","1650 ","GDDR5","Radeon R7 260X Club3D royalKing Edition","19 ","28","16","
08-Oct-2013 ","4096x2160","Yes",5,56,"65 "
"GCN 1.1 Bonaire XTX (x2) ","1920 x 1080","1100 ","Yes",1,"AMD","230 ","4096  ","208","128  ","1625 ","GDDR5","Radeon R7 260X Crossfire","35 ","28","16 (x2)","
01-Oct-2013 ","2560x1600","Yes",5,56,"123 "
"GCN 1.1 Bonaire XTX ","1600 x 900","1100 ","Yes",1,"AMD","115 ","2048  ","104","128  ","1625 ","GDDR5","Radeon R7 260X Asus DirectCU II 2GB Edition","18 ","28","16","
08-Oct-2013 ","4096x2160","Yes",5,56,"62 "
"GCN 1.1 Bonaire XTX ","1600 x 900","1100 ","Yes",1,"AMD","115 ","2048  ","104","128  ","1625 ","GDDR5","Radeon R7 260X","18 ","28","16","
08-Oct-2013 ","4096x2160","Yes",5,56,"62 "
"GCN 1.3 Ellesmere XT ","2560 x 1440","1120 ","Yes",1,"ATI","150 ","8192  ","256","256  ","2000 ","GDDR5","Radeon RX 480 XFX Black Edition 8GB","42 ","14","32","
29-Jun-2016 ","4096x2160","No",5,144,"191 "
"GCN 1.3 Ellesmere XT ","1920 x 1080","1120 ","Yes",1,"ATI","150 ","4096  ","224","256  ","1750 ","GDDR5","Radeon RX 480 XFX 4GB","41 ","14","32","
29-Jun-2016 ","4096x2160","No",5,144,"182 "
"GCN 1.3 Ellesmere XT ","2560 x 1440","1208 ","Yes",2,"ATI","150 ","8192  ","256","256  ","2000 ","GDDR5","Radeon RX 480 Sapphire Nitro+ 8GB","43 ","14","32","
29-Jul-2016 ","3840x2160","No",5,144,"193 "
"GCN 1.3 Ellesmere XT ","1920 x 1080","1208 ","Yes",2,"ATI","150 ","4096  ","224","256  ","1750 ","GDDR5","Radeon RX 480 Sapphire NITRO+ 4GB","42 ","14","32","
29-Jun-2016 ","4096x2160","No",5,144,"188 "
"GCN 1.3 Ellesmere XT ","1920 x 1080","1120 ","Yes",1,"ATI","150 ","4096  ","224","256  ","1750 ","GDDR5","Radeon RX 480 Sapphire 4GB","41 ","14","32","
29-Jun-2016 ","4096x2160","No",5,144,"182 "
"GCN 1.3 Ellesmere XT ","2560 x 1440","1120 ","Yes",1,"ATI","150 ","8192  ","256","256  ","2000 ","GDDR5","Radeon RX 480 PowerColour 8GB","41 ","14","32","
29-Jun-2016 ","7680x4320","No",5,144,"182 "
"GCN 1.3 Ellesmere XT ","1920 x 1080","1120 ","Yes",1,"ATI","120 ","4096  ","224","256  ","1750 ","GDDR5","Radeon RX 480 PowerColor Red Dragon 4GB","41 ","14","32","
01-Jun-2016 ","4096x2160","No",5,144,"182 "
"GCN 1.3 Ellesmere XT ","2560 x 1440","1120 ","Yes",1,"ATI","150 ","8192  ","256","256  ","2000 ","GDDR5","Radeon RX 480 PowerColor Red Dragon 8GB","41 ","14","32","
29-Jul-2016 ","7680x4320","No",5,144,"182 "
"GCN 1.3 Ellesmere XT ","2560 x 1440","1120 ","Yes",2,"ATI","150 ","8192  ","256","256  ","2000 ","GDDR5","Radeon RX 480 PowerColor Red Devil 8GB","43 ","14","32","
29-Jul-2016 ","4096x2160","No",5,144,"192 "
"GCN 1.3 Ellesmere XT ",NA,"1120 ","Yes",1,"ATI","150 ","8192  ","256","256  ","2000 ","GDDR5","Radeon RX 480 Sapphire 8GB","41 ","14","32","
29-Jun-2016 ","7680x4320","No",5,144,"182 "
"GCN 1.3 Ellesmere XT ","1920 x 1080","1120 ","Yes",1,"ATI","150 ","4096  ","224","256  ","1750 ","GDDR5","Radeon RX 480 PowerColor 4GB","41 ","14","32","
29-Jun-2016 ","4096x2160","No",5,144,"182 "
"GCN 1.3 Ellesmere XT ","1920 x 1080","1120 ","Yes",2,"ATI","150 ","4096  ","224","256  ","1750 ","GDDR5","Radeon RX 480 MSI GAMING 4G","41 ","14","32","
29-Jun-2016 ","4096x2160","No",5,144,"184 "
"GCN 1.3 Ellesmere XT ","2560 x 1440","1120 ","Yes",2,"ATI","150 ","8192  ","256","256  ","2000 ","GDDR5","Radeon RX 480 MSI Gaming 8GB","41 ","14","32","
15-Aug-2016 ","4096x2160","No",5,144,"184 "
"GCN 1.3 Ellesmere XT ","1920 x 1080","1120 ","Yes",2,"ATI","150 ","4096  ","224","256  ","1750 ","GDDR5","Radeon RX 480 MSI GAMING X 4G","42 ","14","32","
29-Jun-2016 ","4096x2160","No",5,144,"188 "
"GCN 1.3 Ellesmere XT ","2560 x 1440","1120 ","Yes",2,"ATI","150 ","8192  ","256","256  ","2000 ","GDDR5","Radeon RX 480 MSI Gaming X 8GB","42 ","14","32","
15-Aug-2016 ","4096x2160","No",5,144,"188 "
"GCN 1.3 Ellesmere XT ","2560 x 1440","1120 ","Yes",2,"ATI","150 ","8192  ","256","256  ","2000 ","GDDR5","Radeon RX 480 MSI Armor OC 8GB","41 ","14","32","
Unknown Release Date ","4096x2160","No",5,144,"186 "
"GCN 1.3 Ellesmere XT ","1920 x 1080","1120 ","Yes",2,"ATI","120 ","4096  ","224","256  ","1750 ","GDDR5","Radeon RX 480 MSI Armor OC 4GB","41 ","14","32","
Unknown Release Date ","4096x2160","No",5,144,"186 "
"GCN 1.3 Ellesmere XT ","2560 x 1440","1120 ","Yes",1,"ATI","150 ","8192  ","256","256  ","2000 ","GDDR5","Radeon RX 480 HIS IceQ X² Roaring Turbo GB","43 ","14","32","
29-Jun-2016 ","5120x2160","No",5,144,"193 "
"GCN 1.1 Bonaire PRO ","1600 x 900","1000 ","Yes",1,"AMD","95 ","2048  ","96","128  ","1500 ","GDDR5","Radeon R7 260","16 ","28","16","
17-Dec-2013 ","4096x2160","Yes",5,48,"48 "
"GCN 1.3 Ellesmere XT ","2560 x 1440","1120 ","Yes",1,"ATI","150 ","8192  ","256","256  ","2000 ","GDDR5","Radeon RX 480 MSI 8GB","41 ","14","32","
29-Jun-2016 ","7680x4320","No",5,144,"182 "
"GCN 1.3 Ellesmere XT ","1920 x 1080","1120 ","Yes",2,"ATI","120 ","4096  ","224","256  ","1750 ","GDDR5","Radeon RX 480 MSI Armor 4GB","41 ","14","32","
Unknown Release Date ","4096x2160","No",5,144,"182 "
"GCN 1.1 Bonaire PRO ","1600 x 900","1050 ","Yes",1,"AMD","95 ","1024  ","96","128  ","1500 ","GDDR5","Radeon R7 260 MSI 1GB OC Edition","17 ","28","16","
20-Jan-2014 ","4096x2160","Yes",5,48,"50 "
"GCN 1.3 Ellesmere XT ","1920 x 1080","1120 ","Yes",1,"ATI","120 ","4096  ","224","256  ","1750 ","GDDR5","Radeon RX 480 MSI 4GB","81 ","14","64","
01-Jun-2016 ","4096x2160","No",5,144,"182 "
"GCN 1.0 Cape Verde XT ","1600 x 900","950 ","Yes",1,"AMD","80 ","1024  ","72","128  ","1125 ","GDDR5","Radeon R7 250X Sapphire 1GB Edition","15 ","28","16","
13-Feb-2014 ","4096x2160","Yes",5,40,"38 "
"GCN 1.3 Ellesmere XT ",NA,"1120 ","Yes",1,"ATI","150 ","8192  ","256","256  ","2000 ","GDDR5","Radeon RX 480 HIS IceQ X² Roaring Turbo 8GB","43 ","14","32","
29-Jun-2016 ","4096x2160","No",5,144,"193 "
"GCN 1.0 Cape Verde XT ","1600 x 900","1100 ","Yes",1,"AMD","80 ","1024  ","83.2","128  ","1300 ","GDDR5","Radeon R7 250X Sapphire Vapor-X OC Edition","18 ","28","16","
13-Feb-2014 ","4096x2160","Yes",5,40,"44 "
"GCN 1.0 Cape Verde XT ","1600 x 900","1000 ","Yes",1,"AMD","80 ","1024  ","72","128  ","1125 ","GDDR5","Radeon R7 250X PowerColor 1GB Edition","16 ","28","16","
 13-Feb-2014 ","4096x2160","Yes",5,40,"40 "
"GCN 1.0 Cape Verde XT ","1600 x 900","1050 ","Yes",1,"AMD","80 ","1024  ","72","128  ","1125 ","GDDR5","Radeon R7 250X Gigabyte OC 1GB Edition","17 ","28","16","
13-Feb-2014 ","4096x2160","Yes",5,40,"42 "
"GCN 1.0 Cape Verde XT ","1600 x 900","950 ","Yes",1,"AMD","83 ","1024  ","72","128  ","1125 ","GDDR5","Radeon R7 250X MSI 1GB Edition","15 ","28","16","
13-Feb-2014 ","4096x2160","Yes",5,40,"38 "
"GCN 1.0 Cape Verde XT ","1600 x 900","1000 ","Yes",1,"AMD","80 ","1024  ","72","128  ","1125 ","GDDR5","Radeon R7 250X HIS iCooler 1GB Edition","16 ","28","16","
13-Feb-2014 ","4096x2160","Yes",5,40,"40 "
"GCN 1.0 Cape Verde XT (x2) ","1600 x 900","950 ","Yes",1,"AMD","160 ","4096  ","144","128  ","1125 ","GDDR5","Radeon R7 250X Crossfire","30 ","28","16 (x2)","
10-Feb-2014 ","4096x2160","Yes",5,40,"76 "
"GCN 1.0 Cape Verde XT ","1600 x 900","1020 ","Yes",1,"AMD","80 ","2048  ","72","128  ","1125 ","GDDR5","Radeon R7 250X Gigabyte OC 2GB Edition","16 ","28","16","
13-Feb-2014 ","4096x2160","Yes",5,40,"41 "
"GCN 1.0 Cape Verde XT ","1600 x 900","1000 ","Yes",1,"AMD","80 ","1024  ","72","128  ","1125 ","GDDR5","Radeon R7 250X Asus 1GB Edition","16 ","28","16","
13-Feb-2014 ","4096x2160","Yes",5,40,"40 "
"GCN 1.0 Cape Verde PRO ","1600 x 900","800 ","Yes",1,"AMD","61 ","1024  ","72","128  ","1125 ","GDDR5","Radeon R7 250E Club3D Low Profile 1GB Edition","13 ","28","16","
20-Dec-2013 ","4096x2160","Yes",5,32,"26 "
"GCN 1.0 Cape Verde PRO ","1600 x 900","800 ","Yes",1,"AMD","75 ","1024  ","72","128  ","1125 ","GDDR5","Radeon R7 250E Sapphire Ultimate 1GB Edition","13 ","28","16","
20-Dec-2013 ","4096x2160","Yes",5,32,"26 "
"GCN 1.0 Cape Verde PRO ","1600 x 900","800 ","Yes",1,"AMD","55 ","1024  ","72","128  ","1125 ","GDDR5","Radeon R7 250E","13 ","28","16","
20-Dec-2013 ","4096x2160","Yes",5,32,"26 "
"GCN 1.0 Cape Verde XT ","1600 x 900","1020 ","Yes",1,"AMD","80 ","2048  ","73.6","128  ","1150 ","GDDR5","Radeon R7 250X Asus 2GB Edition","16 ","28","16","
13-Feb-2014 ","4096x2160","Yes",5,40,"41 "
"GCN 1.1 Oland XT ","1366 x 768","1000 ","Yes",1,"AMD","65 ","2048  ","25.6","128  ","800 ","DDR3","Radeon R7 250 v2 XFX 2GB Edition","8 ","28","8","
09-Oct-2013 ","2560x1600","No",5,24,"25 "
"GCN 1.0 Cape Verde XT ","1600 x 900","950 ","Yes",1,"AMD","80 ","2048  ","72","128  ","1125 ","GDDR5","Radeon R7 250X","15 ","28","16","
10-Feb-2014 ","4096x2160","Yes",5,40,"38 "
"GCN 1.1 Oland XT ","1366 x 768","1000 ","Yes",1,"AMD","65 ","2048  ","28.8","128  ","900 ","DDR3","Radeon R7 250 v2 Sapphire 2GB Edition","8 ","28","8","
09-Oct-2013 ","2560x1600","No",5,24,"25 "
"GCN 1.1 Oland XT ","1366 x 768","1050 ","Yes",1,"AMD","65 ","2048  ","28.8","128  ","900 ","DDR3","Radeon R7 250 v2 MSI OC 2GB Edition","9 ","28","8","
11-Oct-2013 ","2560x1600","No",5,24,"26 "
"GCN 1.1 Oland XT ","1366 x 768","1000 ","Yes",1,"AMD","65 ","1024  ","25.6","128  ","800 ","DDR3","Radeon R7 250 v2 XFX Core 1GB Edition","8 ","28","8","
09-Oct-2013 ","2560x1600","Yes",5,24,"25 "
"GCN 1.1 Oland XT ","1366 x 768","1000 ","Yes",1,"AMD","65 ","2048  ","28.8","128  ","900 ","DDR3","Radeon R7 250 v2 HIS 2GB Edition","8 ","28","8","
09-Oct-2013 ","2560x1600","No",5,24,"25 "
"GCN 1.3 Ellesmere XT ","2560 x 1440","1120 ","Yes",1,"ATI","150 ","8192  ","256","256  ","2000 ","GDDR5","Radeon RX 480 HIS IceQ X² Roaring OC GB","41 ","14","32","
29-Jun-2016 ","5120x2880","No",5,144,"185 "
"GCN 1.1 Oland XT ","1366 x 768","1000 ","Yes",1,"AMD","48 ","2048  ","28.8","128  ","900 ","DDR3","Radeon R7 250 v2 Club3D 2GB Edition","8 ","28","8","
09-Oct-2013 ","2560x1600","No",5,24,"25 "
"GCN 1.1 Oland XT ","1366 x 768","1000 ","Yes",1,"AMD","65 ","2048  ","28.8","128  ","900 ","DDR3","Radeon R7 250 v2 2GB","8 ","28","8","
08-Oct-2013 ","2560x1600","No",5,24,"25 "
"GCN 1.3 Ellesmere XT ","2560 x 1440","1120 ","Yes",1,"ATI","150 ","8192  ","256","256  ","2000 ","GDDR5","Radeon RX 480 Gigabyte Windforce 8GB","41 ","14","32","
29-Jun-2016 ","7680x4320","No",5,144,"182 "
"GCN 1.3 Ellesmere XT ",NA,"1120 ","Yes",1,"ATI","150 ","8192  ","256","256  ","2000 ","GDDR5","Radeon RX 480 HIS IceQ X2 Roaring OC 8GB","41 ","14","32","
29-Jun-2016 ","5120x2880","No",5,144,"185 "
"GCN 1.3 Ellesmere XT ","2560 x 1440","1120 ","Yes",1,"ATI","150 ","8192  ","256","256  ","2000 ","GDDR5","Radeon RX 480 HIS 8GB","41 ","14","32","
29-Jun-2016 ","7680x4320","No",5,144,"182 "
"GCN 1.3 Ellesmere XT ","1920 x 1080","1120 ","Yes",1,"ATI","150 ","4096  ","224","256  ","1750 ","GDDR5","Radeon RX 480 Gigabyte Windforce 4GB","41 ","14","32","
29-Jun-2016 ","4096x2160","No",5,144,"182 "
"GCN 1.3 Ellesmere XT ","2560 x 1440","1120 ","Yes",1,"ATI","150 ","8192  ","256","256  ","2000 ","GDDR5","Radeon RX 480 Gigabyte G1 Gaming 8GB","41 ","14","32","
29-Jun-2016 ","7680x4320","No",5,144,"186 "
"GCN 1.3 Ellesmere XT ","1920 x 1080","1120 ","Yes",1,"ATI","120 ","4096  ","224","256  ","1750 ","GDDR5","Radeon RX 480 Gigabyte G1 Gaming 4GB","41 ","14","32","
01-Jun-2016 ","4096x2160","No",5,144,"182 "
"GCN 1.3 Ellesmere XT ","2560 x 1440","1120 ","Yes",1,"ATI","150 ","8192  ","256","256  ","2000 ","GDDR5","Radeon RX 480 Gigabyte 8GB","41 ","14","32","
29-Jun-2016 ","7680x4320","No",5,144,"182 "
"GCN 1.3 Ellesmere XT ","1920 x 1080","1120 ","Yes",1,"ATI","150 ","4096  ","224","256  ","1750 ","GDDR5","Radeon RX 480 GIGABYTE G1 Gaming 4GB","41 ","14","32","
29-Jun-2016 ","4096x2160","No",5,144,"182 "
"GCN 1.3 Ellesmere XT ",NA,"1120 ","Yes",2,"ATI","150 ","4096  ","224","256  ","1750 ","GDDR5","Radeon RX 480 ASUS DUAL OC 4GB","41 ","14","32","
29-Jun-2016 ","4096x2160","No",NA,144,"182 "
"GCN 1.3 Ellesmere XT ","2560 x 1440","1120 ","Yes",1,"ATI","150 ","8192  ","256","256  ","2000 ","GDDR5","Radeon RX 480 Asus 8GB","41 ","14","32","
29-Jun-2016 ","7680x4320","No",5,144,"182 "
"GCN 1.3 Ellesmere XT ","2560 x 1440","1120 ","Yes",2,"ATI","150 ","8192  ","256","256  ","2000 ","GDDR5","Radeon RX 480 Armor 8GB","41 ","14","32","
Unknown Release Date ","7680x4320","No",5,144,"182 "
"GCN 1.3 Ellesmere XT ","2560 x 1440","1120 ","Yes",2,"ATI","150 ","8192  ","256","256  ","2000 ","GDDR5","Radeon RX 480 Asus ROG Strix Gaming 8GB","41 ","14","32","
29-Jun-2016 ","7680x4320","No",5,144,"182 "
"GCN 1.3 Ellesmere XT ","2560 x 1440","1120 ","Yes",2,"ATI","150 ","8192  ","256","256  ","2000 ","GDDR5","Radeon RX 480 Asus ROG Strix OC 8GB","43 ","14","32","
29-Jun-2016 ","7680x4320","No",5,144,"192 "
"GCN 1.3 Ellesmere XT (x2) ","2560 x 1600","1120 ","Yes",1,"ATI","300 ","16384  ","512","256  ","2000 ","GDDR5","Radeon RX 480 8GB Crossfire","81 ","14","32 (x2)","
29-Jun-2016 ","4096x2160","Yes",5,144,"365 "
"GCN 1.3 Ellesmere XT ","2560 x 1440","1120 ","Yes",1,"ATI","150 ","8192  ","256","256  ","2000 ","GDDR5","Radeon RX 480 8GB","41 ","14","32","
29-Jun-2016 ","4096x2160","Yes",5,144,"182 "
"GCN 1.3 Ellesmere XT ","2560 x 1440","1120 ","Yes",1,"ATI","150 ","8192  ","256","256  ","2000 ","GDDR5","Radeon RX 480 Diamond 8GB","41 ","14","32","
29-Jun-2016 ","7680x4320","No",5,144,"182 "
"GCN 1.3 Ellesmere PRO ","1920 x 1080","926 ","Yes",1,"ATI","120 ","4096  ","224","256  ","1750 ","GDDR5","Radeon RX 470 XFX RS Black Limited Edition 4GB","41 ","14","32","
04-Aug-2016 ","4096x2160","No",5,128,"164 "
"GCN 1.3 Ellesmere XT ","1920 x 1080","1120 ","Yes",1,"ATI","120 ","4096  ","224","256  ","1750 ","GDDR5","Radeon RX 480 4GB","41 ","14","32","
01-Jun-2016 ","4096x2160","Yes",5,144,"182 "
"GCN 1.3 Ellesmere PRO ","1920 x 1080","926 ","Yes",1,"ATI","120 ","4096  ","224","256  ","1750 ","GDDR5","Radeon RX 470 XFX RS Triple X 4GB","59 ","14","48","
04-Aug-2016 ","4096x2160","Yes",5,96,"118 "
"GCN 1.1 Oland XT ","1600 x 900","1000 ","Yes",1,"AMD","65 ","1024  ","73.6","128  ","1150 ","GDDR5","Radeon R7 250 Sapphire 1GB Edition","8 ","28","8","
08-Oct-2013 ","2560x1600","No",5,24,"25 "
"GCN 1.1 Oland XT ","1600 x 900","1050 ","Yes",1,"AMD","75 ","1024  ","73.6","128  ","1150 ","GDDR5","Radeon R7 250 PowerColor OC 1GB Edition","9 ","28","8","
08-Oct-2013 ","2560x1600","No",5,24,"26 "
"GCN 1.3 Ellesmere PRO ","1920 x 1080","926 ","Yes",1,"ATI","120 ","4096  ","211.2","256  ","1650 ","GDDR5","Radeon RX 470 XFX Single Fan Triple X 4GB","59 ","14","48","
04-Aug-2016 ","4096x2160","Yes",5,96,"118 "
"GCN 1.3 Ellesmere PRO ","1920 x 1080","926 ","Yes",1,"ATI","120 ","4096  ","224","256  ","1750 ","GDDR5","Radeon RX 470 XFX RS Black Edition 4GB","60 ","14","48","
04-Aug-2016 ","4096x2160","Yes",5,96,"121 "
"GCN 1.1 Oland XT (x2) ","1920 x 1080","1000 ","Yes",1,"AMD","130 ","2048  ","147.2","128  ","1150 ","GDDR5","Radeon R7 250 Sapphire 1GB Edition Crossfire","17 ","28","8 (x2)","
08-Oct-2013 ","2560x1600","Yes",5,24,"50 "
"GCN 1.1 Oland XT ","1600 x 900","1000 ","Yes",1,"AMD","65 ","2048  ","73.6","128  ","1150 ","GDDR5","Radeon R7 250 HIS IceQ Boost Clock 2GB Edition","8 ","28","8","
08-Oct-2013 ","2560x1600","Yes",5,24,"25 "
"GCN 1.1 Oland XT ","1600 x 900","1050 ","Yes",1,"AMD","65 ","1024  ","73.6","128  ","1150 ","GDDR5","Radeon R7 250 Gigabyte OC 1GB Edition","9 ","28","8","
09-Oct-2013 ","2560x1600","No",5,24,"26 "
"GCN 1.1 Oland XT ","1600 x 900","1000 ","Yes",1,"AMD","65 ","1024  ","73.6","128  ","1150 ","GDDR5","Radeon R7 250 Asus 1GB Edition","8 ","28","8","
08-Oct-2013 ","2560x1600","No",5,24,"25 "
"GCN 1.1 Oland XT ","1600 x 900","1000 ","Yes",1,"AMD","65 ","1024  ","73.6","128  ","1150 ","GDDR5","Radeon R7 250 HIS iCooler 1GB Edition","8 ","28","8","
09-Oct-2013 ","2560x1600","No",5,24,"25 "
"GCN 1.1 Oland XT ","1600 x 900","1000 ","Yes",1,"AMD","65 ","2048  ","73.6","128  ","1150 ","GDDR5","Radeon R7 250 2GB","8 ","28","8","
08-Oct-2013 ","2560x1600","Yes",5,24,"25 "
"GCN 1.1 Oland XT ","1600 x 900","1000 ","Yes",1,"AMD","65 ","1024  ","73.6","128  ","1150 ","GDDR5","Radeon R7 250 Diamond 1GB Edition","8 ","28","8","
08-Oct-2013 ","2560x1600","No",5,24,"25 "
"GCN 1.1 Oland XT (x2) ","1920 x 1080","1000 ","Yes",1,"AMD","130 ","2048  ","147.2","128  ","1150 ","GDDR5","Radeon R7 250 1GB Crossfire","17 ","28","8 (x2)","
08-Oct-2013 ","2560x1600","Yes",5,24,"50 "
"GCN 1.1 Oland XT ","1600 x 900","1000 ","Yes",1,"AMD","65 ","1024  ","73.6","128  ","1150 ","GDDR5","Radeon R7 250 1GB","8 ","28","8","
08-Oct-2013 ","2560x1600","No",5,24,"25 "
"GCN 1.1 Oland PRO ","1366 x 768","730 ","Yes",1,"AMD","35 ","4096  ","21.3","128  ","667 ","DDR3","Radeon R7 240 XFX Core Low Profile 4GB Edition","6 ","28","8","
08-Oct-2013 ","4096x2160","No",5,20,"16 "
"GCN 1.1 Oland XT ","1600 x 900","1050 ","Yes",1,"AMD","65 ","2048  ","73.6","128  ","1150 ","GDDR5","Radeon R7 250 Gigabyte OC 2GB Edition","9 ","28","8","
09-Oct-2013 ","2560x1600","Yes",5,24,"26 "
"GCN 1.1 Oland PRO ","1366 x 768","730 ","Yes",1,"AMD","35 ","2048  ","25.6","128  ","800 ","DDR3","Radeon R7 240 XFX Low Profile 2GB Edition","6 ","28","8","
08-Oct-2013 ","4096x2160","No",5,20,"16 "
"GCN 1.1 Oland XT ","1600 x 900","1000 ","Yes",1,"AMD","59 ","1024  ","73.6","128  ","1150 ","GDDR5","Radeon R7 250 MSI OC 1GB Edition","9 ","28","8","
11-Oct-2013 ","2560x1600","No",5,24,"26 "
"GCN 1.1 Oland PRO ","1600 x 900","730 ","Yes",1,"AMD","30 ","1024  ","73.6","128  ","1150 ","GDDR5","Radeon R7 240 v2 Sapphire 1GB Edition","6 ","28","8","
08-Oct-2013 ","4096x2160","No",5,20,"16 "
"GCN 1.1 Oland PRO ","1600 x 900","730 ","Yes",1,"AMD","30 ","2048  ","72","128  ","1125 ","GDDR5","Radeon R7 240 v2 2GB","6 ","28","8","
08-Oct-2013 ","4096x2160","No",5,20,"16 "
"GCN 1.1 Oland PRO ","1600 x 900","730 ","Yes",1,"AMD","30 ","2048  ","73.6","128  ","1150 ","GDDR5","Radeon R7 240 v2 HIS iCooler Boost Clock 2GB Edition","6 ","28","8","
09-Oct-2013 ","4096x2160","Yes",5,20,"16 "
"GCN 1.1 Oland PRO ","1600 x 900","730 ","Yes",1,"AMD","30 ","1024  ","72","128  ","1125 ","GDDR5","Radeon R7 240 v2 1GB","6 ","28","8","
08-Oct-2013 ","4096x2160","No",5,20,"16 "
"GCN 1.1 Oland PRO ","1366 x 768","730 ","Yes",1,"AMD","35 ","1024  ","28.8","128  ","900 ","DDR3","Radeon R7 240 Sapphire 4GB Edition","6 ","28","8","
08-Oct-2013 ","4096x2160","No",5,20,"16 "
"GCN 1.1 Oland PRO ","1366 x 768","730 ","Yes",1,"AMD","35 ","1024  ","28.8","128  ","900 ","DDR3","Radeon R7 240 Sapphire 1GB Edition","6 ","28","8","
08-Oct-2013 ","4096x2160","No",5,20,"16 "
"GCN 1.3 Ellesmere PRO ","1920 x 1080","926 ","Yes",1,"ATI","120 ","4096  ","224","256  ","1750 ","GDDR5","Radeon RX 470 Sapphire Platinum Edition 4GB","39 ","14","32","
04-Aug-2016 ","4096x2160","No",5,128,"156 "
"GCN 1.1 Oland PRO ","1366 x 768","750 ","Yes",1,"AMD","30 ","2048  ","28.8","128  ","900 ","DDR3","Radeon R7 240 PowerColor OC V2 2GB Edition","6 ","28","8","
08-Oct-2013 ","4096x2160","No",5,20,"16 "
"GCN 1.3 Ellesmere PRO ","1920 x 1080","1121 ","Yes",2,"ATI","120 ","8192  ","256","256  ","2000 ","GDDR5","Radeon RX 470 Sapphire Nitro+ 8GB","40 ","14","32","
04-Aug-2016 ","4096x2160","No",5,128,"161 "
"GCN 1.3 Ellesmere PRO ","1920 x 1080","1143 ","Yes",2,"ATI","120 ","4096  ","224","256  ","1750 ","GDDR5","Radeon RX 470 Sapphire Nitro+ 4GB","40 ","14","32","
04-Aug-2016 ","4096x2160","No",5,128,"161 "
"GCN 1.3 Ellesmere PRO ","1920 x 1080","926 ","Yes",1,"ATI","120 ","4096  ","224","256  ","1750 ","GDDR5","Radeon RX 470 PowerColor Red Devil 4GB","41 ","14","32","
04-Aug-2016 ","4096x2160","No",5,128,"163 "
"GCN 1.3 Ellesmere PRO ","1920 x 1080","926 ","Yes",2,"ATI","110 ","4096  ","211.2","256  ","1650 ","GDDR5","Radeon RX 470 MSI Gaming X 4GB","40 ","14","32","
04-Aug-2016 ","4096x2160","No",5,128,"159 "
"GCN 1.3 Ellesmere PRO ","1920 x 1080","926 ","Yes",1,"ATI","120 ","4096  ","211.2","256  ","1650 ","GDDR5","Radeon RX 470 PowerColour Red Dragon 4GB","39 ","14","32","
04-Aug-2016 ","4096x2160","No",5,128,"155 "
"GCN 1.3 Ellesmere PRO ","1920 x 1080","926 ","Yes",2,"ATI","110 ","4096  ","211.2","256  ","1650 ","GDDR5","Radeon RX 470 MSI Gaming 4GB","39 ","14","32","
04-Aug-2016 ","4096x2160","No",5,128,"156 "
"GCN 1.3 Ellesmere PRO ","1920 x 1080","926 ","Yes",2,"ATI","110 ","8192  ","211.2","256  ","1650 ","GDDR5","Radeon RX 470 MSI Gaming X 8GB","40 ","14","32","
04-Aug-2016 ","4096x2160","No",5,128,"159 "
"GCN 1.3 Ellesmere PRO ","1920 x 1080","926 ","Yes",1,"ATI","120 ","4096  ","211.2","256  ","1650 ","GDDR5","Radeon RX 470 HIS IceQ X2 Turbo 4GB","40 ","14","32","
04-Aug-2016 ","4096x2160","No",5,128,"161 "
"GCN 1.3 Ellesmere PRO ","1920 x 1080","926 ",NA,2,"ATI","110 ",NA,"211.2","256  ","1650 ","GDDR5","Radeon RX 470 MSI Gaming 8GB","39 ","14","32","
04-Aug-2016 ","4096x2160","Yes",5,128,"156 "
"GCN 1.3 Ellesmere PRO ","1920 x 1080","926 ","Yes",1,"ATI","120 ","4096  ","211.2","256  ","1650 ","GDDR5","Radeon RX 470 HIS IceQ X2 OC 4GB","40 ","14","32","
04-Aug-2016 ","4096x2160","Yes",5,128,"161 "
"GCN 1.3 Ellesmere PRO ","1920 x 1080","926 ","Yes",1,"ATI","120 ","4096  ","211.2","256  ","1650 ","GDDR5","Radeon RX 470 ASUS ROG Strix Gaming 4GB","39 ","14","32","
04-Aug-2016 ","4096x2160","No",5,128,"154 "
"GCN 1.3 Ellesmere PRO ","1920 x 1080","926 ","Yes",1,"ATI","120 ","4096  ","211.2","256  ","1650 ","GDDR5","Radeon RX 470 4GB","39 ","14","32","
04-Aug-2016 ","4096x2160","Yes",5,128,"154 "
"GCN 1.3 Baffin XT ","1600 x 900","1090 ","Yes",1,"ATI","75 ","4096  ","112","128  ","1750 ","GDDR5","Radeon RX 460 VisionTek Overclocked Edition 4GB","19 ","14","16","
28-Jul-2016 ","5120x2880","No",5,56,"67 "
"GCN 1.3 Baffin XT ","1600 x 900","1090 ","Yes",1,"ATI","75 ","4096  ","112","128  ","1750 ","GDDR5","Radeon RX 460 XFX 4GB Twin Fan","20 ","14","16","
08-Aug-2016 ","7680x4320","No",5,48,"59 "
"GCN 1.3 Baffin PRO ","1600 x 900",NA,"Yes",1,"ATI","75 ","2048  ","112","128  ","1750 ","GDDR5","Radeon RX 460 XFX Black Wolf 2GB","19 ","14","16","
08-Aug-2016 ","7680x4320","Yes",5,56,"67 "
"GCN 1.3 Ellesmere PRO ","1920 x 1080","926 ","Yes",1,"ATI","120 ","4096  ","211.2","256  ","1650 ","GDDR5","Radeon RX 470 Asus ROG Strix Gaming OC 4GB","41 ","14","32","
04-Aug-2016 ","4096x2160","No",5,128,"163 "
"GCN 1.3 Baffin XT ","1600 x 900","1090 ","Yes",1,"ATI","75 ","4096  ","112","128  ","1750 ","GDDR5","Radeon RX 460 XFX 4GB Single Fan","20 ","14","16","
08-Aug-2016 ","7680x4320","No",5,48,"59 "
"GCN 1.3 Baffin XT ","1600 x 900","1090 ","Yes",1,"ATI","75 ","2048  ","112","128  ","1750 ","GDDR5","Radeon RX 460 XFX 2GB Single Fan","20 ","14","16","
08-Aug-2016 ","7680x4320","No",5,48,"59 "
"GCN 1.3 Ellesmere PRO ","1920 x 1080","926 ","Yes",1,"ATI","120 ","4096  ","211.2","256  ","1650 ","GDDR5","Radeon RX 470 GIGABYTE G1 4GB","39 ","14","32","
04-Aug-2016 ","4096x2160","No",5,128,"157 "
"GCN 1.3 Baffin XT ","1600 x 900","1090 ","Yes",1,"ATI","150 ","2048  ","112","128  ","1750 ","GDDR5","Radeon RX 460 XFX 2GB Twin Fan","20 ","14","16","
28-Jul-2016 ","4096x2160","No",5,64,"78 "
"GCN 1.3 Baffin XT ","1600 x 900","1090 ","Yes",1,"ATI","75 ","2048  ","112","128  ","1750 ","GDDR5","Radeon RX 460 Sapphire Nitro 2G D5","19 ","14","16","
08-Aug-2016 ","7680x4320","No",5,64,"77 "
"GCN 1.3 Baffin XT ","1600 x 900","1090 ","Yes",1,"ATI","75 ","4096  ","112","128  ","1750 ","GDDR5","Radeon RX 460 MSI OC 4GB","19 ","14","16","
08-Aug-2016 ","5120x2880","No",5,56,"68 "
"GCN 1.3 Baffin PRO ","1600 x 900",NA,"Yes",1,"ATI","75 ","2048  ","112","128  ","1750 ","GDDR5","Radeon RX 460 MSI OC 2GB","19 ","14","16","
08-Aug-2016 ","7680x4320","No",5,48,"58 "
"GCN 1.3 Baffin XT ","1600 x 900","1090 ","Yes",1,"ATI","150 ","4096  ","112","128  ","1750 ","GDDR5","Radeon RX 460 Sapphire Nitro 4G D5","20 ","14","16","
28-Jul-2016 ","7680x4320","No",5,64,"80 "
"GCN 1.3 Baffin PRO ","1600 x 900",NA,"Yes",1,"ATI","75 ","2048  ","112","128  ","1750 ","GDDR5","Radeon RX 460 Gigabyte WindForce 2GB","19 ","14","16","
 08-Aug-2016 ","7680x4320","No",5,48,"58 "
"GCN 1.3 Baffin PRO ","1600 x 900",NA,"Yes",1,"ATI","75 ","2048  ","112","128  ","1750 ","GDDR5","Radeon RX 460 HIS iCooler OC 2GB","20 ","14","16","
08-Aug-2016 ","7680x4320","No",5,48,"59 "
"GCN 1.3 Baffin XT ","1600 x 900","1090 ","Yes",1,"ATI","75 ","4096  ",NA,"128  ","1750 ",NA,"Radeon RX 460 Gigabyte Windforce 2X OC 4GB","19 ","14","16","
08-Aug-2016 ","5120x2880","No",5,56,"68 "
"GCN 1.3 Baffin PRO ","1600 x 900",NA,"Yes",1,"ATI","75 ","2048  ","112","32  ","1750 ","GDDR5","Radeon RX 460 Dataland X-Serial 4GB","20 ","14","4 (x4)","
28-Jul-2016 ","7680x4320","Yes",5,14,"69 "
"GCN 1.3 Baffin PRO ","1600 x 900",NA,"Yes",1,"ATI","75 ","2048  ","112","128  ","1750 ","GDDR5","Radeon RX 460 PowerColor Red Dragon 2GB","19 ","14","16","
08-Aug-2016 ","5120x2880","No",5,56,"68 "
"GCN 1.3 Baffin XT ","1600 x 900","1090 ","Yes",1,"ATI","75 ","4096  ","112","128  ","1750 ","GDDR5","Radeon RX 460 HIS iCooler OC 4GB","20 ","14","16","
08-Aug-2016 ","5120x2880","No",5,56,"68 "
"GCN 1.3 Baffin XT ","1600 x 900","1090 ","Yes",1,"ATI","75 ","4096  ","112","128  ","1750 ","GDDR5","Radeon RX 460 Asus ROG Strix Gaming OC 4GB","20 ","14","16","
08-Aug-2016 ","5120x2880","No",5,56,"69 "
"GCN 1.3 Baffin PRO ","1600 x 900",NA,"Yes",1,"ATI","75 ","4096  ","112","128  ","1750 ","GDDR5","Radeon RX 460 Asus ROG Strix Gaming 4GB","19 ","14","16","
08-Aug-2016 ","7680x4320","No",5,48,"58 "
"GCN 1.3 Baffin PRO ","1600 x 900",NA,"Yes",1,"ATI","75 ","2048  ","112","128  ","1750 ","GDDR5","Radeon RX 460 ASUS DUAL OC 2GB","20 ","14","16","
08-Aug-2016 ","7680x4320","No",5,48,"59 "
"GCN 1.3 Baffin XT ","1600 x 900","1090 ","Yes",1,"ATI","75 ","4096  ","112","128  ","1750 ","GDDR5","Radeon RX 460 PowerColor Red Dragon 4GB","19 ","14","16","
08-Aug-2016 ","5120x2880","No",5,56,"68 "
"GCN 1.3 Baffin PRO ","1600 x 900",NA,"Yes",1,"ATI","75 ","2048  ","112","128  ","1750 ","GDDR5","Radeon RX 460 ASUS DUAL 2GB","19 ","14","16","
08-Aug-2016 ","7680x4320","No",5,48,"58 "
"GCN 1.1 Oland PRO ","1366 x 768","750 ","Yes",1,"AMD","30 ","2048  ","28.8","128  ","900 ","DDR3","Radeon R7 240 PowerColor OC 2GB Edition","6 ","28","8","
08-Oct-2013 ","4096x2160","No",5,20,"16 "
"GCN 1.3 Baffin PRO ","1600 x 900",NA,NA,1,"ATI","75 ",NA,NA,NA,"1750 ",NA,"Radeon RX 460 2GB","19 ","14","16","
08-Aug-2016 ","7680x4320","No",NA,56,"67 "
"GCN 1.1 Oland PRO ","1366 x 768","760 ","Yes",1,"AMD","35 ","2048  ","28.8","128  ","900 ","DDR3","Radeon R7 240 MSI OC 2GB Edition","6 ","28","8","
16-Oct-2013 ","4096x2160","No",5,20,"16 "
"GCN 1.3 Baffin XT ","1600 x 900","1090 ",NA,1,"ATI","75 ",NA,NA,NA,"1750 ",NA,"Radeon RX 460 4GB","19 ","14","16","
08-Aug-2016 ","5120x2880","Yes",NA,56,"67 "
"GCN 1.1 Oland PRO ","1366 x 768","730 ","Yes",1,"AMD","35 ","2048  ","28.8","128  ","900 ","DDR3","Radeon R7 240 Asus Low Profile 2GB Edition","6 ","28","8","
08-Oct-2013 ","4096x2160","No",5,20,"16 "
"GCN 1.1 Oland PRO ","1366 x 768","730 ","Yes",1,"AMD","30 ","2048  ","28.8","128  ","900 ","DDR3","Radeon R7 240 2GB","6 ","28","8","
08-Oct-2013 ","4096x2160","No",5,20,"16 "
"GCN 1.1 Oland PRO ","1366 x 768","780 ","Yes",1,"AMD","30 ","2048  ","28.8","128  ","900 ","DDR3","Radeon R7 240 Gigabyte OC 2GB Edition","7 ","28","8","
09-Oct-2013 ","4096x2160","No",5,20,"18 "
"GCN 1.1 Oland PRO ","1366 x 768","730 ","Yes",1,"AMD","35 ","4096  ","28.8","128  ","900 ","DDR3","Radeon R7 240 MSI Low Profile 4GB Edition","6 ","28","8","
16-Oct-2013 ","4096x2160","No",5,20,"16 "
"GCN 1.1 Oland PRO ","1366 x 768","770 ","Yes",1,"AMD","35 ","4096  ","28.8","128  ","900 ","DDR3","Radeon R7 240 Asus Low Profile OC 4GB Edition","7 ","28","8","
08-Oct-2013 ","4096x2160","No",5,20,"16 "
"GCN 1.1 Oland PRO ","1366 x 768","730 ","Yes",1,"AMD","30 ","1024  ","25.6","128  ","800 ","DDR3","Radeon R7 240 Asus 1GB Edition","6 ","28","8","
08-Oct-2013 ","4096x2160","No",5,20,"16 "
"GCN 1.1 Oland PRO ","1366 x 768","730 ","Yes",1,"AMD","35 ","2048  ","28.8","128  ","900 ","DDR3","Radeon R7 240 MSI Low Profile 2GB Edition","6 ","28","8","
16-Oct-2013 ","4096x2160","No",5,20,"16 "
"Terascale 2 Caicos XT ","1024 x 768","775 ","Yes",1,"AMD","35 ","1024  ","14.4","64  ","900 ","DDR3","Radeon R5 235","3 ","40","4","
21-Dec-2013 ","2560x1600","No",5,8,"6 "
"Terascale 2 Caicos XT ","1366 x 768","875 ","Yes",1,"AMD","37 ","1024  ","14.4","64  ","900 ","DDR3","Radeon R5 235X","4 ","40","4","
21-Dec-2013 ","2560x1600","No",5,8,"7 "
"Terascale 2 Caicos PRO-L ","1024 x 768","625 ","Yes",1,"AMD","19 ","1024  ","12.8","64  ","800 ","DDR3","Radeon R5 230 Sapphire Flex 1GB Edition","3 ","40","4","
03-Apr-2014 ","2560x1600","No",5,8,"5 "
"Terascale 2 Caicos PRO-L ","1024 x 768","625 ","Yes",1,"AMD","19 ","2048  ","10.7","64  ","667 ","DDR3","Radeon R5 230 Sapphire 2GB Edition","3 ","40","4","
03-Apr-2014 ","2560x1600","No",5,8,"5 "
"Terascale 2 Caicos PRO-L ","1024 x 768","625 ","Yes",1,"AMD","19 ","1024  ","10.7","64  ","667 ","DDR3","Radeon R5 230 Sapphire 1GB Edition","3 ","40","4","
03-Apr-2014 ","2560x1600","No",5,8,"5 "
"Terascale 2 Caicos PRO-L ","1024 x 768","625 ","Yes",1,"AMD","19 ","2048  ","8","64  ","500 ","DDR3","Radeon R5 230 MSI 2GB Edition","3 ","40","4","
03-Apr-2014 ","2560x1600","No",5,8,"5 "
"Terascale 2 Caicos PRO-L ","1024 x 768","625 ","Yes",1,"AMD","19 ","1024  ","8","64  ","500 ","DDR3","Radeon R5 230 MSI 1GB Edition","3 ","40","4","
03-Apr-2014 ","2560x1600","No",5,8,"5 "
"Terascale 2 Caicos PRO-L ","1024 x 768","625 ","Yes",1,"AMD","19 ","2048  ","8","64  ","500 ","DDR3","Radeon R5 230 HIS Silence 2GB Edition","3 ","40","4","
03-Apr-2014 ","2560x1600","No",5,8,"5 "
"Terascale 2 Caicos PRO-L ","1024 x 768","625 ","Yes",1,"AMD","19 ","1024  ","10.7","64  ","667 ","DDR3","Radeon R5 230 PowerColor 1GB Edition","3 ","40","4","
03-Apr-2014 ","2560x1600","No",5,8,"5 "
"Terascale 2 Caicos PRO-L ","1024 x 768","650 ","Yes",1,"AMD","19 ","2048  ","9.6","64  ","600 ","DDR3","Radeon R5 230 Asus Silent 2GB Edition","3 ","40","4","
03-Apr-2014 ","2560x1600","No",5,8,"5 "
"Terascale 2 Caicos PRO-L ","1024 x 768","625 ","Yes",1,"AMD","19 ","1024  ","8.5","64  ","533 ","DDR3","Radeon R5 230","3 ","40","4","
03-Apr-2014 ","2560x1600","No",5,8,"5 "
"Terascale 2 Caicos PRO-L ","1024 x 768","625 ","Yes",1,"AMD","19 ","1024  ","8.5","64  ","533 ","DDR3","Radeon R5 230 Gigabyte 1GB Edition","3 ","40","4","
03-Apr-2014 ","2560x1600","No",5,8,"5 "
"GCN 1.3 Polaris 20 XTX ","3840 x 2160",NA,"Yes",1,"ATI","250 ","32000  ","512","256  ","2000 ","GDDR5","Radeon Pro Duo 32GB","80 ","28","32 (x2)","
25-Apr-2017 ","7680x4320","Yes",5,72,"179 "
"R480 ",NA,NA,"Yes",0,"AMD",NA,"256  ","69.1","256  ","1080 ","GDDR3","Radeon X850 XT",NA,NA,NA,"
01-Dec-2004 ","2048x1536","No",2,NA,NA
"Terascale 2 Caicos PRO-L ","1024 x 768","625 ","Yes",1,"AMD","19 ","1024  ","9.6","64  ","600 ","DDR3","Radeon R5 230 Asus Silent 1GB Edition","3 ","40","4","
03-Apr-2014 ","2560x1600","No",5,8,"5 "
"R480 ",NA,NA,"Yes",0,"AMD",NA,"256  ","69.1","256  ","1080 ","GDDR3","Radeon X850 Series",NA,NA,NA,"
01-Dec-2004 ","2048x1536","No",2,NA,NA
"R423 ",NA,NA,"Yes",0,"AMD",NA,"256  ","64","256  ","1000 ","GDDR3","Radeon X800 XT",NA,NA,NA,"
01-Dec-2004 ","2048x1536","No",2,NA,NA
"GCN 1.1 Oland XT ","1366 x 768","825 ","Yes",1,"AMD","30 ","1024  ","16","64  ","1000 ","GDDR3","Radeon R5 240 v1","7 ","28","8","
21-Apr-2013 ","4096x2160","No",5,24,"20 "
"Terascale Cedar PRO ","1024 x 768","650 ","Yes",1,"AMD","19 ","1024  ","8.5","64  ","533 ","DDR3","Radeon R5 220","3 ","40","4","
21-Dec-2013 ","2560x1600","No",5,8,"5 "
"R423 ",NA,NA,"Yes",0,"AMD",NA,"256  ","71.7","256  ","1120 ","GDDR3","Radeon X800 XT Platinum",NA,NA,NA,"
02-Jan-2004 ","2048x1536","No",2,NA,NA
"R480 ",NA,NA,"Yes",0,"AMD",NA,"256  ","62.7","256  ","980 ","GDDR3","Radeon X800 GTO",NA,NA,NA,"
15-Nov-2005 ","2048x1536","No",2,NA,NA
"R420 ",NA,NA,"Yes",0,"AMD",NA,"256  ","51.2","256  ","800 ","GDDR3","Radeon X800 SE",NA,NA,NA,"
16-Oct-2004 ","2048x1536","No",2,NA,NA
"R430 ",NA,NA,"Yes",0,"AMD",NA,"256  ","125.4","512  ","980 ","GDDR3","Radeon X800 XL",NA,NA,NA,"
01-Dec-2004 ","2048x1536","No",2,NA,NA
"RV380 ",NA,NA,"Yes",0,"AMD",NA,"128  ","9.6","128  ","600 ","DDR","Radeon X600 Series",NA,NA,NA,"
21-Jun-2004 ","2048x1536","No",2,NA,NA
"RV370 ",NA,NA,"Yes",0,"AMD",NA,"128  ","6.4","128  ","400 ","DDR","Radeon X300 Series",NA,NA,NA,"
01-Jun-2004 ","1600x1200","No",2,NA,NA
"R423 ",NA,NA,"Yes",0,"AMD",NA,"256  ","57.6","256  ","900 ","GDDR3","Radeon X800 Pro",NA,NA,NA,"
05-May-2004 ","2048x1536","No",2,NA,NA
"RV370 ",NA,NA,"Yes",0,"AMD",NA,"256  ","8","128  ","500 ","DDR","Radeon X550 Series",NA,NA,NA,"
21-Jun-2005 ","2048x1536","No",2,NA,NA
"R480 ",NA,NA,"Yes",0,"AMD",NA,"256  ","62.7","256  ","980 ","GDDR3","Radeon X800 GT",NA,NA,NA,"
01-Sep-2005 ","2048x1536","No",2,NA,NA
"Vega 10 XTX ","3840 x 2160",NA,"Yes",1,"AMD","295 ","8192  ","256","512  ","500 ","HBM-2","Radeon RX Vega 64 Air 8GB","99 ","14","16 (x4)","
30-Jul-2017 ","7680x4320","Yes",5,64,"396 "
"GCN 1.3 Baffin XT ","1600 x 900","1090 ","Yes",1,"ATI","75 ","4096  ",NA,NA,"1750 ",NA,"Radeon RX 460 HIS Slim-iCooler OC 4GB","20 ","14","16","
29-Nov-2016 ","5120x2880","No",5,56,"68 "
"RV410 ",NA,NA,"Yes",0,"AMD",NA,"128  ","11.2","128  ","700 ","DDR","Radeon X700 Series",NA,NA,NA,"
02-Jan-2004 ","2048x1536","No",2,NA,NA
"GCN 1.3 Polaris 20 XTX ","2560 x 1440",NA,"Yes",1,"AMD","150 ","8192  ","256","128  ","2000 ","GDDR5","Radeon RX 580 XFX GTS XXX 8GB","44 ","14","16 (x2)","
18-Apr-2017 ","4096x2160","Yes",5,72,"200 "
NA,NA,NA,"Yes",NA,"AMD",NA,"16  ","1","64  ","130 ","DDR","Rage 128 Ultra 16MB",NA,NA,NA,"
01-Aug-1998 ","1600x1200","No",NA,NA,NA
"GCN 1.3 Polaris 20 XTX ","2560 x 1440",NA,"Yes",1,"AMD","150 ","8192  ","256","128  ","2000 ","GDDR5","Radeon RX 580 XFX GTS Black 8GB","46 ","14","16 (x2)","
18-Apr-2017 ","4096x2160","Yes",5,72,"205 "
"GCN 1.3 Polaris 20 XTX ","2560 x 1440",NA,"Yes",1,"AMD","150 ","4096  ","224","128  ","1750 ","GDDR5","Radeon RX 580 XFX GTS XXX 4GB","44 ","14","16 (x2)","
18-Apr-2017 ","4096x2160","Yes",5,72,"200 "
NA,NA,NA,"Yes",0,"AMD",NA,"32  ","2.3","128  ","143 ","DDR","Rage 128 Pro",NA,NA,NA,"
01-Aug-1999 ",NA,"No",NA,NA,NA
"GCN 1.3 Polaris 20 XTX ","2560 x 1440",NA,"Yes",1,"AMD","150 ","8192  ","256","128  ","2000 ","GDDR5","Radeon RX 580 XFX GTS Black Core 8GB","45 ","14","16 (x2)","
18-Apr-2017 ","4096x2160","Yes",5,72,"202 "
"GCN 1.3 Polaris 20 XTX ","2560 x 1440",NA,"Yes",1,"AMD","150 ","8192  ","256","128  ","2000 ","GDDR5","Radeon RX 580 XFX GTR Black 8GB","46 ","14","16 (x2)","
18-Apr-2017 ","4096x2160","Yes",5,72,"205 "
"GCN 1.3 Polaris 20 XTX ","2560 x 1440",NA,"Yes",1,"AMD","150 ","8192  ","256","128  ","2000 ","GDDR5","Radeon RX 580 XFX GTR XXX 8GB","44 ","14","16 (x2)","
18-Apr-2017 ","4096x2160","Yes",5,72,"197 "
"GCN 1.3 Polaris 20 XTX ","2560 x 1440",NA,"Yes",2,"AMD","150 ","8192  ","256","128  ","2000 ","GDDR5","Radeon RX 580 Sapphire Pulse 8GB","44 ","14","16 (x2)","
18-Apr-2017 ","4096x2160","Yes",5,72,"197 "
"GCN 1.3 Polaris 20 XTX ","2560 x 1440",NA,"Yes",1,"AMD","150 ","8192  ","256","128  ","2000 ","GDDR5","Radeon RX 580 VisionTek OC 8GB","44 ","14","16 (x2)","
18-Apr-2017 ","4096x2160","Yes",5,72,"197 "
"GCN 1.3 Polaris 20 XTX ","2560 x 1440",NA,"Yes",2,"AMD","150 ","8192  ","224","128  ","1750 ","GDDR5","Radeon RX 580 Sapphire Pulse 4GB","44 ","14","16 (x2)","
18-Apr-2017 ","4096x2160","Yes",5,72,"197 "
"GCN 1.3 Polaris 20 XTX ","2560 x 1440",NA,"Yes",1,"AMD","150 ","8192  ","256","128  ","2000 ","GDDR5","Radeon RX 580 XFX GTR-S Black 8GB","46 ","14","16 (x2)","
18-Apr-2017 ","4096x2160","Yes",5,72,"209 "
"GCN 1.3 Polaris 20 XTX ","2560 x 1440",NA,"Yes",2,"AMD","150 ","8192  ","224","128  ","1750 ","GDDR5","Radeon RX 580 Sapphire Nitro+ 4GB","45 ","14","16 (x2)","
18-Apr-2017 ","4096x2160","Yes",5,72,"203 "
"GCN 1.3 Polaris 20 XTX ","2560 x 1440",NA,"Yes",2,"AMD","150 ","8192  ","256","128  ","2000 ","GDDR5","Radeon RX 580 Sapphire Nitro+ Limited 8GB","46 ","14","16 (x2)","
18-Apr-2017 ","4096x2160","Yes",5,72,"209 "
"GCN 1.3 Polaris 20 XTX ","2560 x 1440",NA,"Yes",1,"AMD","150 ","4096  ","224","128  ","1750 ","GDDR5","Radeon RX 580 PowerColor Red Dragon 4GB","43 ","14","16 (x2)","
18-Apr-2017 ","4096x2160","Yes",5,72,"194 "
"GCN 1.3 Polaris 20 XTX ","2560 x 1440",NA,"Yes",1,"AMD","150 ","8192  ","256","128  ","2000 ","GDDR5","Radeon RX 580 PowerColor Red Dragon 8GB","43 ","14","16 (x2)","
18-Apr-2017 ","4096x2160","Yes",5,72,"194 "
"GCN 1.3 Polaris 20 XTX ","2560 x 1440",NA,"Yes",1,"AMD","150 ","8192  ","256","128  ","2000 ","GDDR5","Radeon RX 580 PowerColor Red Devil Golden Sample 8GB","46 ","14","16 (x2)","
18-Apr-2017 ","4096x2160","Yes",5,72,"205 "
"GCN 1.3 Polaris 20 XTX ","2560 x 1440",NA,"Yes",2,"AMD","150 ","8192  ","256","128  ","2000 ","GDDR5","Radeon RX 580 MSI Gaming X+ 8GB","46 ","14","16 (x2)","
18-Apr-2017 ","4096x2160","Yes",5,72,"208 "
"GCN 1.3 Polaris 20 XTX ","2560 x 1440",NA,"Yes",2,"AMD","150 ","8192  ","256","128  ","2000 ","GDDR5","Radeon RX 580 Sapphire Nitro+ 8GB","45 ","14","16 (x2)","
18-Apr-2017 ","4096x2160","Yes",5,72,"203 "
"GCN 1.3 Polaris 20 XTX ","2560 x 1440",NA,"Yes",2,"AMD","150 ","4096  ","224","128  ","1750 ","GDDR5","Radeon RX 580 MSI Gaming X 4GB","45 ","14","16 (x2)","
18-Apr-2017 ","4096x2160","Yes",5,72,"201 "
"GCN 1.3 Polaris 20 XTX ","2560 x 1440",NA,"Yes",2,"AMD","150 ","8192  ","256","128  ","2000 ","GDDR5","Radeon RX 580 MSI Gaming X 8GB","45 ","14","16 (x2)","
18-Apr-2017 ","4096x2160","Yes",5,72,"201 "
"GCN 1.3 Polaris 20 XTX ","2560 x 1440",NA,"Yes",1,"AMD","150 ","8192  ","256","128  ","2000 ","GDDR5","Radeon RX 580 PowerColor Red Devil 8GB","44 ","14","16 (x2)","
18-Apr-2017 ","4096x2160","Yes",5,72,"199 "
"GCN 1.3 Polaris 20 XTX ","2560 x 1440",NA,"Yes",2,"AMD","150 ","4096  ","224","128  ","1750 ","GDDR5","Radeon RX 580 MSI Armor OC 4GB","44 ","14","16 (x2)","
18-Apr-2017 ","4096x2160","Yes",5,72,"197 "
"GCN 1.3 Polaris 20 XTX ","2560 x 1440",NA,"Yes",2,"AMD","150 ","8192  ","256","128  ","2000 ","GDDR5","Radeon RX 580 MSI Armor OC 8GB","44 ","14","16 (x2)","
18-Apr-2017 ","4096x2160","Yes",5,72,"197 "
"GCN 1.3 Polaris 20 XTX ","2560 x 1440",NA,"Yes",2,"AMD","150 ","4096  ","224","128  ","1750 ","GDDR5","Radeon RX 580 MSI Armor 4GB","43 ","14","16 (x2)","
18-Apr-2017 ","4096x2160","Yes",5,72,"193 "
"GCN 1.3 Polaris 20 XTX ","2560 x 1440",NA,"Yes",1,"AMD","150 ","8192  ","256","128  ","2000 ","GDDR5","Radeon RX 580 HIS IceQ X2 Roaring Turbo 8GB","46 ","14","16 (x2)","
18-Apr-2017 ","4096x2160","Yes",5,72,"206 "
"GCN 1.3 Polaris 20 XTX ","2560 x 1440",NA,"Yes",2,"AMD","150 ","8192  ","256","128  ","2000 ","GDDR5","Radeon RX 580 MSI Armor 8GB","43 ","14","16 (x2)","
18-Apr-2017 ","4096x2160","Yes",5,72,"193 "
"GCN 1.3 Polaris 20 XTX ","2560 x 1440",NA,"Yes",2,"AMD","150 ","8192  ","256","128  ","2000 ","GDDR5","Radeon RX 580 Gigabyte Gaming 8GB","43 ","14","16 (x2)","
18-Apr-2017 ","4096x2160","Yes",5,72,"195 "
"GCN 1.3 Polaris 20 XTX ","2560 x 1440",NA,"Yes",1,"AMD","150 ","8192  ","256","128  ","2000 ","GDDR5","Radeon RX 580 HIS IceQ X2 Turbo 8GB","45 ","14","16 (x2)","
18-Apr-2017 ","4096x2160","Yes",5,72,"202 "
"GCN 1.3 Polaris 20 XTX ","2560 x 1440",NA,"Yes",1,"AMD","150 ","4096  ","224","128  ","1750 ","GDDR5","Radeon RX 580 HIS IceQ X2 OC 4GB","44 ","14","16 (x2)","
18-Apr-2017 ","4096x2160","Yes",5,72,"197 "
"GCN 1.3 Polaris 20 XTX ","2560 x 1440",NA,"Yes",2,"AMD","150 ","4096  ","224","128  ","1750 ","GDDR5","Radeon RX 580 Gigabyte Gaming 4GB","43 ","14","16 (x2)","
18-Apr-2017 ","4096x2160","Yes",5,72,"195 "
"GCN 1.3 Polaris 20 XTX ","2560 x 1440",NA,"Yes",2,"AMD","150 ","8192  ","256","128  ","2000 ","GDDR5","Radeon RX 580 Gigabyte Aorus XTR 8GB","46 ","14","16 (x2)","
18-Apr-2017 ","4096x2160","Yes",5,72,"207 "
"GCN 1.3 Polaris 20 XTX ","2560 x 1440",NA,"Yes",1,"AMD","150 ","8192  ","256","128  ","2000 ","GDDR5","Radeon RX 580 HIS IceQ X2 OC 8GB","44 ","14","16 (x2)","
18-Apr-2017 ","4096x2160","Yes",5,72,"197 "
"GCN 1.3 Polaris 20 XTX ","2560 x 1440",NA,"Yes",1,"AMD","150 ","4096  ","224","128  ","1750 ","GDDR5","Radeon RX 580 Gigabyte Aorus 4GB","44 ","14","16 (x2)","
18-Apr-2017 ","4096x2160","Yes",5,72,"199 "
"GCN 1.3 Polaris 20 XTX ","2560 x 1440",NA,"Yes",2,"AMD","150 ","8192  ","256","128  ","2000 ","GDDR5","Radeon RX 580 Asus ROG Strix Gaming OC 8GB","44 ","14","16 (x2)","
18-Apr-2017 ","4096x2160","Yes",5,72,"199 "
"GCN 1.3 Polaris 20 XTX ","2560 x 1440",NA,"Yes",2,"AMD","150 ","8192  ","256","128  ","2000 ","GDDR5","Radeon RX 580 Asus Dual 8GB","43 ","14","16 (x2)","
18-Apr-2017 ","4096x2160","Yes",5,72,"193 "
"GCN 1.3 Polaris 20 XTX ","2560 x 1440",NA,"Yes",2,"AMD","150 ","8192  ","256","128  ","2000 ","GDDR5","Radeon RX 580 Asus ROG Strix Gaming 8GB","44 ","14","16 (x2)","
18-Apr-2017 ","4096x2160","Yes",5,72,"196 "
"GCN 1.3 Polaris 20 XTX ","2560 x 1440",NA,"Yes",2,"AMD","150 ","8192  ","256","128  ","2000 ","GDDR5","Radeon RX 580 Gigabyte Aorus 8GB","44 ","14","16 (x2)","
18-Apr-2017 ","4096x2160","Yes",5,72,"199 "
"GCN 1.3 Polaris 20 XTX ","2560 x 1440",NA,"Yes",2,"AMD","150 ","8192  ","256","128  ","2000 ","GDDR5","Radeon RX 580 Asus ROG Strix TOP 8GB","46 ","14","16 (x2)","
18-Apr-2017 ","4096x2160","Yes",5,72,"206 "
"GCN 1.3 Polaris 20 XTX ","2560 x 1440",NA,"Yes",1,"AMD","150 ","4096  ","224","128  ","1750 ","GDDR5","Radeon RX 580 4GB","43 ","14","16 (x2)","
18-Apr-2017 ","4096x2160","Yes",5,72,"193 "
"GCN 1.3 Polaris 20 XL ","1920 x 1080",NA,"Yes",2,"AMD","195 ","8192  ","224","128  ","1750 ","GDDR5","Radeon RX 570 Sapphire Nitro+ 8GB","43 ","14","16 (x2)","
18-Apr-2017 ","4096x2160","Yes",5,64,"172 "
"GCN 1.3 Polaris 20 XL ","1920 x 1080",NA,"Yes",2,"AMD","195 ","4096  ","224","128  ","1750 ","GDDR5","Radeon RX 570 Sapphire Nitro+ 4GB","43 ","14","16 (x2)","
18-Apr-2017 ","4096x2160","Yes",5,64,"172 "
"GCN 1.3 Polaris 20 XL ","1920 x 1080",NA,"Yes",2,"AMD","120 ","4096  ","224","128  ","1750 ","GDDR5","Radeon RX 570 Sapphire Pulse 4GB","41 ","14","16 (x2)","
18-Apr-2017 ","4096x2160","Yes",5,64,"164 "
"GCN 1.3 Polaris 20 XTX ","2560 x 1440",NA,"Yes",2,"AMD","150 ","8192  ","256","128  ","2000 ","GDDR5","Radeon RX 580 8GB","43 ","14","16 (x2)","
18-Apr-2017 ","4096x2160","Yes",5,72,"193 "
"GCN 1.3 Polaris 20 XL ","1920 x 1080",NA,"Yes",2,"AMD","120 ","4096  ","224","128  ","1750 ","GDDR5","Radeon RX 570 MSI Gaming X 4GB","41 ","14","16 (x2)","
18-Apr-2017 ","4096x2160","Yes",5,64,"166 "
"GCN 1.3 Polaris 20 XL ","1920 x 1080",NA,"Yes",2,"AMD","120 ","8192  ","224","128  ","1750 ","GDDR5","Radeon RX 570 MSI Gaming X 8GB","41 ","14","16 (x2)","
18-Apr-2017 ","4096x2160","Yes",5,64,"166 "
"GCN 1.3 Polaris 20 XL ","1920 x 1080",NA,"Yes",2,"AMD","120 ","4096  ","224","128  ","1750 ","GDDR5","Radeon RX 570 PowerColor Red Dragon 4GB","40 ","14","16 (x2)","
18-Apr-2017 ","4096x2160","Yes",5,64,"160 "
"GCN 1.3 Polaris 20 XL ","1920 x 1080",NA,"Yes",2,"AMD","120 ","4096  ","224","128  ","1750 ","GDDR5","Radeon RX 570 PowerColor Red Devil 4GB","42 ","14","16 (x2)","
18-Apr-2017 ","4096x2160","Yes",5,64,"169 "
"GCN 1.3 Polaris 20 XL ","1920 x 1080",NA,"Yes",1,"AMD","120 ","4096  ","224","128  ","1750 ","GDDR5","Radeon RX 570 Sapphire Pulse ITX 4GB","40 ","14","16 (x2)","
18-Apr-2017 ","4096x2160","Yes",5,64,"159 "
"GCN 1.3 Polaris 20 XL ","1920 x 1080",NA,"Yes",2,"AMD","120 ","4096  ","224","128  ","1750 ","GDDR5","Radeon RX 570 MSI Gaming 4GB","40 ","14","16 (x2)","
18-Apr-2017 ","4096x2160","Yes",5,64,"161 "
"GCN 1.3 Polaris 20 XL ","1920 x 1080",NA,"Yes",2,"AMD","120 ","8192  ","224","128  ","1750 ","GDDR5","Radeon RX 570 MSI Gaming 8GB","40 ","14","16 (x2)","
18-Apr-2017 ","4096x2160","Yes",5,64,"161 "
"GCN 1.3 Polaris 20 XL ","1920 x 1080",NA,"Yes",1,"AMD","120 ","8192  ","224","128  ","1750 ","GDDR5","Radeon RX 570 MSI Armor OC 8GB","41 ","14","16 (x2)","
18-Apr-2017 ","4096x2160","Yes",5,64,"162 "
"GCN 1.3 Polaris 20 XL ","1920 x 1080",NA,"Yes",1,"AMD","120 ","4096  ","224","128  ","1750 ","GDDR5","Radeon RX 570 MSI Armor OC 4GB","41 ","14","16 (x2)","
18-Apr-2017 ","4096x2160","Yes",5,64,"162 "
"GCN 1.3 Polaris 20 XL ","1920 x 1080",NA,"Yes",1,"AMD","120 ","8192  ","224","128  ","1750 ","GDDR5","Radeon RX 570 MSI Armor 8GB","40 ","14","16 (x2)","
18-Apr-2017 ","4096x2160","Yes",5,64,"159 "
"GCN 1.3 Polaris 20 XL ","1920 x 1080",NA,"Yes",1,"AMD","120 ","4096  ","224","128  ","1750 ","GDDR5","Radeon RX 570 HIS IceQ X2 OC 4GB","40 ","14","16 (x2)","
18-Apr-2017 ","4096x2160","Yes",5,64,"162 "
"GCN 1.3 Polaris 20 XL ","1920 x 1080",NA,"Yes",1,"AMD","120 ","4096  ","224","128  ","1750 ","GDDR5","Radeon RX 570 Dataland X-Serial 4GB","42 ","14","16 (x2)","
18-Apr-2017 ","4096x2160","Yes",5,64,"169 "
"GCN 1.3 Polaris 20 XL ","1920 x 1080",NA,"Yes",1,"AMD","120 ","4096  ","224","128  ","1750 ","GDDR5","Radeon RX 570 Gigabyte Aorus 4GB","41 ","14","16 (x2)","
18-Apr-2017 ","7680x4320","Yes",5,64,"166 "
"GCN 1.3 Polaris 20 XL ","1920 x 1080",NA,"Yes",1,"AMD","120 ","4096  ","224","128  ","1750 ","GDDR5","Radeon RX 570 MSI Armor 4GB","40 ","14","16 (x2)","
18-Apr-2017 ","4096x2160","Yes",5,64,"159 "
"GCN 1.3 Polaris 20 XL ","1920 x 1080",NA,"Yes",1,"AMD","120 ","4096  ","224","128  ","1750 ","GDDR5","Radeon RX 570 Gigabyte Gaming 4GB","40 ","14","16 (x2)","
18-Apr-2017 ","4096x2160","Yes",5,64,"161 "
"GCN 1.3 Polaris 20 XL ","1920 x 1080",NA,"Yes",1,"AMD","120 ","4096  ","224","128  ","1750 ","GDDR5","Radeon RX 570 Asus ROG Strix Gaming OC 4GB","42 ","14","16 (x2)","
18-Apr-2017 ","4096x2160","Yes",5,64,"168 "
"GCN 1.3 Polaris 20 XL ","1920 x 1080",NA,"Yes",1,"AMD","120 ","4096  ","224","128  ","1750 ","GDDR5","Radeon RX 570 Asus ROG Strix Gaming 4GB","40 ","14","16 (x2)","
18-Apr-2017 ","4096x2160","Yes",5,64,"161 "
"GCN 1.3 Polaris 20 XL ","1920 x 1080",NA,"Yes",1,"AMD","120 ","4096  ","224","128  ","1750 ","GDDR5","Radeon RX 570 Asus Expedition OC 4GB","41 ","14","16 (x2)","
18-Apr-2017 ","4096x2160","Yes",5,64,"162 "
"GCN 1.3 Polaris 20 XL ","1920 x 1080",NA,"Yes",1,"AMD","120 ","8192  ","224","128  ","1750 ","GDDR5","Radeon RX 570 8GB","40 ","14","16 (x2)","
18-Apr-2017 ","4096x2160","Yes",5,64,"159 "
"GCN 1.3 Polaris 20 XL ","1920 x 1080",NA,"Yes",1,"AMD","120 ","4096  ","224","128  ","1750 ","GDDR5","Radeon RX 570 4GB","40 ","14","16 (x2)","
18-Apr-2017 ","4096x2160","Yes",5,64,"159 "
"GCN 1.3 Polaris 20 XL ","1920 x 1080",NA,"Yes",1,"AMD","120 ","4096  ","224","128  ","1750 ","GDDR5","Radeon RX 570 Asus Expedition 4GB","40 ","14","16 (x2)","
18-Apr-2017 ","4096x2160","Yes",5,64,"159 "
"GCN 1.3 Baffin XT ","1600 x 900","1175 ","Yes",1,"AMD","80 ","4096  ","112","128  ","1750 ","GDDR5","Radeon RX 560 Yeston Gaea 4GB","20 ","14","16","
18-Apr-2017 ","5120x2880","No",NA,64,"82 "
"GCN 1.3 Baffin XT ","1600 x 900","1175 ","Yes",1,"AMD","80 ","4096  ","112","128  ","1750 ","GDDR5","Radeon RX 560 XFX Single Fan OC 4GB","21 ","14","16","
18-Apr-2017 ","5120x2880","No",NA,64,"83 "
"Polaris 10 ","1600 x 900",NA,"Yes",1,"AMD","75 ","2048  ",NA,NA,"1750 ",NA,"Radeon RX 560D 2GB","19 ","14","16","
05-Jul-2017 ","7680x4320","No",NA,56,"67 "
"GCN 1.3 Baffin XT ","1600 x 900","1175 ","Yes",1,"AMD","80 ","2048  ","112","128  ","1750 ","GDDR5","Radeon RX 560 XFX Double Dissipation OC 2GB","21 ","14","16","
18-Apr-2017 ","5120x2880","No",NA,64,"83 "
"GCN 1.3 Baffin XT ","1600 x 900","1175 ","Yes",1,"AMD","80 ","2048  ","112","128  ","1750 ","GDDR5","Radeon RX 560 XFX Single Fan OC 2GB","21 ","14","16","
18-Apr-2017 ","5120x2880","No",NA,64,"83 "
"GCN 1.3 Baffin XT ","1920 x 1080","1175 ","Yes",1,"AMD","80 ","4096  ","112","128  ","1750 ","GDDR5","Radeon RX 560 XFX Double Dissipation OC 4GB","21 ","14","16","
18-Apr-2017 ","5120x2880","No",NA,64,"83 "
"GCN 1.3 Baffin XT ","1600 x 900","1175 ","Yes",1,"AMD","80 ","2048  ","112","128  ","1750 ","GDDR5","Radeon RX 560 VisionTek Overclocked 2GB","21 ","14","16","
18-Apr-2017 ","5120x2880","No",NA,64,"83 "
"GCN 1.3 Baffin XT ","1600 x 900","1175 ","Yes",1,"AMD","80 ","2048  ","112","128  ","1750 ","GDDR5","Radeon RX 560 Sapphire Pulse OC 2GB","20 ","14","16","
18-Apr-2017 ","5120x2880","No",NA,64,"82 "
"GCN 1.3 Baffin XT ","1600 x 900","1175 ","Yes",1,"AMD","80 ","2048  ","112","128  ","1750 ","GDDR5","Radeon RX 560 XFX Slim Single Slot 2GB","21 ","14","16","
18-Apr-2017 ","5120x2880","No",NA,64,"83 "
"GCN 1.3 Baffin XT ","1600 x 900","1175 ","Yes",1,"AMD","80 ","4096  ","112","128  ","1750 ","GDDR5","Radeon RX 560 Sapphire Pulse OC 4GB","21 ","14","16","
18-Apr-2017 ","5120x2880","No",NA,64,"83 "
"GCN 1.3 Baffin XT ","1600 x 900","1175 ","Yes",1,"AMD","45 ","4096  ","112","128  ","1750 ","GDDR5","Radeon RX 560 Sapphire Pulse 4GB","19 ","14","16","
18-Apr-2017 ","5120x2880","No",NA,64,"78 "
"GCN 1.3 Baffin XT ","1600 x 900","1175 ","Yes",1,"AMD","80 ","4096  ","112","128  ","1750 ","GDDR5","Radeon RX 560 PowerColor Red Dragon OC 4GB","21 ","14","16","
18-Apr-2017 ","5120x2880","No",NA,64,"82 "
"GCN 1.3 Baffin XT ","1600 x 900","1180 ","Yes",1,"AMD","80 ","2048  ","112","128  ","1750 ","GDDR5","Radeon RX 560 PowerColor Red Dragon OC 2GB","20 ","14","16","
18-Apr-2017 ","5120x2880","No",NA,64,"82 "
"GCN 1.3 Baffin XT ","1600 x 900","1175 ","Yes",1,"AMD","80 ","4096  ","112","128  ","1750 ","GDDR5","Radeon RX 560 Sapphire Pulse Mining 4GB","19 ","14","16","
18-Apr-2017 ","5120x2880","No",NA,64,"78 "
"GCN 1.3 Baffin XT ","1600 x 900","1180 ","Yes",1,"AMD","80 ","4096  ","112","128  ","1750 ","GDDR5","Radeon RX 560 Kuroutoshikou 4GB","20 ","14","16","
18-Apr-2017 ","5120x2880","No",NA,64,"82 "
"GCN 1.3 Baffin XT ","1600 x 900","1180 ","Yes",1,"AMD","80 ","2048  ","112","128  ","1750 ","GDDR5","Radeon RX 560 PowerColor Red Dragon OC V3 2GB","20 ","14","16","
18-Apr-2017 ","5120x2880","No",NA,64,"82 "
"GCN 1.3 Baffin XT ","1600 x 900","1175 ","Yes",1,"AMD","80 ","2048  ","112","128  ","1750 ","GDDR5","Radeon RX 560 HIS iCooler OC 2GB","21 ","14","16","
18-Apr-2017 ","5120x2880","No",NA,64,"83 "
"GCN 1.3 Baffin XT ","1600 x 900","1175 ","Yes",1,"AMD","80 ","2048  ","112","128  ","1750 ","GDDR5","Radeon RX 560 HIS Green iCooler OC 2GB","19 ","14","16","
18-Apr-2017 ","5120x2880","No",NA,64,"77 "
"GCN 1.3 Baffin XT ","1600 x 900","1180 ","Yes",1,"AMD","80 ","4096  ","112","128  ","1750 ","GDDR5","Radeon RX 560 PowerColor Red Dragon V3 4GB","20 ","14","16","
18-Apr-2017 ","5120x2880","No",NA,64,"82 "
"GCN 1.3 Baffin XT ","1600 x 900","1175 ","Yes",1,"AMD","80 ","4096  ","112","128  ","1750 ","GDDR5","Radeon RX 560 HIS Green iCooler OC 4GB","19 ","14","16","
18-Apr-2017 ","5120x2880","No",NA,64,"77 "
"GCN 1.3 Baffin XT ","1600 x 900","1175 ","Yes",1,"AMD","80 ","2048  ","112","128  ","1750 ","GDDR5","Radeon RX 560 MSI Aero ITX OC 2GB","21 ","14","16","
18-Apr-2017 ","5120x2880","No",NA,64,"84 "
"GCN 1.3 Baffin XT ","1600 x 900","1180 ","Yes",1,"AMD","75 ","4096  ","112","128  ","1750 ","GDDR5","Radeon RX 560 Dataland X-Serial War 4GB","20 ","14","16","
18-Apr-2017 ","5120x2880","No",NA,64,"82 "
"GCN 1.3 Baffin XT ","1600 x 900","1175 ","Yes",1,"AMD","80 ","4096  ","112","128  ","1750 ","GDDR5","Radeon RX 560 Gigabyte Gaming OC 4GB","20 ","14","16","
18-Apr-2017 ","5120x2880","No",NA,64,"82 "
"GCN 1.3 Baffin XT ","1600 x 900","1175 ","Yes",1,"AMD","80 ","4096  ","112","128  ","1750 ","GDDR5","Radeon RX 560 MSI Aero ITX OC 4GB","21 ","14","16","
18-Apr-2017 ","5120x2880","No",NA,64,"84 "
"GCN 1.3 Baffin XT ","1600 x 900","1175 ","Yes",1,"AMD","80 ","2048  ","112","128  ","1750 ","GDDR5","Radeon RX 560 Gigabyte Gaming OC 2GB","21 ","14","16","
18-Apr-2017 ","5120x2880","No",NA,64,"82 "
"GCN 1.3 Baffin XT ","1600 x 900","1175 ","Yes",1,"AMD","75 ","4096  ","112","128  ","1750 ","GDDR5","Radeon RX 560 Dataland X-Serial God of War 4GB","21 ","14","16","
18-Apr-2017 ","5120x2880","No",NA,64,"84 "
"GCN 1.3 Baffin XT ","1920 x 1080","1175 ","Yes",1,"AMD","75 ","4096  ","112","128  ","1750 ","GDDR5","Radeon RX 560 Asus ROG Strix Gaming 4GB","20 ","14","16","
18-Apr-2017 ","5120x2880","No",NA,64,"82 "
"GCN 1.3 Baffin XT ","1600 x 900","1180 ","Yes",1,"AMD","80 ","2048  ","112","128  ","1750 ","GDDR5","Radeon RX 560 Dataland X-Serial War 2GB","20 ","14","16","
18-Apr-2017 ","5120x2880","No",NA,64,"82 "
"GCN 1.3 Baffin XT ","1600 x 900","1175 ","Yes",1,"AMD","75 ","4096  ","112","128  ","1750 ","GDDR5","Radeon RX 560 Asus ROG Strix Gaming OC 4GB","20 ","14","16","
18-Apr-2017 ","5120x2880","No",NA,64,"82 "
"GCN 1.3 Baffin XT ","1600 x 900","1175 ","Yes",1,"AMD","80 ","2048  ","112","128  ","1750 ","GDDR5","Radeon RX 560 Dataland X-Serial God of War 2GB","21 ","14","16","
18-Apr-2017 ","5120x2880","No",NA,64,"84 "
"GCN 1.3 Baffin XT ","1600 x 900","1175 ","Yes",1,"AMD","75 ","4096  ","112","128  ","1750 ","GDDR5","Radeon RX 560 Asus Dual Fan OC 4GB","20 ","14","16","
18-Apr-2017 ","5120x2880","No",NA,64,"82 "
"GCN 1.3 Baffin XT ","1600 x 900","1175 ","Yes",1,"AMD","75 ","4096  ","112","128  ","1750 ","GDDR5","Radeon RX 560 Asus Dual Fan 4GB","20 ","14","16","
18-Apr-2017 ","5120x2880","No",NA,64,"82 "
"GCN 1.3 Baffin XT ","1600 x 900","1175 ","Yes",1,"AMD","80 ","4096  ","112","128  ","1750 ","GDDR5","Radeon RX 560 4GB","20 ","14","16","
18-Apr-2017 ","5120x2880","No",NA,64,"82 "
"GCN 1.3 Baffin XT ","1600 x 900","1175 ","Yes",1,"AMD","80 ","2048  ","112","128  ","1750 ","GDDR5","Radeon RX 560 2GB","20 ","14","16","
18-Apr-2017 ","5120x2880","No",NA,64,"82 "
"GCN 1.3 Baffin XT ","1600 x 900","1175 ","Yes",1,"AMD","75 ","2048  ","112","128  ","1750 ","GDDR5","Radeon RX 560 Asus Dual Fan OC 2GB","20 ","14","16","
18-Apr-2017 ","5120x2880","No",NA,64,"82 "
"GCN 1.3 Baffin XT ","1600 x 900","1175 ","Yes",1,"AMD","75 ","2048  ","112","128  ","1750 ","GDDR5","Radeon RX 560 Asus Dual Fan 2GB","20 ","14","16","
18-Apr-2017 ","5120x2880","No",NA,64,"82 "
"GCN 1.3 Baffin XT ","1600 x 900","1090 ","Yes",1,"AMD","75 ","4096  ",NA,NA,"1750 ",NA,"Radeon RX 550 4GB [not released]","19 ","14","16","
18-Apr-2017 ","5120x2880","No",NA,56,"67 "
"GCN 1.3 Baffin XT ","1600 x 900","1090 ","Yes",1,"AMD","75 ","2048  ",NA,NA,"1750 ",NA,"Radeon RX 550 2GB [not released]","19 ","14","16","
18-Apr-2017 ","5120x2880","No",NA,56,"67 "
"RS482 ","800 x 600","400 ","No",0,"AMD",NA,NA,"3.2","64  ","400 ","DDR","Radeon Xpress 1150","1 ","110","2","
01-Jun-2006 ","2048x1536","No",3,2,"1 "
"RV570 ",NA,NA,"Yes",0,"AMD","66 ","512  ","44.2","256  ","690 ","GDDR3","Radeon X1950 Pro",NA,NA,NA,"
01-Oct-2006 ","2560x1600","Yes",3,NA,NA
"R580+ ",NA,NA,"Yes",0,"AMD","125 ","512  ","64","256  ","1000 ","GDDR4","Radeon X1950 XTX",NA,NA,NA,"
07-Oct-2006 ",NA,"Yes",3,NA,NA
"R580+ ",NA,NA,"Yes",0,"AMD","96 ","512  ","57.6","256  ","900 ","GDDR3","Radeon X1950 XT",NA,NA,NA,"
17-Oct-2006 ",NA,"Yes",3,NA,NA
NA,NA,NA,"Yes",NA,"AMD",NA,"128  ",NA,"128  ",NA,"DDR2","Radeon Xpress 1100 128mb",NA,NA,NA,"
01-May-2006 ","2048x1536","No",3,NA,NA
"R580 ",NA,NA,"Yes",0,"AMD","135 ","512  ","49.6","256  ","775 ","GDDR3","Radeon X1900 XTX",NA,NA,NA,"
01-Jan-2006 ",NA,"Yes",3,NA,NA
"RV570 ",NA,NA,"Yes",0,"AMD","57 ","256  ","38.4","256  ","600 ","GDDR3","Radeon X1950 GT",NA,NA,NA,"
29-Jan-2007 ",NA,"Yes",3,NA,NA
"RV570 - R580+ ",NA,NA,"Yes",0,"AMD",NA,"256  ","64","256  ","1000 ","GDDR3","Radeon X1950 Series",NA,NA,NA,"
02-Jan-2006 ","2560x1600","Yes",3,NA,NA
"R580 ",NA,NA,"Yes",0,"AMD","100 ","256  ","46.4","256  ","725 ","GDDR3","Radeon X1900 XT",NA,NA,NA,"
01-Jan-2006 ",NA,"Yes",3,NA,NA
"R580 ",NA,NA,"Yes",0,"AMD",NA,"256  ","64","256  ","1000 ","GDDR3","Radeon X1900 Series",NA,NA,NA,"
02-Jan-2006 ","2560x1600","Yes",3,NA,NA
"R580 ",NA,NA,"Yes",0,"AMD","75 ","256  ","42.2","256  ","660 ","GDDR3","Radeon X1900 GT Rev. 2",NA,NA,NA,"
01-Oct-2006 ",NA,"Yes",3,NA,NA
"R520 ",NA,NA,"Yes",0,"AMD","70 ","256  ","64","256  ","500 ","GDDR5","Radeon X1800 XL",NA,NA,NA,"
01-Oct-2005 ",NA,"Yes",3,NA,NA
"RV530 ",NA,NA,"Yes",0,"AMD","42 ","512  ","25.6","128  ","800 ","GDDR3","Radeon X1650 SE",NA,NA,NA,"
02-Jan-2007 ","2048x1536","Yes",3,NA,NA
"R520 ",NA,NA,"Yes",0,"AMD",NA,"256  ","44.8","256  ","700 ","GDDR3","Radeon X1800 Series 256MB",NA,NA,NA,"
02-Jan-2005 ","2560x1600","Yes",3,NA,NA
"R520 ",NA,NA,"Yes",0,"AMD","113 ","512  ","44.8","256  ","700 ","GDDR3","Radeon X1800 XT",NA,NA,NA,"
01-Oct-2005 ",NA,"Yes",3,NA,NA
"R520 ",NA,NA,"Yes",0,"AMD","48 ","256  ","31.7","256  ","495 ","GDDR3","Radeon X1800 GTO",NA,NA,NA,"
01-Mar-2006 ",NA,"Yes",3,NA,NA
"R580 ",NA,NA,"Yes",0,"AMD","75 ","256  ","38.4","256  ","600 ","GDDR3","Radeon X1900 GT",NA,NA,NA,"
01-May-2006 ",NA,"Yes",3,NA,NA
"RV535 ",NA,NA,"Yes",0,"AMD","44 ","256  ","22.4","128  ","700 ","GDDR3","Radeon X1650 PRO ",NA,NA,NA,"
23-Aug-2006 ",NA,"Yes",3,NA,NA
"R520 ",NA,NA,"Yes",0,"AMD","48 ","512  ","31.7","256  ","495 ","GDDR3","Radeon X1800 GTO²",NA,NA,NA,"
01-Mar-2006 ",NA,"Yes",3,NA,NA
"RV560 ",NA,NA,"Yes",0,"AMD","55 ","256  ","22.4","128  ","700 ","GDDR3","Radeon X1650 XT ",NA,NA,NA,"
30-Oct-2010 ",NA,"Yes",3,NA,NA
"RV560 ",NA,NA,"Yes",0,"AMD",NA,"128  ","12.8","128  ","400 ","GDDR3","Radeon X1650 GT",NA,NA,NA,"
01-May-2007 ",NA,"Yes",3,NA,NA
"RV516 XT ",NA,NA,"Yes",0,"AMD","27 ","512  ","12.8","128  ","400 ","DDR2","Radeon X1600",NA,NA,NA,"
01-Jan-2007 ","2048x1536","Yes",3,NA,NA
"RV530 ",NA,NA,"Yes",0,"AMD","42 ","256  ","22.1","128  ","690 ","GDDR3","Radeon X1600 XT ",NA,NA,NA,"
01-Oct-2005 ",NA,"Yes",3,NA,NA
"RV530 ",NA,NA,"Yes",0,"AMD",NA,"256  ","6.4","64  ","400 ","DDR2","Radeon X1650 PowerColor 256MB Edition",NA,NA,NA,"
01-Feb-2007 ","2560x1600","Yes",3,NA,NA
"RV530 ",NA,NA,"Yes",0,"AMD","41 ","512  ","12.5","128  ","390 ","GDDR3","Radeon X1600 Pro 512MB",NA,NA,NA,"
01-Oct-2005 ","2048x1536","Yes",3,NA,NA
"RV530 ",NA,NA,"Yes",0,"AMD","22 ","256  ","12.8","128  ","400 ","DDR2","Radeon X1300 XT ",NA,NA,NA,"
12-Aug-2006 ",NA,"No",3,NA,NA
"RV516 ",NA,NA,"Yes",0,"AMD","31 ","256  ","6.4","128  ","400 ","DDR","Radeon X1300 PRO",NA,NA,NA,"
01-Nov-2006 ",NA,"No",3,NA,NA
"RV410 ",NA,NA,"Yes",0,"AMD","24 ","256  ","10.7","128  ","333 ","DDR2","Radeon X1050 256MB","3 ","110","8","
01-Dec-2006 ",NA,"No",2,8,"3 "
"RS690C ",NA,NA,"No",NA,"AMD",NA,NA,NA,"64  ",NA,"DDR2","Radeon X1200 128mb",NA,NA,NA,"
28-Feb-2007 ","2048x1536","No",2,NA,NA
NA,NA,NA,"No",NA,"AMD","14 ",NA,NA,"64  ",NA,"DDR2","Radeon X1270",NA,NA,NA,"
01-Feb-2007 ","2048x1536","No",2,NA,NA
"RV410 ",NA,NA,"Yes",0,"AMD","24 ","128  ","1.6","64  ","200 ","DDR","Radeon X1050 XT ",NA,NA,NA,"
07-Dec-2006 ",NA,"No",2,NA,NA
"RV515 LE ",NA,NA,"Yes",0,"AMD",NA,"64  ","2","64  ","250 ","DDR","Radeon X1300 LE ",NA,NA,NA,"
05-Oct-2005 ",NA,"No",3,NA,NA
"Eaglelake ",NA,NA,"No",0,"Intel",NA,NA,NA,NA,NA,"DDR3","Intel Q43 Express Chipset",NA,NA,NA,"
01-Aug-2008 ",NA,"No",4,NA,NA
"RV515 ",NA,NA,"Yes",0,"AMD",NA,"256  ","4","128  ","250 ","DDR","Radeon X1300 256MB",NA,NA,NA,"
01-Dec-2005 ","2048x1536","No",3,NA,NA
"RV370 ",NA,NA,"Yes",0,"AMD","24 ","128  ","5.3","64  ","333 ","DDR2","Radeon X1050","2 ","110","4","
07-Dec-2006 ","2560x1600","No",2,4,"2 "
"Eaglelake ",NA,NA,"No",0,"Intel","24 ",NA,NA,NA,NA,NA,"Intel G45 Express Chipset",NA,NA,NA,"
01-Jun-2008 ",NA,"No",4,NA,NA
"Eaglelake ",NA,NA,"No",0,"Intel","25 ",NA,NA,NA,NA,"DDR3","Intel G41 Express Chipset",NA,NA,NA,"
01-Sep-2008 ",NA,"No",4,NA,NA
"Bearlake-B ",NA,NA,"No",0,"Intel","19 ",NA,NA,NA,NA,"DDR3","Intel G33 Express Chipset",NA,NA,NA,"
01-Jun-2007 ","1600x900","No",3,NA,NA
"Eaglelake ",NA,NA,"No",0,"Intel","24 ",NA,NA,NA,NA,"DDR3","Intel G43 Express Chipset",NA,NA,NA,"
01-Aug-2008 ",NA,"No",4,NA,NA
"Springdale ",NA,NA,"No",0,"Intel","13 ",NA,NA,"64  ",NA,"DDR","Intel 865G",NA,NA,NA,"
01-May-2003 ","1280x1024","No",NA,NA,NA
"Bearlake-B ",NA,NA,"No",0,"Intel","17 ",NA,NA,NA,NA,"DDR3","Intel G31 Express Chipset",NA,NA,NA,"
01-Aug-2007 ",NA,"No",3,NA,NA
"Eaglelake ",NA,NA,"No",0,"Intel",NA,NA,NA,NA,NA,"DDR3","Intel B43 Express Chipset",NA,NA,NA,"
01-Dec-2008 ",NA,"No",4,NA,NA
"Broadwater ",NA,NA,"No",0,"Intel","28 ",NA,NA,NA,NA,"DDR3","Intel G35 Express Chipset",NA,NA,NA,"
01-Aug-2007 ",NA,"No",4,NA,NA
NA,NA,"
",NA,0,"Intel","17 ",NA,NA,NA,NA,NA,"Intel 82915G",NA,NA,NA,"
01-Jun-2004 ",NA,"No",NA,NA,NA
"Brookdale ",NA,NA,"No",0,"Intel","6 ",NA,"1.1","64  ","133 ","DDR","Intel 82845G",NA,NA,NA,"
01-May-2002 ",NA,"No",NA,NA,NA
"Lakeport-G ",NA,NA,"No",0,"Intel",NA,NA,NA,NA,NA,NA,"Intel 82945G",NA,NA,NA,"
01-May-2005 ",NA,"No",NA,NA,NA
NA,NA,"
","Yes",0,"Intel",NA,NA,NA,NA,"167 ",NA,"Intel 845GV ",NA,NA,NA,"
01-Oct-2002 ",NA,"No",NA,NA,NA
"RV516 ",NA,NA,"Yes",0,"AMD","27 ","256  ","12.8","128  ","400 ","DDR2","Radeon X1550",NA,NA,NA,"
08-Jan-2007 ","2048x1536","Yes",3,NA,NA
NA,NA,NA,"No",0,"Intel","45 ",NA,NA,NA,NA,NA,"Intel GMA HD",NA,NA,NA,"
25-Jan-2010 ","1600x1200","No",NA,NA,NA
NA,NA,NA,"No",NA,"Intel",NA,NA,NA,NA,NA,NA,"Intel GMA X3100",NA,NA,NA,"
09-May-2007 ","1600x1200","No",NA,NA,NA
"Haswell ","1366 x 768",NA,"No",0,"Intel","84 ",NA,"25.6","128  ","800 ","DDR3","Intel HD Graphics P4600","3 ","22","2","
01-Jun-2013 ","2560x1600","No",5,4,"5 "
"Bearlake ",NA,NA,"No",0,"Intel","17 ",NA,NA,NA,NA,NA,"Intel GMA 3100",NA,NA,NA,"
30-Jun-2007 ","2048x1536","No",2,NA,NA
"Haswell ","1366 x 768",NA,"No",0,"Intel","86 ",NA,"25.6","128  ","800 ","DDR3","Intel HD Graphics P4700","3 ","22","2","
01-Jun-2013 ","2560x1600","No",5,4,"5 "
"Ivy Bridge ",NA,NA,"No",0,"Intel",NA,NA,"25.6","128  ","800 ","DDR3","Intel HD Graphics P4000","1 ","22","2","
01-Mar-2012 ",NA,"No",5,4,"3 "
"Ivy Bridge ","1366 x 768",NA,"No",0,"Intel","45 ",NA,"25.6","128  ","800 ","DDR3","Intel HD Graphics Desktop (Ivy Bridge)","1 ","22","1","
01-Oct-2012 ","2560x1600","No",5,1,"1 "
"Sandy Bridge ","1366 x 768",NA,"No",0,"Intel",NA,NA,"21.3","128  ","667 ","DDR3","Intel HD Graphics P3000","1 ","32","1","
01-Apr-2011 ",NA,"No",4,1,"1 "
"Skylake GT1 ","1366 x 768","350 ","No",0,"Intel","47 ",NA,"34.1","128  ","1067 ","DDR4","Intel HD Graphics 510 Desktop","4 ","14","4","
01-Sep-2015 ","4096x2160","No",5,8,"8 "
"Sandy Bridge ","1366 x 768",NA,"No",0,"Intel","65 ",NA,"25.6","128  ","800 ","DDR3","Intel HD Graphics Desktop (Sandy Bridge)","1 ","22","1","
01-May-2011 ","2560x1600","No",5,1,"1 "
"Skylake GT2 ","1366 x 768","350 ","Yes",0,"Intel","15 ",NA,"34.1","128  ","1066 ","DDR4","Intel HD Graphics 610","3 ","14","3","
01-Jan-2017 ",NA,"No",5,24,"25 "
"Ivy Bridge: Bay Trail ","1024 x 768",NA,"No",0,"Intel","10 ",NA,"21.3","128  ","667 ","DDR3","Intel HD Graphics Desktop (Bay Trail)","1 ","22","1","
11-Sep-2013 ","2560x1600","No",5,1,"1 "
"Skylake GT2 ","1366 x 768","350 ","No",0,"Intel","91 ",NA,"34.1","128  ","1067 ","DDR4","Intel HD Graphics 530 Desktop","9 ","14","8","
05-Aug-2015 ","4096x2160","No",5,16,"18 "
"Haswell GT2-MB ","1366 x 768","400 ","No",0,"Intel","88 ",NA,"25.6","128  ","800 ","DDR3","Intel HD Graphics 4600 Desktop","3 ","22","2","
03-Jun-2013 ","2560x1600","No",5,4,"5 "
"Haswell: GT1 ",NA,"
","No",0,"Intel",NA,NA,"25.6","128  ","800 ","DDR3","Intel HD Graphics 4400 Desktop",NA,"22","22","
05-Jun-2013 ","2560x1600","No",5,4,NA
"Haswell ","1366 x 768",NA,"No",0,"Intel","20 ",NA,"25.6","128  ","800 ","DDR3","Intel HD Graphics 4200 Desktop","2 ","22","2","
01-Jul-2013 ","2560x1600","No",5,4,"3 "
"Haswell ","1366 x 768",NA,"No",0,"Intel","4 ",NA,"25.6","128  ","800 ","DDR3","Intel HD Graphics Desktop (Haswell)","3 ","22","2","
01-Jun-2013 ","2560x1600","No",5,4,"5 "
"Ivy Bridge GT2 ","1024 x 768","650 ","No",0,"Intel","77 ",NA,"25.6","128  ","800 ","DDR3","Intel HD Graphics 4000 Desktop","5 ","22","4","
23-Mar-2012 ","2560x1600","No",5,4,"5 "
"Ivy Bridge ","1024 x 768",NA,"No",0,"Intel",NA,NA,"12.8","64  ","800 ","DDR3","Intel HD Graphics 2500 Desktop","1 ","22","1","
01-Apr-2012 ",NA,"No",5,1,"1 "
"Sandy Bridge GT2 ","1024 x 768","850 ","No",0,"Intel","95 ",NA,"21.3","128  ","667 ","DDR3","Intel HD Graphics 3000 Desktop","3 ","32","2","
01-Feb-2011 ","2560x1600","No",4.1,2,"3 "
"Alviso ",NA,NA,"No",0,"Intel",NA,NA,NA,NA,NA,NA,"Intel 915GM/GMS",NA,NA,NA,"
01-Mar-2003 ","1600x1200","No",2,NA,NA
"Calistoga ",NA,NA,"No",0,"Intel",NA,NA,NA,NA,NA,NA,"Intel 945GM Express Family",NA,NA,NA,"
01-Mar-2005 ","1600x1200","No",2,NA,NA
"Lakeport ",NA,NA,"No",0,"Intel",NA,NA,NA,NA,NA,NA,"Intel 945 Express Family",NA,NA,NA,"
01-Mar-2005 ","1600x1200","No",2,NA,NA
"Skylake GT2-S0 ","1366 x 768","350 ","No",0,"Intel","47 ",NA,"34.1","128  ","1067 ","DDR4","HD i3 6100","8 ","14","8","
01-Sep-2015 ","4096x2160","No",5,16,"17 "
"Sandy Bridge GT1 ","1024 x 768","850 ","No",0,"Intel","95 ",NA,"21.3","128  ","667 ","DDR3","Intel HD Graphics 2000 Desktop","1 ","32","1","
01-Feb-2011 ","2560x1600","No",4.1,1,"1 "
"Skylake GT2-S0 ","1366 x 768","350 ","No",0,"Intel","47 ",NA,"34.1","128  ","1067 ","DDR4","HD i3 6300","9 ","14","8","
01-Sep-2015  ","4096x2160","No",5,16,"18 "
NA,NA,"
","No",0,"Intel",NA,NA,"6.4","64  ","400 ","DDR2","Intel GMA 3000",NA,NA,NA,"
01-Jul-2006 ",NA,"No",3,NA,NA
"Clarkdale ",NA,NA,"No",0,"Intel",NA,NA,"10.7","64  ","667 ","DDR3","HD i3 560",NA,NA,NA,"
30-May-2010 ","2560x1600","No",4,NA,NA
"Clarkdale ",NA,NA,"No",0,"Intel",NA,NA,"10.7","64  ","667 ","DDR3","HD i3 540",NA,NA,NA,"
30-Mar-2010 ","2560x1600","No",4,NA,NA
"Skylake GT2-S0 ","1366 x 768","350 ","No",0,"Intel","47 ",NA,"34.1","128  ","1067 ","DDR4","HD i3 6320","9 ","14","8","
01-Sep-2015 ","4096x2160","No",5,16,"18 "
"Sandy Bridge ",NA,NA,"No",0,"Intel",NA,NA,"21.3","128  ","667 ","DDR3","HD i3 2130",NA,NA,NA,"
04-Sep-2011 ","2560x1600","No",4.1,NA,NA
"Clarkdale ",NA,NA,"No",0,"Intel",NA,NA,"10.7","64  ","667 ","DDR3","HD i3 550",NA,NA,NA,"
30-May-2010 ","2560x1600","No",4,NA,NA
"Sandy Bridge ",NA,NA,"No",0,"Intel",NA,NA,"10.7","64  ","667 ","DDR3","HD i3 2125",NA,NA,NA,"
04-Sep-2011 ","2560x1600","No",4.1,NA,NA
"Clarkdale ",NA,NA,"No",0,"Intel",NA,NA,"10.7","64  ","667 ","DDR3","HD i3 530",NA,NA,NA,"
30-Mar-2010 ","2560x1600","No",4,NA,NA
"Sandy Bridge ",NA,NA,"No",0,"Intel","35 ",NA,"10.7","64  ","667 ","DDR3","HD i3 2100T",NA,NA,NA,"
30-Mar-2011 ","2560x1600","No",4.1,NA,NA
"Sandy Bridge ",NA,NA,"No",0,"Intel",NA,NA,"17.1","128  ","533 ","DDR3","Intel HD Pentium G630T",NA,NA,NA,"
01-Sep-2011 ",NA,"No",4.1,NA,NA
"Sandy Bridge ",NA,NA,"No",0,"Intel","65 ",NA,"10.7","64  ","667 ","DDR3","HD i3 2120",NA,NA,NA,"
20-Feb-2011 ","2560x1600","No",4.1,NA,NA
"Sandy Bridge ",NA,NA,"No",0,"Intel",NA,NA,"10.7","64  ","667 ","DDR3","Intel HD Pentium G840",NA,NA,NA,"
22-May-2011 ",NA,"No",4.1,NA,NA
"Sandy Bridge ",NA,NA,"No",0,"Intel","65 ",NA,"21.3","128  ","667 ","DDR3","HD i3 2100",NA,NA,NA,"
30-Mar-2011 ","2560x1600","No",4.1,NA,NA
"Sandy Bridge ",NA,NA,"No",0,"Intel","65 ",NA,"10.7","64  ","667 ","DDR3","HD i3 2105",NA,NA,NA,"
30-Mar-2011 ","2560x1600","No",4.1,NA,NA
"Sandy Bridge ",NA,NA,"No",0,"Intel",NA,NA,"17.1","128  ","533 ","DDR3","Intel HD Pentium G620T",NA,NA,NA,"
01-May-2011 ",NA,"No",4.1,NA,NA
"Skylake GT2-S0 ","1366 x 768","350 ","No",0,"Intel","35 ",NA,"34.1","128  ","1067 ","DDR4","HD i3 6300T","8 ","14","8","
01-Sep-2015 ","4096x2160","No",5,16,"15 "
"Sandy Bridge ",NA,NA,"No",0,"Intel",NA,NA,"17.1","128  ","533 ","DDR3","Intel HD Pentium G630",NA,NA,NA,"
01-Sep-2011 ",NA,"No",4.1,NA,NA
"Skylake GT2-R0 ","1366 x 768","350 ","No",0,"Intel","65 ",NA,"34.1","128  ","1067 ","DDR4","HD i7 6700","9 ","14","8","
01-Sep-2015 ","4096x2160","No",5,16,"18 "
"Skylake GT2-R0 ","1366 x 768","350 ","No",0,"Intel","91 ",NA,"34.1","128  ","1067 ","DDR4","HD i7 6700K","9 ","14","8","
05-Aug-2015 ","4096x2160","No",5,16,"18 "
"Skylake GT2-R0 ","1366 x 768","350 ","No",0,"Intel","35 ",NA,"34.1","128  ","1067 ","DDR4","HD i7 6700T","9 ","14","8","
01-Sep-2015 ","4096x2160","No",5,16,"18 "
"Ivy Bridge GT2 ","1024 x 768","650 ","No",0,"Intel","77 ",NA,"25.6","128  ","800 ","DDR3","HD i7 3770T","5 ","22","4","
29-Apr-2012 ","2560x1600","No",5,4,"5 "
"Haswell GT2-MB ","1366 x 768","350 ","No",0,"Intel","88 ",NA,"25.6","128  ","800 ","DDR3","HD i7 4790K","3 ","22","2","
22-Jun-2014 ","2560x1600","No",5,4,"5 "
"Ivy Bridge GT2 ","1024 x 768","650 ","No",0,"Intel","77 ",NA,"25.6","128  ","800 ","DDR3","HD i7 3770K","5 ","22","4","
29-Apr-2012 ","2560x1600","No",5,4,"5 "
"Ivy Bridge GT2 ","1024 x 768","650 ","No",0,"Intel","77 ",NA,"25.6","128  ","800 ","DDR3","HD i7 3770S","5 ","22","4","
29-Apr-2012 ","2560x1600","No",5,4,"5 "
"Sandy Bridge GT1 ","1024 x 768","850 ","No",0,"Intel","95 ",NA,"21.3","128  ","667 ","DDR3","HD i7 2600","1 ","32","1","
09-Jan-2011 ","2560x1600","No",4.1,1,"1 "
"Ivy Bridge GT2 ","1024 x 768","650 ","No",0,"Intel","77 ",NA,"25.6","128  ","800 ","DDR3","HD i7 3770","5 ","22","4","
29-Apr-2012 ","2560x1600","No",5,4,"5 "
"Sandy Bridge GT2 ","1024 x 768","850 ","No",0,"Intel","95 ",NA,"21.3","128  ","667 ","DDR3","HD i7 2600K","3 ","32","2","
09-Jan-2011 ","2560x1600","No",4.1,2,"3 "
"Sandy Bridge GT2 ","1024 x 768","850 ","No",0,"Intel","95 ",NA,"21.3","128  ","667 ","DDR3","HD i7 2700K","3 ","32","2","
23-Oct-2011 ","2560x1600","No",4.1,2,"3 "
"Ivy Bridge ",NA,NA,"No",0,"Intel","8 ",NA,"25.6","128  ","800 ","DDR3","HD i3 3220",NA,NA,NA,"
01-Sep-2012 ","2560x1600","No",5,NA,NA
"Skylake GT1 ","1366 x 768","350 ","No",0,"Intel","35 ",NA,"34.1","128  ","1067 ","DDR4","Intel HD Pentium G4400T","4 ","14","4","
01-Sep-2015 ","4096x2160","No",5,8,"8 "
"Sandy Bridge GT1 ","1024 x 768","850 ","No",0,"Intel","95 ",NA,"21.3","128  ","667 ","DDR3","HD i7 2600S","1 ","32","1","
09-Jan-2011 ","2560x1600","No",4.1,1,"1 "
"Skylake GT1 ","1366 x 768","350 ","No",0,"Intel","47 ",NA,"34.1","128  ","1067 ","DDR4","Intel HD Pentium G4400","4 ","14","4","
01-Sep-2015 ","4096x2160","No",5,8,"8 "
"Skylake GT2 ","1366 x 768","350 ","No",0,"Intel","47 ",NA,"34.1","128  ","1067 ","DDR4","Intel HD Pentium G4500","8 ","14","8","
01-Sep-2015 ","4096x2160","No",5,16,"17 "
"Ivy Bridge ","1024 x 768",NA,"No",0,"Intel","55 ",NA,"21.3","128  ","667 ","DDR3","Intel HD Pentium G1620","1 ","22","2","
22-Jan-2013 ",NA,"No",5,2,"1 "
"Skylake GT1 ","1366 x 768","350 ","No",0,"Intel","65 ",NA,"34.1","128  ","1067 ","DDR4","HD i5 6402P","4 ","14","4","
27-Dec-2015 ","4096x2160","No",5,8,"8 "
"Clarkdale ",NA,NA,"No",NA,"Intel","73 ",NA,"10.7","64  ","667 ","DDR3","HD i5 670",NA,NA,NA,"
30-Mar-2010 ",NA,"No",4,NA,NA
"Clarkdale ",NA,NA,"No",NA,"Intel","73 ",NA,"10.7","64  ","667 ","DDR3","HD i5 680",NA,NA,NA,"
30-May-2010 ",NA,"No",4,NA,NA
"Skylake GT2-R0 ","1366 x 768","350 ","No",0,"Intel","65 ",NA,"34.1","128  ","1067 ","DDR4","HD i5 6600T","9 ","14","8","
01-Sep-2015 ","4096x2160","No",5,16,"18 "
"Skylake GT2-R0 ","1366 x 768","350 ","No",0,"Intel","65 ",NA,"34.1","128  ","1067 ","DDR4","HD i5 6600","9 ","14","8","
01-Sep-2015 ","4096x2160","No",5,16,"18 "
"Skylake GT2-R0 ","1366 x 768","350 ","No",0,"Intel","91 ",NA,"34.1","128  ","1067 ","DDR4","HD i5 6600K","9 ","14","8","
05-Aug-2015 ","4096x2160","No",5,16,"18 "
"Clarkdale ",NA,NA,"No",NA,"Intel","87 ",NA,"10.7","64  ","667 ","DDR3","HD i5 661",NA,NA,NA,"
30-Mar-2010 ",NA,"No",4,NA,NA
"Skylake GT2-R0 ","1366 x 768","350 ","No",0,"Intel","35 ",NA,"34.1","128  ","1067 ","DDR4","HD i5 6500T","9 ","14","8","
01-Sep-2015 ","4096x2160","No",5,16,"18 "
"Clarkdale ",NA,NA,"No",0,"Intel","73 ",NA,"10.7","64  ","667 ","DDR3","HD i5 655K",NA,NA,NA,"
30-Mar-2010 ",NA,"No",4,NA,NA
"Clarkdale ",NA,NA,"No",NA,"Intel","73 ",NA,"10.7","64  ","667 ","DDR3","HD i5 660",NA,NA,NA,"
30-Mar-2010 ",NA,"No",4,NA,NA
"Skylake GT2-R0 ","1366 x 768","350 ","No",0,"Intel","35 ",NA,"34.1","128  ","1067 ","DDR4","HD i5 6400T","8 ","14","8","
01-Sep-2015 ","4096x2160","No",5,16,"15 "
"Skylake GT2-R0 ","1366 x 768","350 ","No",0,"Intel","65 ",NA,"34.1","128  ","1067 ","DDR4","HD i5 6400","8 ","14","8","
01-Sep-2015 ","4096x2160","No",5,16,"15 "
"Skylake GT2-R0 ","1366 x 768","350 ","No",0,"Intel","65 ",NA,"34.1","128  ","1067 ","DDR4","HD i5 6500","8 ","14","8","
01-Sep-2015 ","4096x2160","No",5,16,"17 "
"Sandy Bridge ",NA,NA,"No",NA,"Intel","95 ",NA,"10.7","64  ","667 ","DDR3","HD i5 2500",NA,NA,NA,"
30-Mar-2011 ",NA,"No",4.1,NA,NA
"Ivy Bridge ",NA,NA,"No",0,"Intel",NA,NA,"12.8","64  ","800 ","DDR3","HD i5 3550",NA,NA,NA,"
01-Apr-2012 ",NA,"No",5,NA,NA
"Sandy Bridge ",NA,NA,"No",NA,"Intel","95 ",NA,"10.7","64  ","667 ","DDR3","HD i5 2400",NA,NA,NA,"
30-Mar-2011 ",NA,"No",4.1,NA,NA
"Sandy Bridge ",NA,NA,"No",NA,"Intel","95 ",NA,"10.7","64  ","667 ","DDR3","HD i5 2310",NA,NA,NA,"
30-May-2011 ",NA,"No",NA,NA,NA
"Sandy Bridge ",NA,NA,"No",0,"Intel",NA,NA,"10.7","64  ","667 ","DDR3","HD i5 2320",NA,NA,NA,"
04-Sep-2011 ","2560x1600","No",NA,NA,NA
"Ivy Bridge ",NA,NA,"Yes",0,"Intel",NA,NA,"12.8","64  ","800 ","DDR3","HD i5 3570k",NA,NA,NA,"
29-Apr-2012 ","2560x1600","No",5,NA,NA
"Broadwell GT3e ","1366 x 768",NA,"No",0,"Intel","65 ","128  ","14.9","128  ","933 ","eDRAM","Iris Pro Graphics 6200 Desktop","2 ","14","2","
02-Jun-2015 ","2560x1600","No",5,8,"9 "
"Sandy Bridge ",NA,NA,"No",NA,"Intel","95 ",NA,"10.7","64  ","667 ","DDR3","HD i5 2300",NA,NA,NA,"
30-Mar-2011 ",NA,"No",4.1,NA,NA
"Haswell: GT3e ","1366 x 768",NA,"No",0,"Intel","28 ",NA,"25.6","128  ","800 ","DDR3","Iris Pro Graphics 5200 Desktop","2 ","22","4","
03-Jun-2013 ","2560x1600","No",5,8,"3 "
"Sandy Bridge ",NA,NA,"No",NA,"Intel","65 ",NA,"10.7","64  ","667 ","DDR3","HD i5 2405S",NA,NA,NA,"
30-May-2011 ",NA,"No",4.1,NA,NA
"Skylake GT1 ","1366 x 768","350 ","No",0,"Intel","54 ",NA,"34.1","128  ","1067 ","DDR4","HD i3 6308P","4 ","14","4","
27-Dec-2015 ","4096x2160","No",5,8,"8 "
"Sandy Bridge ",NA,NA,"No",NA,"Intel","65 ",NA,"10.7","64  ","667 ","DDR3","HD i5 2400S",NA,NA,NA,"
30-Mar-2011 ",NA,"No",4.1,NA,NA
"Clarkdale ",NA,NA,"No",NA,"Intel","73 ",NA,"10.7","64  ","667 ","DDR3","HD i5 650",NA,NA,NA,"
30-Mar-2010 ",NA,"No",4,NA,NA
"Sandy Bridge ",NA,NA,"No",NA,"Intel","95 ",NA,"10.7","64  ","667 ","DDR3","HD i5 2500K",NA,NA,NA,"
30-Mar-2011 ",NA,"No",4.1,NA,NA
"Haswell: GT3 ","1366 x 768",NA,"No",0,"Intel","28 ",NA,"25.6","128  ","800 ","DDR3","Iris Graphics 5100 Desktop","2 ","22","4","
29-Apr-2013 ","2560x1600","No",5,8,"3 "
"GCN 1.0 Malta ","2560 x 1600","950 ","Yes",0,"AMD","375 ","6144  ","576","384  ","1500 ","GDDR5","Radeon HD 7990","64 ","28","32 (x2)","
23-Apr-2013 ","2560x1600","Yes",5,128,"256 "
"GCN 1.0 Tahiti XT (x2) ","1920 x 1080","925 ","Yes",1,"AMD","500 ","6144  ","264","192  ","1375 ","GDDR5","Radeon HD 7970 X2 Devil 13","30 ","28","16 (x2)","
30-Jul-2012 ","4096x2160","Yes",5,64,"118 "
"GCN 1.0 Malta ","2560 x 1600","950 ","Yes",0,"AMD","375 ","6144  ","576","384  ","1500 ","GDDR5","Radeon HD 8990 (OEM)","64 ","28","32 (x2)","
24-Apr-2013 ","2560x1600","Yes",5,128,"256 "
"G98 ",NA,NA,"Yes",0,"Nvidia","40 ","512  ","11.2","64  ","700 ","GDDR3","Quadro NVS 420",NA,NA,NA,"
20-Jan-2009 ","2560x1600","No",4,NA,NA
"Terascale 3 Antilles ","1920 x 1080","830 ","Yes",0,"AMD",NA,"4096  ","320","512  ","1250 ","GDDR5","Radeon HD 6990 Gigabyte 4GB Edition","53 ","40","64","
01-Mar-2011 ","2560x1600","Yes",5,192,"159 "
"Terascale 2 Cedar PRO ","1024 x 768",NA,"Yes",1,"AMD","19 ","1024  ","6.4","64  ","400 ","DDR3","Radeon HD 5450 1024MB","3 ","40","4","
04-Feb-2010 ","2560x1600","Yes",5,8,"5 "
"GCN 1.0 Tahiti XT ","1920 x 1080","1000 ","Yes",1,"AMD","230 ","3072  ","273.6","384  ","1425 ","GDDR5","Radeon HD 7970 XFX Black Edition","32 ","28","32","
30-Jan-2012 ","4096x2160","Yes",5,128,"128 "
"Fermi GF119 ",NA,"550 ","Yes",0,"Nvidia","20 ","512  ","14","64  ","875 ","DDR3","Quadro NVS 310 PNY Low Profile Edition",NA,"40",NA,"
01-Jun-2012 ","2560x1600","No",5,NA,NA
"GT200GL ",NA,NA,"Yes",0,"Nvidia","189 ","4096  ","102.4","512  ","800 ","GDDR3","Quadro FX 5800",NA,"65",NA,"
11-Nov-2008 ","2560x1600","Yes",4,NA,NA
"G98 ",NA,NA,"Yes",0,"Nvidia","35 ","512  ","11.2","64  ","700 ","GDDR3","Quadro NVS 450",NA,NA,NA,"
01-Apr-2011 ","2560x1600","No",4,NA,NA
"Fermi GF100 (x2) ","1920 x 1080","574 ","Yes",0,"Nvidia","600 ","12288  ","288","384  ","750 ","GDDR5","Quadro Plex 7000","55 ","40","48 (x2)","
25-Jul-2011 ","2560x1600","Yes",5,64,"73 "
"MCP68S ",NA,NA,"No",0,"Nvidia",NA,NA,NA,"128  ",NA,"DDR2","GeForce 7025 nForce 630a",NA,NA,NA,"
01-Sep-2007 ","1920x1440","No",3,NA,NA
"G92 (x4) ","1920 x 1080",NA,"Yes",1,"Nvidia","385 ","2048  ","256","256  ","1000 ","GDDR3","GeForce 9800 GX2 SLI","38 ","65","16 (x4)","
01-Mar-2008 ","2560x1600","Yes",4,64,"154 "
"Kepler GK110 ","2560 x 1600","902 ","Yes",0,"Nvidia","225 ","12288  ","288.4","384  ","1502 ","GDDR5","Quadro K6000","36 ","28","40","
23-Jul-2013 ","4096x2160","Yes",5,240,"216 "
"Maxwell GM204-200-A1 ","2560 x 1440","773 ","Yes",0,"Nvidia","120 ","8192  ","192.3","256  ","1502 ","GDDR5","Quadro M4000","43 ","28","56","
29-Jun-2015 ","4096x2160","No",5,104,"80 "
"NV6 ",NA,NA,"Yes",0,"Nvidia",NA,"16  ","800MB/sec","64  ","100 ","DDR","Vanta LT",NA,NA,NA,"
01-Mar-2000 ",NA,"No",NA,NA,NA
"Kepler GK110 ","1920 x 1080","902 ","Yes",0,"Nvidia","150 ","8192  ","192","384  ","1000 ","GDDR5","Quadro K5200","43 ","28","48","
22-Jul-2014 ","4096x2160","Yes",5,192,"173 "
"Kepler GK104 ","1920 x 1080","706 ","Yes",0,"Nvidia","122 ","4096  ","172.8","256  ","1350 ","GDDR5","Quadro K5000","23 ","28","32","
01-Aug-2012 ","4096x2160","Yes",5,128,"90 "
"Maxwell GM107 ","1366 x 768","667 ","Yes",0,"Nvidia","45 ","1024  ","28.8","128  ","900 ","DDR3","Quadro K620","11 ","28","16","
22-Jul-2014 ","4096x2160","No",5,32,"21 "
"Kepler GK104 ","1920 x 1080","706 ","Yes",0,"Nvidia","108 ","4096  ","172.8","256  ","1350 ","GDDR5","Quadro K4200","23 ","28","32","
22-Jul-2014 ","4096x2160","Yes",5,112,"79 "
"Maxwell GM107 ","1600 x 900","667 ","Yes",0,"Nvidia","68 ","4096  ","80","128  ","1250 ","GDDR5","Quadro K2200","11 ","28","16","
22-Jul-2014 ","4096x2160","No",5,40,"27 "
"Kepler GK107-301-A2 ","1366 x 768","876 ","Yes",0,"Nvidia","41 ","1024  ","29","128  ","905 ","DDR3","Quadro K600 PNY 1GB Edition","14 ","28","16","
01-Mar-2013 ","4096x2160","No",5,16,"14 "
"Kepler GK107-301-A2 ","1366 x 768","876 ","Yes",0,"Nvidia","41 ","1024  ","29","128  ","905 ","DDR3","Quadro K600","14 ","28","16","
01-Mar-2013 ","4096x2160","No",5,16,"14 "
"Kepler GK107-301-A2 ","1366 x 768","876 ","Yes",0,"Nvidia","41 ","1024  ","28.8","128  ","900 ","DDR3","Quadro K420","14 ","28","16","
22-Jul-2014 ","4096x2160","No",5,32,"28 "
"D10U-20 ",NA,NA,"Yes",0,"Nvidia","150 ","1536  ","76.8","384  ","800 ","GDDR3","Quadro CX",NA,NA,NA,"
30-Oct-2008 ","2560x1600","Yes",4,NA,NA
"Fermi GF100 ","1920 x 1080","574 ","Yes",0,"Nvidia","204 ","6144  ","143.4","384  ","747 ","GDDR5","Quadro 6000","28 ","40","48","
10-Dec-2010 ","2560x1600","Yes",5,56,"32 "
"Fermi GF100-100-KD ","1920 x 1080",NA,"Yes",0,"Nvidia","142 ","2048  ","89.9","256  ","702 ","GDDR5","Quadro 4000","15 ","40","32","
02-Nov-2010 ","2560x1600","No",5,32,"15 "
"GF108GL ",NA,NA,"Yes",0,"Nvidia","40 ","1024  ","25.6","128  ","800 ","DDR3","Quadro 600",NA,"40",NA,"
01-Oct-2010 ","2560x1600","No",5,NA,NA
"Fermi GF106-875-A1 ","1600 x 900","625 ","Yes",0,"Nvidia","62 ","1024  ","41.6","128  ","650 ","GDDR5","Quadro 2000D","10 ","40","16","
05-Oct-2011 ","2560x1600","Yes",5,32,"20 "
"Kepler GK107 ",NA,"706 ","Yes",0,"Nvidia","38 ","512  ","14.3","64  ","891 ","DDR3","Quadro 410",NA,"28",NA,"
07-Aug-2012 ","4096x2160","No",5,NA,NA
"GT216GL ",NA,NA,"Yes",0,"Nvidia","32 ","512  ","12.8","64  ","800 ","DDR3","Quadro 400",NA,"40",NA,"
01-Jul-2011 ","2560x1600","No",4,NA,NA
"MCP79MX ","1024 x 768",NA,"No",1,"Nvidia","20 ",NA,"8.5","64  ","1066 ","DDR","ION LE","2 ","65","4","
03-Jun-2008 ","2560x1600","No",4,8,"4 "
"Tesla G92-420-B1 ","1366 x 768","738 ","Yes",0,"Nvidia","141 ","512  ","70.4","256  ","1100 ","GDDR3","GeForce 9800 GTX+","12 ","55","16","
16-Jan-2009 ","2560x1600","Yes",4,64,"47 "
"G92 (x2) ","1920 x 1080",NA,"Yes",1,"Nvidia","197 ","1024  ","128","256  ","1000 ","GDDR3","GeForce 9800 GX2","19 ","65","16 (x2)","
01-Mar-2008 ","2560x1600","Yes",4,64,"77 "
"Fermi GF106-875-A1 ","1600 x 900","625 ","Yes",0,"Nvidia","62 ","1024  ","41.6","128  ","650 ","GDDR5","Quadro 2000","10 ","40","16","
24-Dec-2010 ","2560x1600","No",5,32,"20 "
"Fermi GF100-850-A3 ","1920 x 1080","513 ","Yes",0,"Nvidia","152 ","2560  ","120","320  ","750 ","GDDR5","Quadro 5000","21 ","40","40","
23-Feb-2011 ","2560x1600","Yes",5,44,"23 "
"Tesla G80 ","1680 x 1050","612 ","Yes",0,"Nvidia","172 ","768  ","103.7","384  ","1080 ","GDDR3","GeForce 8800 Ultra","15 ","90","24","
01-May-2007 ","2560x1600","Yes",4,32,"20 "
"Tesla G92-270-A2 (x2) ","1600 x 900","600 ","Yes",0,"Nvidia","200 ","2048  ","115.2","512  ","900 ","GDDR3","GeForce 9800 GT 1GB SLI","19 ","65","32","
21-Jul-2008 ","2560x1600","No",4,112,"67 "
"Tesla G92-270-A2 ","1366 x 768","550 ","Yes",1,"Nvidia","75 ","512  ","57.6","256  ","900 ","GDDR3","GeForce 9800 GT Green Edition","9 ","65","16","
15-Mar-2009 ","2560x1600","Yes",4,56,"31 "
"G92 (x2) ","1366 x 768",NA,"Yes",0,"Nvidia","280 ","1024  ","140.8","256  ","1100 ","DDR3","GeForce 9800 GTX SLI","22 ","65","16 (x2)","
01-Apr-2008 ","2560x1600","Yes",3,56,"76 "
"Tesla G92-420-A2 ","1366 x 768","675 ","Yes",0,"Nvidia","140 ","512  ","70.4","256  ","1100 ","GDDR3","GeForce 9800 GTX","11 ","65","16","
28-Mar-2008 ","2560x1600","Yes",3,64,"43 "
"Tesla G92-270-A2 ","1366 x 768","600 ","Yes",0,"Nvidia","105 ","512  ","57.6","256  ","900 ","GDDR3","GeForce 9800 GT","10 ","65","16","
21-Jul-2008 ","2560x1600","Yes",4,56,"34 "
"Tesla G94-300-A1 ","1366 x 768","600 ","Yes",1,"Nvidia","50 ","512  ","25.6","256  ","400 ","GDDR3","GeForce 9600 GT Asus Magic HDMI 512MB Edition","10 ","65","16","
01-Feb-2008 ","2560x1600","Yes",4,32,"19 "
"Tesla G92-270-A2 ","1366 x 768","600 ","Yes",0,"Nvidia","105 ","1024  ","57.6","256  ","900 ","GDDR3","GeForce 9800 GT 1GB","10 ","65","16","
21-Jul-2008 ","2560x1600","Yes",4,56,"34 "
"G92 ","1366 x 768",NA,"Yes",0,"Nvidia","84 ","768  ","38.4","192  ","800 ","GDDR3","GeForce 9600 GSO EVGA Dual-Slot 768MB Edition","7 ","65","12","
01-May-2008 ","2560x1600","No",4,48,"26 "
"Tesla G94-300-A1 ","1366 x 768","650 ","Yes",0,"Nvidia","95 ","512  ","57.6","256  ","900 ","GDDR3","GeForce 9600 GT 512MB","10 ","65","16","
01-Feb-2008 ","2560x1600","Yes",4,32,"21 "
"G92 ","1366 x 768",NA,"Yes",0,"Nvidia","90 ","512  ","43.2","192  ","900 ","GDDR3","GeForce 9600 GSO 512MB","8 ","65","12","
01-Oct-2008 ","2560x1600","Yes",4,48,"31 "
"Tesla G96C ","1024 x 768",NA,"Yes",0,"Nvidia","50 ","512  ","25.6","128  ","800 ","GDDR3","GeForce 9500 GT","4 ","55","8","
29-Jul-2008 ","2560x1600","Yes",4,16,"9 "
"G92 ","1280 x 720",NA,"Yes",0,"Nvidia","84 ","384  ","38.4","192  ","800 ","GDDR3","GeForce 9600 GSO","7 ","65","12","
01-May-2008 ","2560x1600","Yes",4,48,"26 "
"G94a ","1280 x 720",NA,"Yes",0,"Nvidia",NA,"768  ","24","192  ","500 ","DDR2","GeForce 9600 GS","6 ","65","12","
01-May-2008 ","2560x1600","Yes",3,24,"12 "
"G96 ",NA,NA,"Yes",0,"Nvidia",NA,"512  ","16","128  ","500 ","DDR2","GeForce 9500 GS",NA,NA,NA,"
01-Jul-2008 ","2560x1600","Yes",3,NA,NA
NA,NA,"
","Yes",0,"Nvidia",NA,NA,NA,NA,NA,NA,"GeForce 9480",NA,NA,NA,"
01-Aug-2008 ","2560x1600","Yes",3,NA,NA
"Tesla G94-300-A1 ","1440 x 900","650 ","Yes",0,"Nvidia","95 ","1024  ","57.6","256  ","900 ","GDDR3","GeForce 9600 GT 1GB","10 ","65","16","
21-Feb-2008 ","2560x1600","Yes",4,32,"21 "
"G96a/b ",NA,NA,"Yes",1,"Nvidia","50 ","1024  ","12.8","128  ","400 ","DDR2","GeForce 9400 GT 1GB",NA,"65",NA,"
26-Aug-2008 ","2560x1600","Yes",4,NA,NA
"G98 ",NA,NA,"Yes",0,"Nvidia",NA,"512  ","8","64  ","500 ","DDR2","GeForce 9300 GS","2 ","65","4","
01-Jun-2008 ","2560x1600","No",3,8,"5 "
"MCP7A-U ",NA,NA,"No",0,"Nvidia","12 ",NA,NA,NA,NA,NA,"GeForce 9400","2 ","65","4","
01-Oct-2008 ","2560x1600","Yes",4,8,"5 "
"MCP79MX ",NA,NA,"No",0,"Nvidia",NA,NA,NA,NA,NA,NA,"GeForce 9300","2 ","90","4","
01-Oct-2008 ","2560x1600","Yes",4,8,"4 "
NA,NA,"
","Yes",0,"Nvidia",NA,NA,NA,NA,NA,NA,"GeForce 9200",NA,"80","4","
02-Jan-2008 ","2560x1600","Yes",3,8,NA
"G71 ",NA,NA,"Yes",0,"Nvidia","110 ","1024  ","76.8","256  ","600 ","GDDR3","GeForce 7950 GX2","16 ","90","16 (x2)","
01-Jun-2006 ","2560x1600","Yes",3,24,"24 "
"G98 ",NA,NA,"Yes",0,"Nvidia",NA,"512  ","8","64  ","500 ","DDR2","GeForce 9300 GE","2 ","65","4","
01-Jun-2008 ","2560x1600","Yes",3,8,"4 "
"G96a/b ","1024 x 768",NA,"Yes",1,"Nvidia","50 ","512  ","12.8","128  ","400 ","DDR2","GeForce 9400 GT","2 ","65","4","
27-Aug-2008 ","2560x1600","Yes",4,8,"4 "
"G71 ",NA,NA,"Yes",0,"Nvidia","65 ","512  ","44.8","256  ","700 ","GDDR3","GeForce 7950 GT","13 ","90","24","
06-Aug-2006 ","2560x1600","Yes",3,24,"13 "
"G71 ",NA,NA,"Yes",0,"Nvidia","84 ","512  ","51.2","256  ","800 ","GDDR3","GeForce 7900 GTX",NA,NA,NA,"
01-Mar-2006 ","2560x1600","No",3,NA,NA
"G71 ",NA,NA,"Yes",0,"Nvidia","49 ","256  ","42.2","256  ","660 ","GDDR3","GeForce 7900 GS",NA,NA,NA,"
01-Sep-2006 ","2560x1600","No",3,NA,NA
"G71 ","1024 x 768",NA,"Yes",0,"Nvidia","49 ","256  ","42.2","256  ","660 ","GDDR3","GeForce 7900 GT","7 ","90","16","
01-Mar-2006 ","2560x1600","Yes",3,24,"11 "
"G70 ",NA,NA,"Yes",0,"Nvidia","108 ","512  ","54.4","256  ","850 ","GDDR3","GeForce 7800 GTX",NA,NA,NA,"
01-Jun-2005 ","2560x1600","No",3,NA,NA
"C78 ",NA,NA,"Yes",0,"Nvidia","40 ",NA,NA,NA,NA,NA,"GeForce 9100","2 ","80","4","
02-Apr-2007 ","2560x1600","Yes",3,8,"4 "
"G71 ",NA,NA,"Yes",0,"Nvidia","81 ","512  ","42.2","256  ","660 ","GDDR3","GeForce 7900 GTO",NA,NA,NA,"
01-Sep-2006 ","2560x1600","No",3,NA,NA
"G73 ",NA,NA,"Yes",0,"Nvidia","40 ","256  ","22.4","128  ","700 ","GDDR3","GeForce 7600 GT 256MB",NA,NA,NA,"
01-Mar-2006 ","2560x1600","No",3,NA,NA
"G70 ",NA,NA,"Yes",0,"Nvidia","65 ","256  ","32","256  ","500 ","GDDR3","GeForce 7800 GT",NA,NA,NA,"
01-Aug-2005 ","2560x1600","No",3,NA,NA
NA,NA,NA,"Yes",0,"Nvidia",NA,"128  ","12.8","128  ","400 ","DDR2","GeForce 7650 GS",NA,NA,NA,"
22-Mar-2006 ","2560x1600","No",3,NA,NA
"G70 ",NA,NA,"Yes",0,"Nvidia","49 ","256  ","38.4","256  ","600 ","GDDR3","GeForce 7800 GS",NA,NA,NA,"
01-Feb-2006 ","2560x1600","No",3,NA,NA
"G73 ",NA,NA,"Yes",0,"Nvidia","27 ","256  ","12.8","128  ","400 ","DDR2","GeForce 7600 GS",NA,NA,NA,"
 01-Mar-2006 ","2560x1600","Yes",3,NA,NA
"G73 ",NA,NA,"Yes",0,"Nvidia","27 ","256  ","25.6","128  ","800 ","DDR2","GeForce 7600 GS Asus Silent Edition",NA,NA,NA,"
01-Jul-2006 ","2048x1536","Yes",3,NA,NA
"G72 ",NA,NA,"Yes",0,"Nvidia",NA,NA,"6.4","64  ","400 ","DDR2","GeForce 7300 SE/7200 GS","1 ","90","2","
22-Jan-2006 ",NA,"No",3,4,"2 "
"G72 ",NA,NA,"Yes",0,"Nvidia","23 ","256  ","6.4","64  ","400 ","DDR2","GeForce 7300 GS 256MB",NA,NA,NA,"
01-Jan-2006 ","2560x1600","No",3,NA,NA
"G72 ",NA,NA,"Yes",0,"Nvidia",NA,"256  ","5.2","64  ","324 ","DDR2","GeForce 7500 LE","2 ","90","4","
22-Mar-2006 ","2560x1600","Yes",3,8,"4 "
"G72 ",NA,NA,"Yes",0,"Nvidia","23 ","256  ","5.3","64  ","333 ","DDR2","GeForce 7300 LE",NA,NA,NA,"
01-Mar-2006 ","2560x1600","Yes",3,NA,NA
"G73 ",NA,NA,"Yes",0,"Nvidia","24 ","256  ","10.4","128  ","325 ","DDR2","GeForce 7300 GT",NA,NA,NA,"
01-May-2006 ","2560x1600","Yes",3,NA,NA
"MCP76 ",NA,NA,"Yes",0,"Nvidia",NA,"256  ","4.8","64  ","300 ","DDR2","GeForce 7100",NA,NA,NA,"
01-Sep-2007 ","2560x1600","No",3,NA,NA
"MCP76 ",NA,NA,"No",0,"Nvidia",NA,NA,"5.3","64  ","334 ","DDR2","GeForce 7050",NA,NA,NA,"
01-Sep-2007 ","2560x1600","No",3,NA,NA
"MCP68V ",NA,NA,"No",1,"Nvidia",NA,NA,NA,"128  ",NA,"DDR2","GeForce 7050 PV nForce 630a",NA,NA,NA,"
30-Sep-2007 ",NA,"No",3,NA,NA
"Tesla G80 ","1440 x 900","513 ","Yes",0,"Nvidia","143 ","640  ","63.4","320  ","792 ","GDDR3","GeForce 8800 GTS 640MB","10 ","90","20","
01-Nov-2006 ","2560x1600","Yes",4,24,"12 "
"NV44 ",NA,NA,"Yes",0,"Nvidia",NA,"128  ","2.8","64  ","350 ","GDDR2","GeForce 7100 GS Inno3D 128MB Edition",NA,NA,NA,"
01-Jan-2005 ","2048x1536","No",3,NA,NA
"Tesla G80 ","1680 x 1050","575 ","Yes",0,"Nvidia","158 ","768  ","86.4","384  ","900 ","GDDR3","GeForce 8800 GTX 768MB","14 ","90","24","
01-Nov-2006 ","2560x1600","Yes",4,32,"18 "
"NV44 ",NA,NA,"Yes",0,"Nvidia",NA,"256  ","4.3","64  ","533 ","GDDR2","GeForce 7100 GS Inno3D 256MB Edition",NA,NA,NA,"
01-Jan-2005 ","2048x1536","No",3,NA,NA
"GT218 ",NA,NA,"No",1,"Nvidia","12 ",NA,NA,NA,NA,NA,"ION",NA,"40",NA,"
10-Jan-2010 ","2560x1600","No",4,NA,NA
"Tesla G92 ","1366 x 768","650 ","Yes",0,"Nvidia","135 ","512  ","51.2","256  ","800 ","GDDR3","GeForce 8800 GTS 512MB","10 ","65","16","
01-Dec-2007 ","2560x1600","Yes",4,64,"42 "
"Tesla G80-100-K0-A2 ",NA,"513 ","Yes",0,"Nvidia","143 ","320  ","63.4","320  ","792 ","GDDR3","GeForce 8800 GTS","10 ","90","20","
01-Feb-2007 ","2560x1600","Yes",4,24,"12 "
"G92 (x2) ","1366 x 768",NA,"Yes",0,"Nvidia","270 ","1024  ","102.4","256  ","800 ","GDDR3","GeForce 8800 GTS 512MB SLI","21 ","65","16 (x2)","
01-Dec-2007 ","2560x1600","Yes",4,64,"83 "
"Tesla G80 ","1440 x 900","576 ","Yes",0,"Nvidia","143 ","640  ","72","320  ","900 ","GDDR3","GeForce 8800 GTS EVGA SSC 640MB Edition","12 ","90","20","
01-Nov-2006 ","2560x1600","No",4,24,"14 "
"Tesla G92-270-A2 ","1366 x 768","600 ","Yes",0,"Nvidia","105 ","512  ","57.6","256  ","900 ","GDDR3","GeForce 8800 GT","10 ","65","16","
29-Oct-2007 ","2560x1600","Yes",4,56,"34 "
"Tesla G84 ","1024 x 768","540 ","Yes",0,"Nvidia","47 ","512  ","12.8","128  ","400 ","GDDR3","GeForce 8600 GT Inno3D 512MB GDDR2","4 ","80","8","
01-Jun-2007 ","2560x1600","Yes",4,16,"9 "
"Tesla G84 ","1280 x 720","675 ","Yes",0,"Nvidia","75 ","512  ","32","128  ","1000 ","GDDR3","GeForce 8600 GTS 512MB","5 ","80","8","
01-Apr-2007 ","2560x1600","Yes",4,16,"11 "
"Tesla G84 ","1280 x 720","675 ","Yes",0,"Nvidia","75 ","256  ","32","128  ","1000 ","GDDR3","GeForce 8600 GTS 256MB","5 ","80","8","
01-Apr-2007 ","2560x1600","Yes",4,16,"11 "
"G92 ","1280 x 720",NA,"Yes",0,"Nvidia","105 ","384  ","38.4","192  ","800 ","GDDR3","GeForce 8800 GS","7 ","65","12","
01-Jan-2008 ","2560x1600","Yes",4,48,"26 "
"Tesla G84 ","1024 x 768","540 ","Yes",1,"Nvidia","75 ","512  ","12.8","128  ","400 ","GDDR3","GeForce 8600 GT Asus Magic 512MB DDR2","4 ","80","8","
01-Apr-2007 ","2560x1600","Yes",4,16,"9 "
"Tesla G84 ","1024 x 768","540 ","Yes",0,"Nvidia","47 ","256  ","22.4","128  ","700 ","GDDR3","GeForce 8600 GT","4 ","80","8","
01-Apr-2007 ","2560x1600","Yes",4,16,"9 "
"Tesla G84 ","1024 x 768","540 ","Yes",0,"Nvidia",NA,"1024  ","12.8","128  ","400 ","GDDR3","GeForce 8600 GT Inno3D 1GB GDDR2","4 ","80","8","
01-Jun-2007 ","2560x1600","Yes",4,16,"9 "
"Tesla G84 ","1024 x 768","540 ","Yes",0,"Nvidia",NA,"256  ","12.8","128  ","400 ","GDDR3","GeForce 8600 GT Inno3D 256MB GDDR2","4 ","80","8","
01-Jun-2007 ","2560x1600","Yes",4,16,"9 "
"Tesla G84 ","1024 x 768","640 ","Yes",0,"Nvidia",NA,"256  ","27.2","128  ","850 ","GDDR3","GeForce 8600 GT 256MB DDR3 Fatal1ty Edition","5 ","80","8","
01-Jun-2007 ","2560x1600","Yes",4,16,"10 "
"Tesla G84 ","1024 x 768","540 ","Yes",1,"Nvidia","46 ","512  ","22.4","128  ","700 ","GDDR3","GeForce 8600 GT 512MB GDDR3","4 ","80","8","
01-Apr-2007 ","2560x1600","Yes",4,16,"9 "
"Tesla G86 ","1024 x 768","460 ","Yes",0,"Nvidia","30 ","1024  ","12.8","128  ","400 ","DDR2","GeForce 8500 GT Inno3D 1GB Edition","2 ","80","4","
01-May-2007 ","2560x1600","Yes",4,8,"4 "
"Tesla G86 ","1024 x 768","450 ","Yes",0,"Nvidia","30 ","256  ","12.8","128  ","400 ","DDR2","GeForce 8500 GT","2 ","80","4","
01-Apr-2007 ","2560x1600","Yes",4,8,"4 "
"G84 ","1024 x 768",NA,"Yes",0,"Nvidia","47 ","256  ","12.8","128  ","400 ","DDR2","GeForce 8600 GS","4 ","80","8","
01-Apr-2007 ","2560x1600","Yes",4,8,"4 "
"Tesla GT218 ","1024 x 768","520 ","Yes",1,"Nvidia","40 ","1024  ","9.6","64  ","600 ","DDR3","GeForce 8400 GS Rev. 4 EVGA 1GB Edition","2 ","40","4","
17-Apr-2007 ","2560x1600","No",4.1,8,"4 "
"Tesla GT218 ","1024 x 768","520 ","Yes",1,"Nvidia","40 ","512  ","8","64  ","500 ","DDR3","GeForce 8400 GS Rev. 4","2 ","40","4","
17-Apr-2007 ","2560x1600","No",4.1,8,"4 "
"MCP78 ","800 x 600",NA,"No",0,"Nvidia",NA,NA,NA,"64  ",NA,"DDR2","GeForce 8300","2 ","80","4","
02-Jan-2008 ","2560x1600","Yes",4,8,"4 "
"Tesla GT218 ","1024 x 768","520 ","Yes",0,"Nvidia","25 ","512  ","6.4","64  ","400 ","DDR2","GeForce 8400 GS Rev. 3","2 ","40","4","
12-Jul-2010 ","2560x1600","No",4.1,8,"4 "
"MCP78 ","800 x 600",NA,"No",1,"Nvidia",NA,NA,NA,NA,"800 ","DDR2","GeForce 8200","2 ","80","4","
02-Jan-2008 ","1920x1440","Yes",4,8,"4 "
"Tesla G86 ","800 x 600","450 ","Yes",1,"Nvidia","18 ","256  ","6.4","64  ","400 ","DDR2","GeForce 8400 GS","2 ","80","4","
17-Apr-2007 ","2048x1536","No",4,8,"4 "
"Tesla G86 ","800 x 600","450 ","Yes",0,"Nvidia","40 ","512  ","12.8","64  ","800 ","DDR2","GeForce 8300 GS","2 ","80","4","
01-Jul-2007 ","2560x1600","Yes",4,8,"4 "
"NV5 ",NA,NA,"Yes",0,"Nvidia",NA,"32  ","2.9","128  ","183 ","DDR","Riva TNT2 Ultra",NA,NA,NA,"
15-Mar-1999 ",NA,"No",NA,NA,NA
"MCP78 ","800 x 600",NA,"No",1,"Nvidia",NA,NA,NA,NA,"800 ","DDR2","GeForce 8100 nForce 720a","2 ","80","4","
17-Apr-2007 ","1920x1440","Yes",4,8,"4 "
"Tesla G98 ","1024 x 768","567 ","Yes",0,"Nvidia","25 ","512  ","6.4","64  ","400 ","DDR2","GeForce 8400 GS Rev. 2","5 ","65","8","
01-Dec-2007 ","2560x1600","No",4.1,8,"5 "
"NV6 ",NA,NA,"Yes",0,"Nvidia",NA,"32  ","1.2","64  ","150 ","DDR","Riva TNT2 M64",NA,NA,NA,"
01-Oct-1999 ",NA,"No",NA,NA,NA
"NV5 ",NA,NA,"Yes",0,"Nvidia",NA,"32  ","2.4","128  ","150 ","DDR","Riva TNT2",NA,NA,NA,"
15-Mar-1999 ",NA,"No",NA,NA,NA
"NV5 ",NA,NA,"Yes",0,"Nvidia",NA,"32  ","2.7","128  ","166 ","DDR","Riva TNT2 Pro",NA,NA,NA,"
12-Oct-1999 ",NA,"No",NA,NA,NA
"GT218 ",NA,NA,"Yes",0,"Nvidia","18 ","512  ","12.6","64  ","790 ","DDR3","Quadro NVS 300",NA,"40",NA,"
01-Dec-2010 ","2560x1600","No",4.1,NA,NA
"Fermi GF119 ",NA,"550 ","Yes",0,"Nvidia","20 ","512  ","14","64  ","875 ","DDR3","Quadro NVS 310","2 ","40","4","
01-Jun-2012 ","2560x1600","No",5,8,"4 "
"NV4 ",NA,NA,"Yes",0,"Nvidia",NA,"16  ","1.8","128  ","110 ","DDR","Riva TNT",NA,NA,NA,"
23-Mar-1998 ",NA,"No",NA,NA,NA
"G98 ",NA,NA,"Yes",0,"Nvidia","23 ","256  ","11.2","64  ","700 ","GDDR3","Quadro NVS 295",NA,NA,NA,"
07-May-2009 ","2560x1600","No",4,NA,NA
"G86 ","1024 x 768",NA,"Yes",0,"Nvidia","21 ","256  ","6.4","64  ","400 ","DDR2","Quadro NVS 290","2 ","80","4","
04-Oct-2007 ","2560x1600","No",4,8,"4 "
"Terascale 2 Antilles (x2) ","1920 x 1080",NA,"Yes",2,"AMD","750 ","8192  ","640","512  ","1250 ","GDDR5","Radeon HD 6990 Crossfire","106 ","40","64 (x2)","
01-Mar-2011 ","2560x1600","Yes",5,192,"319 "
"NV44 A2 ",NA,NA,"Yes",0,"Nvidia","18 ","128  ","4.4","128  ","275 ","DDR","Quadro NVS 285","1 ","110","2","
06-Jun-2006 ","1920x1200","No",2,4,"1 "
"NV34GL ",NA,NA,"Yes",0,"Nvidia",NA,"64  ",NA,"128  ",NA,"DDR","Quadro NVS 280",NA,NA,NA,"
01-Apr-2004 ",NA,"No",NA,NA,NA
"Terascale 3 Antilles ","1920 x 1080","830 ","Yes",1,"AMD","375 ","4096  ","320","256  ","1250 ","GDDR5","Radeon HD 6990","53 ","40","32 (x2)","
08-Mar-2011 ","2560x1600","Yes",5,96,"159 "
"Terascale 3 Antilles ","1920 x 1080","830 ","Yes",1,"AMD","375 ","4096  ","320","512  ","1250 ","GDDR5","Radeon HD 6990 Asus Edition","53 ","40","64","
01-Mar-2011 ","2560x1600","Yes",5,192,"159 "
"NV6 ",NA,NA,"No",0,"Nvidia",NA,NA,NA,"64  ","125 ",NA,"Vanta 16MB",NA,NA,NA,"
22-Mar-1999 ","1600x1280","No",NA,NA,NA
"Terascale 3 Cayman XT ","1920 x 1080","900 ","Yes",1,"AMD","250 ","2048  ","179.2","256  ","1400 ","GDDR5","Radeon HD 6970 XXX Edition","29 ","40","32","
01-Dec-2010 ","2560x1600","Yes",5,96,"86 "
"Terascale 3 Cayman XT ","1920 x 1080","880 ","Yes",1,"AMD","250 ","2048  ","176","256  ","1375 ","GDDR5","Radeon HD 6970 Sapphire Edition","28 ","40","32","
01-Dec-2011 ","2560x1600","Yes",5,96,"84 "
"Terascale 3 Cayman XT ","1920 x 1080","880 ","Yes",1,"AMD","250 ","2048  ","176","256  ","1375 ","GDDR5","Radeon HD 6970 MSI Edition","28 ","40","32","
01-Dec-2010 ","2560x1600","Yes",5,96,"84 "
"Terascale 3 Cayman XT ","1920 x 1080","880 ","Yes",1,"AMD","250 ","2048  ","176","256  ","1375 ","GDDR5","Radeon HD 6970 Sapphire Dual Fan 2GB Edition","28 ","40","32","
26-Sep-2011 ","2560x1600","Yes",5,96,"84 "
"Terascale 3 Cayman XT ","1920 x 1080","940 ","Yes",1,"AMD","250 ","2048  ","176","256  ","1375 ","GDDR5","Radeon HD 6970 Lightning Edition","30 ","40","32","
01-Dec-2010 ","2560x1600","Yes",5,96,"90 "
"Terascale 3 Cayman XT ","1920 x 1080","880 ","Yes",1,"AMD","250 ","2048  ","176","256  ","1375 ","GDDR5","Radeon HD 6970 PowerColor 2GB Edition","28 ","40","32","
14-Dec-2010 ","2560x1600","Yes",5,96,"84 "
"Terascale 3 Cayman XT ","1920 x 1080","880 ","Yes",1,"AMD","250 ","2048  ","176","256  ","1375 ","GDDR5","Radeon HD 6970 HIS IceQ 2GB Edition","28 ","40","32","
14-Dec-2010 ","2560x1600","Yes",5,96,"84 "
"Terascale 3 Cayman XT (x2) ","1920 x 1080","880 ","Yes",1,"AMD","550 ","2048  ","352","256  ","1375 ","GDDR5","Radeon HD 6970 CrossFire","56 ","40","32 (x2)","
15-Dec-2010 ","2560x1600","Yes",5,96,"169 "
"Terascale 3 Cayman XT ","1920 x 1080","880 ","Yes",1,"AMD","250 ","2048  ","176","256  ","1375 ","GDDR5","Radeon HD 6970","28 ","40","32","
14-Dec-2010 ","2560x1600","Yes",5,96,"84 "
"Terascale 3 Cayman XT ","1920 x 1080","890 ","Yes",0,"AMD","250 ","2048  ","176","256  ","1375 ","GDDR5","Radeon HD 6970 Asus Edition","28 ","40","32","
01-Dec-2010 ","2560x1600","Yes",5,96,"85 "
"Terascale 3 Cayman Pro ","1920 x 1080","800 ","Yes",1,"AMD","200 ","2048  ","160","256  ","1250 ","GDDR5","Radeon HD 6950 XFX 2GB Edition","26 ","40","32","
14-Dec-2010 ","2560x1600","Yes",5,88,"70 "
"Terascale 3 Cayman Pro ","1920 x 1080","800 ","Yes",1,"AMD","200 ","2048  ","160","256  ","1250 ","GDDR5","Radeon HD 6950 Sapphire 2GB Edition","26 ","40","32","
01-Dec-2010 ","2560x1600","Yes",5,88,"70 "
"Terascale 3 Cayman Pro ","1920 x 1080","800 ","Yes",1,"AMD",NA,"2048  ","160","256  ","1250 ","GDDR5","Radeon HD 6950 Twin Frozr III Power Edition","26 ","40","32","
01-Oct-2010 ","2560x1600","Yes",5,88,"70 "
"Terascale 3 Cayman Pro ","1920 x 1080","800 ","Yes",1,"AMD",NA,"1024  ","160","256  ","1250 ","GDDR5","Radeon HD 6950 Sapphire 1GB Edition","26 ","40","32","
01-Oct-2011 ","2560x1600","Yes",5,88,"70 "
"Terascale 3 Cayman Pro ","1920 x 1080","800 ","Yes",1,"AMD","200 ","2048  ","160","256  ","1250 ","GDDR5","Radeon HD 6950 PowerColor 2GB Edition","26 ","40","32","
01-Dec-2010 ","2560x1600","Yes",5,88,"70 "
"Terascale 3 Cayman Pro ","1920 x 1080","800 ","Yes",1,"AMD",NA,"2048  ","160","256  ","1250 ","GDDR5","Radeon HD 6950 XFX Dual-Fan 2GB Edition","26 ","40","32","
01-Oct-2010 ","2560x1600","Yes",5,88,"70 "
"Terascale 3 Cayman Pro ","1920 x 1080","800 ","Yes",1,"AMD","200 ","1024  ","160","256  ","1250 ","GDDR5","Radeon HD 6950 PowerColor 1GB Edition","26 ","40","32","
01-Dec-2010 ","2560x1600","Yes",5,88,"70 "
"Cayman Pro ","1920 x 1080",NA,"Yes",0,"AMD","400 ","4096  ","320","256  ","1250 ","GDDR5","Radeon HD 6950 Crossfire","51 ","40","32 (x2)","
01-Oct-2010 ","2560x1600","Yes",5,88,"141 "
"Terascale 3 Cayman Pro ","1920 x 1080","840 ","Yes",1,"AMD",NA,"2048  ","163.8","256  ","1280 ","GDDR5","Radeon HD 6950 IceQ X Turbo 2GB Edition","27 ","40","32","
01-Jun-2011 ","2560x1600","Yes",5,88,"74 "
"Terascale 3 Cayman Pro ","1920 x 1080","870 ","Yes",1,"AMD","200 ","1024  ","160","256  ","1250 ","GDDR5","Radeon HD 6950 Gigabyte WindForce 3X OC 1GB Edition","28 ","40","32","
20-Dec-2010 ","2560x1600","Yes",5,88,"77 "
"Terascale 2 Barts XT ","1920 x 1080","925 ","Yes",1,"AMD",NA,"1024  ","134.4","256  ","1050 ","GDDR5","Radeon HD 6870 XFX DD XXX Edition","30 ","40","32","
01-Nov-2011 ","2560x1600","Yes",5,56,"52 "
"Barts XT ","1920 x 1080",NA,"Yes",1,"AMD",NA,"2048  ","268.8","256  ","1050 ","GDDR5","Radeon HD 6870 PowerColor X2 Edition","58 ","40","32 (x2)","
01-Jul-2011 ","2560x1600","Yes",5,56,"101 "
"Terascale 2 Barts XT ","1920 x 1080","900 ","Yes",1,"AMD","150 ","2048  ","134.4","256  ","1050 ","GDDR5","Radeon HD 6870 XFX 2GB Edition","29 ","40","32","
01-Oct-2010 ","2560x1600","Yes",5,56,"50 "
"Terascale 2 Barts XT ","1920 x 1080","900 ","Yes",1,"AMD",NA,"1024  ","134.4","256  ","1050 ","GDDR5","Radeon HD 6870 XFX 1GB Core Edition","29 ","40","32","
01-Oct-2010 ","2560x1600","Yes",5,56,"50 "
"Terascale 2 Barts XT ","1920 x 1080","930 ","Yes",1,"AMD",NA,"1024  ","134.4","256  ","1050 ","GDDR5","Radeon HD 6870 MSI Hawk 1GB Edition","30 ","40","32","
01-Feb-2011 ","2560x1600","Yes",5,56,"52 "
"Terascale 2 Barts XT ","1920 x 1080","920 ","Yes",1,"AMD","251 ","1024  ","134.4","256  ","1050 ","GDDR5","Radeon HD 6870 Sapphire Dirt3 Edition","29 ","40","32","
01-Oct-2010 ","2560x1600","Yes",5,56,"52 "
"Terascale 3 Cayman Pro ","1920 x 1080","800 ","Yes",1,"AMD","200 ","2048  ","160","256  ","1250 ","GDDR5","Radeon HD 6950","26 ","40","32","
15-Dec-2010 ","2560x1600","Yes",5,88,"70 "
"Terascale 2 Barts XT ","1920 x 1080","900 ","Yes",1,"AMD",NA,"1024  ","134.4","256  ","1050 ","GDDR5","Radeon HD 6870 IceQ X Edition","29 ","40","32","
01-Mar-2011 ","2560x1600","Yes",5,56,"50 "
"Terascale 2 Barts XT ","1920 x 1080","900 ","Yes",1,"AMD",NA,"1024  ","134.4","256  ","1050 ","GDDR5","Radeon HD 6870 PowerColor 1GB Edition","29 ","40","32","
01-Nov-2011 ","2560x1600","Yes",5,56,"50 "
"Terascale 2 Barts XT ","1920 x 1080","940 ","Yes",1,"AMD","151 ","1024  ","147.2","256  ","1150 ","GDDR5","Radeon HD 6870 XFX Black Edition","30 ","40","32","
01-Oct-2010 ","2560x1600","Yes",5,56,"53 "
"Terascale 2 Barts XT ","1920 x 1080","915 ","Yes",0,"AMD","225 ","1024  ","134.4","256  ","1050 ","GDDR5","Radeon HD 6870 DirectCU 1GB Edition","29 ","40","32","
01-Jan-2011 ","2560x1600","Yes",5,56,"51 "
"Terascale 2 Barts XT (x2) ","1920 x 1080","900 ","Yes",2,"AMD","302 ","2048  ","268.8","256  ","1050 ","GDDR5","Radeon HD 6870 Crossfire","58 ","40","32 (x2)","
01-Oct-2010 ","2560x1600","Yes",5,56,"101 "
"Terascale 2 Barts XT ","1920 x 1080","915 ","Yes",1,"AMD","251 ","1024  ","134.4","256  ","1050 ","GDDR5","Radeon HD 6870 Gigabyte OC Edition","29 ","40","32","
01-Oct-2010 ","2560x1600","Yes",5,56,"51 "
"Terascale 2 Barts Pro ","1680 x 1050","775 ","Yes",1,"AMD",NA,"1024  ","128","256  ","1000 ","GDDR5","Radeon HD 6850 XFX","25 ","40","32","
01-Oct-2010 ","2560x1600","Yes",5,48,"37 "
"Terascale 2 Barts Pro ","1680 x 1050","800 ","Yes",1,"AMD",NA,"1024  ","134.4","256  ","1050 ","GDDR5","Radeon HD 6850 XFX Black Edition","26 ","40","32","
01-Oct-2010 ","2560x1600","Yes",5,48,"38 "
"Terascale 2 Barts Pro ","1680 x 1050","800 ","Yes",1,"AMD",NA,"1024  ","134.4","256  ","1050 ","GDDR5","Radeon HD 6850 VTX3D 1GB X-Edition","26 ","40","32","
01-Sep-2011 ","2560x1600","Yes",5,48,"38 "
"Terascale 2 Barts Pro ","1680 x 1050","775 ","Yes",1,"AMD",NA,"1024  ","128","256  ","1000 ","GDDR5","Radeon HD 6850 Sapphire 1GB Edition","25 ","40","32","
01-Oct-2010 ","2560x1600","Yes",5,48,"37 "
"Terascale 2 Barts XT ","1920 x 1080","900 ","Yes",1,"AMD","151 ","1024  ","134.4","256  ","1050 ","GDDR5","Radeon HD 6870","29 ","40","32","
22-Oct-2010 ","2560x1600","Yes",5,56,"50 "
"Terascale 2 Barts Pro ","1680 x 1050","820 ","Yes",1,"AMD",NA,"1024  ","140.8","256  ","1100 ","GDDR5","Radeon HD 6850 Toxic 1GB Edition","26 ","40","32","
01-Dec-2011 ","2560x1600","Yes",5,48,"39 "
"Terascale 2 Barts Pro ","1680 x 1050","775 ","Yes",2,"AMD","127 ","1024  ","128","256  ","1000 ","GDDR5","Radeon HD 6850 PowerColor Edition","25 ","40","32","
01-Nov-2010 ","2560x1600","Yes",5,48,"37 "
"Terascale 2 Barts Pro ","1680 x 1050","860 ","Yes",1,"AMD",NA,"1024  ","140.8","256  ","1100 ","GDDR5","Radeon HD 6850 MSI OC Power Edition","28 ","40","32","
01-Oct-2010 ","2560x1600","Yes",5,48,"41 "
"Terascale 2 Barts Pro ","1680 x 1050","800 ","Yes",1,"AMD",NA,"1024  ","128","256  ","1000 ","GDDR5","Radeon HD 6850 MSI OC 8cm PWM Fan Edition","26 ","40","32","
01-Oct-2010 ","2560x1600","Yes",5,48,"38 "
"Terascale 2 Barts Pro ","1680 x 1050","820 ","Yes",0,"AMD",NA,"1024  ","140.8","256  ","1100 ","GDDR5","Radeon HD 6850 IceQ X Turbo Edition","26 ","40","32","
07-Mar-2011 ","2560x1600","Yes",5,48,"39 "
"Terascale 2 Barts Pro ","1680 x 1050","820 ","Yes",1,"AMD",NA,"1024  ","134.4","256  ","1050 ","GDDR5","Radeon HD 6850 MSI OC 9cm PWM Fan Edition","26 ","40","32","
01-Oct-2010 ","2560x1600","Yes",5,48,"39 "
"Terascale 2 Barts Pro ","1680 x 1050","775 ","Yes",0,"AMD",NA,"1024  ","128","256  ","1000 ","GDDR5","Radeon HD 6850 IceQ X Edition","25 ","40","32","
01-Mar-2011 ","2560x1600","Yes",5,48,"37 "
"Terascale 2 Barts Pro ","1680 x 1050","820 ","Yes",0,"AMD",NA,"1024  ","134.4","256  ","1050 ","GDDR5","Radeon HD 6850 GigaByte Edition","26 ","40","32","
22-Oct-2010 ","2560x1600","Yes",5,48,"39 "
"Terascale 2 Barts Pro ","1680 x 1050","790 ","Yes",1,"AMD",NA,"1024  ","128","256  ","1000 ","GDDR5","Radeon HD 6850 DirectCU Edition","25 ","40","32","
01-Oct-2010 ","2560x1600","Yes",5,48,"38 "
"Barts Pro ","1920 x 1080",NA,"Yes",0,"AMD",NA,"2048  ","256","256  ","1000 ","GDDR5","Radeon HD 6850 Crossfire","50 ","40","32 (x2)","
01-Oct-2010 ","2560x1600","Yes",5,48,"74 "
"Terascale 2 Barts Pro ","1680 x 1050","820 ","Yes",1,"AMD","1 ","1024  ","140.8","256  ","1100 ","GDDR5","Radeon HD 6850 Club-3D OC Edition","26 ","40","32","
19-Nov-2010 ","2560x1600","Yes",5,48,"39 "
"Terascale 2 Barts Pro ","1680 x 1050","775 ","Yes",1,"AMD","127 ","1024  ","128","256  ","1000 ","GDDR5","Radeon HD 6850","25 ","40","32","
22-Oct-2010 ","2560x1600","Yes",5,48,"37 "
"Terascale 2 Barts LE ","1600 x 900","840 ","Yes",1,"AMD",NA,"1024  ","134.4","256  ","1050 ","GDDR5","Radeon HD 6790 XFX 1GB Edition","13 ","40","16","
01-Apr-2011 ","2560x1600","Yes",5,40,"34 "
"Terascale 2 Barts LE ","1600 x 900","840 ","Yes",1,"AMD",NA,"1024  ","134.4","256  ","1050 ","GDDR5","Radeon HD 6790 PowerColor 1GB Edition","13 ","40","16","
01-Apr-2011 ","2560x1600","Yes",5,40,"34 "
"Terascale 2 Barts LE ","1600 x 900","900 ","Yes",1,"AMD",NA,"1024  ","140.8","256  ","1100 ","GDDR5","Radeon HD 6790 IceQ X Turbo 1GB Edition","14 ","40","16","
01-Apr-2011 ","2560x1600","Yes",5,40,"36 "
"Terascale 2 Juniper XT ","1600 x 900","850 ","Yes",1,"AMD",NA,"1024  ","76.8","128  ","1200 ","GDDR5","Radeon HD 6770 XFX 1GB GDDR5 Core Edition","14 ","40","16","
01-Jan-2011 ","2560x1600","Yes",5,40,"34 "
"Terascale 2 Barts LE ","1600 x 900","840 ","Yes",1,"AMD","150 ","1024  ","134.4","256  ","1050 ","GDDR5","Radeon HD 6790","13 ","40","16","
04-Apr-2011 ","2560x1600","Yes",5,40,"34 "
"Terascale 2 Juniper XT ","1600 x 900","850 ","Yes",1,"AMD","108 ","1024  ","76.8","128  ","1200 ","GDDR5","Radeon HD 6770 PowerColor 1GB Edition","14 ","40","16","
21-Jan-2011 ","2560x1600","Yes",5,40,"34 "
"Terascale 2 Juniper XT ","1600 x 900","850 ","Yes",1,"AMD","108 ","1024  ","76.8","128  ","1200 ","GDDR5","Radeon HD 6770 Sapphire 1GB Edition","14 ","40","16","
18-Apr-2011 ","2560x1600","Yes",5,40,"34 "
"Terascale 2 Juniper XT ","1600 x 900","800 ","Yes",1,"AMD",NA,"1024  ","70.4","128  ","1100 ","GDDR5","Radeon HD 6770 MSI MD 1GB","13 ","40","16","
01-Oct-2010 ","2560x1600","Yes",5,40,"32 "
"Terascale 2 Juniper XT ","1600 x 900","850 ","Yes",1,"AMD","108 ","1024  ","76.8","128  ","1200 ","GDDR5","Radeon HD 6770 Asus DirectCU 1GB Edition","14 ","40","16","
21-Jan-2011 ","2560x1600","Yes",5,40,"34 "
"Juniper XT ","1600 x 900",NA,"Yes",2,"AMD","206 ","2048  ","153.6","128  ","1200 ","GDDR5","Radeon HD 6770 Crossfire","27 ","28","16 (x2)","
01-Jan-2011 ","2560x1600","Yes",5,40,"68 "
"Terascale 2 Juniper XT ","1600 x 900","850 ","Yes",1,"AMD","108 ","1024  ","76.8","128  ","1200 ","GDDR5","Radeon HD 6770 Asus 1GB Edition","14 ","40","16","
21-Jan-2011 ","2560x1600","Yes",5,40,"34 "
"Terascale 2 Juniper XT ","1600 x 900","850 ","Yes",1,"AMD","108 ","1024  ","76.8","128  ","1200 ","GDDR5","Radeon HD 6770","14 ","40","16","
21-Jan-2011 ","2560x1600","Yes",5,40,"34 "
"Terascale 2 Juniper PRO ","1366 x 768","700 ","Yes",1,"AMD","86 ","2048  ","25.6","128  ","800 ","DDR3","Radeon HD 6750 v2","11 ","40","16","
21-Jan-2011 ","2560x1600","Yes",5,36,"25 "
"Terascale 2 Juniper PRO ","1600 x 900","700 ","Yes",1,"AMD","86 ","1024  ","73.6","128  ","1150 ","GDDR5","Radeon HD 6750 PowerColor SCS3 Dirt3 1GB Edition","11 ","40","16","
01-Apr-2011 ","2560x1600","Yes",5,36,"25 "
"Terascale 2 Juniper PRO ","1366 x 768","700 ","Yes",1,"AMD","86 ","1024  ","25.6","128  ","800 ","DDR3","Radeon HD 6750 v2 PowerColor 1GB Edition","11 ","40","16","
01-Dec-2011 ","2560x1600","Yes",5,36,"25 "
"Terascale 2 Juniper PRO ","1600 x 900","700 ","Yes",1,"AMD","86 ","1024  ","64","128  ","1000 ","GDDR5","Radeon HD 6750 PowerColor 1GB Edition","11 ","40","16","
01-Apr-2011 ","2560x1600","Yes",5,36,"25 "
"Terascale 2 Juniper PRO ","1366 x 768","700 ","Yes",1,"AMD","86 ","2048  ","21.3","128  ","667 ","DDR3","Radeon HD 6750 v2 PowerColor 2GB Edition","11 ","40","16","
01-Dec-2011 ","2560x1600","Yes",5,36,"25 "
"Terascale 2 Juniper PRO ","1600 x 900","700 ","Yes",1,"AMD","86 ","1024  ","73.6","128  ","1150 ","GDDR5","Radeon HD 6750","11 ","40","16","
21-Jan-2011 ","2560x1600","Yes",5,36,"25 "
"Terascale 2 Juniper PRO ","1600 x 900","700 ","Yes",1,"AMD","86 ","1024  ","73.6","128  ","1150 ","GDDR5","Radeon HD 6750 PowerColor Low Profile Dirt3 1GB Edition","11 ","40","16","
01-Apr-2011 ","2560x1600","Yes",5,36,"25 "
"Terascale 2 Turks XT ","1600 x 900","800 ","Yes",1,"AMD","66 ","1024  ","64","128  ","1000 ","GDDR5","Radeon HD 6670 XFX Core 1GB Edition","6 ","40","8","
19-Apr-2011 ","2560x1600","Yes",5,24,"19 "
"Terascale 2 Turks XT ","1366 x 768","820 ","Yes",1,"AMD","66 ","1024  ","28.8","128  ","900 ","DDR3","Radeon HD 6670 v2 Gigabyte OC 1GB Edition","7 ","40","8","
19-Apr-2011 ","2560x1600","Yes",5,24,"20 "
"Terascale 2 Juniper PRO ","1600 x 900","740 ","Yes",1,"AMD","86 ","1024  ","76.8","128  ","1200 ","GDDR5","Radeon HD 6750 Gigabyte OC 1GB Edition","12 ","40","16","
01-Mar-2011 ","2560x1600","Yes",5,36,"27 "
"Terascale 2 Turks XT ","1366 x 768","800 ","Yes",1,"AMD","66 ","2048  ","21.3","128  ","667 ","DDR3","Radeon HD 6670 v2 MSI 2GB Edition","6 ","40","8","
19-Apr-2011 ","2560x1600","Yes",5,24,"19 "
"Terascale 2 Turks XT ","1366 x 768","800 ","Yes",1,"AMD","66 ","1024  ","25.6","128  ","800 ","DDR3","Radeon HD 6670 v2 HIS Fan 1GB Edition","6 ","40","8","
19-Apr-2011 ","2560x1600","Yes",5,24,"19 "
"Terascale 2 Turks XT ","1366 x 768","800 ","Yes",1,"AMD","66 ","2048  ","19.2","128  ","600 ","DDR3","Radeon HD 6670 v2 Diamond 2GB Edition","6 ","40","8","
19-Apr-2011 ","2560x1600","Yes",5,24,"19 "
"Terascale 2 Turks XT ","1366 x 768","800 ","Yes",1,"AMD","66 ","2048  ","25.6","128  ","800 ","DDR3","Radeon HD 6670 v2 Gigabyte 2GB Edition","6 ","40","8","
19-Apr-2011 ","2560x1600","Yes",5,24,"19 "
"Terascale 2 Turks XT ","1366 x 768","800 ","Yes",1,"AMD","66 ","1024  ","25.6","128  ","800 ","DDR3","Radeon HD 6670 v2 Sapphire 1GB Edition","6 ","40","8","
19-Apr-2011 ","2560x1600","Yes",5,24,"19 "
"Terascale 2 Turks XT ","1600 x 900","800 ","Yes",1,"AMD","66 ","1024  ","64","128  ","1000 ","GDDR5","Radeon HD 6670 Sapphire Ultimate 1GB Edition","6 ","40","8","
19-Apr-2011 ","2560x1600","Yes",5,24,"19 "
"Terascale 2 Turks XT ","1366 x 768","800 ","Yes",1,"AMD","66 ","1024  ","25.6","128  ","800 ","DDR3","Radeon HD 6670 v2 Gigabyte 1GB Edition","6 ","40","8","
19-Apr-2011 ","2560x1600","Yes",5,24,"19 "
"Terascale 2 Turks XT ","1600 x 900","800 ","Yes",1,"AMD","66 ","1024  ","64","128  ","1000 ","GDDR5","Radeon HD 6670 Sapphire 1GB Edition","6 ","40","8","
19-Apr-2011 ","2560x1600","Yes",5,24,"19 "
"Terascale 2 Turks XT ","1366 x 768","800 ","Yes",1,"AMD","66 ","2048  ","25.6","128  ","800 ","DDR3","Radeon HD 6670 v2","6 ","40","8","
19-Apr-2011 ","2560x1600","Yes",5,24,"19 "
"Terascale 2 Turks XT ","1600 x 900","800 ","Yes",1,"AMD","66 ","1024  ","64","128  ","1000 ","GDDR5","Radeon HD 6670 HIS Fan 1GB Edition","6 ","40","8","
19-Apr-2011 ","2560x1600","Yes",5,24,"19 "
"Terascale 2 Turks XT ","1600 x 900","800 ","Yes",1,"AMD","66 ","1024  ","64","128  ","1000 ","GDDR5","Radeon HD 6670 MSI Dual Fan 1GB Edition","6 ","40","8","
19-Apr-2011 ","2560x1600","Yes",5,24,"19 "
"Terascale 2 Turks XT ","1600 x 900","800 ","Yes",1,"AMD","66 ","1024  ","64","128  ","1000 ","GDDR5","Radeon HD 6670 MSI Single Fan 1GB Edition","6 ","40","8","
19-Apr-2011 ","2560x1600","Yes",5,24,"19 "
"Terascale 2 Turks PRO-L ","1366 x 768","650 ","Yes",1,"AMD","44 ","1024  ","20.8","128  ","650 ","DDR3","Radeon HD 6570 v2 XFX Silent 1GB Edition","5 ","40","8","
15-Nov-2011 ","2560x1600","Yes",5,24,"16 "
"Terascale 2 Turks PRO-L ","1366 x 768","650 ","Yes",1,"AMD","44 ","1024  ","21.3","128  ","667 ","DDR3","Radeon HD 6570 v2 Sapphire Hyper Memory 1GB Edition","5 ","40","8","
19-Apr-2011 ","2560x1600","Yes",5,24,"16 "
"Terascale 2 Turks PRO-L ","1366 x 768","650 ","Yes",1,"AMD","44 ","2048  ","16","128  ","500 ","DDR3","Radeon HD 6570 v2 PowerColor 2GB Edition","5 ","40","8","
19-Apr-2011 ","2560x1600","No",5,24,"16 "
"Terascale 2 Turks XT ","1600 x 900","800 ","Yes",1,"AMD","66 ","1024  ","64","128  ","1000 ","GDDR5","Radeon HD 6670","6 ","40","8","
19-Apr-2011 ","2560x1600","Yes",5,24,"19 "
"Terascale 2 Turks PRO-L ","1366 x 768","650 ","Yes",1,"AMD","44 ","1024  ","28.8","128  ","900 ","DDR3","Radeon HD 6570 v2 MSI Single Fan 1GB Edition","5 ","40","8","
19-Sep-2011 ","2560x1600","Yes",5,24,"16 "
"Terascale 2 Turks XT ","1600 x 900","810 ","Yes",1,"AMD","66 ","1024  ","64","128  ","1000 ","GDDR5","Radeon HD 6670 Asus 1GB Edition","6 ","40","8","
19-Apr-2011 ","2560x1600","Yes",5,24,"19 "
"Terascale 2 Turks PRO-L ","1366 x 768","650 ","Yes",1,"AMD","44 ","1024  ","16","128  ","500 ","DDR3","Radeon HD 6570 v2 PowerColor 1GB Edition","5 ","40","8","
19-Apr-2011 ","2560x1600","Yes",5,24,"16 "
"Terascale 2 Turks PRO-L ","1366 x 768","650 ","Yes",1,"AMD","44 ","1024  ","25.6","128  ","800 ","DDR3","Radeon HD 6570 v2 Sapphire 1GB Edition","5 ","40","8","
19-Apr-2011 ","2560x1600","Yes",5,24,"16 "
"Terascale 2 Turks PRO-L ","1366 x 768","650 ","Yes",1,"AMD","44 ","1024  ","21.3","128  ","667 ","DDR3","Radeon HD 6570 v2 MSI Dual Fan 1GB Edition","5 ","40","8","
19-Sep-2011 ","2560x1600","Yes",5,24,"16 "
"Terascale 2 Turks PRO-L ","1366 x 768","650 ","Yes",1,"AMD","44 ","1024  ","28.8","128  ","900 ","DDR3","Radeon HD 6570 v2","5 ","40","8","
07-Feb-2011 ","2560x1600","Yes",5,24,"16 "
"Terascale 2 Turks PRO-L ","1366 x 768","650 ","Yes",1,"AMD","44 ","4096  ","25.6","128  ","800 ","DDR3","Radeon HD 6570 v2 Sapphire 4GB Edition","5 ","40","8","
19-Apr-2011 ","2560x1600","Yes",5,24,"16 "
"Terascale 2 Caicos XT ","1024 x 768","650 ","Yes",1,"AMD","18 ","2048  ","9.3","64  ","580 ","GDDR3","Radeon HD 6450 v4","3 ","40","4","
05-Apr-2012 ","2560x1600","No",5,8,"5 "
"Terascale 2 Caicos PRO ","1024 x 768","625 ","Yes",0,"AMD","25 ","1024  ","8.5","64  ","533 ","DDR3","Radeon HD 6450A","3 ","40","4","
07-Apr-2011 ","2560x1600","No",5,8,"5 "
"Terascale 2 Caicos PRO ","1024 x 768","625 ","Yes",1,"AMD","18 ","1024  ","12.8","64  ","800 ","GDDR3","Radeon HD 6450 v3 Sapphire FleX 1GB Edition","3 ","40","4","
19-Apr-2011 ","2560x1600","No",5,8,"5 "
"Terascale 2 Caicos PRO ","1024 x 768","625 ","Yes",1,"AMD","18 ","2048  ","10.7","64  ","667 ","GDDR3","Radeon HD 6450 v3 MSI Low Profile 2GB Edition","3 ","40","4","
19-Apr-2011 ","2560x1600","No",5,8,"5 "
"Terascale 2 Caicos PRO ","1024 x 768","675 ","Yes",1,"AMD","18 ","1024  ","12.8","64  ","800 ","GDDR3","Radeon HD 6450 v3 Gigabyte OC 1GB Edition","3 ","40","4","
17-Apr-2011 ","2560x1600","No",5,8,"5 "
"Terascale 2 Caicos PRO ","1024 x 768","625 ","Yes",1,"AMD","18 ","2048  ","10.7","64  ","667 ","GDDR3","Radeon HD 6450 v3 Sapphire 2GB Edition","3 ","40","4","
19-Apr-2011 ","2560x1600","No",5,8,"5 "
"Terascale 2 Caicos PRO ","1024 x 768","625 ","Yes",1,"AMD","18 ","512  ","8.5","64  ","533 ","GDDR3","Radeon HD 6450 v3","3 ","40","4","
07-Feb-2011 ","2560x1600","No",5,8,"5 "
"Terascale 2 Caicos PRO ","1366 x 768","750 ","Yes",0,"AMD","18 ","512  ","25.6","64  ","800 ","GDDR5","Radeon HD 6450 Sapphire OC 512MB Edition","3 ","40","4","
07-Apr-2011 ","2560x1600","No",5,8,"6 "
"Terascale 2 Caicos XT ","1366 x 768","750 ","Yes",1,"AMD","18 ","512  ","28.8","64  ","900 ","GDDR5","Radeon HD 6450 v2","3 ","40","4","
07-Apr-2011 ","2560x1600","No",5,8,"6 "
"Terascale 2 Caicos PRO ","1366 x 768","625 ","Yes",1,"AMD","18 ","512  ","25.6","64  ","800 ","GDDR5","Radeon HD 6450","3 ","40","4","
07-Apr-2011 ","2560x1600","No",5,8,"5 "
"Terascale 2 Caicos PRO ","1024 x 768","625 ","Yes",1,"AMD","18 ","1024  ","9.6","64  ","600 ","GDDR3","Radeon HD 6450 v3 Asus Low Profile Silent 2GB Edition","3 ","40","4","
25-Aug-2011 ","2560x1600","No",5,8,"5 "
"Terascale Cedar PRO ","1024 x 768","650 ","Yes",1,"AMD","19 ","512  ","12.8","64  ","800 ","GDDR3","Radeon HD 6350","3 ","40","4","
07-Feb-2011 ","2560x1600","Yes",5,8,"5 "
"G96 ",NA,NA,"Yes",0,"Nvidia","40 ","512  ","25.6","128  ","800 ","GDDR3","Quadro FX 580",NA,NA,NA,"
09-Apr-2009 ","2560x1600","No",4,NA,NA
"Terascale 2 Turks PRO ","1600 x 900","650 ","Yes",1,"AMD","60 ","1024  ","64","128  ","1000 ","GDDR5","Radeon HD 6570","5 ","40","8","
19-Apr-2011 ","2560x1600","Yes",5,24,"16 "
"G80GL ",NA,NA,"Yes",0,"Nvidia","171 ","1536  ","76.8","384  ","800 ","GDDR3","Quadro FX 5600",NA,"90",NA,"
03-May-2007 ","2560x1600","No",4,NA,NA
"Terascale 2 Caicos PRO ","1024 x 768","625 ","Yes",1,"AMD","18 ","1024  ","10.7","64  ","667 ","GDDR3","Radeon HD 6450 v3 MSI Low Profile 1GB Edition","3 ","40","4","
19-Apr-2011 ","2560x1600","No",5,8,"5 "
"Terascale Cedar LE ","1024 x 768","650 ","Yes",1,"AMD","19 ","1024  ","12.8","64  ","800 ","GDDR3","Radeon HD 6290","3 ","40","4","
04-Dec-2011 ","2560x1600","No",5,8,"5 "
"G71GL ",NA,NA,"Yes",NA,"Nvidia","96 ","1024  ","36.8","256  ","575 ","GDDR3","Quadro FX 5500",NA,NA,NA,"
20-Apr-2006 ","2560x1600","No",3,NA,NA
"G70GL ",NA,NA,"Yes",NA,"Nvidia","109 ","512  ","36.8","256  ","575 ","GDDR3","Quadro FX 4500",NA,NA,NA,"
28-Jul-2005 ","2560x1600","No",3,NA,NA
"GT218GL ",NA,NA,"Yes",0,"Nvidia","28 ","512  ","12.8","64  ","800 ","DDR3","Quadro FX 380 LP",NA,"40",NA,"
30-Dec-2009 ","2560x1600","No",4.1,NA,NA
"G200GL ",NA,NA,"Yes",NA,"Nvidia","108 ","1024  ","51.2","256  ","800 ","GDDR3","Quadro FX 3800",NA,NA,NA,"
30-Mar-2009 ","2560x1600","Yes",4,NA,NA
"G96 ",NA,NA,"Yes",0,"Nvidia","34 ","256  ","22.4","128  ","700 ","GDDR3","Quadro FX 380",NA,NA,NA,"
31-Mar-2009 ","2560x1600","No",4,NA,NA
"G92 ",NA,NA,"Yes",NA,"Nvidia","78 ","512  ","51.2","256  ","800 ","GDDR3","Quadro FX 3700",NA,"65",NA,"
08-Jan-2008 ","2560x1600","No",4,NA,NA
"G73 GL ","800 x 600",NA,"Yes",0,"Nvidia","30 ","128  ","19.2","128  ","600 ","GDDR3","Quadro FX 560",NA,NA,NA,"
20-Apr-2006 ",NA,"No",3,NA,NA
"G71GL ",NA,NA,"Yes",NA,"Nvidia","80 ","256  ","42.2","256  ","660 ","GDDR3","Quadro FX 3500",NA,NA,NA,"
20-Apr-2006 ","2560x1600","Yes",3,NA,NA
"G80GL ",NA,NA,"Yes",0,"Nvidia","134 ","768  ","67.2","384  ","700 ","GDDR3","Quadro FX 4600",NA,"90",NA,"
05-Mar-2007 ","2560x1600","No",4,NA,NA
"NV45GL ",NA,NA,"Yes",NA,"Nvidia","101 ","256  ","28.8","256  ","450 ","GDDR3","Quadro FX 3400",NA,NA,NA,"
28-Jun-2004 ","2560x1600","No",3,NA,NA
"NV41 GL ",NA,NA,"Yes",0,"Nvidia","83 ","256  ","64","256  ","1000 ","GDDR3","Quadro FX 3450",NA,NA,NA,"
01-Jul-2005 ",NA,"No",3,NA,NA
"G84GL ",NA,NA,"Yes",NA,"Nvidia","42 ","512  ","12.8","128  ","400 ","DDR2","Quadro FX 1700",NA,"80",NA,"
12-Sep-2007 ","2560x1600","No",4,NA,NA
"G84 GL ",NA,NA,"Yes",0,"Nvidia","38 ","256  ","12.8","128  ","400 ","DDR2","Quadro FX 570",NA,"80",NA,"
12-Jan-2007 ","2560x1600","No",4,NA,NA
"NV41GL ",NA,NA,"Yes",NA,"Nvidia","70 ","128  ","9.6","256  ","300 ","DDR","Quadro FX 1400",NA,NA,NA,"
09-Aug-2004 ","2560x1600","Yes",3,NA,NA
"G94 ",NA,NA,"Yes",NA,"Nvidia","59 ","768  ","38.4","192  ","800 ","GDDR3","Quadro FX 1800",NA,NA,NA,"
19-Nov-2011 ","2560x1600","No",4,NA,NA
"Terascale 2 Caicos PRO ","1024 x 768","625 ","Yes",1,"AMD","18 ","1024  ","10.7","64  ","667 ","GDDR3","Radeon HD 6450 v3 Sapphire 1GB Edition","3 ","40","4","
19-Apr-2011 ","2560x1600","No",5,8,"5 "
"NV35GL ",NA,NA,"Yes",NA,"Nvidia",NA,"256  ","13.6","256  ","425 ","DDR","Quadro FX 3000",NA,NA,NA,"
22-Jul-2003 ","2560x1600","No",3,NA,NA
"NV38GL ",NA,NA,"Yes",NA,"Nvidia","55 ","128  ","8.8","256  ","275 ","DDR","Quadro FX 1300",NA,NA,NA,"
28-Jun-2004 ","2560x1600","No",3,NA,NA
"NV30GL ",NA,NA,"Yes",NA,"Nvidia",NA,"128  ","9.6","128  ","300 ","DDR2","Quadro FX 1000",NA,NA,NA,"
21-Jan-2003 ","2560x1600","No",3,NA,NA
"NV30GL ",NA,NA,"Yes",NA,"Nvidia",NA,"128  ","5.2","128  ","325 ","DDR","Quadro FX 1100",NA,NA,NA,"
03-Dec-2003 ","2560x1600","No",3,NA,NA
"Hemlock XT ","1920 x 1080",NA,"Yes",1,"AMD","294 ","4096  ","256","256  ","1000 ","GDDR5","Radeon HD 5970 Eyefinity","46 ","40","32 (x2)","
18-Nov-2009 ","2560x1600","Yes",5,80,"116 "
"Terascale 2 Cypress XT ","1920 x 1080","900 ","Yes",1,"AMD","188 ","1024  ","153.6","256  ","1200 ","GDDR5","Radeon HD 5870 MSI Lightning Edition","29 ","40","32","
23-Feb-2010 ","2560x1600","Yes",5,80,"72 "
"Hemlock XT ","1920 x 1080",NA,"Yes",1,"AMD","294 ",NA,"256","512  ","1000 ","GDDR5","Radeon HD 5970","46 ","40","64","
18-Nov-2009 ","2560x1600","Yes",5,160,"116 "
"NV30GL ",NA,NA,"Yes",0,"Nvidia",NA,"128  ","12.8","128  ","400 ","DDR2","Quadro FX 2000 ",NA,NA,NA,"
01-Jan-2003 ",NA,"No",2,NA,NA
"Hemlock XT ","1920 x 1080",NA,"Yes",0,"AMD","588 ","4096  ","512","512  ","1000 ","GDDR5","Radeon HD 5970 Crossfire","93 ","40","64 (x2)","
01-Nov-2009 ","2560x1600","Yes",5,160,"232 "
"Evergreen Cypress XT ","1920 x 1080",NA,"Yes",1,"AMD","350 ","2048  ","307.2","256  ","1200 ","GDDR5","Radeon HD 5870 Crossfire","54 ","40","32 (x2)","
18-Sep-2009 ","2560x1600","Yes",5,80,"136 "
"G71GL ",NA,NA,"Yes",NA,"Nvidia","65 ","256  ","40","256  ","625 ","GDDR3","Quadro FX 1500",NA,NA,NA,"
20-Apr-2006 ","2560x1600","No",3,NA,NA
"Terascale 2 Cypress XT ","1920 x 1080","850 ","Yes",1,"AMD","300 ","1024  ","153.6","256  ","1200 ","GDDR5","Radeon HD 5870 Asus v2 1GB Edition","27 ","40","32","
12-May-2010 ","2560x1600","Yes",5,80,"68 "
"Terascale 2 Cypress XT ","1920 x 1080","850 ","Yes",1,"AMD","195 ","2048  ","153.6","256  ","1200 ","GDDR5","Radeon HD 5870 2048MB","27 ","40","32","
01-Sep-2009 ","2560x1600","Yes",5,80,"68 "
"Terascale 2 Cypress PRO ","1920 x 1080","765 ","Yes",1,"AMD","151 ","1024  ","144","256  ","1125 ","GDDR5","Radeon HD 5850 XFX Black 1GB Edition","24 ","40","32","
13-Apr-2010 ","2560x1600","Yes",5,72,"55 "
"Terascale 2 Cypress PRO ","1920 x 1080","760 ","Yes",1,"AMD","151 ","1024  ","134.4","256  ","1050 ","GDDR5","Radeon HD 5850 PowerColor PCS+ 1GB Edition","24 ","40","32","
01-Jan-2010 ","2560x1600","Yes",5,72,"55 "
"Terascale 2 Cypress PRO ","1920 x 1080","735 ","Yes",1,"AMD",NA,"1024  ","134.4","256  ","1050 ","GDDR5","Radeon HD 5850 Sapphire Vapor-X 1GB Edition","24 ","40","32","
30-Sep-2009 ","2560x1600","Yes",5,72,"53 "
"GT200b GL ",NA,NA,"Yes",NA,"Nvidia","150 ","1536  ","76.8","384  ","800 ","GDDR3","Quadro FX 4800",NA,"65",NA,"
08-Nov-2011 ","2560x1600","No",4,NA,NA
"Terascale 2 Cypress PRO ","1920 x 1080","725 ","Yes",1,"AMD","151 ","1024  ","128","256  ","1000 ","GDDR5","Radeon HD 5850 MSI Twin Frozr II 1GB Edition","23 ","40","32","
30-Sep-2009 ","2560x1600","Yes",5,72,"52 "
"Terascale 2 Cypress XT ","1920 x 1080","850 ","Yes",1,"AMD","188 ","1024  ","153.6","256  ","1200 ","GDDR5","Radeon HD 5870 1024MB","27 ","40","32","
23-Sep-2009 ","2560x1600","Yes",5,80,"68 "
"Evergreen Cypress LE ","1920 x 1080",NA,"Yes",1,"AMD","175 ","1024  ","128","256  ","1000 ","GDDR5","Radeon HD 5830","13 ","40","16","
01-Feb-2010 ","2560x1600","Yes",5,56,"45 "
"Terascale 2 Juniper XT ","1600 x 900","860 ","Yes",1,"AMD","108 ","1024  ","76.8","128  ","1200 ","GDDR5","Radeon HD 5770 Sapphire Vapor-X Edition","14 ","40","16","
13-Oct-2009 ","2560x1600","Yes",5,40,"34 "
"Evergreen Cypress PRO ","1920 x 1080",NA,"Yes",1,"AMD","300 ","2048  ","256","256  ","1000 ","GDDR5","Radeon HD 5850 Crossfire","54 ","40","32 (x2)","
18-Sep-2009 ","2560x1600","Yes",5,72,"122 "
"Terascale 2 Cypress PRO ","1920 x 1080","765 ","Yes",0,"AMD","151 ","1024  ","128","256  ","1000 ","GDDR5","Radeon HD 5850 Gigabyte OC 1GB Edition","24 ","40","32","
01-Apr-2010 ","2560x1600","Yes",5,72,"55 "
"Juniper XT ","1600 x 900",NA,"Yes",2,"AMD","206 ","2048  ","153.6","128  ","1200 ","GDDR5","Radeon HD 5770 Crossfire","27 ","28","16 (x2)","
01-Oct-2009 ","2560x1600","Yes",5,40,"68 "
"Terascale 2 Cypress PRO ","1920 x 1080","725 ","Yes",1,"AMD","185 ","2048  ","128","256  ","1000 ","GDDR5","Radeon HD 5850 2048MB","23 ","40","32","
30-Sep-2009 ","2560x1600","Yes",5,72,"52 "
"Terascale 2 Juniper XT ","1600 x 900","850 ","Yes",1,"AMD","108 ","1024  ","76.8","128  ","1200 ","GDDR5","Radeon HD 5770 Sapphire 1GB Edition","14 ","40","16","
13-Oct-2009 ","2560x1600","Yes",5,40,"34 "
"Terascale 2 Cypress PRO ","1920 x 1080","765 ","Yes",1,"AMD","151 ","1024  ","144","256  ","1125 ","GDDR5","Radeon HD 5850 HIS iCooler V Turbo 1GB Edition","24 ","40","32","
30-Sep-2009 ","2560x1600","Yes",5,72,"55 "
"Terascale 2 Cypress PRO ","1920 x 1080","725 ","Yes",1,"AMD","151 ","1024  ","128","256  ","1000 ","GDDR5","Radeon HD 5850 1024MB","23 ","40","32","
30-Sep-2009 ","2560x1600","Yes",5,72,"52 "
"Terascale 2 Juniper XT ","1600 x 900","850 ","Yes",1,"AMD",NA,"1024  ","76.8","128  ","1200 ","GDDR5","Radeon HD 5770 Club 3D Edition","14 ","40","16","
01-Nov-2009 ","2560x1600","Yes",5,40,"34 "
"Terascale 2 Juniper XT ","1600 x 900","850 ","Yes",1,"AMD","150 ","1024  ","76.8","128  ","1200 ","GDDR5","Radeon HD 5770 Asus v2 Edition","14 ","40","16","
01-Nov-2009 ","2560x1600","Yes",5,40,"34 "
"Terascale 2 Juniper XT ","1600 x 900","875 ","Yes",1,"AMD",NA,"1024  ","76.8","128  ","1200 ","GDDR5","Radeon HD 5770 MSI Hawk Edition","14 ","40","16","
16-Dec-2009 ","2560x1600","Yes",5,40,"35 "
"Terascale 2 Juniper XT ","1600 x 900","850 ","Yes",1,"AMD","108 ","512  ","76.8","128  ","1200 ","GDDR5","Radeon HD 5770 512MB","14 ","40","16","
01-Oct-2009 ","2560x1600","Yes",5,40,"34 "
"Terascale 2 Cypress PRO ","1920 x 1080","725 ","Yes",1,"AMD",NA,"1024  ","128","256  ","1000 ","GDDR5","Radeon HD 5850 PowerColor 1GB Edition","23 ","40","32","
01-Sep-2010 ","2560x1600","Yes",5,72,"52 "
"Evergreen Juniper XT ","1600 x 900",NA,"Yes",1,"AMD",NA,"1024  ","153.6","128  ","1200 ","GDDR5","Radeon HD 5770 Club 3D Edition CrossFire","27 ","40","16 (x2)","
01-Nov-2009 ","2560x1600","Yes",5,40,"68 "
"Terascale 2 Redwood XT ","1440 x 900","775 ","Yes",1,"AMD",NA,"1024  ","64","128  ","1000 ","GDDR5","Radeon HD 5670 Sapphire 1GB GDDR5","6 ","40","8","
01-Dec-2009 ","2560x1600","Yes",5,20,"16 "
"Evergreen Juniper PRO ","1600 x 900",NA,"Yes",1,"AMD","86 ","512  ","73.6","128  ","1150 ","GDDR5","Radeon HD 5750 512MB","11 ","40","16","
01-Oct-2009 ","2560x1600","Yes",5,36,"25 "
"Terascale 2 Redwood XT ","1440 x 900","800 ","Yes",1,"AMD",NA,"1024  ","60.8","128  ","950 ","GDDR5","Radeon HD 5670 MSI 1GB OC Edition","6 ","40","8","
01-Jan-2010 ","2560x1600","Yes",5,20,"16 "
"Evergreen Juniper PRO ","1600 x 900",NA,"Yes",1,"AMD","86 ","1024  ","73.6","128  ","1150 ","GDDR5","Radeon HD 5750 1024MB","11 ","40","16","
01-Oct-2009 ","2560x1600","Yes",5,36,"25 "
"Terascale 2 Juniper XT ","1600 x 900","850 ","Yes",1,"AMD","108 ","1024  ","76.8","128  ","1200 ","GDDR5","Radeon HD 5770 1024MB","14 ","40","16","
01-Oct-2009 ","2560x1600","Yes",5,40,"34 "
"Terascale 2 Redwood XT ","1440 x 900","950 ","Yes",1,"AMD",NA,"1024  ","64","128  ","1000 ","GDDR5","Radeon HD 5670 Gigabyte 1GB OC Edition","8 ","40","8","
01-Jan-2010 ","2560x1600","Yes",5,20,"19 "
"Evergreen Redwood XT ","1366 x 768",NA,"Yes",1,"AMD","64 ","1024  ","25.6","128  ","800 ","DDR3","Radeon HD 5670 1GB DDR3","6 ","40","8","
01-Jan-2010 ","2560x1600","Yes",5,20,"16 "
"Evergreen Redwood PRO ","1366 x 768",NA,"Yes",1,"AMD",NA,"1024  ","25.6","128  ","800 ","DDR3","Radeon HD 5570 XFX 1GB Edition","5 ","40","8","
01-Feb-2010 ","2560x1600","Yes",5,20,"13 "
"Terascale 2 Redwood XT ","1440 x 900","775 ","Yes",1,"AMD","64 ","1024  ","64","128  ","1000 ","GDDR5","Radeon HD 5670 1024MB","6 ","40","8","
14-Jan-2010 ","2560x1600","Yes",5,20,"16 "
"Terascale 2 Redwood XT ","1440 x 900","775 ","Yes",1,"AMD","64 ","1024  ","64","128  ","1000 ","GDDR5","Radeon HD 5670 Asus 1GB Edition","6 ","40","8","
14-Jan-2010 ","2560x1600","Yes",5,20,"16 "
"Evergreen Redwood XT ","1366 x 768",NA,"Yes",1,"AMD","64 ","1024  ","25.6","128  ","800 ","DDR3","Radeon HD 5670 1GB DDR3 Sapphire Edition","6 ","40","8","
14-Jan-2010 ","2560x1600","Yes",5,20,"16 "
"Evergreen Redwood PRO ","1366 x 768",NA,"Yes",1,"AMD","39 ","512  ","28.8","128  ","900 ","DDR3","Radeon HD 5570 512MB","5 ","40","8","
09-Feb-2010 ","2560x1600","Yes",5,20,"13 "
"Evergreen Redwood PRO ","1366 x 768",NA,"Yes",1,"AMD",NA,"2048  ","25.6","128  ","800 ","DDR3","Radeon HD 5570 XFX Eyefinity X 2GB Edition","5 ","40","8","
01-Jul-2010 ","2560x1600","Yes",5,20,"13 "
"Evergreen Redwood XT ","1440 x 900",NA,"Yes",1,"AMD","61 ","512  ","64","128  ","1000 ","GDDR5","Radeon HD 5670 512MB","6 ","40","8","
14-Jan-2010 ","2560x1600","Yes",5,20,"16 "
"Terascale 2 Redwood XT ","1440 x 900","775 ","Yes",1,"AMD",NA,"1024  ","64","128  ","1000 ","GDDR5","Radeon HD 5670 Diamond 1GB GDDR5","6 ","40","8","
01-Feb-2010 ","2560x1600","Yes",5,20,"16 "
"Evergreen Redwood PRO ","1366 x 768",NA,"Yes",1,"AMD","42 ","1024  ","28.8","128  ","900 ","DDR3","Radeon HD 5570 1024MB","5 ","40","8","
09-Feb-2010 ","2560x1600","Yes",5,20,"13 "
"Terascale 2 Cedar PRO ","1024 x 768",NA,"Yes",1,"AMD",NA,"1024  ","10.7","64  ","667 ","DDR3","Radeon HD 5450 Sapphire 1GB DDR3 Edition","3 ","40","4","
01-Aug-2012 ","2560x1600","Yes",5,8,"5 "
"Terascale 2 Cedar PRO ","1024 x 768",NA,"Yes",1,"AMD",NA,"1024  ","7.2","64  ","450 ","DDR3","Radeon HD 5450 Asus Silent 1GB Edition","3 ","40","4","
01-Mar-2010 ","2560x1600","Yes",5,8,"5 "
"Terascale 2 Cedar PRO ","1024 x 768",NA,"Yes",1,"AMD","19 ","256  ","6.4","64  ","400 ","DDR3","Radeon HD 5450 256MB","3 ","40","4","
04-Feb-2010 ","2560x1600","Yes",5,8,"5 "
"Evergreen Redwood LE ","1366 x 768",NA,"Yes",1,"AMD","39 ","1024  ","64","128  ","1000 ","GDDR5","Radeon HD 5550 1024MB","4 ","40","8","
09-Feb-2010 ","2560x1600","Yes",5,16,"9 "
"Evergreen Redwood LE ","1366 x 768",NA,"Yes",1,"AMD","39 ","512  ","64","128  ","1000 ","GDDR5","Radeon HD 5550 512MB","4 ","40","8","
09-Feb-2010 ","2560x1600","Yes",5,16,"9 "
"GCN 1.0 Tahiti XT ","1920 x 1080","925 ","Yes",1,"AMD","300 ","3072  ","264","384  ","1375 ","GDDR5","Radeon HD 7970 VTX3D 3GB Edition","30 ","28","32","
01-Feb-2012 ","4096x2160","Yes",5,128,"118 "
"Terascale 2 Cedar PRO ","1024 x 768",NA,"Yes",1,"AMD",NA,"512  ","12.8","64  ","800 ","DDR3","Radeon HD 5450 Gigabyte OC 512MB Edition","3 ","40","4","
01-Aug-2012 ","2560x1600","Yes",5,8,"6 "
"GCN 1.0 Tahiti XT ","1920 x 1080","955 ","Yes",1,"AMD",NA,"3072  ","264","384  ","1375 ","GDDR5","Radeon HD 7970 PowerColor OC Edition","31 ","28","32","
01-Feb-2012 ","4096x2160","Yes",5,128,"122 "
"Terascale 2 Cedar PRO ","1024 x 768",NA,"Yes",1,"AMD","40 ","2048  ","6.4","64  ","400 ","DDR3","Radeon HD 5450 2GB","3 ","40","4","
04-Feb-2010 ","2560x1600","Yes",5,8,"5 "
"GCN 1.0 Tahiti XT ","1920 x 1080","1050 ","Yes",1,"AMD","250 ","3072  ","273.6","384  ","1425 ","GDDR5","Radeon HD 7970 VTX3D X 3GB Edition","34 ","28","32","
09-Jan-2012 ","4096x2160","Yes",5,128,"134 "
"Terascale 2 Cedar PRO ","1024 x 768",NA,"Yes",1,"AMD","20 ","512  ","6.4","64  ","400 ","DDR3","Radeon HD 5450 512MB","3 ","40","4","
04-Feb-2010 ","2560x1600","Yes",5,8,"5 "
"GCN 1.0 Tahiti XT ","1920 x 1080","950 ","Yes",1,"AMD","230 ","3072  ","273.6","384  ","1425 ","GDDR5","Radeon HD 7970 OC Sapphire Edition","30 ","28","32","
01-Mar-2012 ","4096x2160","Yes",5,128,"122 "
"GCN 1.0 Tahiti XT ","1920 x 1080","1100 ","Yes",1,"AMD",NA,"3072  ","273.6","384  ","1425 ","GDDR5","Radeon HD 7970 PCS+ VORTEXII Edition","35 ","28","32","
01-Apr-2012 ","4096x2160","Yes",5,128,"141 "
"GCN 1.0 Tahiti XT ","1920 x 1080","1050 ","Yes",1,"AMD","250 ","3072  ","273.6","384  ","1425 ","GDDR5","Radeon HD 7970 PowerColor LCS 3GB Edition","34 ","28","32","
01-Jan-2012 ","4096x2160","Yes",5,128,"134 "
"GCN 1.0 Tahiti XT ","1920 x 1080","1080 ","Yes",1,"AMD",NA,"3072  ","264","384  ","1375 ","GDDR5","Radeon HD 7970 GigaByte SOC Edition","35 ","28","32","
01-Jun-2012 ","4096x2160","Yes",5,128,"138 "
"GCN 1.0 Tahiti XT ","1920 x 1080","1010 ","Yes",1,"AMD",NA,"3072  ","264","384  ","1375 ","GDDR5","Radeon HD 7970 MSI OC Edition","32 ","28","32","
01-Feb-2012 ","4096x2160","Yes",5,128,"129 "
"GCN 1.0 Tahiti XT2 ","1920 x 1080","1100 ","Yes",1,"AMD","265 ","6144  ","288","384  ","1500 ","GDDR5","Radeon HD 7970 GHz Toxic 6GB Edition","37 ","28","32","
01-Aug-2012 ","4096x2160","Yes",5,128,"147 "
"GCN 1.0 Tahiti XT ","1920 x 1080","925 ","Yes",1,"AMD",NA,"3072  ","264","384  ","1375 ","GDDR5","Radeon HD 7970 HIS IceQ X² Edition","30 ","28","32","
01-May-2012 ","4096x2160","Yes",5,128,"118 "
"GCN 1.0 Tahiti XT2 ","1920 x 1080","1000 ","Yes",1,"AMD",NA,"3072  ","288","384  ","1500 ","GDDR5","Radeon HD 7970 GHz Vapor-X 3GB","35 ","28","32","
01-Aug-2012 ","4096x2160","Yes",5,128,"141 "
"GCN 1.0 Tahiti XT2 ","1920 x 1080","1050 ","Yes",1,"AMD",NA,"3072  ","288","384  ","1500 ","GDDR5","Radeon HD 7970 GHz XFX Double D Edition","35 ","28","32","
01-Sep-2012 ","4096x2160","Yes",5,128,"141 "
"GCN 1.0 Tahiti XT2 ","1920 x 1080","1050 ","Yes",1,"AMD",NA,"6144  ","288","384  ","1500 ","GDDR5","Radeon HD 7970 GHz Vapor-X 6GB Edition","35 ","28","32","
01-Aug-2012 ","4096x2160","Yes",5,128,"141 "
"GCN 1.0 Tahiti XT ","1920 x 1080","1000 ","Yes",1,"AMD","230 ","3072  ","264","384  ","1375 ","GDDR5","Radeon HD 7970 OC GigaByte Edition","32 ","28","32","
12-Jan-2012 ","4096x2160","Yes",5,128,"128 "
"GCN 1.0 Tahiti XT2 ","1920 x 1080","1050 ","Yes",1,"AMD",NA,"3072  ","288","384  ","1500 ","GDDR5","Radeon HD 7970 GHz WindForce 3X OC Edition","35 ","28","32","
01-Oct-2012 ","4096x2160","Yes",5,128,"141 "
"GCN 1.0 Tahiti XT2 ","1920 x 1080","1000 ","Yes",1,"AMD",NA,"3072  ","288","384  ","1500 ","GDDR5","Radeon HD 7970 GHz HIS IceQ 3GB Edition","34 ","28","32","
01-Aug-2012 ","4096x2160","Yes",5,128,"134 "
"GCN 1.0 Tahiti XT2 ","1920 x 1080","1070 ","Yes",0,"AMD","300 ","3072  ","288","384  ","1500 ","GDDR5","Radeon HD 7970 GHz MSI Lightning BE 3GB Edition","37 ","28","32","
05-Mar-2013 ","4096x2160","Yes",5,128,"147 "
"GCN 1.0 Tahiti XT2 ","1920 x 1080","1000 ","Yes",1,"AMD","250 ","3072  ","288","384  ","1500 ","GDDR5","Radeon HD 7970 GHz Edition","34 ","28","32","
22-Jun-2012 ","4096x2160","Yes",5,128,"134 "
"GCN 1.0 Tahiti XT ","1920 x 1080","1070 ","Yes",1,"AMD","230 ","3072  ","268.8","384  ","1400 ","GDDR5","Radeon HD 7970 Lightning Edition","34 ","28","32","
01-Feb-2012 ","4096x2160","Yes",5,128,"137 "
"GCN 1.0 Tahiti XT ","1920 x 1080","1000 ","Yes",1,"AMD","300 ","3072  ","268.8","384  ","1400 ","GDDR5","Radeon HD 7970 DirectCU II TOP Edition","32 ","28","32","
01-Feb-2012 ","4096x2160","Yes",5,128,"128 "
"GCN 1.0 Tahiti XT ","1920 x 1080","925 ","Yes",0,"AMD",NA,"3072  ","264","384  ","1375 ","GDDR5","Radeon HD 7970 DirectCU II Edition","30 ","28","32","
01-Feb-2012 ","4096x2160","Yes",5,128,"118 "
"GCN 1.0 Tahiti XT2 ","1920 x 1080","1050 ","Yes",1,"AMD","250 ","3072  ","288","384  ","1500 ","GDDR5","Radeon HD 7970 Club3D royalAce Edition","35 ","28","32","
01-Sep-2012 ","4096x2160","Yes",5,128,"141 "
"GCN 1.0 Tahiti XT ","1920 x 1080","925 ","Yes",1,"AMD","300 ","3072  ","264","384  ","1375 ","GDDR5","Radeon HD 7970 Asus Edition","30 ","28","32","
01-Feb-2012 ","4096x2160","Yes",5,128,"118 "
"GCN 1.0 Tahiti XT ","1920 x 1080","925 ","Yes",1,"AMD","250 ","3072  ","264","384  ","1375 ","GDDR5","Radeon HD 7970","30 ","28","32","
29-Dec-2011 ","4096x2160","Yes",5,128,"118 "
"GCN 1.0 Malta ","2560 x 1600","1050 ","Yes",1,"AMD","500 ","6144  ","633.6","384  ","1650 ","GDDR5","Radeon HD 7970 Asus ARES II Edition","70 ","28","32 (x2)","
01-Jan-2013 ","2560x1600","Yes",5,128,"282 "
"GCN 1.0 Tahiti XT2 ","1920 x 1080","1050 ","Yes",0,"AMD","300 ","3072  ","316.8","384  ","1650 ","GDDR5","Radeon HD 7970 GHz Matrix Platinum Edition","35 ","28","32","
01-Oct-2012 ","4096x2160","Yes",5,128,"141 "
"GCN 1.0 Tahiti XT (x2) ","1920 x 1080","925 ","Yes",0,"AMD","460 ","6144  ","528","384  ","1375 ","GDDR5","Radeon HD 7970 Crossfire","59 ","28","32 (x2)","
01-Jan-2012 ","4096x2160","Yes",5,128,"237 "
"GCN 1.0 Tahiti PRO ","1920 x 1080","900 ","Yes",1,"AMD",NA,"3072  ","240","384  ","1250 ","GDDR5","Radeon HD 7950 Sapphire OC 3GB Edition","29 ","28","32","
03-Jan-2012 ","4096x2160","Yes",5,112,"101 "
"GCN 1.0 Tahiti PRO ","1920 x 1080","900 ","Yes",1,"AMD",NA,"3072  ","240","384  ","1250 ","GDDR5","Radeon HD 7950 Vapor-X OC Edition","29 ","28","32","
01-Aug-2012 ","4096x2160","Yes",5,112,"101 "
"GCN 1.0 Tahiti PRO2 ","1920 x 1080","900 ","Yes",0,"AMD",NA,"3072  ","240","384  ","1250 ","GDDR5","Radeon HD 7950 WindForce Boost Edition","32 ","28","32","
01-Oct-2012 ","4096x2160","Yes",5,112,"112 "
"GCN 1.0 Tahiti PRO ","1920 x 1080","950 ","Yes",1,"AMD",NA,"3072  ","240","384  ","1250 ","GDDR5","Radeon HD 7950 Sapphire OC 3GB 950MHz Edition","30 ","28","32","
03-May-2012 ","4096x2160","Yes",5,112,"106 "
"GCN 1.0 Tahiti PRO2 ","1920 x 1080","880 ","Yes",1,"AMD",NA,"3072  ","240","384  ","1250 ","GDDR5","Radeon HD 7950 VTX3D 3GB Boost X-Edition","30 ","28","32","
01-Aug-2012 ","4096x2160","Yes",5,112,"104 "
"GCN 1.0 Tahiti PRO ","1920 x 1080","880 ","Yes",1,"AMD",NA,"3072  ","240","384  ","1250 ","GDDR5","Radeon HD 7950 PowerColor PCS+ Edition","28 ","28","32","
01-Jan-2012 ","4096x2160","Yes",5,112,"99 "
"GCN 1.0 Tahiti PRO ","1920 x 1080","860 ","Yes",1,"AMD","200 ","3072  ","240","384  ","1250 ","GDDR5","Radeon HD 7950 Sapphire FleX 3GB Edition ","28 ","28","32","
15-Feb-2012 ","4096x2160","Yes",5,112,"96 "
"GCN 1.0 Tahiti PRO2 ","1920 x 1080","850 ","Yes",1,"AMD",NA,"3072  ","240","384  ","1250 ","GDDR5","Radeon HD 7950 Sapphire 3GB Boost Edition","30 ","28","32","
01-Aug-2012 ","4096x2160","Yes",5,112,"104 "
"GCN 1.0 Tahiti PRO ","1920 x 1080","880 ","Yes",1,"AMD",NA,"3072  ","240","384  ","1250 ","GDDR5","Radeon HD 7950 MSI TwinFrozr Edition","28 ","28","32","
01-Feb-2012 ","4096x2160","Yes",5,112,"99 "
"GCN 1.1 Tahiti PRO2 (x2) ","2560 x 1600",NA,"Yes",1,"AMD",NA,"6144  ","480","384  ","1250 ","GDDR5","Radeon HD 7950 MSI TwinFrozr Boost Edition Crossfire","61 ","28","32 (x2)","
10-Oct-2012 ","4096x2160","Yes",5,112,"215 "
"GCN 1.0 Tahiti PRO ","1920 x 1080","830 ","Yes",1,"AMD",NA,"3072  ","240","384  ","1250 ","GDDR5","Radeon HD 7950 MSI OC Black Edition ","27 ","28","32","
10-Oct-2012 ","4096x2160","Yes",5,112,"94 "
"GCN 1.0 Tahiti PRO2 ","1920 x 1080","880 ","Yes",1,"AMD","200 ","3072  ","240","384  ","1250 ","GDDR5","Radeon HD 7950 MSI TwinFrozr Boost Edition","31 ","28","32","
10-Oct-2012 ","4096x2160","Yes",5,112,"108 "
"GCN 1.0 Tahiti PRO ","1920 x 1080","925 ","Yes",1,"AMD","200 ","3072  ","264","384  ","1375 ","GDDR5","Radeon HD 7950 XFX Double D 3GB Edition","30 ","28","32","
05-Apr-2012 ","4096x2160","Yes",5,112,"104 "
"GCN 1.0 Tahiti PRO ","1920 x 1080","800 ","Yes",1,"AMD",NA,"3072  ","240","384  ","1250 ","GDDR5","Radeon HD 7950 IceQ 3GB Edition","26 ","28","32","
01-Aug-2012 ","4096x2160","Yes",5,112,"90 "
"GCN 1.0 Tahiti PRO ","1920 x 1080","900 ","Yes",1,"AMD","160 ","3072  ","240","384  ","1250 ","GDDR5","Radeon HD 7950 IceQ Turbo 3GB Edition","29 ","28","32","
01-Aug-2012 ","4096x2160","Yes",5,112,"101 "
"GCN 1.0 Tahiti PRO ","1920 x 1080","800 ","Yes",1,"AMD",NA,"3072  ","240","384  ","1250 ","GDDR5","Radeon HD 7950 Double D Edition","26 ","28","32","
01-Jan-2012 ","4096x2160","Yes",5,112,"90 "
"GCN 1.0 Tahiti PRO (x2) ","2560 x 1600","860 ","Yes",1,"AMD",NA,"6144  ","480","384  ","1250 ","GDDR5","Radeon HD 7950 Gigabyte WindForce Edition Crossfire","55 ","28","32 (x2)","
01-Jun-2012 ","4096x2160","Yes",5,112,"193 "
"GCN 1.0 Tahiti PRO ","1920 x 1080","860 ","Yes",1,"AMD",NA,"3072  ","240","384  ","1250 ","GDDR5","Radeon HD 7950 Gigabyte WindForce Edition","28 ","28","32","
01-Jun-2012 ","4096x2160","Yes",5,112,"96 "
"GCN 1.0 Tahiti PRO ","1920 x 1080","900 ","Yes",1,"AMD",NA,"3072  ","264","384  ","1375 ","GDDR5","Radeon HD 7950 Double D Black Edition","29 ","28","32","
01-Jan-2012 ","4096x2160","Yes",5,112,"101 "
"GCN 1.0 Tahiti PRO ","1920 x 1080","900 ","Yes",1,"AMD","225 ","3072  ","240","384  ","1250 ","GDDR5","Radeon HD 7950 DirectCU II TOP Edition","29 ","28","32","
02-Feb-2012 ","4096x2160","Yes",5,112,"101 "
"GCN 1.0 Tahiti PRO (x2) ","1920 x 1080","800 ","Yes",0,"AMD","360 ","6144  ","480","384  ","1250 ","GDDR5","Radeon HD 7950 Crossfire","51 ","28","32 (x2)","
01-Jan-2012 ","4096x2160","Yes",5,112,"179 "
"GCN 1.0 Tahiti PRO ","1920 x 1080","850 ","Yes",1,"AMD","200 ","3072  ","240","384  ","1250 ","GDDR5","Radeon HD 7950 Club3D royalKing Edition","27 ","28","32","
01-Nov-2012 ","4096x2160","Yes",5,112,"95 "
"GCN 1.0 Tahiti PRO2 (x2) ","2560 x 1600","850 ","Yes",1,"AMD",NA,"6144  ","480","384  ","1250 ","GDDR5","Radeon HD 7950 Boost Edition Crossfire","59 ","28","32 (x2)","
01-Aug-2012 ","4096x2160","Yes",5,112,"207 "
"GCN 1.0 Tahiti PRO (x3) ","1920 x 1080","800 ","Yes",3,"AMD","540 ","9216  ","720","384  ","1250 ","GDDR5","Radeon HD 7950 3-way Crossfire","77 ","28","32 (x3)","
01-Jan-2012 ","4096x2160","Yes",5,112,"269 "
"GCN 1.0 Tahiti PRO2 ","1920 x 1080","850 ","Yes",1,"AMD","200 ","3072  ","240","384  ","1250 ","GDDR5","Radeon HD 7950 Boost Edition","30 ","28","32","
22-Jul-2012 ","4096x2160","Yes",5,112,"104 "
"GCN 1.0 Tahiti PRO ","1920 x 1080","900 ","Yes",1,"AMD","225 ","3072  ","240","384  ","1250 ","GDDR5","Radeon HD 7950 Asus DirectCU II TOP 3GB Edition","29 ","28","32","
31-Jan-2012 ","4096x2160","Yes",5,112,"101 "
"GCN 1.0 Tahiti LE ","1920 x 1080","925 ","Yes",1,"AMD",NA,"2048  ","192","256  ","1500 ","GDDR5","Radeon HD 7870 XT Sapphire Edition","30 ","28","32","
01-Oct-2012 ","4096x2160","Yes",5,96,"89 "
"GCN 1.0 Tahiti LE ","1920 x 1080","925 ","Yes",1,"AMD","185 ","2048  ","192","256  ","1500 ","GDDR5","Radeon HD 7870 XT PowerColor Myst. Edition","31 ","28","32","
22-Nov-2012 ","4096x2160","Yes",5,96,"94 "
"GCN 1.0 Tahiti PRO ","1920 x 1080","800 ","Yes",1,"AMD","200 ","3072  ","240","384  ","1250 ","GDDR5","Radeon HD 7950","26 ","28","32","
31-Jan-2012 ","4096x2160","Yes",5,112,"90 "
"GCN 1.0 Tahiti LE (x2) ","1920 x 1080","925 ","Yes",0,"AMD","350 ","4096  ","384","256  ","1500 ","GDDR5","Radeon HD 7870 XT Crossfire","59 ","28","32 (x2)","
01-Nov-2012 ","4096x2160","Yes",5,96,"178 "
"GCN 1.0 Tahiti LE ","1920 x 1080","925 ","Yes",1,"AMD","185 ","2048  ","192","256  ","1500 ","GDDR5","Radeon HD 7870 XT","30 ","28","32","
01-Nov-2012 ","4096x2160","Yes",5,96,"89 "
"GCN 1.0 Pitcairn XT ","1920 x 1080","1000 ","Yes",1,"AMD",NA,"2048  ","153.6","256  ","1200 ","GDDR5","Radeon HD 7870 XFX Core Edition","32 ","28","32","
01-Mar-2012 ","4096x2160","Yes",5,80,"80 "
"GCN 1.0 Pitcairn XT (x2) ","1920 x 1080","1050 ","Yes",1,"AMD",NA,"4096  ","320","256  ","1250 ","GDDR5","Radeon HD 7870 Sapphire GHz OC Edition CrossFire","67 ","28","32 (x2)","
25-Jun-2012 ","4096x2160","Yes",5,80,"168 "
"GCN 1.0 Pitcairn XT ","1920 x 1080","1050 ","Yes",1,"AMD",NA,"2048  ","153.6","256  ","1200 ","GDDR5","Radeon HD 7870 Twin Frozr III OC 2GB Edition","34 ","28","32","
01-Feb-2012 ","4096x2160","Yes",5,80,"84 "
"GCN 1.0 Pitcairn XT ","1920 x 1080","1100 ","Yes",1,"AMD","175 ","2048  ","156.8","256  ","1225 ","GDDR5","Radeon HD 7870 PowerColor PCS+ 2GB Edition","35 ","28","32","
05-Mar-2012 ","4096x2160","Yes",5,80,"88 "
"GCN 1.0 Pitcairn XT ","1920 x 1080","1000 ","Yes",1,"AMD","175 ","2048  ","153.6","256  ","1200 ","GDDR5","Radeon HD 7870 Sapphire GHz 2GB Edition","32 ","28","32","
05-Mar-2012 ","4096x2160","Yes",5,80,"80 "
"GCN 1.0 Pitcairn XT ","1920 x 1080","1050 ","Yes",1,"AMD",NA,"2048  ","160","256  ","1250 ","GDDR5","Radeon HD 7870 Sapphire GHz OC Edition","34 ","28","32","
25-Jun-2012 ","4096x2160","Yes",5,80,"84 "
"GCN 1.0 Pitcairn XT ","1920 x 1080","1150 ","Yes",1,"AMD",NA,"2048  ","160","256  ","1250 ","GDDR5","Radeon HD 7870 PCS+ Vortex II Edition","37 ","28","32","
01-Sep-2012 ","4096x2160","Yes",5,80,"92 "
"GCN 1.0 Pitcairn XT ","1920 x 1080","1100 ","Yes",1,"AMD",NA,"2048  ","160","256  ","1250 ","GDDR5","Radeon HD 7870 PowerColor Devil Edition","35 ","28","32","
01-May-2012 ","4096x2160","Yes",5,80,"88 "
"GCN 1.0 Pitcairn XT ","1920 x 1080","1050 ","Yes",1,"AMD",NA,"2048  ","153.6","256  ","1200 ","GDDR5","Radeon HD 7870 MSI OC Edition","34 ","28","32","
01-Feb-2012 ","4096x2160","Yes",5,80,"84 "
"GCN 1.0 Pitcairn XT ","1920 x 1080","1100 ","Yes",1,"AMD",NA,"2048  ","160","256  ","1250 ","GDDR5","Radeon HD 7870 HIS IceQ X Turbo Edition","35 ","28","32","
01-Apr-2012 ","4096x2160","Yes",5,80,"88 "
"GCN 1.0 Pitcairn XT ","1920 x 1080","1030 ","Yes",1,"AMD",NA,"2048  ","153.6","256  ","1200 ","GDDR5","Radeon HD 7870 PowerColor OC Edition","33 ","28","32","
01-Jun-2012 ","4096x2160","Yes",5,80,"82 "
"GCN 1.0 Pitcairn XT ","1920 x 1080","1100 ","Yes",1,"AMD",NA,"2048  ","153.6","256  ","1200 ","GDDR5","Radeon HD 7870 MSI Hawk Edition","35 ","28","32","
01-Feb-2012 ","4096x2160","Yes",5,80,"88 "
"GCN 1.0 Pitcairn XT ","1920 x 1080","1100 ","Yes",1,"AMD",NA,"2048  ","153.6","256  ","1200 ","GDDR5","Radeon HD 7870 HIS IceQ Turbo Edition","35 ","28","32","
01-Apr-2012 ","4096x2160","Yes",5,80,"88 "
"GCN 1.0 Pitcairn XT ","1920 x 1080","1100 ","Yes",1,"AMD","175 ","2048  ","153.6","256  ","1200 ","GDDR5","Radeon HD 7870 Gigabyte OC Edition","35 ","28","32","
01-May-2012 ","4096x2160","Yes",5,80,"88 "
"GCN 1.0 Pitcairn XT ","1920 x 1080","1000 ","Yes",1,"AMD",NA,"2048  ","153.6","256  ","1200 ","GDDR5","Radeon HD 7870 HIS IceQ Edition","32 ","28","32","
01-Apr-2012 ","4096x2160","Yes",5,80,"80 "
"GCN 1.0 Pitcairn XT ","1920 x 1080","1010 ","Yes",1,"AMD",NA,"2048  ","154.9","256  ","1210 ","GDDR5","Radeon HD 7870 DirectCU II 2GB Edition","32 ","28","32","
01-Jun-2012 ","4096x2160","Yes",5,80,"81 "
"GCN 1.0 Pitcairn XT ","1920 x 1080","1000 ","Yes",1,"AMD",NA,"2048  ","153.6","256  ","1200 ","GDDR5","Radeon HD 7870 Double D Edition","32 ","28","32","
01-Aug-2012 ","4096x2160","Yes",5,80,"80 "
"GCN 1.0 Pitcairn XT ","1920 x 1080","1100 ","Yes",1,"AMD","175 ","2048  ","153.6","256  ","1200 ","GDDR5","Radeon HD 7870 DirectCU II TOP v2 Edition","35 ","28","32","
01-May-2012 ","4096x2160","Yes",5,80,"88 "
"GCN 1.0 Pitcairn XT (x2) ","1920 x 1080","1000 ","Yes",0,"AMD","350 ","4096  ","307.2","256  ","1200 ","GDDR5","Radeon HD 7870 Crossfire","64 ","28","32 (x2)","
01-Mar-2012 ","4096x2160","Yes",5,80,"160 "
"GCN 1.0 Pitcairn XT ","1920 x 1080","1050 ","Yes",1,"AMD",NA,"2048  ","160","256  ","1250 ","GDDR5","Radeon HD 7870 Double D Black Edition","34 ","28","32","
01-Aug-2012 ","4096x2160","Yes",5,80,"84 "
"GCN 1.0 Pitcairn XT ","1920 x 1080","1000 ","Yes",1,"AMD","175 ","2048  ","153.6","256  ","1200 ","GDDR5","Radeon HD 7870","32 ","28","32","
05-Mar-2012 ","4096x2160","Yes",5,80,"80 "
"GCN 1.0 Pitcairn XT ","1920 x 1080","1000 ","Yes",1,"AMD","175 ","2048  ","153.6","256  ","1200 ","GDDR5","Radeon HD 7870 Club3D royalQueen 2GB Edition","32 ","28","32","
05-Mar-2012 ","4096x2160","Yes",5,80,"80 "
"GCN 1.0 Pitcairn XT ","1920 x 1080","1000 ","Yes",1,"AMD","175 ","2048  ","153.6","256  ","1200 ","GDDR5","Radeon HD 7870 Club3D jokerCard 2GB Edition","32 ","28","32","
05-Mar-2012 ","4096x2160","Yes",5,80,"80 "
"GCN 1.0 Pitcairn PRO ","1920 x 1080","860 ","Yes",1,"AMD",NA,"1024  ","160","256  ","1250 ","GDDR5","Radeon HD 7850 XFX Core Edition","28 ","28","32","
01-Mar-2012 ","4096x2160","Yes",5,64,"55 "
"GCN 1.0 Pitcairn PRO ","1920 x 1080","975 ","Yes",1,"AMD",NA,"2048  ","160","256  ","1250 ","GDDR5","Radeon HD 7850 XFX DD Black Edition","31 ","28","32","
01-Jun-2012 ","4096x2160","Yes",5,64,"62 "
"GCN 1.0 Pitcairn PRO ","1920 x 1080","975 ","Yes",1,"AMD",NA,"1024  ","153.6","256  ","1200 ","GDDR5","Radeon HD 7850 XFX Ultra OC Edition","31 ","28","32","
01-Jun-2012 ","4096x2160","Yes",5,64,"62 "
"GCN 1.0 Pitcairn PRO ","1920 x 1080","860 ","Yes",1,"AMD",NA,"2048  ","160","256  ","1250 ","GDDR5","Radeon HD 7850 XFX Core 2GB Edition","28 ","28","32","
01-Mar-2012 ","4096x2160","Yes",5,64,"55 "
"GCN 1.0 Pitcairn XT ","1920 x 1080","1000 ","Yes",1,"AMD","175 ","2048  ","153.6","256  ","1200 ","GDDR5","Radeon HD 7870 Club3D GHz Edition","32 ","28","32","
01-Mar-2012 ","4096x2160","Yes",5,80,"80 "
"GCN 1.0 Pitcairn PRO ","1920 x 1080","1000 ","Yes",1,"AMD",NA,"1024  ","156.8","256  ","1225 ","GDDR5","Radeon HD 7850 VTX3D X-Edition","32 ","28","32","
01-Jun-2012 ","4096x2160","Yes",5,64,"64 "
"GCN 1.0 Pitcairn PRO ","1920 x 1080","900 ","Yes",1,"AMD",NA,"2048  ","153.6","256  ","1200 ","GDDR5","Radeon HD 7850 Twin Frozr III OC","29 ","28","32","
01-Feb-2012 ","4096x2160","Yes",5,64,"58 "
"GCN 1.0 Pitcairn PRO ","1920 x 1080","860 ","Yes",1,"AMD","130 ","2048  ","153.6","256  ","1200 ","GDDR5","Radeon HD 7850 VisionTek 2GB Edition","28 ","28","32","
12-May-2012 ","4096x2160","Yes",5,64,"55 "
"GCN 1.0 Pitcairn PRO ","1920 x 1080","920 ","Yes",1,"AMD","130 ","2048  ","160","256  ","1250 ","GDDR5","Radeon HD 7850 Sapphire OC Edition","29 ","28","32","
14-Mar-2012 ","4096x2160","Yes",5,64,"59 "
"GCN 1.0 Pitcairn PRO ","1920 x 1080","1000 ","Yes",1,"AMD",NA,"2048  ","153.6","256  ","1200 ","GDDR5","Radeon HD 7850 HIS IceQ 2GB Turbo Edition","32 ","28","32","
01-Dec-2012 ","4096x2160","Yes",5,64,"64 "
"GCN 1.0 Pitcairn PRO ","1920 x 1080","950 ","Yes",1,"AMD",NA,"2048  ","153.6","256  ","1200 ","GDDR5","Radeon HD 7850 MSI Power Edition 2GB OC","30 ","28","32","
01-May-2012 ","4096x2160","Yes",5,64,"61 "
"GCN 1.0 Pitcairn PRO ","1920 x 1080","900 ","Yes",1,"AMD",NA,"1024  ","153.6","256  ","1200 ","GDDR5","Radeon HD 7850 MSI OC 1GB Edition","29 ","28","32","
01-Feb-2012 ","4096x2160","Yes",5,64,"58 "
"GCN 1.0 Pitcairn PRO ","1920 x 1080","1000 ","Yes",1,"AMD",NA,"2048  ","156.8","256  ","1225 ","GDDR5","Radeon HD 7850 PowerColor PCS+ 2GB Edition","32 ","28","32","
01-May-2012 ","4096x2160","Yes",5,64,"64 "
"GCN 1.0 Pitcairn PRO ","1920 x 1080","1000 ","Yes",1,"AMD",NA,"2048  ","160","256  ","1250 ","GDDR5","Radeon HD 7850 HIS IceQ X Turbo X Edition","32 ","28","32","
01-Mar-2012 ","4096x2160","Yes",5,64,"64 "
"GCN 1.0 Pitcairn PRO ","1920 x 1080","975 ","Yes",1,"AMD","130 ","2048  ","153.6","256  ","1200 ","GDDR5","Radeon HD 7850 Gigabyte OC Edition","31 ","28","32","
01-Feb-2012 ","4096x2160","Yes",5,64,"62 "
"GCN 1.0 Pitcairn PRO ","1920 x 1080","900 ","Yes",1,"AMD",NA,"2048  ","153.6","256  ","1200 ","GDDR5","Radeon HD 7850 MSI OC 2GB Edition","29 ","28","32","
01-Feb-2012 ","4096x2160","Yes",5,64,"58 "
"GCN 1.0 Pitcairn PRO ","1920 x 1080","900 ","Yes",1,"AMD",NA,"1024  ","153.6","256  ","1200 ","GDDR5","Radeon HD 7850 Gigabyte OC 1GB Edition","29 ","28","32","
01-Feb-2012 ","4096x2160","Yes",5,64,"58 "
"GCN 1.0 Pitcairn PRO ","1920 x 1080","860 ","Yes",1,"AMD","130 ","2048  ","153.6","256  ","1200 ","GDDR5","Radeon HD 7850 HIS Fan 2GB Edition","28 ","28","32","
06-Mar-2012 ","4096x2160","Yes",5,64,"55 "
"GCN 1.0 Pitcairn PRO ","1920 x 1080","860 ","Yes",1,"AMD","130 ","2048  ","153.6","256  ","1200 ","GDDR5","Radeon HD 7850 Club3D royalQueen Edition","28 ","28","32","
01-Feb-2012 ","4096x2160","Yes",5,64,"55 "
"GCN 1.0 Pitcairn PRO ","1920 x 1080","975 ","Yes",1,"AMD",NA,"2048  ","160","256  ","1250 ","GDDR5","Radeon HD 7850 Direct CU II TOP","31 ","28","32","
01-Jun-2012 ","4096x2160","Yes",5,64,"62 "
"GCN 1.0 Pitcairn PRO ","1920 x 1080","1000 ","Yes",1,"AMD","150 ","2048  ","153.6","256  ","1200 ","GDDR5","Radeon HD 7850 Club3D royalAce Edition","32 ","28","32","
01-Sep-2012 ","4096x2160","Yes",5,64,"64 "
"GCN 1.0 Pitcairn PRO (x2) ","1920 x 1080","860 ","Yes",0,"AMD","260 ","4096  ","307.2","256  ","1200 ","GDDR5","Radeon HD 7850 Crossfire","55 ","28","32 (x2)","
01-Mar-2012 ","4096x2160","Yes",5,64,"110 "
"GCN 1.0 Pitcairn PRO ","1920 x 1080","870 ","Yes",1,"AMD",NA,"2048  ","154.9","256  ","1210 ","GDDR5","Radeon HD 7850 Direct CU II","28 ","28","32","
01-Jun-2012 ","4096x2160","Yes",5,64,"56 "
"GCN 1.0 Pitcairn PRO ","1920 x 1080","860 ","Yes",1,"AMD","130 ","1024  ","153.6","256  ","1200 ","GDDR5","Radeon HD 7850 Club3D royalQueen 1GB Edition","28 ","28","32","
01-Feb-2012 ","4096x2160","Yes",5,64,"55 "
"GCN 1.0 Pitcairn PRO ","1920 x 1080","910 ","Yes",1,"AMD","130 ","2048  ","153.6","256  ","1200 ","GDDR5","Radeon HD 7850 Club3D royalKing Edition","29 ","28","32","
01-Feb-2012 ","4096x2160","Yes",5,64,"58 "
"GCN 1.0 Pitcairn PRO ","1920 x 1080","860 ","Yes",1,"AMD",NA,"2048  ","153.6","256  ","1200 ","GDDR5","Radeon HD 7850 2GB PowerColor v2 Edition","28 ","28","32","
01-May-2012 ","4096x2160","Yes",5,64,"55 "
"GCN 1.0 Pitcairn PRO ","1920 x 1080","860 ","Yes",1,"AMD",NA,"2048  ","153.6","256  ","1200 ","GDDR5","Radeon HD 7850 2GB Sapphire Edition","28 ","28","32","
01-Aug-2012 ","4096x2160","Yes",5,64,"55 "
"GCN 1.0 Pitcairn PRO ","1920 x 1080","860 ","Yes",1,"AMD",NA,"1024  ","160","256  ","1250 ","GDDR5","Radeon HD 7850 1GB Sapphire Edition","28 ","28","32","
01-Aug-2012 ","4096x2160","Yes",5,64,"55 "
"GCN 1.0 Pitcairn PRO ","1920 x 1080","860 ","Yes",1,"AMD","130 ","2048  ","153.6","256  ","1200 ","GDDR5","Radeon HD 7850","28 ","28","32","
19-Mar-2012 ","4096x2160","Yes",5,64,"55 "
"GCN 1.0 Bonaire XT ","1600 x 900",NA,"Yes",1,"AMD",NA,"1024  ","102.4","128  ","1600 ","GDDR5","Radeon HD 7790 VTX3D X-Edition","16 ","28","16","
01-Mar-2013 ","2560x1600","Yes",5,56,"58 "
"GCN 1.0 Bonaire XT ","1600 x 900",NA,"Yes",1,"AMD",NA,"2048  ","102.4","128  ","1600 ","GDDR5","Radeon HD 7790 VTX3D X-Edition v2","17 ","28","16","
01-Mar-2013 ","2560x1600","Yes",5,56,"60 "
"GCN 1.0 Bonaire XT ","1600 x 900",NA,"Yes",1,"AMD",NA,"1024  ","96","128  ","1500 ","GDDR5","Radeon HD 7790 MSI 1GB OC Edition","17 ","28","16","
22-Mar-2013 ","2560x1600","Yes",5,56,"59 "
"GCN 1.0 Bonaire XT ","1600 x 900",NA,"Yes",1,"AMD",NA,"2048  ","102.4","128  ","1600 ","GDDR5","Radeon HD 7790 VTX3D VChamp Edition","17 ","28","16","
01-Mar-2013 ","2560x1600","Yes",5,56,"60 "
"GCN 1.0 Bonaire XT ","1600 x 900",NA,"Yes",1,"AMD",NA,"2048  ","96","128  ","1500 ","GDDR5","Radeon HD 7790 Gigabyte 2GB OC Edition","17 ","28","16","
22-Mar-2013 ","2560x1600","Yes",5,56,"60 "
"GCN 1.0 Bonaire XT ","1600 x 900",NA,"Yes",1,"AMD",NA,"2048  ","102.4","128  ","1600 ","GDDR5","Radeon HD 7790 Sapphire OC Edition","17 ","28","16","
01-Mar-2013 ","2560x1600","Yes",5,56,"59 "
"GCN 1.0 Bonaire XT ","1600 x 900",NA,"Yes",1,"AMD",NA,"1024  ","96","128  ","1500 ","GDDR5","Radeon HD 7790 PowerColor TurboDuo Edition","17 ","28","16","
01-Mar-2013 ","2560x1600","Yes",5,56,"60 "
"GCN 1.0 Bonaire XT ","1600 x 900",NA,"Yes",1,"AMD",NA,"1024  ","102.4","128  ","1600 ","GDDR5","Radeon HD 7790 Sapphire Dual-X OC Edition","17 ","28","16","
01-Mar-2013 ","2560x1600","Yes",5,56,"60 "
"GCN 1.0 Bonaire XT ","1600 x 900",NA,"Yes",1,"AMD",NA,"2048  ","102.4","128  ","1600 ","GDDR5","Radeon HD 7790 DirectCU II OC 2GB Edition","17 ","28","16","
22-Mar-2013 ","2560x1600","Yes",5,56,"60 "
"GCN 1.0 Bonaire XT ","1600 x 900",NA,"Yes",1,"AMD",NA,"1024  ","96","128  ","1500 ","GDDR5","Radeon HD 7790 Gigabyte 1GB OC Edition","17 ","28","16","
22-Mar-2013 ","2560x1600","Yes",5,56,"60 "
"GCN 1.0 Bonaire XT ","1600 x 900",NA,"Yes",1,"AMD",NA,"1024  ","102.4","128  ","1600 ","GDDR5","Radeon HD 7790 DirectCU II OC Edition","17 ","28","16","
22-Mar-2013 ","2560x1600","Yes",5,56,"60 "
"GCN 1.0 Cape Verde XT ","1600 x 900","1000 ","Yes",1,"AMD","80 ","1024  ","72","128  ","1125 ","GDDR5","Radeon HD 7770 XFX Double Dissipation 1GB Edition","16 ","28","16","
31-Mar-2012 ","4096x2160","Yes",5,40,"40 "
"GCN 1.0 Cape Verde XT ","1600 x 900","1095 ","Yes",1,"AMD",NA,"1024  ","79.7","128  ","1245 ","GDDR5","Radeon HD 7770 XFX Ultra OC Edition","18 ","28","16","
01-May-2012 ","4096x2160","Yes",5,40,"44 "
"GCN 1.0 Bonaire XT ","1600 x 900",NA,"Yes",1,"AMD","85 ","1024  ","96","128  ","1500 ","GDDR5","Radeon HD 7790","16 ","28","16","
22-Mar-2013 ","2560x1600","Yes",5,56,"56 "
"GCN 1.0 Cape Verde XT ","1600 x 900","1000 ","Yes",1,"AMD",NA,"1024  ","72","128  ","1125 ","GDDR5","Radeon HD 7770 XFX Core 1GB Edition","16 ","28","16","
01-Feb-2012 ","4096x2160","Yes",5,40,"40 "
"GCN 1.0 Bonaire XT (x2) ","1600 x 900","1000 ","Yes",1,"AMD","170 ","2048  ","192","128  ","1500 ","GDDR5","Radeon HD 7790 Crossfire","32 ","28","16 (x2)","
22-Mar-2013 ","2560x1600","Yes",5,56,"112 "
"GCN 1.0 Cape Verde XT ","1600 x 900","1150 ","Yes",1,"AMD","80 ","1024  ","80","128  ","1250 ","GDDR5","Radeon HD 7770 Sapphire GHz OC Edition","18 ","28","16","
16-Feb-2012 ","4096x2160","Yes",5,40,"46 "
"GCN 1.0 Bonaire XT ","1600 x 900",NA,"Yes",1,"AMD",NA,"2048  ","102.4","128  ","1600 ","GDDR5","Radeon HD 7790 Club3D 13 Series Edition","16 ","28","16","
01-Mar-2013 ","2560x1600","Yes",5,56,"58 "
"GCN 1.0 Cape Verde XT ","1600 x 900","1150 ","Yes",1,"AMD",NA,"1024  ","80","128  ","1250 ","GDDR5","Radeon HD 7770 VTX3D X-Edition","18 ","28","16","
01-Jun-2012 ","4096x2160","Yes",5,40,"46 "
"GCN 1.0 Cape Verde XT ","1600 x 900","1100 ","Yes",1,"AMD",NA,"1024  ","83.2","128  ","1300 ","GDDR5","Radeon HD 7770 Vapor-X GHz OC Edition","18 ","28","16","
01-Aug-2012 ","4096x2160","Yes",5,40,"44 "
"GCN 1.0 Cape Verde XT ","1600 x 900","1000 ","Yes",1,"AMD","80 ","1024  ","72","128  ","1125 ","GDDR5","Radeon HD 7770 Sapphire Edition","16 ","28","16","
01-Feb-2012 ","4096x2160","Yes",5,40,"40 "
"GCN 1.0 Cape Verde XT ","1600 x 900","1100 ","Yes",1,"AMD",NA,"1024  ","72","128  ","1125 ","GDDR5","Radeon HD 7770 MSI Power Edition","18 ","28","16","
01-Feb-2012 ","4096x2160","Yes",5,40,"44 "
"GCN 1.0 Cape Verde XT ","1600 x 900","1000 ","Yes",1,"AMD",NA,"1024  ","72","128  ","1125 ","GDDR5","Radeon HD 7770 Sapphire Flex GHz Edition","16 ","28","16","
01-Aug-2012 ","4096x2160","Yes",5,40,"40 "
"GCN 1.0 Cape Verde XT ","1600 x 900","1000 ","Yes",1,"AMD",NA,"1024  ","72","128  ","1125 ","GDDR5","Radeon HD 7770 PowerColor GHz Edition","16 ","28","16","
01-Feb-2012 ","4096x2160","Yes",5,40,"40 "
"GCN 1.0 Cape Verde XT ","1600 x 900","1000 ","Yes",1,"AMD","150 ","1024  ","72","128  ","1125 ","GDDR5","Radeon HD 7770 MSI PMD1 Edition","16 ","28","16","
01-Feb-2012 ","4096x2160","Yes",5,40,"40 "
"GCN 1.0 Cape Verde XT ","1600 x 900","1150 ","Yes",1,"AMD",NA,"1024  ","72","128  ","1125 ","GDDR5","Radeon HD 7770 PowerColor PCS+ Edition","18 ","28","16","
01-Mar-2012 ","4096x2160","Yes",5,40,"46 "
"GCN 1.0 Cape Verde XT ","1600 x 900","1000 ","Yes",1,"AMD",NA,"1024  ","72","128  ","1125 ","GDDR5","Radeon HD 7770 iCooler 1GB Edition","16 ","28","16","
01-Apr-2012 ","4096x2160","Yes",5,40,"40 "
"GCN 1.0 Cape Verde XT ","1600 x 900","1020 ","Yes",1,"AMD",NA,"1024  ","73.6","128  ","1150 ","GDDR5","Radeon HD 7770 MSI 2PM OC Edition","16 ","28","16","
02-Jan-2012 ","4096x2160","Yes",5,40,"41 "
"GCN 1.0 Cape Verde XT ","1600 x 900","1050 ","Yes",1,"AMD",NA,"1024  ","72","128  ","1125 ","GDDR5","Radeon HD 7770 Gigabyte OC rev. 2.0 Edition","17 ","28","16","
01-Dec-2012 ","4096x2160","Yes",5,40,"42 "
"GCN 1.0 Cape Verde XT ","1600 x 900","1100 ","Yes",1,"AMD",NA,"1024  ","80","128  ","1250 ","GDDR5","Radeon HD 7770 Gigabyte OC Edition","18 ","28","16","
01-Jun-2012 ","4096x2160","Yes",5,40,"44 "
"GCN 1.0 Cape Verde XT ","1600 x 900","1120 ","Yes",1,"AMD",NA,"1024  ","73.6","128  ","1150 ","GDDR5","Radeon HD 7770 Direct CU II TOP Edition","18 ","28","16","
01-Jun-2012 ","4096x2160","Yes",5,40,"45 "
"GCN 1.0 Cape Verde XT ","1600 x 900","1020 ","Yes",1,"AMD","150 ","1024  ","73.6","128  ","1150 ","GDDR5","Radeon HD 7770 DirectCU II V2 Edition","16 ","28","16","
01-Jun-2012 ","4096x2160","Yes",5,40,"41 "
"GCN 1.0 Cape Verde XT ","1600 x 900","1000 ","Yes",1,"AMD",NA,"1024  ","72","128  ","1125 ","GDDR5","Radeon HD 7770 Ghost Thermal Edition","16 ","28","16","
01-Feb-2012 ","4096x2160","Yes",5,40,"40 "
"GCN 1.0 Cape Verde XT ","1600 x 900","1120 ","Yes",1,"AMD",NA,"1024  ","83.2","128  ","1300 ","GDDR5","Radeon HD 7770 BE Super Overclock Edition","18 ","28","16","
01-Feb-2012 ","4096x2160","Yes",5,40,"45 "
"GCN 1.0 Cape Verde XT ","1600 x 900","1020 ","Yes",1,"AMD","150 ","2048  ","73.6","128  ","1150 ","GDDR5","Radeon HD 7770 Asus GHz Edition","16 ","28","16","
01-Jun-2012 ","4096x2160","Yes",5,40,"41 "
"GCN 1.0 Cape Verde XT ","1600 x 900","1000 ","Yes",0,"AMD","80 ","2048  ","72","128  ","1125 ","GDDR5","Radeon HD 7770 2GB GHz Edition","16 ","28","16","
15-Feb-2012 ","4096x2160","Yes",5,40,"40 "
"GCN 1.0 Cape Verde PRO ","1600 x 900","800 ","Yes",1,"AMD",NA,"1024  ","72","128  ","1125 ","GDDR5","Radeon HD 7750 XFX Core Edition","13 ","28","16","
01-Feb-2012 ","4096x2160","Yes",5,32,"26 "
"GCN 1.0 Cape Verde XT (x2) ","1600 x 900","1000 ","Yes",0,"AMD","160 ","2048  ","144","128  ","1125 ","GDDR5","Radeon HD 7770 Crossfire","32 ","28","16 (x2)","
01-Feb-2012 ","4096x2160","Yes",5,40,"80 "
"GCN 1.0 Cape Verde PRO ","1600 x 900","800 ","Yes",1,"AMD",NA,"1024  ","72","128  ","1125 ","GDDR5","Radeon HD 7750 VTX3D 1GB GDDR5 Edition","13 ","28","16","
01-Feb-2012 ","4096x2160","Yes",5,32,"26 "
"GCN 1.0 Cape Verde PRO ",NA,"800 ","Yes",1,"AMD",NA,"2048  ","25.6","128  ","800 ","DDR3","Radeon HD 7750 Sapphire 2GB DDR3 Edition","13 ","28","16","
01-Aug-2012 ","4096x2160","Yes",5,32,"26 "
"GCN 1.0 Cape Verde PRO ","1600 x 900","800 ","Yes",1,"AMD",NA,"1024  ","72","128  ","1125 ","GDDR5","Radeon HD 7750 Sapphire Low Profile","13 ","28","16","
01-Aug-2012 ","4096x2160","Yes",5,32,"26 "
"GCN 1.0 Cape Verde PRO ","1600 x 900","800 ","Yes",1,"AMD","55 ","1024  ","72","128  ","1125 ","GDDR5","Radeon HD 7750 Sapphire Ultimate","13 ","28","16","
01-Feb-2012 ","4096x2160","Yes",5,32,"26 "
"GCN 1.0 Cape Verde XT ","1600 x 900","1000 ","Yes",1,"AMD","80 ","1024  ","72","128  ","1125 ","GDDR5","Radeon HD 7770 1GB GDDR5","16 ","28","16","
15-Feb-2012 ","4096x2160","Yes",5,40,"40 "
"GCN 1.0 Cape Verde PRO ","1600 x 900","800 ","Yes",1,"AMD","55 ","1024  ","72","128  ","1125 ","GDDR5","Radeon HD 7750 Sapphire 1GB GDDR5 Edition","13 ","28","16","
01-Aug-2012 ","4096x2160","Yes",5,32,"26 "
"GCN 1.0 Cape Verde PRO ",NA,"800 ","Yes",1,"AMD",NA,"1024  ","25.6","128  ","800 ","DDR3","Radeon HD 7750 VTX3D 1GB DDR3 Edition","13 ","28","16","
01-Oct-2012 ","4096x2160","Yes",5,32,"26 "
"GCN 1.0 Cape Verde PRO ","1600 x 900","800 ","Yes",1,"AMD",NA,"1024  ","72","128  ","1125 ","GDDR5","Radeon HD 7750 PowerColor 1GB Edition","13 ","28","16","
01-May-2012 ","4096x2160","Yes",5,32,"26 "
"GCN 1.0 Cape Verde PRO ",NA,"800 ","Yes",1,"AMD",NA,"4096  ","25.6","128  ","800 ","DDR3","Radeon HD 7750 PowerColor 4GB DDR3 Edition","13 ","28","16","
12-Dec-2012 ","4096x2160","Yes",5,32,"26 "
"GCN 1.0 Cape Verde PRO ","1600 x 900","830 ","Yes",1,"AMD",NA,"1024  ","72","128  ","1125 ","GDDR5","Radeon HD 7750 MSI PMD1 OC Edition","13 ","28","16","
01-Feb-2012 ","4096x2160","Yes",5,32,"27 "
"GCN 1.0 Cape Verde PRO ",NA,"800 ","Yes",1,"AMD",NA,"2048  ","25.6","128  ","800 ","DDR3","Radeon HD 7750 MSI PMD 2GB DDR3 Edition","13 ","28","16","
01-Aug-2012 ","4096x2160","Yes",5,32,"26 "
"GCN 1.0 Cape Verde PRO ","1600 x 900","900 ","Yes",1,"AMD",NA,"1024  ","72","128  ","1125 ","GDDR5","Radeon HD 7750 MSI OC Power Edition","14 ","28","16","
01-May-2012 ","4096x2160","Yes",5,32,"29 "
"GCN 1.0 Cape Verde PRO ","1600 x 900","800 ","Yes",1,"AMD","55 ","1024  ","72","128  ","1125 ","GDDR5","Radeon HD 7750 HIS iCooler Dual Fan 1GB Edition","13 ","28","16","
15-Feb-2012 ","4096x2160","Yes",5,32,"26 "
"GCN 1.0 Cape Verde PRO ","1600 x 900","830 ","Yes",1,"AMD",NA,"1024  ","72","128  ","1125 ","GDDR5","Radeon HD 7750 MSI OC Edition","13 ","28","16","
01-Aug-2012 ","4096x2160","Yes",5,32,"27 "
"GCN 1.0 Cape Verde PRO ","1600 x 900","880 ","Yes",1,"AMD",NA,"1024  ","72","128  ","1125 ","GDDR5","Radeon HD 7750 Gigabyte 1GB OC Edition","14 ","28","16","
01-Feb-2012 ","4096x2160","Yes",5,32,"28 "
"GCN 1.0 Cape Verde PRO ",NA,"850 ","Yes",1,"AMD",NA,"2048  ","25.6","128  ","800 ","DDR3","Radeon HD 7750 Gigabyte OC 2GB DDR3 Edition","14 ","28","16","
01-Oct-2012 ","4096x2160","Yes",5,32,"27 "
"GCN 1.0 Cape Verde PRO ","1600 x 900","800 ","Yes",1,"AMD","61 ","1024  ","72","128  ","1125 ","GDDR5","Radeon HD 7750 Club3D Low Profile Edition","13 ","28","16","
01-Aug-2012 ","4096x2160","Yes",5,32,"26 "
"GCN 1.0 Cape Verde PRO (x2) ","1600 x 900","800 ","Yes",0,"AMD","110 ","2048  ","144","128  ","1125 ","GDDR5","Radeon HD 7750 Crossfire","26 ","28","16 (x2)","
01-Feb-2012 ","4096x2160","Yes",5,32,"51 "
"GCN 1.0 Cape Verde PRO ","1600 x 900","800 ","Yes",1,"AMD","55 ","1024  ","72","128  ","1125 ","GDDR5","Radeon HD 7750 1GB GDDR5","13 ","28","16","
15-Feb-2012 ","4096x2160","Yes",5,32,"26 "
"GCN 1.0 Cape Verde PRO ","1600 x 900","900 ","Yes",1,"AMD",NA,"1024  ","72","128  ","1125 ","GDDR5","Radeon HD 7750 Double D Black Edition","14 ","28","16","
01-Jun-2012 ","4096x2160","Yes",5,32,"29 "
"GCN 1.0 Cape Verde LE ","1366 x 768","800 ","Yes",1,"AMD","47 ","1024  ","28.8","128  ","900 ","DDR3","Radeon HD 7730 v2 Sapphire 1GB Edition","6 ","28","8","
10-May-2013 ","4096x2160","Yes",5,24,"19 "
"GCN 1.0 Cape Verde PRO ","1600 x 900","820 ","Yes",1,"AMD",NA,"1024  ","73.6","128  ","1150 ","GDDR5","Radeon HD 7750 Asus 1GB Edition","13 ","28","16","
01-Feb-2012 ","4096x2160","Yes",5,32,"26 "
"GCN 1.0 Cape Verde LE ","1366 x 768","800 ","Yes",1,"AMD","47 ","4096  ","20.8","128  ","650 ","DDR3","Radeon HD 7730 v2 XFX Core 4GB Edition","6 ","28","8","
11-Jul-2013 ","4096x2160","No",5,24,"19 "
"GCN 1.0 Cape Verde LE ","1366 x 768","800 ","Yes",1,"AMD","47 ","2048  ","28.8","128  ","900 ","DDR3","Radeon HD 7730 v2 Sapphire 2GB Edition","6 ","28","8","
10-May-2013 ","4096x2160","Yes",5,24,"19 "
"GCN 1.0 Cape Verde LE ","1366 x 768","800 ","Yes",1,"AMD","47 ","2048  ","25.6","128  ","800 ","DDR3","Radeon HD 7730 v2 PowerColor 2GB Edition","6 ","28","8","
24-Jul-2013 ","4096x2160","Yes",5,24,"19 "
"Terascale 2 Barts LE ","1600 x 900","840 ","Yes",0,"AMD","150 ","1024  ","134.4","256  ","1050 ","GDDR5","Radeon HD 7720","27 ","40","32","
31-Mar-2013 ","2560x1600","Yes",5,40,"34 "
"GCN 1.0 Cape Verde LE ","1366 x 768","800 ","Yes",1,"AMD","47 ","2048  ","28.8","128  ","900 ","DDR3","Radeon HD 7730 v2","6 ","28","8","
01-May-2013 ","4096x2160","Yes",5,24,"19 "
"Turks XT ",NA,NA,"Yes",0,"AMD","33 ","1024  ","28.8","128  ","900 ","DDR3","Radeon HD 7650A","5 ","40","8","
01-Jan-2012 ","2560x1600","Yes",5,24,"14 "
"Turks XT ",NA,NA,"Yes",0,"AMD","45 ","1024  ","64","128  ","1000 ","GDDR5","Radeon HD 7670A","5 ","40","8","
01-Jan-2012 ","2560x1600","Yes",5,24,"14 "
"GCN 1.0 Cape Verde PRO ","1600 x 900","900 ","Yes",1,"AMD","75 ","1024  ","73.6","128  ","1150 ","GDDR5","Radeon HD 7750 Asus TOP 1GB Edition","14 ","28","16","
01-Feb-2012 ","4096x2160","Yes",5,32,"29 "
"GCN 1.0 Cape Verde LE ","1600 x 900","800 ","Yes",1,"AMD","47 ","1024  ","72","128  ","1125 ","GDDR5","Radeon HD 7730","6 ","28","8","
01-May-2013 ","4096x2160","Yes",5,24,"19 "
"Terascale 2 Turks XT ","1366 x 768","800 ","Yes",1,"AMD","66 ","2048  ","25.6","128  ","800 ","DDR3","Radeon HD 7670 v2","6 ","40","8","
05-Jan-2012 ","2560x1600","No",5,24,"19 "
"Terascale 2 Turks PRO ","1600 x 900","650 ","Yes",1,"AMD","60 ","1024  ","51.2","128  ","800 ","GDDR5","Radeon HD 7570","5 ","40","8","
05-Jan-2012 ","2560x1600","Yes",5,24,"16 "
"Terascale 2 Turks XT ","1600 x 900","800 ","Yes",1,"AMD","66 ","1024  ","64","128  ","1000 ","GDDR5","Radeon HD 7670","6 ","40","8","
05-Jan-2012 ","2560x1600","Yes",5,24,"19 "
"Terascale 2 Turks PRO-L ","1366 x 768","650 ","Yes",1,"AMD","60 ","1024  ","25.6","128  ","800 ","DDR3","Radeon HD 7570 v2 Pegatron 1GB Edition","5 ","40","8","
05-Jan-2012 ","2560x1600","No",5,24,"16 "
"Terascale 2 Turks PRO-L ","1366 x 768","650 ","Yes",1,"AMD","44 ","1024  ","28.8","128  ","900 ","DDR3","Radeon HD 7570 v2","5 ","40","8","
05-Jan-2012 ","2560x1600","No",5,24,"16 "
"Terascale 2 Caicos XT ","1366 x 768","750 ","Yes",1,"AMD","18 ","512  ","28.8","64  ","900 ","GDDR5","Radeon HD 7470","3 ","40","4","
05-Jan-2012 ","2560x1600","No",5,8,"6 "
"Redwood ",NA,NA,"Yes",0,"AMD","18 ","1024  ","12.8","64  ","800 ","DDR3","Radeon HD 7470A","6 ","40","8","
01-Jan-2012 ","2560x1600","No",5,20,"16 "
"Terascale Cedar PRO ","1024 x 768","650 ","Yes",1,"AMD","19 ","512  ","12.8","64  ","800 ","GDDR3","Radeon HD 7350","3 ","40","4","
05-Jan-2012 ","2560x1600","No",5,8,"5 "
"Caicos ",NA,NA,"No",0,"AMD","25 ",NA,"12.8","64  ","800 ","DDR3","Radeon HD 7450A","3 ","40","4","
01-Jan-2012 ","2560x1600","No",5,8,"5 "
"Terascale 2 Caicos PRO ","1024 x 768","625 ","Yes",1,"AMD","18 ","512  ","8.5","64  ","533 ","GDDR3","Radeon HD 7450","3 ","40","4","
05-Jan-2012 ","2560x1600","No",5,8,"5 "
"GCN 1.1 Curacao PRO ","1920 x 1080","900 ","Yes",1,"AMD","150 ","2048  ","179.2","256  ","1400 ","GDDR5","Radeon HD 8860 (OEM)","30 ","28","32","
08-Jan-2013 ","4096x2160","Yes",5,80,"74 "
"GCN 1.0 Pitcairn XT ","1920 x 1080","1000 ","Yes",1,"AMD","175 ","2048  ","153.6","256  ","1200 ","GDDR5","Radeon HD 8870 (OEM)","24 ","28","24","
08-Jan-2013 ","4096x2160","Yes",5,80,"80 "
"GCN 1.0 Bonaire XT ","1600 x 900",NA,"Yes",1,"AMD","85 ","1024  ","96","128  ","1500 ","GDDR5","Radeon HD 8770 (OEM)","16 ","28","16","
02-Sep-2013 ","2560x1600","Yes",5,56,"56 "
"GCN 1.0 Tahiti XT ","1920 x 1080","925 ","Yes",1,"AMD","250 ","3072  ","264","384  ","1375 ","GDDR5","Radeon HD 8970 (OEM)","30 ","28","32","
08-Jan-2013 ","4096x2160","Yes",5,128,"118 "
"GCN 1.1 Tahiti PRO2 ","1920 x 1080",NA,"Yes",1,"AMD","200 ","3072  ","240","384  ","1250 ","GDDR5","Radeon HD 8950 (OEM)","30 ","28","32","
08-Jan-2013 ","4096x2160","Yes",5,112,"104 "
"GCN 1.0 Cape Verde PRO ","1600 x 900","800 ","Yes",1,"AMD","55 ","2048  ","72","128  ","1125 ","GDDR5","Radeon HD 8740 (OEM)","13 ","28","16","
05-Sep-2013 ","4096x2160","Yes",5,32,"26 "
"GCN 1.0 Cape Verde XT ","1600 x 900","1000 ","Yes",1,"AMD","80 ","2048  ","72","128  ","1125 ","GDDR5","Radeon HD 8760 (OEM)","16 ","28","16","
08-Jan-2013 ","4096x2160","Yes",5,40,"40 "
"GCN 1.1 Oland XT ","1600 x 900","1000 ","Yes",1,"AMD","75 ","2048  ","73.6","128  ","1150 ","GDDR5","Radeon HD 8670 (OEM)","8 ","28","8","
08-Jan-2013 ","2560x1600","Yes",5,24,"25 "
"Terascale 2 Caicos PRO ","1024 x 768","625 ","Yes",1,"AMD","18 ","512  ","8.5","64  ","533 ","DDR3","Radeon HD 8450 (OEM)","3 ","40","4","
08-Jan-2013 ","2560x1600","No",5,8,"5 "
"Terascale 2 Caicos XT ","1366 x 768","750 ","Yes",1,"AMD","18 ","512  ","28.8","64  ","900 ","GDDR5","Radeon HD 8470 (OEM)","3 ","40","4","
08-Jan-2013 ","2560x1600","No",5,8,"6 "
"Terascale Cedar PRO ","1024 x 768","650 ","Yes",1,"AMD","25 ","512  ","12.8","64  ","800 ","DDR3","Radeon HD 8350 (OEM)","3 ","40","4","
08-Jan-2013 ","2560x1600","No",5,8,"5 "
"GCN 1.1 Oland PRO ","1366 x 768","730 ","Yes",1,"AMD","30 ","2048  ","28.8","128  ","900 ","DDR3","Radeon HD 8570 (OEM)","6 ","28","8","
08-Jan-2013 ","4096x2160","No",5,20,"16 "
"NV40/NV41 ",NA,NA,"Yes",0,"Nvidia",NA,"256  ","11.2","256  ","350 ","DDR","GeForce 6800 XT",NA,NA,NA,"
02-Jan-2005 ","2560x1600","Yes",3,NA,NA
"NV40/NV45 ",NA,NA,"Yes",0,"Nvidia","124 ","256  ","35.2","256  ","550 ","GDDR3","GeForce 6800 Ultra",NA,NA,NA,"
01-Mar-2005 ","2560x1600","Yes",3,NA,NA
"NV38 ","1024 x 768",NA,"Yes",0,"Nvidia","74 ","256  ","15.2","256  ","475 ","DDR","GeForce FX 5950 Ultra","2 ","130","4","
23-Oct-2003 ","2048x1536","No",2,4,"2 "
"NV28 ",NA,NA,"Yes",0,"Nvidia",NA,"128  ","5.1","128  ","320 ","DDR","GeForce4 Ti 4800",NA,NA,NA,"
20-Jan-2003 ",NA,"No",1.3,NA,NA
"NV10 ",NA,NA,"Yes",0,"Nvidia",NA,"32  ","2.7","128  ","166 ","DDR","GeForce 256",NA,NA,NA,"
31-Aug-1999 ",NA,"No",NA,NA,NA
"NV35 ",NA,NA,"Yes",0,"Nvidia","35 ","128  ","11.2","256  ","350 ","DDR","GeForce FX 5900XT","2 ","130","4","
01-Dec-2003 ","2048x1536","No",2,4,"2 "
"NV40/NV41 ",NA,NA,"Yes",0,"Nvidia","39 ","128  ","11.2","256  ","350 ","DDR","GeForce 6800 Series 128MB",NA,NA,NA,"
01-Apr-2004 ","2560x1600","No",3,NA,NA
"Fermi GF119-300-A1 ","1366 x 768","874 ","Yes",1,"Nvidia","29 ","1024  ","13.2","64  ","825 ","DDR3","GeForce GT 705","3 ","40","4","
27-Mar-2014 ","4096x2160","No",5,8,"7 "
"NV28 ",NA,NA,"Yes",0,"Nvidia",NA,"128  ","4.4","128  ","275 ","DDR","GeForce4 Ti 4800 SE","1 ","150","4","
20-Jan-2003 ",NA,"No",1.3,8,"2 "
"Fermi GF110 ","2560 x 1600","607 ","Yes",0,"Nvidia","365 ","3072  ","327.9","384  ","854 ","GDDR5","GeForce GTX 590 Zotac Edition","58 ","40","48 (x2)","
01-Mar-2011 ","2560x1600","Yes",5,64,"78 "
"Tesla G200-400-B3 (x2) ","1920 x 1080","576 ","Yes",1,"Nvidia","289 ","1792  ","225.8","448  ","1008 ","GDDR3","GeForce GTX 295 EVGA CO-OP 1792MB Edition","32 ","55","28 (x2)","
15-Jun-2009 ","2560x1600","Yes",4,80,"92 "
"Fermi GF100-375-A3 (x2) ","1920 x 1080","701 ","Yes",2,"Nvidia","500 ","3072  ","354.8","384  ","924 ","GDDR5","GeForce GTX 480 SLI","67 ","40","48 (x2)","
01-Mar-2010 ","2560x1600","Yes",5,60,"84 "
"NV20 ",NA,NA,"Yes",0,"Nvidia",NA,"128  ","4","128  ","250 ","DDR","GeForce 3 Ti 500",NA,NA,NA,"
01-Oct-2001 ",NA,"No",1.1,NA,NA
"G92b ",NA,NA,"Yes",1,"Nvidia","75 ","256  ","16.3","128  ","510 ","DDR2","GeForce GT 330","8 ","55","16","
01-Feb-2010 ","2560x1600","No",4.1,56,"28 "
"Tesla G200-400-B3 (x2) ","1920 x 1080","600 ","Yes",0,"Nvidia","289 ","1792  ","235.9","448  ","1053 ","GDDR3","GeForce GTX 295 EVGA CO-OP Hydro Copper 1792MB Edition","34 ","55","28 (x2)","
15-Jun-2009 ","2560x1600","Yes",4,80,"96 "
"GT215 ",NA,NA,"Yes",1,"Nvidia","69 ","1024  ","54.4","128  ","850 ","GDDR5","GeForce GT 340","4 ","40","8","
01-Feb-2010 ","2560x1600","No",4.1,32,"18 "
"Kepler GK104-355-A2 (x2) ","5760 x 1600","915 ","Yes",0,"Nvidia","600 ","8192  ","769","512  ","1502 ","GDDR5","GeForce GTX 690 SLI","130 ","28","64 (x2)","
03-May-2012 ","4096x2160","Yes",5,256,"522 "
"GT218 ",NA,NA,"Yes",1,"Nvidia","31 ","512  ","6.4","64  ","400 ","DDR2","GeForce 310 512MB","2 ","40","4","
01-Nov-2009 ","2560x1600","No",4.1,8,"5 "
"GT216 ",NA,NA,"Yes",1,"Nvidia","33 ","512  ","12.6","64  ","790 ","DDR3","GeForce 315 512MB","4 ","40","8","
01-Feb-2010 ","2560x1600","No",4.1,16,"8 "
"GT215 ",NA,NA,"Yes",1,"Nvidia","43 ","1024  ","25.3","128  ","790 ","GDDR3","GeForce GT 320","4 ","40","8","
01-Feb-2010 ","2560x1600","Yes",4.1,24,"13 "
"Kepler GK104-400-A2 ","1920 x 1080","1006 ","Yes",1,"Nvidia","195 ","4096  ","192.3","256  ","1502 ","GDDR5","GeForce GTX 680 Zotac 4GB Edition","34 ","28","32","
01-May-2012 ","4096x2160","Yes",5,128,"135 "
"Kepler GK104-355-A2 ","2560 x 1440","915 ","Yes",0,"Nvidia","300 ","4096  ","384","256  ","1500 ","GDDR5","GeForce GTX 690","65 ","28","32 (x2)","
03-May-2012 ","4096x2160","Yes",5,128,"261 "
"Kepler GK104-355-A2 ","2560 x 1440","915 ","Yes",1,"Nvidia","385 ","4096  ","384.5","512  ","1502 ","GDDR5","GeForce GTX 690 Asus 4GB Edition","65 ","28","64","
01-May-2012 ","4096x2160","Yes",5,256,"261 "
"Maxwell GM204-400-A1 ","2560 x 1440","1216 ","Yes",1,"Nvidia","200 ","4096  ","225.5","256  ","1762 ","GDDR5","GeForce GTX 980 Zotac AMP! Omega Core 4GB Edition","84 ","28","64","
01-Jul-2015 ","5120x3200","Yes",5,128,"169 "
"Kepler GK104-400-A2 ","1920 x 1080","1110 ","Yes",2,"Nvidia",NA,"2048  ","211.5","256  ","1652 ","GDDR5","GeForce GTX 680 Zotac AMP Edition ","38 ","28","32","
01-Apr-2012 ","4096x2160","Yes",5,128,"150 "
"Kepler GK104-400-A2 ","1920 x 1080","1006 ","Yes",1,"Nvidia","195 ","4096  ","192.3","256  ","1502 ","GDDR5","GeForce GTX 680 WinFast 4GB Edition","34 ","28","32","
01-Mar-2012 ","4096x2160","Yes",5,128,"135 "
"Kepler GK104-400-A2 (x4) ","1920 x 1080","1006 ","Yes",0,"Nvidia","780 ","8192  ","769","256  ","1502 ","GDDR5","GeForce GTX 680 Quad SLI","135 ","28","32 (x4)","
01-Mar-2012 ","4096x2160","Yes",5,128,"542 "
"Kepler GK104-355-A2 ","2560 x 1440","993 ","Yes",0,"Nvidia",NA,"4096  ","384.5","512  ","1502 ","GDDR5","GeForce GTX 690 Hydro Copper Signature Edition","67 ","28","64","
01-Sep-2012 ","4096x2160","Yes",5,256,"268 "
"Kepler GK104-400-A2 ","1920 x 1080","1084 ","Yes",1,"Nvidia",NA,"2048  ","201.6","256  ","1575 ","GDDR5","GeForce GTX 680 Phantom 2GB Edition","37 ","28","32","
01-Apr-2012 ","4096x2160","Yes",5,128,"147 "
"Kepler GK104-400-A2 ","1920 x 1080","1058 ","Yes",1,"Nvidia","195 ","2048  ","192.3","256  ","1502 ","GDDR5","GeForce GTX 680 Twin Frozr OC Edition","36 ","28","32","
13-Apr-2012 ","4096x2160","Yes",5,128,"144 "
"Kepler GK104-400-A2 ","1920 x 1080","1006 ","Yes",1,"Nvidia","195 ","4096  ","192.3","256  ","1502 ","GDDR5","GeForce GTX 680 PNY XLR8 Enthusiast 4GB Edition","34 ","28","32","
23-Apr-2012 ","4096x2160","Yes",5,128,"135 "
"Kepler GK104-400-A2 ","1920 x 1080","1006 ","Yes",1,"Nvidia","195 ","4096  ","192.3","256  ","1502 ","GDDR5","GeForce GTX 680 Phantom 4GB Edition","34 ","28","32","
01-Jun-2012 ","4096x2160","Yes",5,128,"135 "
"Kepler GK104-400-A2 ","1920 x 1080","1084 ","Yes",1,"Nvidia","215 ","2048  ","201.6","256  ","1575 ","GDDR5","GeForce GTX 680 Palit Jetstream 2GB Edition","37 ","28","32","
01-Apr-2012 ","4096x2160","Yes",5,128,"147 "
"Kepler GK104-400-A2 ","1920 x 1080","1006 ","Yes",1,"Nvidia","215 ","4096  ","192.3","256  ","1502 ","GDDR5","GeForce GTX 680 Palit Jetstream 4GB Edition","34 ","28","32","
01-Apr-2012 ","4096x2160","Yes",5,128,"135 "
"Pascal P102 ","3840 x 2160","1480 ","Yes",1,"Nvidia","220 ","11264  ","484.4","88  ","1376 ","GDDR5X","GeForce GTX 1080 Ti Zotac Founders Edition 11GB","139 ","16","22 (x4)","
05-Mar-2017 ","7680x4320","Yes",5,56,"354 "
" Kepler GK104-400-A2 (x2) ","1920 x 1080",NA,"Yes",2,"Nvidia","390 ","4096  ","384.5","256  ","1502 ","GDDR5","GeForce GTX 680 SLI","68 ","28","32 (x2)","
01-Mar-2012 ","4096x2160","Yes",5,128,"271 "
"Pascal P104-400-A1 ","2560 x 1600","1683 ","Yes",1,"Nvidia","250 ","8192  ","320.3","256  ","1251 ","GDDR5X","GeForce GTX 1080 Zotac AMP 8GB Edition","117 ","16","64","
27-Jun-2016 ","7680x4320","Yes",5,160,"292 "
"Pascal P102 ","3840 x 2160","1645 ","Yes",1,"Nvidia","220 ","11264  ","493.5","176  ","1402 ","GDDR5X","GeForce GTX 1080 Ti Zotac AMP! Extreme","155 ","16","44 (x2)","
10-Mar-2017 ","7680x4320","Yes",5,112,"394 "
"Pascal P104-400-A1 ","2560 x 1600","1607 ","Yes",1,"Nvidia","180 ","8192  ","320.3","256  ","1251 ","GDDR5X","GeForce GTX 1080 Zotac Founders 8GB Edition","111 ","16","64","
27-May-2016 ","7680x4320","Yes",5,160,"277 "
"Pascal P104-400-A1 ","2560 x 1600","1771 ","Yes",1,"Nvidia","250 ","8192  ","345.6","256  ","1350 ","GDDR5X","GeForce GTX 1080 Zotac AMP Extreme 8GB Edition","122 ","16","64","
27-Jun-2016 ","7680x4320","Yes",5,160,"306 "
"Pascal P102 ","3840 x 2160","1480 ","Yes",1,"Nvidia","220 ","11264  ","484.4","88  ","1376 ","GDDR5X","GeForce GTX 1080 Ti Zotac PGF Extreme OC","139 ","16","22 (x4)","
10-Mar-2017 ","7680x4320","Yes",5,56,"354 "
"Tesla G200-400-B3 (x2) ","1920 x 1080","576 ","Yes",1,"Nvidia","289 ","1792  ","223.8","448  ","999 ","GDDR3","GeForce GTX 295 EVGA Red 1792MB Edition","32 ","55","28 (x2)","
08-Jan-2009 ","2560x1600","Yes",4,80,"92 "
"Pascal P102 ","3840 x 2160","1480 ","Yes",1,"Nvidia","220 ","11264  ","484.4","176  ","1376 ","GDDR5X","GeForce GTX 1080 Ti SLI","152 ","16","48 (x2)","
05-Mar-2017 ","7680x3200","Yes",5,112,"354 "
"Pascal P102 ","3840 x 2160","1569 ","Yes",1,"Nvidia","220 ","11264  ","484.4","88  ","1376 ","GDDR5X","GeForce GTX 1080 Ti Zotac AMP!","148 ","16","22 (x4)","
10-Mar-2017 ","7680x4320","Yes",5,56,"377 "
"Pascal P102 ","3840 x 2160","1480 ","Yes",1,"Nvidia","220 ","11264  ","484.4","88  ","1376 ","GDDR5X","GeForce GTX 1080 Ti PNY Founders Edition 11GB","139 ","16","22 (x4)","
05-Mar-2017 ","7680x4320","Yes",5,56,"354 "
"Pascal P102 ","3840 x 2160","1480 ","Yes",1,"Nvidia","220 ","11264  ","484.4","88  ","1376 ","GDDR5X","GeForce GTX 1080 Ti MSI Lightning X 11GB","139 ","16","22 (x4)","
05-Mar-2017 ","7680x4320","Yes",5,56,"354 "
"Pascal P102 ","3840 x 2160","1506 ","Yes",2,"Nvidia","250 ","11264  ","484.4","88  ","1376 ","GDDR5X","GeForce GTX 1080 Ti MSI Gaming 11GB","143 ","16","22 (x4)","
05-Mar-2017 ","7680x4320","Yes",5,56,"363 "
"Pascal P102 ","3840 x 2160","1569 ","Yes",1,"Nvidia","220 ","11264  ","489.3","88  ","1390 ","GDDR5X","GeForce GTX 1080 Ti MSI Sea Hawk X 11GB","148 ","16","22 (x4)","
05-Mar-2017 ","7680x4320","Yes",5,56,"377 "
"Pascal P102 ","3840 x 2160","1480 ","Yes",1,"Nvidia","220 ","11264  ","484.4","88  ","1376 ","GDDR5X","GeForce GTX 1080 Ti Palit Founders Edition 11GB","139 ","16","22 (x4)","
05-Mar-2017 ","7680x4320","Yes",5,56,"354 "
"Pascal P102 ","3840 x 2160","1480 ","Yes",1,"Nvidia","220 ","11264  ","484.4","88  ","1376 ","GDDR5X","GeForce GTX 1080 Ti MSI Gaming X 11GB","139 ","16","22 (x4)","
05-Mar-2017 ","7680x4320","Yes",5,56,"354 "
"Pascal P102 ","3840 x 2160","1480 ","Yes",1,"Nvidia","220 ","11264  ","484.4","88  ","1376 ","GDDR5X","GeForce GTX 1080 Ti MSI Founders Edition 11GB","139 ","16","22 (x4)","
05-Mar-2017 ","7680x4320","Yes",5,56,"354 "
"Pascal P102 ","3840 x 2160","1506 ","Yes",1,"Nvidia","220 ","11264  ","484.4","88  ","1376 ","GDDR5X","GeForce GTX 1080 Ti MSI Sea Hawk 11GB","143 ","16","22 (x4)","
05-Mar-2017 ","7680x4320","Yes",5,56,"363 "
"Pascal P102 ","3840 x 2160","1480 ","Yes",1,"Nvidia","220 ","11264  ","484.4","88  ","1376 ","GDDR5X","GeForce GTX 1080 Ti MSI Armor 11GB Edition","139 ","16","22 (x4)","
05-Mar-2017 ","7680x4320","Yes",5,56,"354 "
"Pascal P102 ","3840 x 2160","1531 ","Yes",2,"Nvidia","250 ","11264  ","484.4","88  ","1376 ","GDDR5X","GeForce GTX 1080 Ti MSI Armor OC 11GB","145 ","16","22 (x4)","
05-Mar-2017 ","7680x4320","Yes",5,56,"368 "
"Pascal P102 ","3840 x 2160","1480 ","Yes",1,"Nvidia","220 ","11264  ","484.4","88  ","1376 ","GDDR5X","GeForce GTX 1080 Ti Kuroutoshikou Founders Edition 11GB","139 ","16","22 (x4)","
05-Mar-2017 ","7680x4320","Yes",5,56,"354 "
"Pascal P102 ","3840 x 2160","1607 ","Yes",1,"Nvidia","220 ","11264  ","502","352  ","1426 ","GDDR5X","GeForce GTX 1080 Ti Inno3D iChiLL X3 Ultra 11GB","151 ","16","88","
05-Mar-2017 ","7680x3200","Yes",5,224,"386 "
"Pascal P102 ","3840 x 2160","1480 ","Yes",1,"Nvidia","220 ","11264  ","484.4","88  ","1376 ","GDDR5X","GeForce GTX 1080 Ti Manli F369G 11GB","139 ","16","22 (x4)","
22-Mar-2017 ","7680x4320","Yes",5,56,"354 "
"Pascal P102 ","3840 x 2160","1569 ","Yes",1,"Nvidia","220 ","11264  ","502","88  ","1426 ","GDDR5X","GeForce GTX 1080 Ti Inno3D iChiLL X4 11GB","148 ","16","22 (x4)","
05-Mar-2017 ","7680x4320","Yes",5,56,"377 "
"Pascal P102 ","3840 x 2160","1569 ","Yes",1,"Nvidia","220 ","11264  ","502","352  ","1426 ","GDDR5X","GeForce GTX 1080 Ti Inno3D iChiLL X3 11GB","148 ","16","88","
05-Mar-2017 ","7680x3200","Yes",5,224,"377 "
"Pascal P102 ","3840 x 2160","1480 ","Yes",1,"Nvidia","220 ","11264  ","484.4","88  ","1376 ","GDDR5X","GeForce GTX 1080 Ti KFA Founders Edition 11GB","139 ","16","22 (x4)","
05-Mar-2017 ","7680x4320","Yes",5,56,"354 "
"Pascal P102 ","3840 x 2160","1480 ","Yes",1,"Nvidia","220 ","11264  ","484.4","88  ","1376 ","GDDR5X","GeForce GTX 1080 Ti Inno3D Founders Edition 11GB","139 ","16","22 (x4)","
05-Mar-2017 ","7680x4320","Yes",5,56,"354 "
"Pascal P102 ","3840 x 2160","1531 ","Yes",3,"Nvidia","220 ","11264  ","484.4","352  ","1376 ","GDDR5X","GeForce GTX 1080 Ti Inno3D Gaming OC 11GB","145 ","16","88","
05-Mar-2017 ","7680x4320","No",5,224,"368 "
"Pascal P102 ","3840 x 2160","1480 ","Yes",1,"Nvidia","220 ","11264  ","484.4","88  ","1376 ","GDDR5X","GeForce GTX 1080 Ti Inno3D iChiLL Black 11GB","139 ","16","22 (x4)","
05-Mar-2017 ","7680x4320","Yes",5,56,"354 "
"Pascal P102 ","3840 x 2160","1480 ","Yes",1,"Nvidia","220 ","11264  ","484.4","88  ","1376 ","GDDR5X","GeForce GTX 1080 Ti Gigabyte Founders Edition 11GB","139 ","16","22 (x4)","
05-Mar-2017 ","7680x4320","Yes",5,56,"354 "
"Pascal P102 ","3840 x 2160","1607 ","Yes",1,"Nvidia","220 ","11264  ","502","88  ","1426 ","GDDR5X","GeForce GTX 1080 Ti Inno3D iChiLL X4 Ultra 11GB","151 ","16","22 (x4)","
10-Mar-2017 ","7680x4320","Yes",5,56,"386 "
"Pascal P102 ","3840 x 2160","1480 ","Yes",1,"Nvidia","250 ","11264  ","484.4","176  ","1376 ","GDDR5X","GeForce GTX 1080 Ti MSI Aero 11GB","139 ","16","44 (x2)","
05-Mar-2017 ","7680x4320","Yes",5,112,"354 "
"Pascal P102 ","3840 x 2160","1506 ","Yes",1,"Nvidia","250 ","11264  ","484.4","176  ","1376 ","GDDR5X","GeForce GTX 1080 Ti MSI Aero OC 11GB","143 ","16","44 (x2)","
05-Mar-2017 ","7680x4320","Yes",5,112,"363 "
"Pascal P102 ","3840 x 2160","1607 ","Yes",3,"Nvidia","220 ","11264  ","494.2","88  ","1404 ","GDDR5X","GeForce GTX 1080 Ti Gigabyte AORUS Xtreme Edition 11GB","151 ","16","22 (x4)","
05-Mar-2017 ","7680x4320","Yes",5,56,"386 "
"Pascal P102 ","3840 x 2160","1480 ","Yes",1,"Nvidia","220 ","11264  ","484.4","352  ","1376 ","GDDR5X","GeForce GTX 1080 Ti Galax Hall of Fame Edition 11GB","139 ","16","88","
05-Mar-2017 ","7680x4320","Yes",5,224,"354 "
"Pascal P102 ","3840 x 2160","1518 ","Yes",1,"Nvidia","220 ","11264  ","484.4","88  ","1376 ","GDDR5X","GeForce GTX 1080 Ti Gigabyte G1 Gaming 11GB","144 ","16","22 (x4)","
05-Mar-2017 ","7680x4320","Yes",5,56,"366 "
"Pascal P102 ","3840 x 2160","1480 ","Yes",1,"Nvidia","220 ","11264  ","484.4","352  ","1376 ","GDDR5X","GeForce GTX 1080 Ti Galax Founders Edition 11GB","139 ","16","88","
05-Mar-2017 ","7680x4320","No",5,224,"354 "
"Pascal P102 ","3840 x 2160","1556 ","Yes",1,"Nvidia","220 ","11264  ","484.4","88  ","1376 ","GDDR5X","GeForce GTX 1080 Ti EVGA SC2 Gaming 11GB","147 ","16","22 (x4)","
05-Mar-2017 ","7680x4320","Yes",5,56,"374 "
"Pascal P102 ","3840 x 2160","1556 ","Yes",1,"Nvidia","220 ","11264  ","484.4","88  ","1376 ","GDDR5X","GeForce GTX 1080 Ti EVGA SC Black Edition Gaming 11GB","147 ","16","22 (x4)","
05-Mar-2017 ","7680x4320","Yes",5,56,"374 "
"Pascal P102 ","3840 x 2160","1480 ","Yes",1,"Nvidia","220 ","11264  ","484.4","352  ","1376 ","GDDR5X","GeForce GTX 1080 Ti Gainward Founders Edition 11GB","139 ","16","88","
05-Mar-2017 ","7680x4320","No",5,224,"354 "
"Pascal P102 ","3840 x 2160","1480 ","Yes",1,"Nvidia","220 ","11264  ","484.4","88  ","1376 ","GDDR5X","GeForce GTX 1080 Ti Colorful Founders Edition 11GB","139 ","16","22 (x4)","
05-Mar-2017 ","7680x4320","Yes",5,56,"354 "
"Pascal P102 ","3840 x 2160","1480 ","Yes",1,"Nvidia","220 ","11264  ","484.4","352  ","1376 ","GDDR5X","GeForce GTX 1080 Ti EVGA Founders Edition 11GB","139 ","16","88","
05-Mar-2017 ","7680x3200","No",5,224,"354 "
"Pascal P102 ","3840 x 2160","1480 ","Yes",1,"Nvidia","220 ","11264  ","484.4","88  ","1376 ","GDDR5X","GeForce GTX 1080 Ti ELSA Founders Edition 11GB","139 ","16","22 (x4)","
05-Mar-2017 ","7680x4320","Yes",5,56,"354 "
"Pascal P102 ","3840 x 2160","1569 ","Yes",1,"Nvidia","220 ","11264  ","484.4","88  ","1376 ","GDDR5X","GeForce GTX 1080 Ti EVGA FTW3 Gaming 11GB","148 ","16","22 (x4)","
05-Mar-2017 ","7680x4320","Yes",5,56,"377 "
"Pascal P102 ","3840 x 2160","1480 ","Yes",1,"Nvidia","220 ","11264  ","484.4","352  ","1376 ","GDDR5X","GeForce GTX 1080 Ti ASUS Turbo 11GB","139 ","16","88","
10-Mar-2017 ","7680x4320","No",5,224,"354 "
"Pascal P102 ","3840 x 2160","1594 ","Yes",1,"Nvidia","220 ","11264  ","488.6","352  ","1388 ","GDDR5X","GeForce GTX 1080 Ti ASUS ROG STRIX OC 11GB","150 ","16","88","
05-Mar-2017 ","7680x4320","Yes",5,224,"383 "
"Pascal P102 ","3840 x 2160","1582 ","Yes",1,"Nvidia","220 ","11264  ","488.6","352  ","1388 ","GDDR5X","GeForce GTX 1080 Ti ASUS ROG STRIX 11GB","139 ","16","88","
05-Mar-2017 ","7680x3200","Yes",5,224,"354 "
"Pascal P102 ","3840 x 2160","1480 ","Yes",1,"Nvidia","220 ","11264  ","484.4","352  ","1376 ","GDDR5X","GeForce GTX 1080 Ti","139 ","16","88","
05-Mar-2017 ","7680x4320","Yes",5,224,"354 "
"Pascal P102 ","3840 x 2160","1480 ","Yes",1,"Nvidia","220 ","11264  ","484.4","352  ","1376 ","GDDR5X","GeForce GTX 1080 Ti ASUS Founders Edition 11GB","139 ","16","88","
05-Mar-2017 ","7680x3200","No",5,224,"354 "
"Pascal P104-400-A1 ","2560 x 1600","1708 ","Yes",1,"Nvidia","200 ","8192  ","320.3","256  ","1251 ","GDDR5X","GeForce GTX 1080 Palit Super JetStream 8GB Edition","118 ","16","64","
27-May-2016 ","7680x4320","Yes",5,160,"296 "
"Pascal P104-400-A1 ","2560 x 1600","1607 ","Yes",1,"Nvidia","180 ","8192  ","320.3","256  ","1251 ","GDDR5X","GeForce GTX 1080 PNY Founders 8GB Edition","111 ","16","64","
27-May-2016 ","7680x4320","Yes",5,160,"277 "
"Pascal P104-400-A1 ","2560 x 1600","1607 ","Yes",1,"Nvidia","180 ","8192  ","320.3","256  ","1251 ","GDDR5X","GeForce GTX 1080 Palit Founders 8GB Edition","111 ","16","64","
27-May-2016 ","7680x4320","Yes",5,160,"277 "
"Pascal P104-400-A1 (x2) ","3840 x 2160","1607 ","Yes",1,"Nvidia","360 ","16384  ","640.5","256  ","1251 ","GDDR5X","GeForce GTX 1080 SLI","222 ","16","64 (x2)","
27-May-2016 ","7680x4320","Yes",5,160,"555 "
"Pascal P104-400-A1 ","2560 x 1600","1607 ","Yes",1,"Nvidia","180 ","8192  ","320.3","256  ","1251 ","GDDR5X","GeForce GTX 1080 MSI Armor 8GB Edition","111 ","16","64","
27-May-2016 ","7680x4320","Yes",5,160,"277 "
"Pascal P104-400-A1 ","2560 x 1600","1607 ","Yes",1,"Nvidia","180 ","8192  ","320","256  ","1250 ","GDDR5X","GeForce GTX 1080 MSI Founders 8GB Edition","111 ","16","64","
27-May-2016 ","7680x4320","Yes",5,160,"277 "
"Pascal P104-400-A1 ","2560 x 1600","1708 ","Yes",1,"Nvidia","180 ","8192  ","323.3","256  ","1263 ","GDDR5X","GeForce GTX 1080 MSI Gaming X 8GB Edition","118 ","16","64","
27-May-2016 ","7680x4320","Yes",5,160,"296 "
"Pascal P104-400-A1 ","2560 x 1600","1607 ","Yes",1,"Nvidia","180 ","8192  ","320.3","256  ","1251 ","GDDR5X","GeForce GTX 1080 Palit JetStream 8GB Edition","111 ","16","64","
27-May-2016 ","7680x4320","Yes",5,160,"277 "
"Pascal P104-400-A1 ","2560 x 1600","1645 ","Yes",1,"Nvidia","200 ","8192  ","320.3","256  ","1251 ","GDDR5X","GeForce GTX 1080 Palit GameRock 8GB Edition","114 ","16","64","
27-May-2016 ","7680x4320","Yes",5,160,"285 "
"Pascal P104-400-A1 ","2560 x 1600","1657 ","Yes",1,"Nvidia","180 ","8192  ","320.3","256  ","1251 ","GDDR5X","GeForce GTX 1080 MSI Armor OC 8GB Edition","115 ","16","64","
27-May-2016 ","7680x4320","Yes",5,160,"288 "
"Pascal P102 ","3840 x 2160","1480 ","Yes",1,"Nvidia","220 ","11264  ","484.4","88  ","1376 ","GDDR5X","GeForce GTX 1080 Ti Inno3D Twin X2 11GB","139 ","16","22 (x4)","
05-Mar-2017 ","7680x4320","Yes",5,56,"354 "
"Pascal P104-400-A1 ","2560 x 1600","1708 ","Yes",1,"Nvidia","180 ","8192  ","323.3","256  ","1263 ","GDDR5X","GeForce GTX 1080 MSI Sea Hawk 8GB Edition","118 ","16","64","
27-May-2016 ","7680x4320","Yes",5,160,"296 "
"Pascal P104-400-A1 ","2560 x 1600","1632 ","Yes",1,"Nvidia","180 ","8192  ","320.3","256  ","1251 ","GDDR5X","GeForce GTX 1080 MSI Aero OC 8GB Edition","113 ","16","64","
27-May-2016 ","7680x4320","Yes",5,160,"283 "
"Pascal P104-400-A1 ","2560 x 1600","1607 ","Yes",1,"Nvidia","180 ","8192  ","320.3","256  ","1251 ","GDDR5X","GeForce GTX 1080 MSI Aero 8GB Edition","111 ","16","64","
27-May-2016 ","7680x4320","Yes",5,160,"277 "
"Pascal P104-400-A1 ","2560 x 1600","1607 ","Yes",1,"Nvidia","180 ","8192  ","320","256  ","1250 ","GDDR5X","GeForce GTX 1080 Gigabyte Founders 8GB Edition","111 ","16","64","
27-May-2016 ","7680x4320","Yes",5,160,"277 "
"Pascal P104-400-A1 ","2560 x 1600","1695 ","Yes",1,"Nvidia","180 ","8192  ","320.3","256  ","1251 ","GDDR5X","GeForce GTX 1080 Gigabyte G1 Gaming 8GB Edition","117 ","16","64","
27-Jun-2016 ","7680x4320","Yes",5,160,"294 "
"Pascal P104-400-A1 ","2560 x 1600","1721 ","Yes",1,"Nvidia","215 ","8192  ","320.3","256  ","1251 ","GDDR5X","GeForce GTX 1080 EVGA FTW ACX 3.0 8GB Edition","119 ","16","64","
27-Jun-2016 ","7680x4320","Yes",5,160,"298 "
"Pascal P104-400-A1 ","2560 x 1600","1607 ","Yes",1,"Nvidia","180 ","8192  ","320.3","256  ","1251 ","GDDR5X","GeForce GTX 1080 EVGA ACX 3.0 8GB Edition","111 ","16","64","
27-May-2016 ","7680x4320","Yes",5,160,"277 "
"Pascal P104-400-A1 ","2560 x 1600","1708 ","Yes",1,"Nvidia","180 ","8192  ","320.3","256  ","1251 ","GDDR5X","GeForce GTX 1080 Colorful iGame X-TOP 8GB","118 ","16","64","
27-May-2016 ","7680x4320","Yes",5,160,"296 "
"Pascal P104-400-A1 ","2560 x 1600","1607 ","Yes",1,"Nvidia","180 ","8192  ","320.3","256  ","1251 ","GDDR5X","GeForce GTX 1080 Inno3D Founders 8GB Edition","111 ","16","64","
27-May-2016 ","7680x4320","Yes",5,160,"277 "
"Pascal P102 ","3840 x 2160","1480 ","Yes",1,"Nvidia","220 ","11264  ","484.4","352  ","1376 ","GDDR5X","GeForce GTX 1080 Ti Gainward Founders Edition 11GB (China)","139 ","16","88","
 05-Mar-2017 ","7680x4320","No",5,224,"354 "
"Pascal P104-400-A1 ","2560 x 1600","1607 ","Yes",1,"Nvidia","180 ","8192  ","320.3","256  ","1251 ","GDDR5X","GeForce GTX 1080 EVGA 8GB Edition","111 ","16","64","
27-May-2016 ","7680x4320","Yes",5,160,"277 "
"Pascal P104-400-A1 ","2560 x 1600","1632 ","Yes",2,"Nvidia","300 ","8192  ","320.3","256  ","1251 ","GDDR5X","GeForce GTX 1080 Asus ROG Strix Gaming 8GB","113 ","16","64","
27-Jul-2016 ","7680x4320","No",5,160,"283 "
"Pascal P104-400-A1 ","2560 x 1600","1784 ","Yes",2,"Nvidia","300 ","8192  ","320.3","256  ","1251 ","GDDR5X","GeForce GTX 1080 Asus ROG Strix Gaming OC 8GB Edition","124 ","16","64","
27-May-2016 ","7680x4320","Yes",5,160,"310 "
"Pascal P104-400-A1 ","2560 x 1600","1708 ","Yes",1,"Nvidia","180 ","8192  ","320.3","256  ","1251 ","GDDR5X","GeForce GTX 1080 EVGA SuperClocked ACX 3.0 8GB Edition","118 ","16","64","
27-May-2016 ","7680x4320","Yes",5,160,"296 "
"Pascal P104-400-A1 ","2560 x 1600","1607 ","Yes",1,"Nvidia","180 ","8192  ","320.3","256  ","1251 ","GDDR5X","GeForce GTX 1080 EVGA Founders 8GB Edition","111 ","16","64","
27-May-2016 ","7680x4320","Yes",5,160,"277 "
"Pascal P104-400-A1 ","2560 x 1600","1607 ","Yes",1,"Nvidia","180 ","8192  ","320.3","256  ","1251 ","GDDR5X","GeForce GTX 1080 Asus Founders 8GB Edition","111 ","16","64","
27-May-2016 ","7680x4320","Yes",5,160,"277 "
"Pascal P104-200-A1 ","2560 x 1600","1506 ","Yes",1,"Nvidia","150 ","8192  ","272","256  ","2125 ","GDDR5","GeForce GTX 1070 Palit JetStream","108 ","16","64","
10-Jun-2016 ","7680x4320","No",5,120,"202 "
"Pascal P104-200-A1 ","2560 x 1600","1607 ","Yes",1,"Nvidia","220 ","8192  ","256.3","256  ","2002 ","GDDR5","GeForce GTX 1070 Zotac AMP!","115 ","16","64","
10-Jun-2016 ","7680x4320","No",5,120,"216 "
"Pascal P104-200-A1 ","2560 x 1600","1506 ","Yes",1,"Nvidia","150 ","8192  ","256.3","128  ","2002 ","GDDR5","GeForce GTX 1070 SLI","108 ","16","32 (x2)","
10-Jun-2016 ","7680x4320","Yes",5,60,"202 "
"Pascal P104-200-A1 ","2560 x 1600","1607 ","Yes",1,"Nvidia","150 ","8192  ","259.5","256  ","2027 ","GDDR5","GeForce GTX 1070 MSI Sea Hawk X 8GB Edition","115 ","16","64","
10-Jun-2016 ","7680x4320","Yes",5,120,"216 "
"Pascal P104-200-A1 ","2560 x 1600","1670 ","Yes",1,"Nvidia","150 ","8192  ","272","256  ","2125 ","GDDR5","GeForce GTX 1070 Palit GameRock Premium","120 ","16","64","
10-Jun-2016 ","7680x4320","No",5,120,"225 "
"Pascal P104-200-A1 ","2560 x 1600","1607 ","Yes",1,"Nvidia","150 ","8192  ","256.3","256  ","2002 ","GDDR5","GeForce GTX 1070 MSI Quick Silver OC 8GB","115 ","16","64","
10-Jun-2016 ","7680x4320","Yes",5,120,"216 "
"Pascal P104-200-A1 ","2560 x 1600","1632 ","Yes",1,"Nvidia","150 ","8192  ","262.7","256  ","2052 ","GDDR5","GeForce GTX 1070 Zotac AMP! Xtreme","117 ","16","64","
10-Jun-2016 ","7680x4320","No",5,120,"220 "
"Pascal P104-400-A1 ","2560 x 1600","1607 ","Yes",1,"Nvidia","180 ","8192  ","320.3","256  ","1251 ","GDDR5X","GeForce GTX 1080","111 ","16","64","
27-May-2016 ","7680x4320","Yes",5,160,"277 "
"Pascal P104-200-A1 ","2560 x 1600","1657 ","Yes",1,"Nvidia","150 ","8192  ","256.3","256  ","2002 ","GDDR5","GeForce GTX 1070 MSI Gaming Z 8GB","119 ","16","64","
10-Jun-2016 ","7680x4320","Yes",5,120,"223 "
"Pascal P104-200-A1 ","2560 x 1600","1607 ","Yes",1,"Nvidia","150 ","8192  ","259.5","256  ","2027 ","GDDR5","GeForce GTX 1070 MSI Gaming X 8GB Edition","115 ","16","64","
10-Jun-2016 ","7680x4320","Yes",5,120,"216 "
"Pascal P104-200-A1 ","2560 x 1600","1632 ","Yes",1,"Nvidia","150 ","8192  ","272.3","256  ","2127 ","GDDR5","GeForce GTX 1070 Palit Super JetStream","117 ","16","64","
10-Jun-2016 ","7680x4320","No",5,120,"220 "
"Pascal P104-200-A1 ","2560 x 1600","1556 ","Yes",1,"Nvidia","150 ","8192  ","256.3","256  ","2002 ","GDDR5","GeForce GTX 1070 MSI Armor OC 8GB Edition","112 ","16","64","
10-Jun-2016 ","7680x4320","Yes",5,120,"210 "
"Pascal P104-200-A1 ","2560 x 1600","1506 ","Yes",1,"Nvidia","150 ","8192  ","256.3","256  ","2002 ","GDDR5","GeForce GTX 1070 MSI Armor 8GB Edition","108 ","16","64","
10-Jun-2016 ","7680x4320","Yes",5,120,"202 "
"Pascal P104-200-A1 ","2560 x 1600","1569 ","Yes",1,"Nvidia","150 ","8192  ","256.3","256  ","2002 ","GDDR5","GeForce GTX 1070 Leadtek WinFast HURRICANE","113 ","16","64","
10-Jun-2016 ","7680x4320","No",5,120,"211 "
"Pascal P104-200-A1 ","2560 x 1600","1695 ","Yes",1,"Nvidia","150 ","8192  ","256.3","256  ","2002 ","GDDR5","GeForce GTX 1070 Gigabyte Xtreme Gaming","121 ","16","64","
10-Jun-2016 ","7680x4320","No",5,120,"228 "
"Pascal P104-200-A1 ","2560 x 1600","1556 ","Yes",1,"Nvidia","150 ","8192  ","256.3","256  ","2002 ","GDDR5","GeForce GTX 1070 Gigabyte Mini ITX OC 8GB","112 ","16","64","
01-Jul-2016 ","7680x4320","No",5,120,"210 "
"Pascal P104-200-A1 ","2560 x 1600","1582 ","Yes",1,"Nvidia","150 ","8192  ","256.3","256  ","2002 ","GDDR5","GeForce GTX 1070 Gigabyte Windforce OC","113 ","16","64","
10-Jun-2016 ","7680x4320","No",5,120,"213 "
"Pascal P104-200-A1 ","2560 x 1600","1531 ","Yes",1,"Nvidia","150 ","8192  ","256.3","256  ","2002 ","GDDR5","GeForce GTX 1070 MSI Aero OC 8GB Edition","110 ","16","64","
10-Jun-2016 ","7680x4320","Yes",5,120,"207 "
"Pascal P104-200-A1 ","2560 x 1600","1506 ","Yes",1,"Nvidia","150 ","8192  ","256.3","256  ","2002 ","GDDR5","GeForce GTX 1070 MSI Aero 8GB Edition","108 ","16","64","
10-Jun-2016 ","7680x4320","Yes",5,120,"202 "
"Pascal P104-200-A1 ","2560 x 1600","1506 ","Yes",1,"Nvidia","150 ","8192  ","256.3","256  ","2002 ","GDDR5","GeForce GTX 1070 Gigabyte Founders 8GB Edition","108 ","16","64","
10-Jun-2016 ","7680x4320","Yes",5,120,"202 "
"Pascal P104-200-A1 ","2560 x 1600","1657 ","Yes",1,"Nvidia","150 ","8192  ","256.3","256  ","2002 ","GDDR5","GeForce GTX 1070 Galax HOF Limited Edition 8GB","119 ","16","64","
10-Jun-2016 ","7680x4320","Yes",5,120,"223 "
"Pascal P104-200-A1 ","2560 x 1600","1594 ","Yes",1,"Nvidia","150 ","8192  ","256.3","256  ","2002 ","GDDR5","GeForce GTX 1070 Galax EXOC 8GB","114 ","16","64","
10-Jun-2016 ","7680x4320","Yes",5,120,"214 "
"Pascal P104-200-A1 ","2560 x 1600","1506 ","Yes",1,"Nvidia","150 ","8192  ","256.3","256  ","2002 ","GDDR5","GeForce GTX 1070 Galax Founders 8GB","108 ","16","64","
10-Jun-2016 ","7680x4320","Yes",5,120,"202 "
"Pascal P104-200-A1 ","2560 x 1600","1518 ","Yes",1,"Nvidia","150 ","8192  ","256.3","256  ","2002 ","GDDR5","GeForce GTX 1070 Galax EX 8GB","109 ","16","64","
10-Jun-2016 ","7680x4320","Yes",5,120,"205 "
"Pascal P104-200-A1 ","2560 x 1600","1670 ","Yes",1,"Nvidia","150 ","8192  ","272.3","256  ","2127 ","GDDR5","GeForce GTX 1070 Gainward Phoenix GLH","120 ","16","64","
10-Jun-2016 ","7680x4320","No",5,120,"225 "
"Pascal P104-200-A1 ","2560 x 1600","1594 ","Yes",1,"Nvidia","180 ","8192  ","256.3","256  ","2002 ","GDDR5","GeForce GTX 1070 EVGA SC GAMING ACX 3.0 8GB Edition","114 ","16","64","
10-Jun-2016 ","7680x4320","Yes",5,120,"214 "
"Pascal P104-200-A1 ","2560 x 1600","1506 ","Yes",1,"Nvidia","150 ","8192  ","256.3","256  ","2002 ","GDDR5","GeForce GTX 1070 EVGA Founders 8GB Edition","108 ","16","64","
10-Jun-2016 ","7680x4320","Yes",5,120,"202 "
"Pascal P104-200-A1 ","2560 x 1600","1506 ","Yes",1,"Nvidia","150 ","8192  ","256.3","256  ","2002 ","GDDR5","GeForce GTX 1070 EVGA ACX 3.0 8GB Edition","108 ","16","64","
10-Jun-2016 ","7680x4320","Yes",5,120,"202 "
"Pascal P104-200-A1 ","2560 x 1600","1506 ","Yes",1,"Nvidia","150 ","8192  ","256.3","256  ","2002 ","GDDR5","GeForce GTX 1070 Gainward","108 ","16","64","
10-Jun-2016 ","7680x4320","No",5,120,"202 "
"Pascal P104-200-A1 ","2560 x 1600","1657 ","Yes",1,"Nvidia","150 ","8192  ","256.3","256  ","2002 ","GDDR5","GeForce GTX 1070 Colorful iGame X-TOP 8GB","119 ","16","64","
10-Jun-2016 ","7680x4320","No",5,120,"223 "
"Pascal P104-200-A1 ","2560 x 1600","1657 ","Yes",2,"Nvidia","150 ","8192  ","256.3","256  ","2002 ","GDDR5","GeForce GTX 1070 Asus ROG Strix Gaming OC 8GB Edition","119 ","16","64","
10-Jun-2016 ","7680x4320","Yes",5,120,"223 "
"Pascal P104-200-A1 ","2560 x 1600","1506 ","Yes",1,"Nvidia","150 ","8192  ","256.3","256  ","2002 ","GDDR5","GeForce GTX 1070 MSI Founders 8GB Edition","108 ","16","64","
10-Jun-2016 ","7680x4320","Yes",5,120,"202 "
"Pascal P104-200-A1 ","2560 x 1600","1620 ","Yes",1,"Nvidia","150 ","8192  ","256.3","256  ","2002 ","GDDR5","GeForce GTX 1070 Gigabyte G1 Gaming 8GB Edition","117 ","16","64","
10-Jun-2016 ","7680x4320","Yes",5,120,"219 "
"Pascal P104-200-A1 ","2560 x 1600","1531 ","Yes",2,"Nvidia","150 ","8192  ","256.3","256  ","2002 ","GDDR5","GeForce GTX 1070 Asus Turbo","110 ","16","64","
10-Jun-2016 ","7680x4320","No",5,120,"207 "
"Pascal P104-200-A1 ","2560 x 1600","1531 ","Yes",2,"Nvidia","150 ","8192  ","256.3","256  ","2002 ","GDDR5","GeForce GTX 1070 Asus ROG Strix Gaming 8GB","110 ","16","64","
10-Jun-2016 ","7680x4320","No",5,120,"207 "
"Pascal P104-200-A1 ","2560 x 1600","1506 ","Yes",1,"Nvidia","150 ","8192  ","256.3","128  ","2002 ","GDDR5","GeForce GTX 1070 Asus Founders SLI","108 ","16","32 (x2)","
10-Jun-2016 ","7680x4320","Yes",5,60,"202 "
"Pascal P104-200-A1 ","2560 x 1600","1506 ","Yes",1,"Nvidia","150 ","8192  ","256.3","256  ","2002 ","GDDR5","GeForce GTX 1070 Asus Founders","108 ","16","64","
10-Jun-2016 ","7680x4320","Yes",5,120,"202 "
"Pascal P104-200-A1 ","2560 x 1600","1582 ","Yes",2,"Nvidia","150 ","8192  ","256.3","256  ","2002 ","GDDR5","GeForce GTX 1070 Asus Dual","113 ","16","64","
13-Jul-2016 ","7680x4320","No",5,120,"213 "
"Pascal P106-400-A1 ","2560 x 1440","1620 ","Yes",1,"Nvidia","120 ","6144  ","192.2","192  ","2002 ","GDDR5","GeForce GTX 1060 Palit Super Jetstream 6GB","89 ","16","48","
19-Jul-2016 ","7680x4320","No",5,80,"148 "
"Pascal P106-400-A1 ","2560 x 1440","1506 ","Yes",1,"Nvidia","120 ","6144  ","192.2","192  ","2002 ","GDDR5","GeForce GTX 1060 Zotac Mini 6GB","82 ","16","48","
19-Jul-2016 ","7680x4320","No",5,80,"137 "
"Pascal P106-400-A1 ","2560 x 1440","1506 ","Yes",1,"Nvidia","120 ","6144  ","192.2","192  ","2002 ","GDDR5","GeForce GTX 1060 Palit Jetstream 6GB","82 ","16","48","
19-Jul-2016 ","7680x4320","No",5,80,"137 "
"Pascal P106-300-A1 ","1920 x 1080",NA,"Yes",1,"Nvidia","120 ","3072  ","192.2","192  ","2002 ","GDDR5","GeForce GTX 1060 MSI OC 3GB","84 ","16","48","
18-Aug-2016 ","7680x4320","No",5,72,"127 "
"Pascal P106-400-A1 ","2560 x 1440","1556 ","Yes",1,"Nvidia","120 ","6144  ","192.2","192  ","2002 ","GDDR5","GeForce GTX 1060 Zotac AMP 6GB Edition","85 ","16","48","
19-Jul-2016 ","7680x4320","No",5,80,"142 "
"Pascal P106-300-A1 ","1920 x 1080",NA,"Yes",1,"Nvidia","120 ","3072  ","192.2","192  ","2002 ","GDDR5","GeForce GTX 1060 MSI OCV1 3G","84 ","16","48","
29-Aug-2016 ","7680x4320","No",5,72,"127 "
"Pascal P104-200-A1 ","2560 x 1600","1506 ","Yes",1,"Nvidia","150 ","8192  ","256.3","256  ","2002 ","GDDR5","GeForce GTX 1070","108 ","16","64","
10-Jun-2016 ","7680x4320","Yes",5,120,"202 "
"Pascal P106-300-A1 ","1920 x 1080",NA,"Yes",1,"Nvidia","120 ","3072  ","192.2","192  ","2002 ","GDDR5","GeForce GTX 1060 MSI Gaming X 3GB","86 ","16","48","
18-Aug-2016 ","7680x4320","No",5,72,"128 "
"Pascal P106-400-A1 ","2560 x 1440","1569 ","Yes",1,"Nvidia","120 ","6144  ","192.2","192  ","2002 ","GDDR5","GeForce GTX 1060 MSI Gaming X 6G Edition","86 ","16","48","
19-Jul-2016 ","7680x4320","No",5,80,"143 "
"Pascal P106-400-A1 ","2560 x 1440","1518 ","Yes",1,"Nvidia","120 ","6144  ","192.2","192  ","2002 ","GDDR5","GeForce GTX 1060 MSI Gaming 6GB","83 ","16","48","
19-Jul-2016 ","7680x4320","No",5,80,"139 "
"Pascal P106-300-A1 ","1920 x 1080",NA,"Yes",2,"Nvidia","120 ","3072  ","192.2","192  ","2002 ","GDDR5","GeForce GTX 1060 MSI Armor V1 3G","82 ","16","48","
18-Aug-2016 ","7680x4320","No",5,72,"123 "
"Pascal P106-300-A1 ","1920 x 1080",NA,"Yes",1,"Nvidia","120 ","3072  ","192.2","192  ","2002 ","GDDR5","GeForce GTX 1060 MSI Gaming 3GB","83 ","16","48","
18-Aug-2016 ","7680x4320","No",5,72,"125 "
"Pascal P106-300-A1 ","1920 x 1080",NA,"Yes",1,"Nvidia","120 ","3072  ","192.2","192  ","2002 ","GDDR5","GeForce GTX 1060 Zotac Mini 3GB","82 ","16","48","
18-Aug-2016 ","7680x4320","No",5,72,"123 "
"Pascal P106-400-A1 ","2560 x 1440","1544 ","Yes",1,"Nvidia","120 ","6144  ","194.6","192  ","2027 ","GDDR5","GeForce GTX 1060 MSI Armor 6G OC","84 ","16","48","
19-Jul-2016 ","7680x4320","No",5,80,"141 "
"Pascal P106-400-A1 ","1920 x 1080","1518 ",NA,1,"Nvidia","120 ",NA,"192.2","192  ","2002 ","GDDR5","GeForce GTX 1060 KFA2 OC 6GB","83 ","16","48","
19-Jul-2016 ","7680x4320","No",NA,80,"139 "
"Pascal P106-400-A1 ","2560 x 1440","1544 ","Yes",1,"Nvidia","120 ","6144  ","194.6","192  ","2027 ","GDDR5","GeForce GTX 1060 MSI 6GT OC","84 ","16","48","
19-Jul-2016 ","7680x4320","No",5,80,"141 "
"Pascal P106-300-A1 ","1920 x 1080",NA,"Yes",2,"Nvidia","120 ","3072  ","192.2","192  ","2002 ","GDDR5","GeForce GTX 1060 MSI Armor OCV1 3G","84 ","16","48","
18-Aug-2016 ","7680x4320","No",5,72,"127 "
"Pascal P106-300-A1 ","1920 x 1080",NA,"Yes",1,"Nvidia","120 ","3072  ","197","192  ","2052 ","GDDR5","GeForce GTX 1060 Inno3D iChill X3 3GB","86 ","16","48","
18-Aug-2016 ","7680x4320","No",5,72,"128 "
"Pascal P106-400-A1 ","2560 x 1440","1556 ","Yes",1,"Nvidia","120 ","6144  ","192.2","192  ","2002 ","GDDR5","GeForce GTX 1060 KFA2 EX OC White 6GB","85 ","16","48","
19-Jul-2016 ","7680x4320","No",5,80,"142 "
"Pascal P104-200-A1 ","2560 x 1600","1632 ","Yes",1,"Nvidia","150 ","8192  ","272.3","256  ","2127 ","GDDR5","GeForce GTX 1070 Gainward Phoenix GS","117 ","16","64","
10-Jun-2016 ","7680x4320","No",5,120,"220 "
"Pascal P106-400-A1 ","2560 x 1440","1569 ","Yes",1,"Nvidia","120 ","6144  ","197","192  ","2052 ","GDDR5","GeForce GTX 1060 Inno3D iChill X3","86 ","16","48","
19-Jul-2016 ","7680x4320","No",5,80,"143 "
"Pascal P106-400-A1 ","2560 x 1440","1569 ","Yes",1,"Nvidia","130 ","6144  ","192.2","192  ","2002 ","GDDR5","GeForce GTX 1060 Inno3D Gaming OC 6GB","86 ","16","48","
19-Jul-2016 ","7680x4320","No",5,80,"143 "
"Pascal P106-400-A1 ","2560 x 1440","1620 ","Yes",1,"Nvidia","120 ","6144  ","192.2","192  ","2002 ","GDDR5","GeForce GTX 1060 Gigabyte Xtreme Gaming 6GB","89 ","16","48","
19-Jul-2016 ","7680x4320","No",5,80,"148 "
"Pascal P106-400-A1 ","2560 x 1440","1544 ","Yes",1,"Nvidia","120 ","6144  ","192.2","192  ","2002 ","GDDR5","GeForce GTX 1060 KFA2 EX OC Black 6GB","84 ","16","48","
19-Jul-2016 ","7680x4320","No",5,80,"141 "
"Pascal P106-400-A1 ","2560 x 1440","1506 ","Yes",1,"Nvidia","120 ","6144  ","192.2","192  ","2002 ","GDDR5","GeForce GTX 1060 Inno3D Compact 6GB","82 ","16","48","
19-Jul-2016 ","7680x4320","No",5,80,"137 "
"Pascal P106-300-A1 ","1920 x 1080",NA,"Yes",1,"Nvidia","120 ","3072  ","192.2","192  ","2002 ","GDDR5","GeForce GTX 1060 Gigabyte Mini ITX OC 3GB","84 ","16","48","
18-Aug-2016 ","7680x4320","No",5,72,"126 "
"Pascal P106-400-A1 ","2560 x 1440","1531 ","Yes",1,"Nvidia","120 ","6144  ","192.2","192  ","2002 ","GDDR5","GeForce GTX 1060 Gigabyte Mini ITX OC 6GB","84 ","16","48","
19-Jul-2016 ","7680x4320","No",5,80,"140 "
"Pascal P106-300-A1 ","1920 x 1080",NA,"Yes",1,"Nvidia","120 ","3072  ","192.2","192  ","2002 ","GDDR5","GeForce GTX 1060 Inno3D Compact 3GB","82 ","16","48","
18-Aug-2016 ","7680x4320","No",5,72,"123 "
"Pascal P106-400-A1 ","1920 x 1080","1556 ","Yes",1,"Nvidia","120 ","6144  ","192.2","192  ","2002 ","GDDR5","GeForce GTX 1060 Gigabyte Windforce 2X OC 6GB","85 ","16","48","
19-Jul-2016 ","7680x4320","No",5,80,"142 "
"Pascal P106-400-A1 ","2560 x 1440","1594 ","Yes",1,"Nvidia","120 ","6144  ","192.2","192  ","2002 ","GDDR5","GeForce GTX 1060 Gigabyte GTX G1 Gaming 6GB","87 ","16","48","
19-Jul-2016 ","7680x4320","No",5,80,"145 "
"Pascal P106-300-A1 ","1920 x 1080",NA,"Yes",1,"Nvidia","120 ","3072  ","192.2","192  ","2002 ","GDDR5","GeForce GTX 1060 Gigabyte Windforce 2X OC 3GB","85 ","16","48","
18-Aug-2016 ","7680x4320","No",5,72,"128 "
"Pascal P106-300-A1 ","1920 x 1080",NA,"Yes",1,"Nvidia","120 ","3072  ","192.2","192  ","2002 ","GDDR5","GeForce GTX 1060 Galax EX OC White 3GB","85 ","16","48","
18-Aug-2016 ","7680x4320","No",5,72,"128 "
"Pascal P106-300-A1 ","1920 x 1080",NA,"Yes",1,"Nvidia","120 ","3072  ","192.2","192  ","2002 ","GDDR5","GeForce GTX 1060 Gigabyte G1 Gaming 3GB","87 ","16","48","
18-Aug-2016 ","7680x4320","No",5,72,"130 "
"Pascal P106-400-A1 ","1920 x 1080","1518 ","Yes",1,"Nvidia","120 ","3072  ","192.2","192  ","2002 ","GDDR5","GeForce GTX 1060 Galax OC 3GB","83 ","16","48","
18-Aug-2016 ","7680x4320","No",5,72,"125 "
"Pascal P106-300-A1 ","1920 x 1080",NA,"Yes",1,"Nvidia","120 ","3072  ","192.2","192  ","2002 ","GDDR5","GeForce GTX 1060 Galax Gamer OC 3GB","84 ","16","48","
18-Aug-2016 ","7680x4320","No",5,72,"126 "
"Pascal P106-400-A1 ","2560 x 1440","1620 ","Yes",1,"Nvidia","120 ","6144  ","192.2","192  ","2002 ","GDDR5","GeForce GTX 1060 Gainward Phoenix GS 6GB","89 ","16","48","
19-Jul-2016 ","7680x4320","No",5,80,"148 "
"Pascal P106-300-A1 ","1920 x 1080",NA,"Yes",1,"Nvidia","120 ","3072  ","192.2","192  ","2002 ","GDDR5","GeForce GTX 1060 Galax EX OC Black 3GB","84 ","16","48","
18-Aug-2016 ","7680x4320","No",5,72,"127 "
"Pascal P106-300-A1 ","1920 x 1080",NA,"Yes",1,"Nvidia","120 ","3072  ","192.2","192  ","2002 ","GDDR5","GeForce GTX 1060 EVGA SC ACX 2.0 3GB","88 ","16","48","
18-Aug-2016 ","7680x4320","No",5,72,"132 "
"Pascal P106-400-A1 ","2560 x 1440","1617 ","Yes",1,"Nvidia","120 ","6144  ","192.2","192  ","2002 ","GDDR5","GeForce GTX 1060 EVGA SSC GAMING ACX 3.0 6GB","89 ","16","48","
30-Aug-2016 ","7680x4320","No",5,80,"148 "
"Pascal P106-400-A1 ","2560 x 1440","1607 ","Yes",1,"Nvidia","120 ","6144  ","192.2","192  ","2002 ","GDDR5","GeForce GTX 1060 EVGA SC GAMING 6GB","88 ","16","48","
19-Jul-2016 ","7680x4320","No",5,80,"147 "
"Pascal P106-300-A1 ","1920 x 1080",NA,"Yes",1,"Nvidia","120 ","3072  ","192.2","192  ","2002 ","GDDR5","GeForce GTX 1060 EVGA FTW+ ACX 3.0 3GB","89 ","16","48","
18-Aug-2016 ","7680x4320","No",5,72,"134 "
"Pascal P106-400-A1 ","2560 x 1440","1506 ","Yes",1,"Nvidia","120 ","6144  ","192.2","192  ","2002 ","GDDR5","GeForce GTX 1060 EVGA ACX 2.0 6GB","82 ","16","48","
19-Jul-2016 ","7680x4320","No",5,80,"137 "
"Pascal P106-400-A1 ","2560 x 1440","1506 ","Yes",1,"Nvidia","120 ","6144  ","192.2","192  ","2002 ","GDDR5","GeForce GTX 1060 EVGA GAMING","82 ","16","48","
19-Jul-2016 ","7680x4320","No",5,80,"137 "
"Pascal P106-400-A1 ","2560 x 1440","1645 ","Yes",2,"Nvidia","120 ","6144  ","194.6","192  ","2027 ","GDDR5","GeForce GTX 1060 Asus ROG Strix Gaming OC 6GB Edition","90 ","16","48","
19-Jul-2016 ","7680x4320","No",5,80,"150 "
"Pascal P106-400-A1 ","2560 x 1440","1637 ","Yes",1,"Nvidia","140 ","6144  ","192.2","192  ","2002 ","GDDR5","GeForce GTX 1060 EVGA FTW GAMING ACX 3.0","90 ","16","48","
30-Aug-2016 ","7680x4320","No",5,80,"149 "
"Pascal P106-400-A1 ","2560 x 1440","1570 ","Yes",2,"Nvidia","120 ","6144  ","192.2","192  ","2002 ","GDDR5","GeForce GTX 1060 Asus Dual OC 6GB","86 ","16","48","
19-Jul-2016 ","7680x4320","No",NA,80,"143 "
"Pascal P106-300-A1 ","1920 x 1080",NA,"Yes",1,"Nvidia","120 ","3072  ","192.2","192  ","2002 ","GDDR5","GeForce GTX 1060 EVGA ACX 2.0 3GB","82 ","16","48","
18-Aug-2016 ","7680x4320","No",5,72,"123 "
"Pascal P106-400-A1 ","2560 x 1440","1506 ","Yes",2,"Nvidia","120 ","6144  ","192.2","192  ","2002 ","GDDR5","GeForce GTX 1060 Asus Turbo 6GB","82 ","16","48","
19-Jul-2016 ","7680x4320","No",5,80,"137 "
"Pascal P106-400-A1 ","2560 x 1440","1506 ","Yes",1,"Nvidia","120 ","6144  ","192.2","192  ","2002 ","GDDR5","GeForce GTX 1060","82 ","16","48","
19-Jul-2016 ","7680x4320","No",5,80,"137 "
"Pascal P106-300-A1 ","1920 x 1080",NA,"Yes",2,"Nvidia","120 ","3072  ","192.2","192  ","2002 ","GDDR5","GeForce GTX 1060 Asus Dual 3GB","82 ","16","48","
18-Aug-2016 ","7680x4320","No",5,72,"123 "
"Pascal P106-400-A1 ","2560 x 1440","1506 ","Yes",2,"Nvidia","120 ","6144  ","192.2","192  ","2002 ","GDDR5","GeForce GTX 1060 Asus Dual 6GB","82 ","16","48","
19-Jul-2016 ","7680x4320","No",5,80,"137 "
"Pascal P106-300-A1 ","1920 x 1080",NA,"Yes",2,"Nvidia","120 ","3072  ","192.2","192  ","2002 ","GDDR5","GeForce GTX 1060 Asus Dual OC 3GB","86 ","16","48","
18-Aug-2016 ","7680x4320","No",5,72,"129 "
"Pascal P106-300-A1 ","1920 x 1080",NA,"Yes",1,"Nvidia","120 ","3072  ","192.2","192  ","2002 ","GDDR5","GeForce GTX 1060 3GB","82 ","16","48","
18-Aug-2016 ","7680x4320","No",5,72,"123 "
"Pascal P107 ","1600 x 900","1354 ","Yes",1,"Nvidia","75 ","2048  ","112.1","128  ","1752 ","GDDR5","GeForce GTX 1050 Zotac Mini 2GB","47 ","14","32","
01-Nov-2016 ","7680x4320","No",5,40,"58 "
"Pascal P107 ","1920 x 1080","1392 ","Yes",1,"Nvidia","75 ","4096  ","112.1","128  ","1752 ","GDDR5","GeForce GTX 1050 Ti Zotac OC Edition 4GB","48 ","16","32","
18-Oct-2016 ","7680x4320","No",5,48,"72 "
"Pascal P107 ","1920 x 1080","1303 ","Yes",1,"Nvidia","75 ","4096  ","112.1","128  ","1752 ","GDDR5","GeForce GTX 1050 Ti Zotac Mini 4GB","45 ","16","32","
18-Oct-2016 ","7680x4320","No",5,48,"68 "
"Pascal P107 ","1920 x 1080","1366 ","Yes",1,"Nvidia","75 ","4096  ","112.1","128  ","1752 ","GDDR5","GeForce GTX 1050 Ti PNY XLR8 Gaming Overclocked Edition 4GB","47 ","16","32","
20-Oct-2016 ","7680x4320","No",5,48,"71 "
"Pascal P107 ","1920 x 1080","1341 ","Yes",1,"Nvidia","75 ","4096  ","112.1","128  ","1752 ","GDDR5","GeForce GTX 1050 Ti MSI OC T 4GB","47 ","16","32","
18-Oct-2016 ","7680x4320","No",5,48,"70 "
"Pascal P107 ","1920 x 1080","1290 ","Yes",1,"Nvidia","75 ","4096  ","112.1","128  ","1752 ","GDDR5","GeForce GTX 1050 Ti Palit StormX 4GB","45 ","16","32","
18-Oct-2016 ","7680x4320","No",5,48,"67 "
"Pascal P107 ","1920 x 1080","1316 ","Yes",1,"Nvidia","75 ","4096  ","112.1","128  ","1752 ","GDDR5","GeForce GTX 1050 Ti MSI Gaming 4GB","46 ","16","32","
18-Oct-2016 ","7680x4320","No",5,48,"69 "
"Pascal P107 ","1920 x 1080","1303 ","Yes",1,"Nvidia","75 ","4096  ","112.1","128  ","1752 ","GDDR5","GeForce GTX 1050 Ti KFA2 OC 4GB","45 ","16","32","
Unknown Release Date ","7680x4320","No",5,48,"68 "
"Pascal P107 ","1920 x 1080","1290 ","Yes",1,"Nvidia","75 ","4096  ","112.1","128  ","1752 ","GDDR5","GeForce GTX 1050 Ti PNY 4GB","45 ","16","32","
20-Oct-2016 ","7680x4320","No",5,48,"67 "
"Pascal P107 ","1920 x 1080","1290 ","Yes",1,"Nvidia","75 ","4096  ","112.1","128  ","1752 ","GDDR5","GeForce GTX 1050 Ti MSI 4GB","45 ","16","32","
18-Oct-2016 ","7680x4320","No",5,48,"67 "
"Pascal P107 ","1920 x 1080","1290 ","Yes",1,"Nvidia","75 ","4096  ","112.1","128  ","1752 ","GDDR5","GeForce GTX 1050 Ti Inno3D Twin X2 4GB","45 ","16","32","
Unknown Release Date ","7680x4320","No",5,48,"67 "
"Pascal P107 ","1920 x 1080","1379 ","Yes",1,"Nvidia","75 ","4096  ","112.1","128  ","1752 ","GDDR5","GeForce GTX 1050 Ti MSI Gaming X 4GB","48 ","16","32","
18-Oct-2016 ","7680x4320","No",5,48,"72 "
"Pascal P107 ","1600 x 900","1354 ","Yes",3,"Nvidia","75 ","4096  ","112.1","128  ","1752 ","GDDR5","GeForce GTX 1050 Ti Gigabyte Windforce OC 4GB","47 ","14","32","
Unknown Release Date ","7680x4320","No",5,48,"70 "
"Pascal P107 ","1920 x 1080","1290 ","Yes",1,"Nvidia","75 ","4096  ","112.1","128  ","1752 ","GDDR5","GeForce GTX 1050 Ti Inno3D 4GB","45 ","16","32","
18-Oct-2016 ","7680x4320","No",5,48,"67 "
"Pascal P107 ","1920 x 1080","1354 ","Yes",1,"Nvidia","75 ","4096  ","112.1","128  ","1752 ","GDDR5","GeForce GTX 1050 Ti Galax EXOC 4GB","47 ","16","32","
18-Oct-2016 ","7680x4320","No",5,48,"70 "
"Pascal P107 ","1920 x 1080","1341 ","Yes",1,"Nvidia","75 ","4096  ","112.1","128  ","1752 ","GDDR5","GeForce GTX 1050 Ti Gigabyte OC 4GB","47 ","16","32","
Unknown Release Date ","7680x4320","No",5,48,"70 "
"Pascal P107 ","1920 x 1080","1316 ","Yes",1,"Nvidia","75 ","4096  ","112.1","128  ","1752 ","GDDR5","GeForce GTX 1050 Ti Gigabyte D5 4GB","46 ","16","32","
18-Oct-2016 ","7680x4320","No",5,48,"69 "
"Pascal P107 ","1920 x 1080","1392 ","Yes",3,"Nvidia","75 ","4096  ","112.1","128  ","1752 ","GDDR5","GeForce GTX 1050 Ti Gigabyte G1 Gaming 4GB","48 ","16","32","
18-Oct-2016 ","7680x4320","No",5,48,"72 "
"Pascal P107 ","1920 x 1080","1290 ","Yes",1,"Nvidia","75 ","4096  ","112.1","128  ","1752 ","GDDR5","GeForce GTX 1050 Ti Gainward 4GB","45 ","16","32","
Unknown Release Date ","7680x4320","No",5,48,"67 "
"Pascal P107 ","1920 x 1080","1290 ","Yes",1,"Nvidia","75 ","4096  ","112.1","128  ","1752 ","GDDR5","GeForce GTX 1050 Ti Colorful iGame U-4G 4GB","45 ","16","32","
25-Oct-2016 ","7680x4320","No",5,48,"67 "
"Pascal P107 ","1920 x 1080","1290 ","Yes",1,"Nvidia","75 ","4096  ","112.1","128  ","1752 ","GDDR5","GeForce GTX 1050 Ti EVGA Gaming 4GB","45 ","16","32","
Unknown Release Date ","7680x4320","No",5,48,"67 "
"Pascal P107 ","1920 x 1080","1341 ","Yes",1,"Nvidia","75 ","4096  ","112.1","128  ","1752 ","GDDR5","GeForce GTX 1050 Ti MSI OC 4GB","47 ","16","32","
18-Oct-2016 ","7680x4320","No",5,48,"70 "
"Pascal P107 ","1920 x 1080","1303 ","Yes",1,"Nvidia","75 ","4096  ","112.1","128  ","1752 ","GDDR5","GeForce GTX 1050 Ti Galax OC 4GB","45 ","16","32","
Unknown Release Date ","7680x4320","No",5,48,"68 "
"Pascal P107 ","1920 x 1080","1366 ","Yes",1,"Nvidia","75 ","4096  ","112.1","128  ","1752 ","GDDR5","GeForce GTX 1050 Ti EVGA SSC Gaming ACX 3.0 4GB","47 ","16","32","
Unknown Release Date ","7680x4320","No",5,48,"71 "
"Pascal P107 ","1920 x 1080","1290 ","Yes",1,"Nvidia","75 ","4096  ","112.1","128  ","1752 ","GDDR5","GeForce GTX 1050 Ti EVGA FTW DT GAMING ACX 3.0 4GB","45 ","16","32","
18-Oct-2016 ","7680x4320","No",5,48,"67 "
"Pascal P107 ","1920 x 1080","1379 ","Yes",1,"Nvidia","75 ","4096  ","112.1","128  ","1752 ","GDDR5","GeForce GTX 1050 Ti EVGA FTW Gaming ACX 3.0 4GB","48 ","16","32","
Unknown Release Date ","7680x4320","No",5,48,"72 "
"Pascal P107 ","1920 x 1080","1392 ","Yes",1,"Nvidia","75 ","4096  ","112.1","128  ","1752 ","GDDR5","GeForce GTX 1050 Ti Asus ROG Strix Gaming OC 4GB","48 ","16","32","
25-Oct-2016 ","7680x4320","No",5,48,"72 "
"Pascal P107 ","1920 x 1080","1366 ","Yes",1,"Nvidia","75 ","4096  ","112.1","128  ","1752 ","GDDR5","GeForce GTX 1050 Ti Colorful iGame S-4G 4GB","47 ","16","32","
25-Oct-2016 ","7680x4320","No",5,48,"71 "
"Pascal P107 ","1920 x 1080","1354 ","Yes",1,"Nvidia","75 ","4096  ","112.1","128  ","1752 ","GDDR5","GeForce GTX 1050 Ti EVGA SC Gaming 4GB","47 ","16","32","
Unknown Release Date ","7680x4320","No",5,48,"70 "
"Pascal P107 ","1920 x 1080","1290 ","Yes",1,"Nvidia","75 ","4096  ","112.1","128  ","1752 ","GDDR5","GeForce GTX 1050 Ti Asus Expedition 4GB","45 ","16","32","
Unknown Release Date ","7680x4320","No",5,48,"67 "
"Pascal P107 ","1600 x 900","1354 ","Yes",1,"Nvidia","75 ","2048  ","112.1","128  ","1752 ","GDDR5","GeForce GTX 1050 Palit StormX 2GB","47 ","14","32","
Unknown Release Date ","7680x4320","No",5,40,"58 "
"Pascal P107 ","1920 x 1080","1290 ","Yes",1,"Nvidia","75 ","4096  ","112.1","128  ","1752 ","GDDR5","GeForce GTX 1050 Ti Asus Dual 4GB","45 ","16","32","
Unknown Release Date ","7680x4320","No",5,48,"67 "
"Pascal P107 ","1920 x 1080","1290 ","Yes",1,"Nvidia","75 ","4096  ","112.1","128  ","1752 ","GDDR5","GeForce GTX 1050 Ti 4GB","45 ","16","32","
18-Oct-2016 ","7680x4320","No",5,48,"67 "
"Pascal P107 ","1920 x 1080","1290 ","Yes",1,"Nvidia","75 ","4096  ","112.1","128  ","1752 ","GDDR5","GeForce GTX 1050 Ti Asus Pheonix 4GB","45 ","16","32","
25-Oct-2016 ","7680x4320","No",5,48,"67 "
"Pascal P107 ","1600 x 900","1354 ","Yes",1,"Nvidia","75 ","2048  ","112.1","128  ","1752 ","GDDR5","GeForce GTX 1050 PNY 2GB","47 ","14","32","
20-Oct-2016 ","7680x4320","No",5,40,"58 "
"Pascal P107 ","1600 x 900","1404 ","Yes",1,"Nvidia","75 ","2048  ","112.1","128  ","1752 ","GDDR5","GeForce GTX 1050 MSI OC T 2GB","49 ","14","32","
01-Nov-2016 ","7680x4320","No",5,40,"61 "
"Pascal P107 ","1600 x 900","1379 ","Yes",1,"Nvidia","75 ","2048  ","112.1","128  ","1752 ","GDDR5","GeForce GTX 1050 MSI Gaming 2GB","48 ","14","32","
01-Nov-2016 ","7680x4320","No",5,40,"60 "
"Pascal P107 ","1600 x 900","1404 ","Yes",1,"Nvidia","75 ","2048  ","112.1","128  ","1752 ","GDDR5","GeForce GTX 1050 MSI OC 2GB","49 ","14","32","
01-Nov-2016 ","7680x4320","No",5,40,"61 "
"Pascal P107 ","1600 x 900","1442 ","Yes",1,"Nvidia","75 ","2048  ","112.1","128  ","1752 ","GDDR5","GeForce GTX 1050 MSI Gaming X 2GB","50 ","14","32","
01-Nov-2016 ","7680x4320","No",5,40,"62 "
"Pascal P107 ","1600 x 900","1366 ","Yes",1,"Nvidia","75 ","2048  ","112.1","128  ","1752 ","GDDR5","GeForce GTX 1050 KFA2 OC 2GB","47 ","14","32","
Unknown Release Date ","7680x4320","No",5,40,"59 "
"Pascal P107 ","1600 x 900","1354 ","Yes",1,"Nvidia","75 ","2048  ","112.1","128  ","1752 ","GDDR5","GeForce GTX 1050 MSI 2GB","47 ","14","32","
01-Nov-2016 ","7680x4320","No",5,40,"58 "
"Pascal P107 ","1600 x 900","1354 ","Yes",1,"Nvidia","75 ","2048  ","112.1","128  ","1752 ","GDDR5","GeForce GTX 1050 Inno3D Twin X2 2GB","47 ","14","32","
Unknown Release Date ","7680x4320","No",5,40,"58 "
"Pascal P107 ","1600 x 900","1404 ","Yes",1,"Nvidia","75 ","2048  ","112.1","128  ","1752 ","GDDR5","GeForce GTX 1050 Gigabyte OC 2GB","49 ","14","32","
01-Nov-2016 ","7680x4320","No",5,40,"61 "
"Pascal P107 ","1600 x 900","1379 ","Yes",1,"Nvidia","75 ","2048  ","112.1","128  ","1752 ","GDDR5","GeForce GTX 1050 Gigabyte D5 2GB","48 ","14","32","
01-Nov-2016 ","7680x4320","No",5,40,"60 "
"Pascal P107 ","1600 x 900","1366 ","Yes",1,"Nvidia","75 ","2048  ","112.1","128  ","1752 ","GDDR5","GeForce GTX 1050 Galax OC 2GB","47 ","14","32","
01-Nov-2016 ","7680x4320","No",5,40,"59 "
"Pascal P107 ","1600 x 900","1354 ","Yes",1,"Nvidia","75 ","2048  ","112.1","128  ","1752 ","GDDR5","GeForce GTX 1050 Inno3D 2GB","47 ","14","32","
Unknown Release Date ","7680x4320","No",5,40,"58 "
"Pascal P107 ","1600 x 900","1417 ","Yes",3,"Nvidia","75 ","2048  ","112.1","128  ","1752 ","GDDR5","GeForce GTX 1050 Gigabyte Windforce OC 2GB","49 ","14","32","
Unknown Release Date ","7680x4320","No",5,40,"61 "
"Pascal P107 ","1600 x 900","1442 ","Yes",3,"Nvidia","75 ","2048  ","112.1","128  ","1752 ","GDDR5","GeForce GTX 1050 Gigabyte G1 Gaming 2GB","50 ","14","32","
Unknown Release Date ","7680x4320","No",5,40,"62 "
"Pascal P107 ","1600 x 900","1417 ","Yes",1,"Nvidia","75 ","2048  ","112.1","128  ","1752 ","GDDR5","GeForce GTX 1050 Galax EXOC 2GB","49 ","14","32","
01-Nov-2016 ","7680x4320","No",5,40,"61 "
"Pascal P107 ","1600 x 900","1354 ","Yes",1,"Nvidia","75 ","2048  ","112.1","128  ","1752 ","GDDR5","GeForce GTX 1050 FTW DT Gaming ACX 3.0 2GB","47 ","14","32","
Unknown Release Date ","7680x4320","No",5,40,"58 "
"Pascal P107 ","1600 x 900","1354 ","Yes",1,"Nvidia","75 ","2048  ","112.1","128  ","1752 ","GDDR5","GeForce GTX 1050 Gainward 2GB","47 ","14","32","
Unknown Release Date ","7680x4320","No",5,40,"58 "
"Pascal P107 ","1600 x 900","1430 ","Yes",1,"Nvidia","75 ","2048  ","112.1","128  ","1752 ","GDDR5","GeForce GTX 1050 EVGA SSC Gaming ACX 3.0 2GB","49 ","14","32","
Unknown Release Date ","7680x4320","No",5,40,"62 "
"Pascal P107 ","1600 x 900","1354 ","Yes",1,"Nvidia","75 ","2048  ","112.1","128  ","1752 ","GDDR5","GeForce GTX 1050 EVGA Gaming 2GB","47 ","14","32","
Unknown Release Date ","7680x4320","No",5,40,"58 "
"Pascal P107 ","1600 x 900","1442 ","Yes",1,"Nvidia","75 ","2048  ","112.1","128  ","1752 ","GDDR5","GeForce GTX 1050 Colorful iGame U-2G 2GB","50 ","14","32","
25-Oct-2016 ","7680x4320","No",5,40,"62 "
"Pascal P107 ","1600 x 900","1417 ","Yes",1,"Nvidia","75 ","2048  ","112.1","128  ","1752 ","GDDR5","GeForce GTX 1050 EVGA SC Gaming 2GB","49 ","14","32","
Unknown Release Date ","7680x4320","No",5,40,"61 "
"Kepler GK104-400-A2 ","1920 x 1080","1110 ","Yes",3,"Nvidia",NA,"2048  ","192.3","256  ","1502 ","GDDR5","GeForce GTX 680 KFA2 LTD OC 2GB Edition","38 ","28","32","
01-Aug-2012 ","4096x2160","Yes",5,128,"151 "
"Pascal P107 ","1600 x 900","1354 ","Yes",1,"Nvidia","75 ","2048  ","112.1","128  ","1752 ","GDDR5","GeForce GTX 1050","47 ","14","32","
01-Nov-2016 ","7680x4320","Yes",5,40,"58 "
"Pascal ","1920 x 1080",NA,"Yes",1,"Nvidia","30 ","2048  ","32","64  ","1000 ","GDDR5","GeForce GT 1030","24 ","16","16","
17-May-2017 ","3840x2160","No",5,32,"48 "
"Pascal P107 ","1600 x 900","1442 ","Yes",1,"Nvidia","75 ","2048  ","112.1","128  ","1752 ","GDDR5","GeForce GTX 1050 EVGA FTW Gaming ACX 3.0 2GB","50 ","14","32","
Unknown Release Date ","7680x4320","No",5,40,"62 "
"Kepler GK104-400-A2 ","1920 x 1080","1100 ","Yes",1,"Nvidia",NA,"2048  ","192.3","256  ","1502 ","GDDR5","GeForce GTX 680 Lightning Edition","38 ","28","32","
01-Jun-2012 ","4096x2160","Yes",5,128,"151 "
"Kepler GK104-400-A2 ","1920 x 1080","1071 ","Yes",1,"Nvidia",NA,"2048  ","192.3","256  ","1502 ","GDDR5","GeForce GTX 680 Gigabyte OC Edition","36 ","28","32","
01-Apr-2012 ","4096x2160","Yes",5,128,"146 "
"Kepler GK104-400-A2 ","1920 x 1080","1006 ","Yes",1,"Nvidia","195 ","2048  ","192.3","256  ","1502 ","GDDR5","GeForce GTX 680 KFA2 2GB Edition","34 ","28","32","
01-Mar-2012 ","4096x2160","Yes",5,128,"135 "
"Kepler GK104-400-A2 ","1920 x 1080","1006 ","Yes",1,"Nvidia","195 ","4096  ","192.3","256  ","1502 ","GDDR5","GeForce GTX 680 Inno3D HerculeZ 2000 4GB Edition","34 ","28","32","
07-Nov-2012 ","4096x2160","Yes",5,128,"135 "
"Kepler GK104-400-A2 ","1920 x 1080","1137 ","Yes",1,"Nvidia",NA,"2048  ","198.4","256  ","1550 ","GDDR5","GeForce GTX 680 Gigabyte SO 2GB Edition","38 ","28","32","
01-Aug-2012 ","4096x2160","Yes",5,128,"154 "
"Kepler GK104-400-A2 ","1920 x 1080","1150 ","Yes",1,"Nvidia","195 ","2048  ","201.6","256  ","1575 ","GDDR5","GeForce GTX 680 Hydro Copper Edition ","39 ","28","32","
01-Mar-2012 ","4096x2160","Yes",5,128,"156 "
"Kepler GK104-400-A2 ","1920 x 1080","1110 ","Yes",1,"Nvidia","195 ","4096  ","192.3","256  ","1502 ","GDDR5","GeForce GTX 680 Galaxy Edition","38 ","28","32","
01-May-2012 ","4096x2160","Yes",5,128,"151 "
"Kepler GK104-400-A2 ","1920 x 1080","1202 ","Yes",3,"Nvidia","195 ","2048  ","192.3","256  ","1502 ","GDDR5","GeForce GTX 680 Galaxy 2GB SOC Edition","41 ","28","32","
01-Oct-2012 ","4096x2160","Yes",5,128,"162 "
"Kepler GK104-400-A2 ","1920 x 1080","1110 ","Yes",3,"Nvidia","195 ","2048  ","192.3","256  ","1502 ","GDDR5","GeForce GTX 680 Galaxy 2GB OC Edition","38 ","28","32","
01-Feb-2012 ","4096x2160","Yes",5,128,"151 "
"Kepler GK104-400-A2 ","1920 x 1080","1084 ","Yes",1,"Nvidia","195 ","4096  ","192.3","256  ","1502 ","GDDR5","GeForce GTX 680 FTW 4GB Edition ","35 ","28","32","
01-May-2012 ","4096x2160","Yes",5,128,"139 "
"Kepler GK104-400-A2 ","1920 x 1080","1006 ","Yes",1,"Nvidia","195 ","4096  ","192.3","256  ","1502 ","GDDR5","GeForce GTX 680 Gainward 2GB Edition","34 ","28","32","
22-May-2012 ","4096x2160","Yes",5,128,"135 "
"Kepler GK104-400-A2 ","1920 x 1080","1071 ","Yes",1,"Nvidia",NA,"4096  ","192.3","256  ","1502 ","GDDR5","GeForce GTX 680 Gigabyte OC 4GB Edition","36 ","28","32","
01-Apr-2012 ","4096x2160","Yes",5,128,"146 "
"Kepler GK104-400-A2 ","1920 x 1080","1097 ","Yes",1,"Nvidia","195 ","2048  ","198.7","256  ","1552 ","GDDR5","GeForce GTX 680 EVGA SC Signature 2 Edition","37 ","28","32","
01-Dec-2012 ","4096x2160","Yes",5,128,"149 "
"Kepler GK104-400-A2 ","1920 x 1080","1110 ","Yes",1,"Nvidia",NA,"2048  ","192.3","256  ","1502 ","GDDR5","GeForce GTX 680 EXO 2GB Edition","38 ","28","32","
01-Sep-2012 ","4096x2160","Yes",5,128,"151 "
"Kepler GK104-400-A2 ","1920 x 1080","1058 ","Yes",1,"Nvidia","195 ","2048  ","198.7","256  ","1552 ","GDDR5","GeForce GTX 680 EVGA SC Edition","36 ","28","32","
22-Mar-2012 ","4096x2160","Yes",5,128,"144 "
"Kepler GK104-400-A2 ","1920 x 1080","1084 ","Yes",1,"Nvidia","195 ","2048  ","192.3","256  ","1502 ","GDDR5","GeForce GTX 680 EVGA SC Signature+ Edition","37 ","28","32","
01-May-2012 ","4096x2160","Yes",5,128,"147 "
"Kepler GK104-400-A2 ","1920 x 1080","1084 ","Yes",1,"Nvidia","195 ","2048  ","198.7","256  ","1552 ","GDDR5","GeForce GTX 680 EVGA SC Signature Edition","37 ","28","32","
01-May-2012 ","4096x2160","Yes",5,128,"147 "
"Kepler GK104-400-A2 ","1920 x 1080","1111 ","Yes",1,"Nvidia",NA,"4096  ","192.3","256  ","1502 ","GDDR5","GeForce GTX 680 EVGA Classified Edition","38 ","28","32","
01-Feb-2012 ","4096x2160","Yes",5,128,"151 "
"Kepler GK104-400-A2 ","1920 x 1080","1110 ","Yes",1,"Nvidia",NA,"4096  ","192.3","256  ","1502 ","GDDR5","GeForce GTX 680 EX OC 4GB Edition","38 ","28","32","
01-Aug-2012 ","4096x2160","Yes",5,128,"151 "
"Kepler GK104-400-A2 ","1920 x 1080","1006 ","Yes",1,"Nvidia","225 ","4096  ","192.3","256  ","1502 ","GDDR5","GeForce GTX 680 Asus DirectCU II 4GB Edition","34 ","28","32","
07-Nov-2012 ","4096x2160","Yes",5,128,"135 "
"Kepler GK104-400-A2 ","1920 x 1080","1006 ","Yes",1,"Nvidia","195 ","2048  ","192.3","256  ","1502 ","GDDR5","GeForce GTX 680","34 ","28","32","
22-Mar-2012 ","4096x2160","Yes",5,128,"135 "
"Kepler GK104-325-A2 ","1920 x 1080","928 ","Yes",1,"Nvidia",NA,"4096  ","192.3","256  ","1502 ","GDDR5","GeForce GTX 670 Zotac 4GB OC Edition","32 ","28","32","
01-Feb-2012 ","4096x2160","Yes",5,112,"113 "
"Kepler GK104-400-A2 ","1920 x 1080","1137 ","Yes",1,"Nvidia",NA,"2048  ","192.3","256  ","1502 ","GDDR5","GeForce GTX 680 Direct CU II TOP","38 ","28","32","
01-May-2012 ","4096x2160","Yes",5,128,"154 "
"Kepler GK104-325-A2 ","1920 x 1080","1098 ","Yes",1,"Nvidia",NA,"2048  ","211.5","256  ","1652 ","GDDR5","GeForce GTX 670 Zotac AMP Edition","38 ","28","32","
01-May-2012 ","4096x2160","Yes",5,112,"132 "
"Kepler GK104-400-A2 ","1920 x 1080","1058 ","Yes",1,"Nvidia",NA,"2048  ","192.3","256  ","1502 ","GDDR5","GeForce GTX 680 Asus OC 2GB Edition","36 ","28","32","
01-May-2012 ","4096x2160","Yes",5,128,"146 "
"Kepler GK104-325-A2 (x2) ","1920 x 1080","915 ","Yes",0,"Nvidia","340 ","4096  ","384.5","256  ","1502 ","GDDR5","GeForce GTX 670 SLI","63 ","28","32 (x2)","
01-May-2012 ","4096x2160","Yes",5,112,"220 "
"Kepler GK104-325-A2 ","1920 x 1080","915 ","Yes",1,"Nvidia","170 ","2048  ","192.3","256  ","1502 ","GDDR5","GeForce GTX 670 Palit 2GB Edition","31 ","28","32","
10-May-2012 ","4096x2160","Yes",5,112,"110 "
"Kepler GK104-325-A2 ","1920 x 1080","967 ","Yes",1,"Nvidia",NA,"2048  ","192.3","256  ","1502 ","GDDR5","GeForce GTX 670 SC 2GB Edition","33 ","28","32","
01-May-2012 ","4096x2160","Yes",5,112,"117 "
"Kepler GK104-325-A2 ","1920 x 1080","915 ","Yes",1,"Nvidia","170 ","2048  ","192.3","256  ","1502 ","GDDR5","GeForce GTX 670 PNY 2GB Edition","31 ","28","32","
01-May-2012 ","4096x2160","Yes",5,112,"110 "
"Kepler GK104-325-A2 ","1920 x 1080","1006 ","Yes",1,"Nvidia","185 ","2048  ","195.5","256  ","1527 ","GDDR5","GeForce GTX 670 Jetstream 2GB Edition","35 ","28","32","
01-May-2012 ","4096x2160","Yes",5,112,"121 "
"Kepler GK104-325-A2 ","1920 x 1080","980 ","Yes",1,"Nvidia","180 ","4096  ","192.3","256  ","1502 ","GDDR5","GeForce GTX 670 Gigabyte 3xWindForce 4GB Edition","34 ","28","32","
01-May-2012 ","4096x2160","Yes",5,112,"118 "
"Kepler GK104-325-A2 ","1920 x 1080","965 ","Yes",1,"Nvidia","170 ","2048  ","192.3","256  ","1502 ","GDDR5","GeForce GTX 670 MSI OC Edition","33 ","28","32","
01-May-2012 ","4096x2160","Yes",5,112,"117 "
"Kepler GK104-325-A2 ","1920 x 1080","980 ","Yes",1,"Nvidia","180 ","2048  ","192.3","256  ","1502 ","GDDR5","GeForce GTX 670 Gigabyte 3xWindForce Edition","34 ","28","32","
01-May-2012 ","4096x2160","Yes",5,112,"118 "
"Kepler GK104-325-A2 ","1920 x 1080","1006 ","Yes",1,"Nvidia",NA,"2048  ","195.5","256  ","1527 ","GDDR5","GeForce GTX 670 Gainward Phantom Edition","35 ","28","32","
01-May-2012 ","4096x2160","Yes",5,112,"121 "
"Kepler GK104-325-A2 ","1920 x 1080","941 ","Yes",1,"Nvidia",NA,"2048  ","192.3","256  ","1502 ","GDDR5","GeForce GTX 670 Gigabyte 2xWindForce Edition","33 ","28","32","
01-May-2012 ","4096x2160","Yes",5,112,"114 "
"Kepler GK104-325-A2 ","1920 x 1080","1006 ","Yes",1,"Nvidia","170 ","2048  ","192.3","256  ","1502 ","GDDR5","GeForce GTX 670 Galaxy GC 2GB Edition","35 ","28","32","
01-May-2012 ","4096x2160","Yes",5,112,"122 "
"Kepler GK104-325-A2 ","1920 x 1080","967 ","Yes",1,"Nvidia","170 ","4096  ","192.3","256  ","1502 ","GDDR5","GeForce GTX 670 SC+ 4GB Edition","33 ","28","32","
01-May-2012 ","4096x2160","Yes",5,112,"117 "
"Kepler GK104-325-A2 ","1920 x 1080","1006 ","Yes",1,"Nvidia","170 ","4096  ","192.3","256  ","1502 ","GDDR5","GeForce GTX 670 Galaxy GC 4GB Edition","35 ","28","32","
01-May-2012 ","4096x2160","Yes",5,112,"122 "
"Kepler GK104-325-A2 ","1920 x 1080","1006 ","Yes",1,"Nvidia","225 ","2048  ","198.7","256  ","1552 ","GDDR5","GeForce GTX 670 FTW 2GB","32 ","28","32","
01-May-2012 ","4096x2160","Yes",5,112,"113 "
"Kepler GK104-325-A2 ","1920 x 1080","1006 ","Yes",1,"Nvidia","170 ","2048  ","198.7","256  ","1552 ","GDDR5","GeForce GTX 670 FTW SIG2 2GB Edition","35 ","28","32","
01-Dec-2012 ","4096x2160","Yes",5,112,"121 "
"Kepler GK104-325-A2 ","1920 x 1080","1006 ","Yes",1,"Nvidia","170 ","4096  ","192.3","256  ","1502 ","GDDR5","GeForce GTX 670 EVGA FTW+ 4GB Edition","35 ","28","32","
01-May-2012 ","4096x2160","Yes",5,112,"121 "
"Kepler GK104-325-A2 ","1920 x 1080","915 ","Yes",1,"Nvidia","170 ","2048  ","192.3","256  ","1502 ","GDDR5","GeForce GTX 670 Gainward 2GB Edition","31 ","28","32","
01-May-2012 ","4096x2160","Yes",5,112,"110 "
"Kepler GK104-325-A2 ","1920 x 1080","1019 ","Yes",1,"Nvidia",NA,"2048  ","192.3","256  ","1502 ","GDDR5","GeForce GTX 670 MSI Power Edition","35 ","28","32","
01-Jun-2012 ","4096x2160","Yes",5,112,"121 "
"Kepler GK104-325-A2 ","1920 x 1080","941 ","Yes",1,"Nvidia","170 ","2048  ","192.3","256  ","1502 ","GDDR5","GeForce GTX 670 FTW 2GB LE Edition","33 ","28","32","
01-May-2012 ","4096x2160","Yes",5,112,"114 "
"Kepler GK104-325-A2 (x2) ","1920 x 1080","1006 ","Yes",1,"Nvidia","450 ","4096  ","397.3","256  ","1552 ","GDDR5","GeForce GTX 670 FTW 2GB Edition SLI","64 ","28","32 (x2)","
01-May-2012 ","4096x2160","Yes",5,112,"225 "
"Kepler GK104-325-A2 ","1920 x 1080","1058 ","Yes",1,"Nvidia",NA,"2048  ","192.3","256  ","1502 ","GDDR5","GeForce GTX 670 DirectCU II Top Edition","36 ","28","32","
01-May-2012 ","4096x2160","Yes",5,112,"127 "
"Kepler GK104-325-A2 ","1920 x 1080","915 ","Yes",1,"Nvidia","170 ","2048  ","192.3","256  ","1502 ","GDDR5","GeForce GTX 670 EVGA 2GB Edition","31 ","28","32","
01-May-2012 ","4096x2160","Yes",5,112,"110 "
"Kepler GK104-325-A2 ","1920 x 1080","980 ","Yes",1,"Nvidia",NA,"2048  ","192.3","256  ","1502 ","GDDR5","GeForce GTX 670 DirectCU II OC Edition","34 ","28","32","
01-May-2012 ","4096x2160","Yes",5,112,"118 "
"Kepler GK104-325-A2 ","1920 x 1080","928 ","Yes",1,"Nvidia",NA,"2048  ","192.3","256  ","1502 ","GDDR5","GeForce GTX 670 DirectCU II Mini Edition","32 ","28","32","
01-Apr-2013 ","4096x2160","Yes",5,112,"113 "
"Kepler GK104-325-A2 (x2) ","1920 x 1080","1006 ","Yes",1,"Nvidia","340 ","4096  ","384.5","512  ","1502 ","GDDR5","GeForce GTX 670 EVGA FTW+ 4GB Edition SLI","69 ","28","64","
01-May-2012 ","4096x2160","No",5,224,"243 "
"Kepler GK104-325-A2 ","1920 x 1080","915 ","Yes",1,"Nvidia","170 ","4096  ","192.3","256  ","1502 ","GDDR5","GeForce GTX 670 Asus DirectCU II 4GB Edition","31 ","28","32","
21-Aug-2012 ","4096x2160","Yes",5,112,"110 "
"Kepler GK104-325-A2 ","1920 x 1080","915 ","Yes",1,"Nvidia","170 ","2048  ","192.3","256  ","1502 ","GDDR5","GeForce GTX 670","31 ","28","32","
10-May-2012 ","4096x2160","Yes",5,112,"110 "
"Kepler GK106-400-A1 ","1920 x 1080","993 ","Yes",1,"Nvidia","140 ","2048  ","144.2","192  ","1502 ","GDDR5","GeForce GTX 660 Zotac Synergy Edition","25 ","28","24","
01-Sep-2012 ","4096x2160","Yes",5,80,"85 "
"Kepler GK106-400-A1 ","1920 x 1080","993 ","Yes",1,"Nvidia",NA,"2048  ","144.2","192  ","1502 ","GDDR5","GeForce GTX 660 Zotac Edition","25 ","28","24","
01-Sep-2012 ","4096x2160","Yes",5,80,"85 "
"Kepler GK106-400-A1 ","1920 x 1080","1046 ","Yes",1,"Nvidia",NA,"2048  ","158.6","192  ","1652 ","GDDR5","GeForce GTX 660 Zotac AMP Edition","27 ","28","24","
01-Sep-2012 ","4096x2160","Yes",5,80,"89 "
"Kepler GK106-450-A1 ","1920 x 1080","993 ","Yes",1,"Nvidia","140 ","2048  ","144.2","192  ","1502 ","GDDR5","GeForce GTX 660 v2","25 ","28","24","
13-Sep-2014 ","4096x2160","Yes",5,80,"85 "
"Kepler GK106-400-A1 (x2) ","1920 x 1080","1033 ","Yes",1,"Nvidia",NA,"4096  ","288.4","192  ","1502 ","GDDR5","GeForce GTX 660 Twin Frozr OC Edition SLI","53 ","28","24 (x2)","
01-Sep-2012 ","4096x2160","Yes",5,80,"176 "
"Kepler GK104-325-A2 ","1920 x 1080","915 ","Yes",1,"Nvidia",NA,"2048  ","192.3","256  ","1502 ","GDDR5","GeForce GTX 670 DirectCU II Edition","31 ","28","32","
01-May-2012 ","4096x2160","Yes",5,112,"110 "
"Kepler GK106-400-A1 ","1920 x 1080","1033 ","Yes",1,"Nvidia",NA,"2048  ","144.2","192  ","1502 ","GDDR5","GeForce GTX 660 WindForce 2X OC Edition","26 ","28","24","
01-Sep-2012 ","4096x2160","Yes",5,80,"88 "
"Kepler GK106-400-A1 ","1920 x 1080","980 ","Yes",1,"Nvidia",NA,"2048  ","144.2","192  ","1502 ","GDDR5","GeForce GTX 660 Twin Frozr Edition","25 ","28","24","
01-Sep-2012 ","4096x2160","Yes",5,80,"83 "
"Kepler GK106-400-A1 ","1920 x 1080","1033 ","Yes",1,"Nvidia",NA,"2048  ","144.2","192  ","1502 ","GDDR5","GeForce GTX 660 Twin Frozr OC Edition","26 ","28","24","
01-Sep-2012 ","4096x2160","Yes",5,80,"88 "
"Kepler GK104-300-KD-A2 ","1920 x 1080","928 ","Yes",1,"Nvidia","150 ","2048  ","144.2","192  ","1502 ","GDDR5","GeForce GTX 660 Ti Zotac Edition","24 ","28","24","
01-Aug-2012 ","4096x2160","Yes",5,112,"113 "
"Kepler GK104-300-KD-A2 ","1920 x 1080","1098 ","Yes",1,"Nvidia",NA,"2048  ","158.6","192  ","1652 ","GDDR5","GeForce GTX 660 Ti Zotac AMP Extreme Edition","28 ","28","24","
01-Sep-2012 ","4096x2160","Yes",5,112,"132 "
"Kepler GK104-300-KD-A2 ","1920 x 1080","1033 ","Yes",2,"Nvidia",NA,"2048  ","158.6","192  ","1652 ","GDDR5","GeForce GTX 660 Ti Zotac AMP Edition","27 ","28","24","
01-Aug-2012 ","4096x2160","Yes",5,112,"124 "
"Kepler GK104-300-KD-A2 ","1920 x 1080","1032 ","Yes",1,"Nvidia","150 ","2048  ","144.2","192  ","1502 ","GDDR5","GeForce GTX 660 Ti WindForce 2X OC Edition","27 ","28","24","
16-Aug-2012 ","4096x2160","Yes",5,112,"124 "
"Kepler GK104-300-KD-A2 ","1920 x 1080","967 ","Yes",1,"Nvidia","150 ","3072  ","144.2","192  ","1502 ","GDDR5","GeForce GTX 660 Ti Twin Frozr 3GB Edition","25 ","28","24","
01-Aug-2012 ","4096x2160","Yes",5,112,"117 "
"Kepler GK104-300-KD-A2 ","1920 x 1080","980 ","Yes",1,"Nvidia","150 ","3072  ","144.2","192  ","1502 ","GDDR5","GeForce GTX 660 Ti SC+ 3GB w/Backplate","25 ","28","24","
01-Sep-2012 ","4096x2160","Yes",5,112,"119 "
"Kepler GK104-200-KD-A2 (x2) ","1920 x 1080","915 ","Yes",0,"Nvidia","300 ","4096  ","288.4","192  ","1502 ","GDDR5","GeForce GTX 660 Ti SLI","47 ","28","24 (x2)","
01-Aug-2012 ","4096x2160","Yes",5,112,"220 "
"Kepler GK104-300-KD-A2 ","1920 x 1080","1019 ","Yes",1,"Nvidia",NA,"2048  ","144.2","192  ","1502 ","GDDR5","GeForce GTX 660 Ti Power OC Edition","26 ","28","24","
01-Aug-2012 ","4096x2160","Yes",5,112,"123 "
"Kepler GK104-300-KD-A2 ","1920 x 1080","915 ","Yes",1,"Nvidia","190 ","2048  ","144.2","192  ","1502 ","GDDR5","GeForce GTX 660 Ti Power Edition","24 ","28","24","
01-Aug-2012 ","4096x2160","Yes",5,112,"110 "
"Kepler GK104-300-KD-A2 ","1920 x 1080","915 ","Yes",1,"Nvidia","150 ","2048  ","144.2","192  ","1502 ","GDDR5","GeForce GTX 660 Ti PNY Edition ","24 ","28","24","
01-Aug-2012 ","4096x2160","Yes",5,112,"110 "
"Kepler GK104 ","1920 x 1080","1019 ","Yes",1,"Nvidia","300 ","4096  ","288.4","192  ","1502 ","GDDR5","GeForce GTX 660 Ti Power OC Edition SLI","53 ","28","24 (x2)","
01-Aug-2012 ","4096x2160","Yes",5,112,"246 "
"Kepler GK104-300-KD-A2 ","1920 x 1080","1033 ","Yes",1,"Nvidia","150 ","2048  ","144.2","192  ","1502 ","GDDR5","GeForce GTX 660 Ti MSI Gaming OC Edition","26 ","28","24","
01-Aug-2012 ","4096x2160","Yes",5,112,"123 "
"Kepler GK104-300-KD-A2 ","1920 x 1080","1006 ","Yes",1,"Nvidia","150 ","3072  ","144.2","192  ","1502 ","GDDR5","GeForce GTX 660 Ti KFA² EX OC 3GB Edition","26 ","28","24","
16-Aug-2012 ","4096x2160","Yes",5,112,"121 "
"Kepler GK104-300-KD-A2 ","1920 x 1080","941 ","Yes",1,"Nvidia",NA,"2048  ","144.2","192  ","1502 ","GDDR5","GeForce GTX 660 Ti MSI OC v1 Edition","24 ","28","24","
01-Oct-2012 ","4096x2160","Yes",5,112,"114 "
"Kepler GK104-300-KD-A2 ","1920 x 1080","1006 ","Yes",1,"Nvidia","150 ","2048  ","144.2","192  ","1502 ","GDDR5","GeForce GTX 660 Ti KFA² EX OC 2GB Edition","26 ","28","24","
16-Aug-2012 ","4096x2160","Yes",5,112,"121 "
"Kepler GK104-300-KD-A2 ","1920 x 1080","915 ","Yes",1,"Nvidia","150 ","2048  ","144.2","192  ","1502 ","GDDR5","GeForce GTX 660 Ti Inno3D Edition","24 ","28","24","
01-Aug-2012 ","4096x2160","Yes",5,112,"110 "
"Kepler GK104-300-KD-A2 ","1920 x 1080","1006 ","Yes",1,"Nvidia","160 ","2048  ","146.6","192  ","1527 ","GDDR5","GeForce GTX 660 Ti JetStream Edition","26 ","28","24","
01-Aug-2012 ","4096x2160","Yes",5,112,"121 "
"Kepler GK104-300-KD-A2 (x2) ","2560 x 1440","1032 ","Yes",1,"Nvidia","300 ","4096  ","288.4","192  ","1502 ","GDDR5","GeForce GTX 660 Ti Gigabyte WindForce 2X OC 2GB Edition SLI","53 ","28","24 (x2)","
16-Aug-2012 ","4096x2160","Yes",5,112,"249 "
"Kepler GK104-300-KD-A2 ","1920 x 1080","1006 ","Yes",1,"Nvidia","150 ","3072  ","144.2","192  ","1502 ","GDDR5","GeForce GTX 660 Ti GC 3GB Edition","26 ","28","24","
01-Aug-2012 ","4096x2160","Yes",5,112,"121 "
"Kepler GK104-300-KD-A2 ","1920 x 1080","1032 ","Yes",1,"Nvidia","150 ","3072  ","144.2","192  ","1502 ","GDDR5","GeForce GTX 660 Ti Gigabyte OC 3GB Edition","27 ","28","24","
01-Aug-2012 ","4096x2160","Yes",5,112,"124 "
"Kepler GK104-300-KD-A2 ","1920 x 1080","915 ","Yes",1,"Nvidia",NA,"2048  ","144.2","192  ","1502 ","GDDR5","GeForce GTX 660 Ti Gainward Edition","24 ","28","24","
01-Aug-2012 ","4096x2160","Yes",5,112,"110 "
"Kepler GK104-300-KD-A2 ","1920 x 1080","1006 ","Yes",1,"Nvidia",NA,"2048  ","146.6","192  ","1527 ","GDDR5","GeForce GTX 660 Ti Gainward Phantom Edition","26 ","28","24","
01-Aug-2012 ","4096x2160","Yes",5,112,"121 "
"Kepler GK104-300-KD-A2 ","1920 x 1080","1046 ","Yes",1,"Nvidia","150 ","2048  ","144.2","192  ","1502 ","GDDR5","GeForce GTX 660 Ti FTW Signature 2 Edition","27 ","28","24","
01-Sep-2012 ","4096x2160","Yes",5,112,"126 "
"Kepler GK104-300-KD-A2 ","1920 x 1080","1006 ","Yes",1,"Nvidia","150 ","2048  ","144.2","192  ","1502 ","GDDR5","GeForce GTX 660 Ti GC 2GB Edition","26 ","28","24","
01-Aug-2012 ","4096x2160","Yes",5,112,"121 "
"Kepler GK104-300-KD-A2 ","1920 x 1080","1059 ","Yes",1,"Nvidia",NA,"2048  ","144.2","192  ","1502 ","GDDR5","GeForce GTX 660 Ti Direct CU II Top Edition","27 ","28","24","
01-Aug-2012 ","4096x2160","Yes",5,112,"127 "
"Kepler GK104-300-KD-A2 ","1920 x 1080","1084 ","Yes",1,"Nvidia","150 ","2048  ","146.4","192  ","1525 ","GDDR5","GeForce GTX 660 Ti Asus Dragon DirectCU II TOP 2GB Edition","28 ","28","24","
01-Jun-2013 ","4096x2160","Yes",5,112,"129 "
"Kepler GK104-300-KD-A2 ","1920 x 1080","980 ","Yes",1,"Nvidia","150 ","2048  ","144.2","192  ","1502 ","GDDR5","GeForce GTX 660 Ti EVGA SC Edition","25 ","28","24","
01-Aug-2012 ","4096x2160","Yes",5,112,"119 "
"Kepler GK104-300-KD-A2 ","1920 x 1080","915 ","Yes",1,"Nvidia","225 ","2048  ","144.2","192  ","1502 ","GDDR5","GeForce GTX 660 Ti Direct CU II Edition","24 ","28","24","
01-Aug-2012 ","4096x2160","Yes",5,112,"110 "
"Kepler GK104-300-KD-A2 ","1920 x 1080","1046 ","Yes",1,"Nvidia","150 ","2048  ","144.2","192  ","1502 ","GDDR5","GeForce GTX 660 Ti EVGA FTW Edition","27 ","28","24","
01-Oct-2012 ","4096x2160","Yes",5,112,"126 "
"Kepler GK104-200-KD-A2 (x3) ","1920 x 1080","915 ","Yes",0,"Nvidia","450 ","6144  ","432.6","192  ","1502 ","GDDR5","GeForce GTX 660 Ti 3-way SLI","71 ","28","24 (x3)","
01-Aug-2012 ","4096x2160","Yes",5,112,"329 "
"Kepler GK106-400-A1 ","1920 x 1080","1006 ","Yes",1,"Nvidia","140 ","2048  ","146.6","192  ","1527 ","GDDR5","GeForce GTX 660 Palit OC 2GB Edition","26 ","28","24","
01-Sep-2012 ","4096x2160","Yes",5,80,"86 "
"Kepler GK104-300-KD-A2 ","1920 x 1080","915 ","Yes",1,"Nvidia","150 ","2048  ","144.2","192  ","1502 ","GDDR5","GeForce GTX 660 Ti","24 ","28","24","
16-Aug-2012 ","4096x2160","Yes",5,112,"110 "
"Kepler GK104-300-KD-A2 ","1920 x 1080","967 ","Yes",1,"Nvidia","225 ","2048  ","144.2","192  ","1502 ","GDDR5","GeForce GTX 660 Ti Direct CU II OC Edition","25 ","28","24","
01-Sep-2012 ","4096x2160","Yes",5,112,"118 "
"Kepler GK104-300-KD-A2 ","1920 x 1080","1106 ","Yes",1,"Nvidia","150 ","2048  ","163.4","192  ","1702 ","GDDR5","GeForce GTX 660 Ti Colorful iGame ARES X 2GB Edition","29 ","28","24","
16-Aug-2012 ","4096x2160","Yes",5,112,"134 "
"Kepler GK106-400-A1 ","1920 x 1080","980 ","Yes",1,"Nvidia","140 ","2048  ","144.2","192  ","1502 ","GDDR5","GeForce GTX 660 Palit 2GB Edition","25 ","28","24","
06-Sep-2012 ","4096x2160","Yes",5,80,"83 "
"Kepler GK106-400-A1 ","1920 x 1080","1006 ","Yes",1,"Nvidia",NA,"2048  ","144.2","192  ","1502 ","GDDR5","GeForce GTX 660 MSI Gaming 2GB Edition","26 ","28","24","
01-Sep-2013 ","4096x2160","Yes",5,80,"86 "
"Kepler GK106-400-A1 ","1920 x 1080","1006 ","Yes",1,"Nvidia",NA,"2048  ","144.2","192  ","1502 ","GDDR5","GeForce GTX 660 MSI OC 2GB Edition","26 ","28","24","
01-Oct-2012 ","4096x2160","Yes",5,80,"86 "
"Kepler GK106-400-A1 (x2) ","1920 x 1080","980 ","Yes",2,"Nvidia","280 ","4096  ","288.4","192  ","1502 ","GDDR5","GeForce GTX 660 SLI","50 ","28","24 (x2)","
01-Sep-2012 ","4096x2160","Yes",5,80,"165 "
"Kepler GK106-400-A1 ","1920 x 1080","1006 ","Yes",1,"Nvidia",NA,"2048  ","146.6","192  ","1527 ","GDDR5","GeForce GTX 660 Golden Sample Edition","26 ","28","24","
01-Oct-2012 ","4096x2160","Yes",5,80,"86 "
"Kepler GK106-400-A1 ","1920 x 1080","1085 ","Yes",1,"Nvidia",NA,"2048  ","144.2","192  ","1502 ","GDDR5","GeForce GTX 660 MSI Hawk 2GB Edition","28 ","28","24","
01-Oct-2012 ","4096x2160","Yes",5,80,"92 "
"Kepler GK106-400-A1 ","1920 x 1080","980 ","Yes",1,"Nvidia","140 ","2048  ","144.2","192  ","1502 ","GDDR5","GeForce GTX 660 Inno3D Edition","25 ","28","24","
01-Sep-2012 ","4096x2160","Yes",5,80,"83 "
"Kepler GK106-400-A1 ","1920 x 1080","1033 ","Yes",1,"Nvidia","140 ","3072  ","144.2","192  ","1502 ","GDDR5","GeForce GTX 660 Gigabyte OC 3GB Edition","26 ","28","24","
01-Sep-2012 ","4096x2160","Yes",5,80,"88 "
"Kepler GK106-400-A1 ","1920 x 1080","1033 ","Yes",1,"Nvidia",NA,"2048  ","144.2","192  ","1502 ","GDDR5","GeForce GTX 660 Gigabyte OC Edition","26 ","28","24","
01-Sep-2012 ","4096x2160","Yes",5,80,"88 "
"Kepler GK106-400-A1 (x2) ","1920 x 1080","1033 ","Yes",1,"Nvidia","260 ","4096  ","288.4","192  ","1502 ","GDDR5","GeForce GTX 660 Gigabyte OC 2GB Edition SLI","53 ","28","24 (x2)","
01-Sep-2012 ","4096x2160","Yes",5,80,"176 "
"Kepler GK106-400-A1 ","1920 x 1080","1046 ","Yes",2,"Nvidia",NA,"2048  ","144.2","192  ","1502 ","GDDR5","GeForce GTX 660 EVGA Superclocked Edition","27 ","28","24","
01-Sep-2012 ","4096x2160","Yes",5,80,"89 "
"Kepler GK106-400-A1 ","2560 x 1440","1046 ","Yes",1,"Nvidia","280 ","6144  ","288.4","192  ","1502 ","GDDR5","GeForce GTX 660 EVGA SC Signature 2 Edition SLI","53 ","28","24 (x2)","
01-Sep-2012 ","4096x2160","Yes",5,80,"178 "
"Kepler GK106-400-A1 ","1920 x 1080","1006 ","Yes",1,"Nvidia","140 ","2048  ","144.2","192  ","1502 ","GDDR5","GeForce GTX 660 Galaxy GC Edition","26 ","28","24","
01-Sep-2012 ","4096x2160","Yes",5,80,"86 "
"Kepler GK106-400-A1 ","1920 x 1080","980 ","Yes",1,"Nvidia","140 ","2048  ","144.2","192  ","1502 ","GDDR5","GeForce GTX 660 Gainward 2GB Edition","25 ","28","24","
06-Sep-2012 ","4096x2160","Yes",5,80,"83 "
"Kepler GK106-400-A1 ","1920 x 1080","1046 ","Yes",1,"Nvidia","140 ","3072  ","144.2","192  ","1502 ","GDDR5","GeForce GTX 660 EVGA SC Signature 2 Edition","27 ","28","24","
01-Sep-2012 ","4096x2160","Yes",5,80,"89 "
"Kepler GK106-400-A1 ","1920 x 1080","993 ","Yes",1,"Nvidia","140 ","2048  ","144.2","192  ","1502 ","GDDR5","GeForce GTX 660 EVGA OC 2GB Edition","25 ","28","24","
01-Sep-2012 ","4096x2160","Yes",5,80,"85 "
"Kepler GK106-400-A1 ","1920 x 1080","1072 ","Yes",1,"Nvidia","140 ","3072  ","144.2","192  ","1502 ","GDDR5","GeForce GTX 660 EVGA FTW Signature 2 3GB Edition","27 ","28","24","
01-Oct-2012 ","4096x2160","Yes",5,80,"91 "
"Kepler GK106-400-A1 ","1920 x 1080","1072 ","Yes",1,"Nvidia",NA,"2048  ","144.2","192  ","1502 ","GDDR5","GeForce GTX 660 EVGA FTW Signature 2 Edition","27 ","28","24","
01-Oct-2012 ","4096x2160","Yes",5,80,"91 "
"Kepler GK106-400-A1 ","1920 x 1080","1072 ","Yes",1,"Nvidia",NA,"2048  ","146.6","192  ","1527 ","GDDR5","GeForce GTX 660 Direct CU II Top Edition","27 ","28","24","
01-Sep-2012 ","4096x2160","Yes",5,80,"91 "
"Kepler GK106-400-A1 ","1920 x 1080","1020 ","Yes",1,"Nvidia",NA,"2048  ","144.2","192  ","1502 ","GDDR5","GeForce GTX 660 Direct CU II OC Edition","26 ","28","24","
01-Sep-2012 ","4096x2160","Yes",5,80,"87 "
"Kepler GK106-400-A1 ","1920 x 1080","980 ","Yes",1,"Nvidia",NA,"2048  ","144.2","192  ","1502 ","GDDR5","GeForce GTX 660 Direct CU II Edition","25 ","28","24","
01-Sep-2012 ","4096x2160","Yes",5,80,"83 "
"Kepler GK107-450-A2 ","1600 x 900","1058 ","Yes",1,"Nvidia","64 ","1024  ","80","128  ","1250 ","GDDR5","GeForce GTX 650 Zotac Synergy 2GB Edition","17 ","28","16","
06-Sep-2012 ","4096x2160","No",5,32,"34 "
"Kepler GK104-200-KD-A2 ","1920 x 1080","823 ","Yes",1,"Nvidia","130 ","3072  ","134.4","192  ","1400 ","GDDR5","GeForce GTX 660 3GB (OEM)","21 ","28","24","
22-Aug-2012 ","4096x2160","Yes",5,96,"85 "
"Kepler GK104-200-KD-A2 ","1920 x 1080","823 ","Yes",1,"Nvidia","130 ","1536  ","134.4","192  ","1400 ","GDDR5","GeForce GTX 660 1.5GB (OEM)","21 ","28","24","
22-Aug-2012 ","4096x2160","Yes",5,96,"85 "
"Kepler GK106-240-A1 ","1920 x 1080","993 ","Yes",1,"Nvidia","140 ","2048  ","144.2","192  ","1502 ","GDDR5","GeForce GTX 650 Ti Zotac Boost Edition","25 ","28","24","
26-Mar-2013 ","4096x2160","Yes",5,64,"68 "
"Kepler GK106-220-A1 ","1600 x 900","928 ","Yes",1,"Nvidia","110 ","2048  ","86.4","128  ","1350 ","GDDR5","GeForce GTX 650 Ti Zotac Synergy 2GB Edition","15 ","28","16","
10-Jan-2012 ","4096x2160","No",5,64,"59 "
"Kepler GK106-400-A1 ","1920 x 1080","980 ","Yes",1,"Nvidia","140 ","2048  ","144.2","192  ","1502 ","GDDR5","GeForce GTX 660","25 ","28","24","
13-Sep-2012 ","4096x2160","Yes",5,80,"83 "
"Kepler GK107-450-A2 ","1600 x 900","1189 ","Yes",2,"Nvidia",NA,"2048  ","89.6","128  ","1400 ","GDDR5","GeForce GTX 650 Zotac AMP! Edition","19 ","28","16","
01-Sep-2012 ","4096x2160","No",5,32,"38 "
"Kepler GK106-220-A1 ","1600 x 900","1033 ","Yes",2,"Nvidia",NA,"2048  ","99.2","128  ","1550 ","GDDR5","GeForce GTX 650 Ti Zotac AMP! 2GB","17 ","28","16","
01-Oct-2012 ","4096x2160","No",5,64,"66 "
"Kepler GK107-450-A2 ","1600 x 900","1071 ","Yes",1,"Nvidia",NA,"1024  ","80","128  ","1250 ","GDDR5","GeForce GTX 650 Zotac OC 1GB Edition","17 ","28","16","
01-Sep-2012 ","4096x2160","No",5,32,"34 "
"Kepler GK106-400-A1 ","1920 x 1080","1006 ","Yes",1,"Nvidia","140 ","2048  ","144.2","192  ","1502 ","GDDR5","GeForce GTX 660 DA OC 2GB Edition","25 ","28","24","
01-Sep-2012 ","4096x2160","Yes",5,80,"85 "
"Kepler GK106-220-A1 ","1600 x 900","941 ","Yes",1,"Nvidia",NA,"1024  ","86.4","128  ","1350 ","GDDR5","GeForce GTX 650 Ti Zotac 1GB Edition","15 ","28","16","
01-Oct-2012 ","4096x2160","No",5,64,"60 "
"Kepler GK106-220-A1 ","1600 x 900","941 ","Yes",1,"Nvidia",NA,"2048  ","86.4","128  ","1350 ","GDDR5","GeForce GTX 650 Ti Zotac 2GB Edition","15 ","28","16","
01-Oct-2012 ","4096x2160","No",5,64,"60 "
"Kepler GK106-220-A1 ","1600 x 900","993 ","Yes",1,"Nvidia",NA,"1024  ","86.4","128  ","1350 ","GDDR5","GeForce GTX 650 Ti Power Edition OC 1GB","16 ","28","16","
01-Oct-2012 ","4096x2160","No",5,64,"64 "
"Kepler GK106-240-A1 ","1920 x 1080","1033 ","Yes",1,"Nvidia","140 ","2048  ","144.2","192  ","1502 ","GDDR5","GeForce GTX 650 Ti MSI TF OC Boost Edition","26 ","28","24","
26-Mar-2013 ","4096x2160","Yes",5,64,"70 "
"Kepler GK106-220-A1 ","1600 x 900","1032 ","Yes",1,"Nvidia",NA,"1024  ","86.4","128  ","1350 ","GDDR5","GeForce GTX 650 Ti WindForce 2X 1GB Edition","17 ","28","16","
01-Oct-2012 ","4096x2160","No",5,64,"66 "
"Kepler GK106-220-A1 ","1600 x 900","928 ","Yes",1,"Nvidia",NA,"1024  ","86.4","128  ","1350 ","GDDR5","GeForce GTX 650 Ti MSI 1GB Edition","15 ","28","16","
01-Oct-2012 ","4096x2160","No",5,64,"59 "
"Kepler GK106-220-A1 ","1600 x 900","954 ","Yes",1,"Nvidia",NA,"1024  ","86.4","128  ","1350 ","GDDR5","GeForce GTX 650 Ti MSI OC 1GB Edition","15 ","28","16","
01-Oct-2012 ","4096x2160","No",5,64,"61 "
"Kepler GK106-220-A1 ","1600 x 900","1032 ","Yes",1,"Nvidia",NA,"2048  ","86.4","128  ","1350 ","GDDR5","GeForce GTX 650 Ti WindForce 2X 2GB Edition","17 ","28","16","
01-Oct-2012 ","4096x2160","No",5,64,"66 "
"Kepler GK106-220-A1 ","1600 x 900","1006 ","Yes",1,"Nvidia",NA,"1024  ","88","128  ","1375 ","GDDR5","GeForce GTX 650 Ti Golden Sample Edition","16 ","28","16","
01-Oct-2012 ","4096x2160","No",5,64,"64 "
"Kepler GK106-220-A1 ","1600 x 900","1071 ","Yes",1,"Nvidia",NA,"2048  ","86.4","128  ","1350 ","GDDR5","GeForce GTX 650 Ti EVGA SSC 2GB Edition","17 ","28","16","
01-Oct-2012 ","4096x2160","No",5,64,"69 "
"Kepler GK106-220-A1 ","1600 x 900","928 ","Yes",1,"Nvidia","110 ","2048  ","86.4","128  ","1350 ","GDDR5","GeForce GTX 650 Ti Gainward 2GB Edition","15 ","28","16","
10-Jan-2012 ","4096x2160","No",5,64,"59 "
"Kepler GK106-220-A1 ","1600 x 900","1006 ","Yes",1,"Nvidia","100 ","1024  ","88","128  ","1375 ","GDDR5","GeForce GTX 650 Ti Palit 1GB OC Edition","16 ","28","16","
01-Oct-2012 ","4096x2160","No",5,64,"64 "
"Kepler GK106-220-A1 ","1600 x 900","966 ","Yes",1,"Nvidia","100 ","1024  ","86.4","128  ","1350 ","GDDR5","GeForce GTX 650 Ti Galaxy GC Edition","15 ","28","16","
01-Oct-2012 ","4096x2160","No",5,64,"62 "
"Kepler GK106-220-A1 ","1600 x 900","928 ","Yes",1,"Nvidia",NA,"1024  ","86.4","128  ","1350 ","GDDR5","GeForce GTX 650 Ti Gainward 1GB Edition","15 ","28","16","
10-Jan-2012 ","4096x2160","No",5,64,"59 "
"Kepler GK106-220-A1 ","1600 x 900","1071 ","Yes",1,"Nvidia","110 ","1024  ","86.4","128  ","1350 ","GDDR5","GeForce GTX 650 Ti EVGA SSC 1GB Edition","17 ","28","16","
01-Oct-2012 ","4096x2160","No",5,64,"69 "
"Kepler GK106-240-A1 ","1920 x 1080","1072 ","Yes",1,"Nvidia","140 ","2048  ","144.2","192  ","1502 ","GDDR5","GeForce GTX 650 Ti EVGA Boost SC Edition","27 ","28","24","
26-Mar-2013 ","4096x2160","Yes",5,64,"73 "
"Kepler GK106-220-A1 ","1600 x 900","980 ","Yes",1,"Nvidia","150 ","2048  ","86.4","128  ","1350 ","GDDR5","GeForce GTX 650 Ti DirectCU II OC 2GB","16 ","28","16","
01-Oct-2012 ","4096x2160","No",5,64,"63 "
"Kepler GK106-240-A1 ","1920 x 1080","1072 ","Yes",1,"Nvidia","140 ","1024  ","120.3","192  ","1253 ","GDDR5","GeForce GTX 650 Ti EVGA Boost Superclocked 1GB Edition","27 ","28","24","
26-Mar-2013 ","4096x2160","Yes",5,64,"73 "
"Kepler GK106-220-A1 ","1600 x 900","928 ","Yes",1,"Nvidia","150 ","1024  ","86.4","128  ","1350 ","GDDR5","GeForce GTX 650 Ti DirectCU II 1GB Edition","15 ","28","16","
01-Oct-2012 ","4096x2160","No",5,64,"59 "
"Kepler GK106-240-A1 ","1920 x 1080","1006 ","Yes",1,"Nvidia","140 ","2048  ","146.6","192  ","1527 ","GDDR5","GeForce GTX 650 Ti Boost Palit OC 2GB Edition","26 ","28","24","
26-Mar-2013 ","4096x2160","Yes",5,64,"69 "
"Kepler GK106-220-A1 ","1600 x 900","954 ","Yes",1,"Nvidia",NA,"1024  ","86.4","128  ","1350 ","GDDR5","GeForce GTX 650 Ti DirectCU II OC 1GB","15 ","28","16","
01-Oct-2012 ","4096x2160","No",5,64,"61 "
"Kepler GK106-220-A1 ","1600 x 900","1033 ","Yes",1,"Nvidia","150 ","1024  ","86.4","128  ","1350 ","GDDR5","GeForce GTX 650 Ti DirectCU II TOP 1GB","17 ","28","16","
01-Oct-2012 ","4096x2160","No",5,64,"66 "
"Kepler GK106-240-A1 ","1920 x 1080","980 ","Yes",1,"Nvidia","134 ","1024  ","120.3","192  ","1253 ","GDDR5","GeForce GTX 650 Ti Boost Palit 1GB Edition","25 ","28","24","
26-Mar-2013 ","4096x2160","Yes",5,64,"66 "
"Kepler GK106-240-A1 ","1920 x 1080","1006 ","Yes",1,"Nvidia",NA,"1024  ","122.5","192  ","1276 ","GDDR5","GeForce GTX 650 Ti Boost Golden Sample Edition","26 ","28","24","
26-Mar-2013 ","4096x2160","Yes",5,64,"69 "
"Kepler GK106-240-A1 ","1920 x 1080","1006 ","Yes",1,"Nvidia","140 ","2048  ","144.2","192  ","1502 ","GDDR5","GeForce GTX 650 Ti Boost MSI OC 2GB Edition","26 ","28","24","
26-Mar-2013 ","4096x2160","Yes",5,64,"69 "
"Kepler GK106-240-A1 ","1920 x 1080","1032 ","Yes",1,"Nvidia",NA,"1024  ","144.2","192  ","1502 ","GDDR5","GeForce GTX 650 Ti Boost WindForce 2X OC Edition","26 ","28","24","
26-Mar-2013 ","4096x2160","Yes",5,64,"70 "
"Kepler GK106-240-A1 ","1920 x 1080","1033 ","Yes",1,"Nvidia","140 ","2048  ","144.2","192  ","1502 ","GDDR5","GeForce GTX 650 Ti Boost MSI Twin Frozr OC 2GB Edition","26 ","28","24","
26-Mar-2013 ","4096x2160","Yes",5,64,"70 "
"Kepler GK106-220-A1 ","1600 x 900","928 ","Yes",1,"Nvidia","110 ","1024  ","86.4","128  ","1350 ","GDDR5","GeForce GTX 650 Ti Asus PH 1GB Edition","15 ","28","16","
31-Oct-2013 ","4096x2160","No",5,64,"59 "
"Kepler GK106-240-A1 ","1920 x 1080","980 ","Yes",1,"Nvidia","134 ","2048  ","144.2","192  ","1502 ","GDDR5","GeForce GTX 650 Ti Boost Edition","25 ","28","24","
26-Mar-2013 ","4096x2160","Yes",5,64,"66 "
"Kepler GK106-220-A1 (x2) ","1920 x 1080",NA,"Yes",2,"Nvidia","268 ","4096  ","288.4","192  ","1502 ","GDDR5","GeForce GTX 650 Ti Boost Edition SLI","50 ","28","24 (x2)","
26-Mar-2013 ","4096x2160","Yes",5,64,"132 "
"Kepler GK106-220-A1 ","1600 x 900","928 ","Yes",1,"Nvidia","110 ","1024  ","86.4","128  ","1350 ","GDDR5","GeForce GTX 650 Ti","15 ","28","16","
09-Oct-2012 ","4096x2160","No",5,64,"59 "
"Kepler GK106-240-A1 ","1920 x 1080","1020 ","Yes",1,"Nvidia","150 ","2048  ","144.2","192  ","1502 ","GDDR5","GeForce GTX 650 Ti Boost DirectCU II OC Edition","26 ","28","24","
26-Mar-2013 ","4096x2160","Yes",5,64,"69 "
"Kepler GK107-450-A2 ","1600 x 900","1058 ","Yes",1,"Nvidia","65 ","1024  ","80","128  ","1250 ","GDDR5","GeForce GTX 650 PNY XLR8 Performance 1GB Edition","17 ","28","16","
06-Sep-2012 ","4096x2160","No",5,32,"34 "
"Kepler GK107-450-A2 ","1600 x 900","1124 ","Yes",1,"Nvidia",NA,"1024  ","80","128  ","1250 ","GDDR5","GeForce GTX 650 Power Edition OC 1GB","18 ","28","16","
01-Sep-2012 ","4096x2160","No",5,32,"36 "
"Kepler GK107-450-A2 ","1600 x 900","1058 ","Yes",1,"Nvidia","65 ","2048  ","80","128  ","1250 ","GDDR5","GeForce GTX 650 PNY XLR8 Performance 2GB Edition","17 ","28","16","
06-Sep-2012 ","4096x2160","No",5,32,"34 "
"Kepler GK107-450-A2 ","1600 x 900","1058 ","Yes",1,"Nvidia","64 ","1024  ","80","128  ","1250 ","GDDR5","GeForce GTX 650 Palit 1GB Edition","17 ","28","16","
01-Sep-2012 ","4096x2160","No",5,32,"34 "
"Kepler GK107-450-A2 ","1600 x 900","1071 ","Yes",1,"Nvidia",NA,"1024  ","80","128  ","1250 ","GDDR5","GeForce GTX 650 MSI OC v1 1GB Edition","17 ","28","16","
01-Sep-2012 ","4096x2160","No",5,32,"34 "
"Kepler GK107-450-A2 ","1600 x 900","1071 ","Yes",1,"Nvidia",NA,"2048  ","80","128  ","1250 ","GDDR5","GeForce GTX 650 MSI OC 2GB Edition","17 ","28","16","
01-Sep-2012 ","4096x2160","No",5,32,"34 "
"Kepler GK107-450-A2 ","1600 x 900","1058 ","Yes",1,"Nvidia","75 ","2048  ","80","128  ","1250 ","GDDR5","GeForce GTX 650 Palit 2GB Edition","17 ","28","16","
01-Oct-2012 ","4096x2160","No",5,32,"34 "
"Kepler GK107-450-A2 ","1600 x 900","1084 ","Yes",1,"Nvidia",NA,"1024  ","80","128  ","1250 ","GDDR5","GeForce GTX 650 MSI OC 1GB","17 ","28","16","
01-Sep-2012 ","4096x2160","No",5,32,"35 "
"Kepler GK107-450-A2 ","1600 x 900","1058 ","Yes",1,"Nvidia",NA,"1024  ","80","128  ","1250 ","GDDR5","GeForce GTX 650 Power Edition 1GB","17 ","28","16","
01-Sep-2012 ","4096x2160","No",5,32,"34 "
"Kepler GK107-450-A2 ","1600 x 900","1110 ","Yes",1,"Nvidia",NA,"4096  ","80","128  ","1250 ","GDDR5","GeForce GTX 650 Gigabyte OC 4GB Edition","18 ","28","16","
01-Sep-2012 ","4096x2160","No",5,32,"36 "
"Kepler GK107-450-A2 ","1600 x 900","1058 ","Yes",1,"Nvidia",NA,"1024  ","80","128  ","1250 ","GDDR5","GeForce GTX 650 MSI 1GB","17 ","28","16","
01-Sep-2012 ","4096x2160","No",5,32,"34 "
"Kepler GK107-450-A2 ","1600 x 900","1058 ","Yes",1,"Nvidia","64 ","1024  ","80","128  ","1250 ","GDDR5","GeForce GTX 650 Inno3D 1GB Edition","17 ","28","16","
01-Sep-2012 ","4096x2160","No",5,32,"34 "
"Kepler GK107-450-A2 ","1600 x 900","1058 ","Yes",1,"Nvidia","64 ","1024  ","80","128  ","1250 ","GDDR5","GeForce GTX 650 Galaxy Green Edition","17 ","28","16","
01-Sep-2012 ","4096x2160","No",5,32,"34 "
"Kepler GK107-450-A2 ","1600 x 900","1111 ","Yes",1,"Nvidia",NA,"1024  ","80","128  ","1250 ","GDDR5","GeForce GTX 650 EX OC 1GB","18 ","28","16","
01-Sep-2012 ","4096x2160","No",5,32,"36 "
"Kepler GK107-450-A2 ","1600 x 900","1110 ","Yes",1,"Nvidia",NA,"2048  ","80","128  ","1250 ","GDDR5","GeForce GTX 650 Gigabyte OC 2GB Edition","18 ","28","16","
01-Sep-2012 ","4096x2160","No",5,32,"36 "
"Kepler GK107-450-A2 ","1600 x 900","1058 ","Yes",1,"Nvidia","64 ","1024  ","80","128  ","1250 ","GDDR5","GeForce GTX 650 EVGA 1GB Edition","17 ","28","16","
01-Sep-2012 ","4096x2160","No",5,32,"34 "
"Kepler GK107-450-A2 ","1600 x 900","1100 ","Yes",1,"Nvidia","65 ","1024  ","80","128  ","1250 ","GDDR5","GeForce GTX 650 Leadtek 1GB OC Edition","18 ","28","16","
01-Sep-2012 ","4096x2160","No",5,32,"35 "
"Kepler GK107-450-A2 ","1600 x 900","1110 ","Yes",1,"Nvidia",NA,"1024  ","80","128  ","1250 ","GDDR5","GeForce GTX 650 Gigabyte OC 1GB Edition","18 ","28","16","
01-Sep-2012 ","4096x2160","No",5,32,"36 "
"Kepler GK107-450-A2 ","1600 x 900","1202 ","Yes",1,"Nvidia","64 ","2048  ","80","128  ","1250 ","GDDR5","GeForce GTX 650 EVGA SC 2GB Edition","19 ","28","16","
01-Sep-2012 ","4096x2160","No",5,32,"38 "
"Kepler GK107-450-A2 ","1600 x 900","1110 ","Yes",1,"Nvidia","84 ","1024  ","80","128  ","1250 ","GDDR5","GeForce GTX 650 Galaxy GC Edition","18 ","28","16","
01-Sep-2012 ","4096x2160","No",5,32,"36 "
"Kepler GK107-450-A2 ","1600 x 900","1202 ","Yes",1,"Nvidia","64 ","1024  ","80","128  ","1250 ","GDDR5","GeForce GTX 650 EVGA SC 1GB Edition","19 ","28","16","
01-Sep-2012 ","4096x2160","No",5,32,"38 "
"Kepler GK107-450-A2 ","1600 x 900","1071 ","Yes",1,"Nvidia","75 ","2048  ","80","128  ","1250 ","GDDR5","GeForce GTX 650 Asus-E 2GB Edition","17 ","28","16","
01-Oct-2012 ","4096x2160","No",5,32,"34 "
"Kepler GK107-450-A2 ","1600 x 900","1215 ","Yes",1,"Nvidia","150 ","1024  ","81.6","128  ","1275 ","GDDR5","GeForce GTX 650 DirectCU TOP 1GB Edition","19 ","28","16","
01-Sep-2012 ","4096x2160","No",5,32,"39 "
"Kepler GK107-450-A2 ","1600 x 900","1058 ","Yes",2,"Nvidia","64 ","2048  ","80","128  ","1250 ","GDDR5","GeForce GTX 650 2GB","17 ","28","16","
01-Sep-2012 ","4096x2160","No",5,32,"34 "
"Kepler GK107-450-A2 ","1600 x 900","1071 ","Yes",1,"Nvidia","75 ","2048  ","80","128  ","1250 ","GDDR5","GeForce GTX 650 Asus-E 1GB Edition","17 ","28","16","
01-Oct-2012 ","4096x2160","No",5,32,"34 "
"Kepler GK107-450-A2 ","1600 x 900","1058 ","Yes",1,"Nvidia","64 ","1024  ","80","128  ","1250 ","GDDR5","GeForce GTX 650 1GB","17 ","28","16","
01-Sep-2012 ","4096x2160","No",5,32,"34 "
"Kepler GK107-300-A2 ","1366 x 768","900 ","Yes",0,"Nvidia","65 ","2048  ","28.5","128  ","891 ","DDR3","GeForce GT 640 Zotac Zone 2GB Edition","14 ","28","16","
08-Jun-2012 ","4096x2160","No",5,32,"29 "
"Kepler GK208-400-A1 ","1366 x 768","1046 ","Yes",1,"Nvidia","49 ","1024  ","40.1","64  ","1252 ","GDDR5","GeForce GT 640 v3 Zotac 1GB Edition","8 ","28","8","
29-May-2013 ","4096x2160","No",5,16,"17 "
"Kepler GK208-400-A1 ","1366 x 768","1046 ","Yes",1,"Nvidia","49 ","2048  ","40.1","64  ","1252 ","GDDR5","GeForce GT 640 v3 Zotac 2GB Edition","8 ","28","8","
29-May-2013 ","4096x2160","No",5,16,"17 "
"Kepler GK208-400-A1 ","1366 x 768","1046 ","Yes",1,"Nvidia","49 ","1024  ","40.1","64  ","1252 ","GDDR5","GeForce GT 640 v3 Asus Low Profile 1GB Edition","8 ","28","8","
29-May-2013 ","4096x2160","No",5,16,"17 "
"Kepler GK107-300-A2 ","1366 x 768","902 ","Yes",1,"Nvidia","49 ","1024  ","40","64  ","1250 ","GDDR5","GeForce GT 640 v2","14 ","28","16","
05-Jun-2012 ","4096x2160","No",5,32,"29 "
"Kepler GK107-300-A2 ","1366 x 768","900 ","Yes",1,"Nvidia","65 ","2048  ","25.9","128  ","810 ","DDR3","GeForce GT 640 MSI V1 2GB Edition","14 ","28","16","
05-Jun-2012 ","4096x2160","No",5,32,"29 "
"Kepler GK208-400-A1 ","1366 x 768","1046 ","Yes",1,"Nvidia","49 ","2048  ","40.1","64  ","1252 ","GDDR5","GeForce GT 640 v3","8 ","28","8","
29-May-2013 ","4096x2160","No",5,16,"17 "
"Kepler GK107-300-A2 ","1366 x 768","900 ","Yes",0,"Nvidia","65 ","2048  ","25.6","128  ","800 ","DDR3","GeForce GT 640 Zotac Synergy 2GB Edition","14 ","28","16","
05-Jun-2012 ","4096x2160","No",5,32,"29 "
"Kepler GK106 ","1600 x 900","823 ","Yes",1,"Nvidia","65 ","1024  ","64","128  ","1000 ","GDDR5","GeForce GTX 645 (OEM)","14 ","28","16","
22-Apr-2013 ","4096x2160","No",5,48,"43 "
"Kepler GK107-300-A2 ","1366 x 768","1050 ","Yes",1,"Nvidia","65 ","2048  ","28.8","128  ","900 ","DDR3","GeForce GT 640 Gigabyte OC 2GB Edition","17 ","28","16","
05-Jun-2012 ","4096x2160","Yes",5,32,"34 "
"Kepler GK107-300-A2 ","1366 x 768","950 ","Yes",0,"Nvidia","65 ","1024  ","28.5","128  ","891 ","DDR3","GeForce GT 640 Galaxy GC 1GB Edition","15 ","28","16","
05-Jun-2012 ","4096x2160","No",5,32,"30 "
"Kepler GK107-300-A2 ","1366 x 768","901 ","Yes",1,"Nvidia","65 ","4096  ","21.3","128  ","667 ","DDR3","GeForce GT 640 EVGA 4GB Edition","14 ","28","16","
08-Jun-2012 ","4096x2160","No",5,32,"29 "
"Kepler GK107-300-A2 ","1366 x 768","902 ","Yes",1,"Nvidia","65 ","2048  ","28.5","128  ","891 ","DDR3","GeForce GT 640","14 ","28","16","
05-Jun-2012 ","4096x2160","No",5,32,"29 "
"Kepler GK107-300-A2 ","1366 x 768","900 ","Yes",1,"Nvidia","65 ","2048  ","28.5","128  ","891 ","DDR3","GeForce GT 640 Asus 2GB Edition","14 ","28","16","
08-Jun-2012 ","4096x2160","No",5,32,"29 "
"Fermi GF108-400-A1 ","1366 x 768","700 ","Yes",1,"Nvidia","65 ","1024  ","21.3","128  ","667 ","DDR3","GeForce GT 630 Zotac Synergy 1GB Edition","3 ","40","4","
15-May-2012 ","4096x2160","No",5,16,"11 "
"Kepler GK208-301-A1 ","1366 x 768","902 ","Yes",1,"Nvidia","25 ","4096  ","12.8","64  ","800 ","DDR3","GeForce GT 630 v3 Zotac Zone 4GB Edition","7 ","28","8","
29-May-2013 ","4096x2160","No",5,16,"14 "
"Kepler GK208-301-A1 ","1366 x 720","967 ","Yes",1,"Nvidia","35 ","2048  ","16","64  ","1001 ","DDR3","GeForce GT 635 (OEM)","8 ","28","8","
01-Oct-2013 ","4096x2160","No",5,16,"15 "
"Kepler GK107-301-A2 ","1366 x 768","875 ","Yes",1,"Nvidia","50 ","2048  ","29","128  ","905 ","DDR3","GeForce GT 630 v4","14 ","28","16","
24-Apr-2012 ","4096x2160","No",5,16,"14 "
"Fermi GF108-400-A1 ","1600 x 900","810 ","Yes",1,"Nvidia","65 ","1024  ","51.2","128  ","800 ","GDDR5","GeForce GT 630 v2","3 ","40","4","
15-May-2012 ","4096x2160","No",5,16,"13 "
"Kepler GK208-301-A1 ","1366 x 768","902 ","Yes",1,"Nvidia","25 ","2048  ","14.4","64  ","900 ","DDR3","GeForce GT 630 v3 Asus Silent 2GB Edition","7 ","28","8","
29-May-2013 ","4096x2160","No",5,16,"14 "
"Fermi GF108-400-A1 ","1366 x 768","700 ","Yes",1,"Nvidia","65 ","2048  ","21.3","128  ","667 ","DDR3","GeForce GT 630 Zotac Synergy 2GB Edition","3 ","40","4","
15-May-2012 ","4096x2160","No",5,16,"11 "
"Fermi GF108-400-A1 ","1366 x 768","780 ","Yes",1,"Nvidia","65 ","1024  ","22.4","128  ","700 ","DDR3","GeForce GT 630 Palit 1GB Edition","3 ","40","4","
15-May-2012 ","4096x2160","No",5,16,"12 "
"Fermi GF108-400-A1 ","1366 x 768","810 ","Yes",1,"Nvidia","65 ","4096  ","32","128  ","1000 ","DDR3","GeForce GT 630 MSI 4GB Edition","3 ","40","4","
15-May-2012 ","4096x2160","No",5,16,"13 "
"Fermi GF108-400-A1 ","1366 x 768","810 ","Yes",1,"Nvidia","65 ","2048  ","25.6","128  ","800 ","DDR3","GeForce GT 630 Gigabyte 2GB Edition","3 ","40","4","
18-May-2012 ","4096x2160","No",5,16,"13 "
"Kepler GK208-301-A1 ","1366 x 768","902 ","Yes",1,"Nvidia","25 ","2048  ","14.4","64  ","900 ","DDR3","GeForce GT 630 v3","7 ","28","8","
29-May-2013 ","4096x2160","No",5,16,"14 "
"Fermi GF108-400-A1 ","1366 x 768","700 ","Yes",1,"Nvidia","65 ","4096  ","17.1","128  ","533 ","DDR3","GeForce GT 630 Zotac Synergy 4GB Edition","3 ","40","4","
15-May-2012 ","4096x2160","No",5,16,"11 "
"Fermi GF108-400-A1 ","1366 x 768","810 ","Yes",1,"Nvidia","65 ","1024  ","25.6","128  ","800 ","DDR3","GeForce GT 630 EVGA 1GB Edition","3 ","40","4","
15-May-2012 ","4096x2160","No",5,16,"13 "
"Fermi GF108-400-A1 ","1366 x 768","780 ","Yes",1,"Nvidia","65 ","2048  ","17.1","128  ","535 ","DDR3","GeForce GT 630 Palit 2GB Edition","3 ","40","4","
15-May-2012 ","4096x2160","No",5,16,"12 "
"Fermi GF108-100-KB-A1 ","1366 x 768","700 ","Yes",1,"Nvidia","49 ","2048  ","8.5","64  ","533 ","DDR3","GeForce GT 620 Zotac Synergy 2GB Edition","3 ","40","4","
15-May-2012 ","2560x1600","No",5,16,"11 "
"Fermi GF108-100-KB-A1 ","1366 x 768","700 ","Yes",0,"Nvidia","49 ","2048  ","8","64  ","500 ","DDR3","GeForce GT 620 Galaxy 2GB Edition","3 ","40","4","
15-May-2012 ","2560x1600","No",5,16,"11 "
"Fermi GF119-300-A1 ","1366 x 768","810 ","Yes",1,"Nvidia","30 ","1024  ","14.4","64  ","898 ","DDR3","GeForce GT 620 v2","3 ","40","4","
02-Apr-2012 ","2560x1600","No",5,8,"6 "
"Fermi GF108-100-KB-A1 ","1366 x 768","700 ","Yes",1,"Nvidia","30 ","1024  ","8.6","64  ","535 ","DDR3","GeForce GT 620 PNY PCIe 1GB Edition","3 ","40","4","
01-May-2012 ","2560x1600","No",5,16,"11 "
"Fermi GF108-400-A1 ","1366 x 768","810 ","Yes",1,"Nvidia","65 ","1024  ","28.8","128  ","900 ","DDR3","GeForce GT 630","3 ","40","4","
15-May-2012 ","4096x2160","No",5,16,"13 "
"Fermi GF119-300-A1 ","1366 x 768","810 ","Yes",1,"Nvidia","29 ","2048  ","8","64  ","500 ","DDR3","GeForce GT 610 MSI Low Profile 2GB Edition","3 ","40","4","
14-May-2012 ","2560x1600","No",5,8,"6 "
"Fermi GF119-300-A1 ","1366 x 768","810 ","Yes",0,"Nvidia","29 ","2048  ","8.5","64  ","533 ","DDR3","GeForce GT 610 Zotac 2GB Synergy Edition","3 ","40","4","
02-Apr-2012 ","2560x1600","No",5,8,"6 "
"Fermi GF119-300-A1 ","1366 x 768","810 ","Yes",1,"Nvidia","29 ","2048  ","8.6","64  ","535 ","DDR3","GeForce GT 610 Palit 2GB Edition","3 ","40","4","
02-Apr-2012 ","2560x1600","No",5,8,"6 "
"Fermi GF108-100-KB-A1 ","1366 x 768","700 ","Yes",1,"Nvidia","49 ","1024  ","14.4","64  ","900 ","DDR3","GeForce GT 620","3 ","40","4","
15-May-2012 ","2560x1600","No",5,16,"11 "
"Fermi GF119-300-A1 ","1366 x 768","810 ","Yes",1,"Nvidia","29 ","2048  ","10.7","64  ","667 ","DDR3","GeForce GT 610 Gigabyte 2GB Edition","3 ","40","4","
18-May-2012 ","2560x1600","No",5,8,"6 "
"Fermi GF119-300-A1 ","1366 x 768","810 ","Yes",1,"Nvidia","29 ","2048  ","9.6","64  ","600 ","DDR3","GeForce GT 610 Asus Silent 2GB Edition","3 ","40","4","
28-May-2012 ","2560x1600","No",5,8,"6 "
"Fermi GF119-B1 ","1366 x 768","550 ","Yes",1,"Nvidia","29 ","1024  ","8","64  ","500 ","DDR3","GeForce GT 610 v2","2 ","28","4","
09-Sep-2012 ","2560x1600","No",5,8,"4 "
"Fermi GF119-B1 ","1366 x 768","523 ","Yes",1,"Nvidia","25 ","512  ","14.4","64  ","898 ","DDR3","GeForce 605 512MB","2 ","28","4","
01-Apr-2012 ","2560x1600","No",5,8,"4 "
"Fermi GF119-300-A1 ","1366 x 768","810 ","Yes",1,"Nvidia","29 ","1024  ","14.4","64  ","900 ","DDR3","GeForce GT 610","3 ","40","4","
02-Apr-2012 ","2560x1600","No",5,8,"6 "
"Fermi GF119-B1 ","1366 x 768","523 ","Yes",1,"Nvidia","25 ","1024  ","14.4","64  ","898 ","DDR3","GeForce 605 1GB","2 ","28","4","
02-Apr-2012 ","2560x1600","No",5,8,"4 "
"NV20 ",NA,NA,"Yes",0,"Nvidia",NA,"64  ","3.2","128  ","200 ","DDR","GeForce 3 Ti 200",NA,NA,NA,"
01-Oct-2001 ",NA,"No",1.1,NA,NA
"Tesla GT200 B3 (x2) ","1920 x 1080",NA,"Yes",0,"Nvidia","408 ","2048  ","318","512  ","1242 ","GDDR3","GeForce GTX 285 SLI","41 ","55","32 (x2)","
01-Dec-2008 ","2560x1600","Yes",4,80,"104 "
"Tesla G200-400-B3 (x2) ","1920 x 1080","576 ","Yes",1,"Nvidia","289 ","1792  ","223.8","448  ","999 ","GDDR3","GeForce GTX 295","32 ","55","28 (x2)","
08-Jan-2009 ","2560x1600","Yes",4,80,"92 "
"Tesla G200-350-B3 ","1920 x 1080","648 ","Yes",0,"Nvidia","204 ","1024  ","159","512  ","1242 ","GDDR3","GeForce GTX 285","21 ","55","32","
23-Dec-2008 ","2560x1600","Yes",4,80,"52 "
"Tesla G200-105-B3 ","1600 x 900","633 ","Yes",0,"Nvidia","219 ","896  ","127","448  ","1134 ","GDDR3","GeForce GTX 275","18 ","55","28","
15-Jan-2009 ","2560x1600","Yes",4,80,"51 "
"Tesla G200-400-B3 (x2) ","1920 x 1080","648 ","Yes",1,"Nvidia","500 ","4096  ","281.6","512  ","1100 ","GDDR3","GeForce GTX 295 Asus Mars ROG 4GB Edition","36 ","55","28 (x2)","
17-Jun-2009 ","2560x1600","Yes",4,80,"104 "
"Tesla G200-302-A2 ","1600 x 900","602 ","Yes",0,"Nvidia","236 ","1024  ","141.7","512  ","1107 ","GDDR3","GeForce GTX 280","19 ","65","32","
16-Jun-2009 ","2560x1600","Yes",4,80,"48 "
"Tesla GT200 B3 (x2) ","1920 x 1080",NA,"Yes",0,"Nvidia","430 ","1792  ","254","448  ","1134 ","GDDR3","GeForce GTX 275 SLI","35 ","55","28 (x2)","
15-Jan-2009 ","2560x1600","Yes",4,80,"101 "
"NV20 ",NA,NA,"Yes",0,"Nvidia",NA,"64  ","3.7","128  ","230 ","DDR","GeForce 3",NA,NA,NA,"
27-Feb-2001 ",NA,"No",1.1,NA,NA
"Tesla G200-103-B2 ","1600 x 900","650 ","Yes",0,"Nvidia","171 ","896  ","117.6","448  ","1050 ","GDDR3","GeForce GTX 260 v3 Zotac AMP²! 896MB Edition","18 ","55","28","
16-Sep-2008 ","2560x1600","Yes",4,72,"47 "
"Tesla G200-103-B2 ","1600 x 900","625 ","Yes",0,"Nvidia","171 ","896  ","123.2","448  ","1100 ","GDDR3","GeForce GTX 260 v3 Palit Sonic Platinum 896MB Edition","18 ","55","28","
27-Nov-2008 ","2560x1600","Yes",4,72,"45 "
"Tesla G200-103-B2 ","1600 x 900","518 ","Yes",0,"Nvidia","182 ","1792  ","112.9","448  ","1008 ","GDDR3","GeForce GTX 260 v4","15 ","55","28","
08-Dec-2009 ","2560x1600","Yes",4,64,"33 "
"Tesla G200-103-B2 ","1600 x 900","625 ","Yes",0,"Nvidia","171 ","896  ","123.2","448  ","1100 ","GDDR3","GeForce GTX 260 v3 Gainward GS 896MB Edition","18 ","55","28","
27-Nov-2008 ","2560x1600","Yes",4,72,"45 "
"Tesla G200-103-B2 ","1600 x 900","655 ","Yes",0,"Nvidia","171 ","896  ","117.6","448  ","1050 ","GDDR3","GeForce GTX 260 v3 MSI OC v4 896MB Edition","18 ","55","28","
27-Nov-2008 ","2560x1600","Yes",4,72,"47 "
"Tesla G200-103-B2 ","1600 x 900","576 ","Yes",0,"Nvidia","171 ","896  ","111.9","448  ","999 ","GDDR3","GeForce GTX 260 v3","16 ","55","28","
27-Nov-2008 ","2560x1600","Yes",4,72,"41 "
"Tesla G92-428-B1 ","1600 x 900","675 ","Yes",0,"Nvidia","125 ","1024  ","64","256  ","1000 ","GDDR3","GeForce GTS 250 Zotac ECO 1GB Edition","11 ","55","16","
01-Sep-2009 ","2560x1600","Yes",4,64,"43 "
"Tesla G200-100-A2 ","1600 x 900","576 ","Yes",0,"Nvidia","182 ","896  ","111.9","448  ","999 ","GDDR3","GeForce GTX 260","16 ","65","28","
16-Jun-2008 ","2560x1600","Yes",4,64,"37 "
"Tesla G200-103-A2 ","1600 x 900","576 ","Yes",0,"Nvidia","182 ","896  ","111.9","448  ","999 ","GDDR3","GeForce GTX 260 v2","16 ","65","28","
16-Sep-2008 ","2560x1600","Yes",4,72,"41 "
"Tesla G92-428-B1 ","1600 x 900","738 ","Yes",1,"Nvidia","150 ","1024  ","64","256  ","1000 ","GDDR3","GeForce GTS 250 XFX Core 1GB Edition","12 ","55","16","
04-Mar-2009 ","2560x1600","Yes",4,64,"47 "
"Tesla G92-420-A2 ","1600 x 900","675 ","Yes",0,"Nvidia","140 ","512  ","70.4","256  ","1100 ","GDDR3","GeForce GTS 250 v2","11 ","65","16","
29-Jul-2008 ","2560x1600","Yes",4,64,"43 "
"Tesla G92-420-A2 ","1600 x 900","675 ","Yes",1,"Nvidia","110 ","512  ","57.6","256  ","900 ","GDDR3","GeForce GTS 250 v2 Gainward Deep Green 512MB Edition","11 ","65","16","
29-Jul-2008 ","2560x1600","Yes",4,64,"43 "
"Tesla G200-350-B3 (x3) ","1920 x 1080","648 ","Yes",0,"Nvidia",NA,"3072  ","476.9","512  ","1242 ","GDDR3","GeForce GTX 285 3-Way SLI","62 ","55","32 (x3)","
01-Dec-2008 ","2560x1600","Yes",4,112,"218 "
"Tesla G92-428-B1 ","1600 x 900","738 ","Yes",0,"Nvidia","150 ","1024  ","70.4","256  ","1100 ","GDDR3","GeForce GTS 250","12 ","55","16","
04-Mar-2009 ","2560x1600","Yes",4,64,"47 "
"Tesla G92b ","1366 x 768","675 ","Yes",1,"Nvidia","120 ","1024  ","70.4","256  ","1100 ","GDDR3","GeForce GTS 240","11 ","55","16","
01-Jul-2009 ","2560x1600","Yes",4,56,"38 "
"Tesla G94 ","1366 x 768","600 ","Yes",1,"Nvidia","58 ","1024  ","44.8","256  ","700 ","GDDR3","GeForce GT 220","10 ","65","16","
26-Jan-2010 ","2560x1600","No",4,24,"14 "
"Tesla G92b ","1366 x 768","500 ","Yes",1,"Nvidia","75 ","1536  ","24","192  ","500 ","DDR2","GeForce GT 230 v2","6 ","55","12","
01-Oct-2009 ","2560x1600","No",4,48,"24 "
"Tesla GT216-055-A3 ","1366 x 768","615 ","Yes",1,"Nvidia","58 ","512  ","32","128  ","1000 ","DDR2","GeForce GT 220 v3","5 ","40","8","
12-Oct-2009 ","2560x1600","No",4,16,"10 "
"Tesla GT215-450-A2 ","1366 x 768","625 ","Yes",1,"Nvidia","58 ","1024  ","6.4","128  ","400 ","GDDR2","GeForce GT 220 v2 Galaxy 1GB Edition","5 ","40","8","
12-Oct-2009 ","2560x1600","No",4,16,"10 "
"Tesla G94-300-B1 ","1366 x 768","650 ","Yes",1,"Nvidia","75 ","512  ","57.6","256  ","900 ","GDDR3","GeForce GT 230","10 ","55","16","
12-Oct-2009 ","2560x1600","No",4,24,"16 "
"Tesla GT215-450-A2 ","1366 x 768","625 ","Yes",1,"Nvidia","58 ","1024  ","6.4","128  ","400 ","GDDR2","GeForce GT 220 v2 MSI 1GB Edition","5 ","40","8","
12-Oct-2009 ","2560x1600","No",4,16,"10 "
"Tesla GT215-450-A2 ","1366 x 768","625 ","Yes",1,"Nvidia","58 ","1024  ","25.3","128  ","790 ","GDDR3","GeForce GT 220 v2","5 ","40","8","
12-Oct-2009 ","2560x1600","No",4,16,"10 "
"Tesla GT218-200-B1 ","800 x 600","589 ","Yes",1,"Nvidia","31 ","512  ","6.4","64  ","400 ","DDR2","GeForce 205","2 ","40","4","
26-Nov-2009 ","2560x1600","No",4,4,"2 "
"Tesla GT218-300-B1 ","1024 x 768","589 ","Yes",1,"Nvidia","31 ","1024  ","8","64  ","500 ","DDR2","GeForce 210 1GB","2 ","40","4","
12-Oct-2009 ","2560x1600","No",4,8,"5 "
"Fermi GF100-375-A3 ","1920 x 1080","700 ","Yes",1,"Nvidia","250 ","1536  ","177.4","384  ","924 ","GDDR5","GeForce GTX 480 Point of View Edition","34 ","40","48","
01-Apr-2010 ","2560x1600","Yes",5,60,"42 "
"Tesla GT218-300-B1 ","1024 x 768","589 ","Yes",1,"Nvidia","31 ","512  ","4","64  ","500 ","GDDR2","GeForce 210","2 ","40","4","
01-Oct-2009 ","2560x1600","No",4,8,"5 "
"Fermi GF100-375-A3 (x3) ","1920 x 1080","701 ","Yes",1,"Nvidia","750 ","3072  ","354.8","256  ","924 ","GDDR5","GeForce GTX 480 3-way SLI","101 ","40","48 (x3)","
01-Mar-2010 ","2560x1600","Yes",5,60,"126 "
"Tesla GT215-450-A2 ","1366 x 768","550 ","Yes",1,"Nvidia","69 ","1024  ","54.4","128  ","850 ","GDDR5","GeForce GT 240","4 ","40","8","
01-Nov-2009 ","2560x1600","No",4,32,"18 "
"Fermi GF100-275-A3 (x2) ","1920 x 1080","607 ","Yes",2,"Nvidia","430 ","2560  ","267.8","320  ","837 ","GDDR5","GeForce GTX 470 SLI","49 ","40","40 (x2)","
01-Mar-2010 ","2560x1600","Yes",5,56,"68 "
"Fermi GF100-275-A3 ","1920 x 1080","700 ","Yes",1,"Nvidia","215 ","1280  ","133.9","320  ","837 ","GDDR5","GeForce GTX 470 Gigabyte SOC 1.2GB Edition","28 ","40","40","
09-Jul-2010 ","2560x1600","Yes",5,56,"39 "
"Fermi GF100-375-A3 ","1920 x 1080","750 ","Yes",1,"Nvidia","250 ","1536  ","192","384  ","1000 ","GDDR5","GeForce GTX 480 MSI Lightning Edition","36 ","40","48","
20-Sep-2010 ","2560x1600","Yes",5,60,"45 "
"Fermi GF100-375-A3 ","1920 x 1080","700 ","Yes",1,"Nvidia","250 ","1536  ","177.4","384  ","924 ","GDDR5","GeForce GTX 480","34 ","40","48","
01-Mar-2010 ","2560x1600","Yes",5,60,"42 "
"Fermi GF100-275-A3 ","1920 x 1080","607 ","Yes",1,"Nvidia","215 ","1280  ","133.9","320  ","837 ","GDDR5","GeForce GTX 470","24 ","40","40","
01-Mar-2010 ","2560x1600","Yes",5,56,"34 "
"Fermi GF100-030-A3 ","1920 x 1080","607 ","Yes",1,"Nvidia",NA,"1024  ","102.7","256  ","802 ","GDDR5","GeForce GTX 465 MSI M2 Edition","19 ","40","32","
01-Aug-2010 ","2560x1600","Yes",5,44,"27 "
"Fermi GF100-275-A3 ","1920 x 1080","650 ","Yes",1,"Nvidia","215 ","1280  ","136","320  ","850 ","GDDR5","GeForce GTX 470 Golden Sample Edition","26 ","40","40","
01-Jun-2010 ","2560x1600","Yes",5,56,"36 "
"Fermi GF104-300-KB-A1 ","1920 x 1080","778 ","Yes",1,"Nvidia","160 ","1024  ","128.3","256  ","1002 ","GDDR5","GeForce GTX 460 v2","25 ","40","32","
24-Sep-2011 ","2560x1600","Yes",5,56,"44 "
"Fermi GF100-030-A3 ","1920 x 1080","607 ","Yes",1,"Nvidia","200 ","1024  ","102.7","256  ","802 ","GDDR5","GeForce GTX 465","19 ","40","32","
01-May-2010 ","2560x1600","Yes",5,44,"27 "
"Fermi GF104-300-KB-A1 (x2) ","1920 x 1080","675 ","Yes",2,"Nvidia","380 ","2048  ","230.4","256  ","900 ","GDDR5","GeForce GTX 460 SLI","43 ","40","32 (x2)","
01-Jul-2010 ","2560x1600","Yes",5,56,"76 "
"Fermi GF104-300-KB-A1 ","1600 x 900","855 ","Yes",1,"Nvidia","160 ","1024  ","128.6","256  ","1005 ","GDDR5","GeForce GTX 460 Point of View TGT Beast 1GB Edition","27 ","40","32","
10-Sep-2010 ","2560x1600","Yes",5,56,"48 "
"Fermi GF104-300-KB-A1 ","1920 x 1080","650 ","Yes",1,"Nvidia","150 ","1024  ","108.8","256  ","850 ","GDDR5","GeForce GTX 460 SE","21 ","40","32","
01-Nov-2010 ","2560x1600","Yes",5,56,"36 "
"Fermi GF104-300-KB-A1 ","1600 x 900","725 ","Yes",1,"Nvidia","160 ","1024  ","115.2","256  ","900 ","GDDR5","GeForce GTX 460 MSI OC v1 1GB Edition","23 ","40","32","
21-Sep-2010 ","2560x1600","Yes",5,56,"41 "
"Fermi GF104-300-KB-A1 ","1600 x 900","700 ","Yes",1,"Nvidia","160 ","1024  ","115.2","256  ","900 ","GDDR5","GeForce GTX 460 Palit Sonic 1GB Edition","22 ","40","32","
12-Jul-2010 ","2560x1600","Yes",5,56,"39 "
"Fermi GF104-300-KB-A1 ","1600 x 900","810 ","Yes",1,"Nvidia","160 ","1024  ","124.8","256  ","975 ","GDDR5","GeForce GTX 460 MSI Hawk v2 1GB Edition","26 ","40","32","
21-Sep-2010 ","2560x1600","Yes",5,56,"45 "
"Fermi GF104-300-KB-A1 ","1600 x 900","765 ","Yes",1,"Nvidia",NA,"1024  ","118.4","256  ","925 ","GDDR5","GeForce GTX 460 PNY 1GB OC Edition","24 ","40","32","
01-Aug-2010 ","2560x1600","Yes",5,56,"43 "
"Fermi GF104-300-KB-A1 ","1600 x 900","725 ","Yes",1,"Nvidia","160 ","1024  ","115.2","256  ","900 ","GDDR5","GeForce GTX 460 MSI OC v2 1GB Edition","23 ","40","32","
21-Sep-2010 ","2560x1600","Yes",5,56,"41 "
"Fermi GF104-300-KB-A1 ","1600 x 900","780 ","Yes",1,"Nvidia","160 ","1024  ","115.2","256  ","900 ","GDDR5","GeForce GTX 460 MSI Hawk v1 1GB Edition","25 ","40","32","
21-Sep-2010 ","2560x1600","Yes",5,56,"44 "
"Fermi GF104-300-KB-A1 ","1600 x 900","700 ","Yes",1,"Nvidia","180 ","2048  ","115.2","256  ","900 ","GDDR5","GeForce GTX 460 Gainward Golden Sample 2GB Edition","22 ","40","32","
01-Jul-2010 ","2560x1600","Yes",5,56,"39 "
"Fermi GF104-300-KB-A1 ","1600 x 900","715 ","Yes",1,"Nvidia","160 ","1024  ","115.2","256  ","900 ","GDDR5","GeForce GTX 460 Gigabyte OC 1GB Edition","23 ","40","32","
12-Jul-2010 ","2560x1600","Yes",5,56,"40 "
"Fermi GF104-300-KB-A1 ","1600 x 900","700 ","Yes",1,"Nvidia","160 ","1024  ","115.2","256  ","900 ","GDDR5","GeForce GTX 460 Gainward GS 1GB Edition","22 ","40","32","
12-Jul-2010 ","2560x1600","Yes",5,56,"39 "
"Fermi GF104-300-KB-A1 ","1600 x 900","775 ","Yes",1,"Nvidia","225 ","1024  ","128","256  ","1000 ","GDDR5","GeForce GTX 460 Asus DirectCU TOP 1GB Edition","25 ","40","32","
12-Aug-2010 ","2560x1600","Yes",5,56,"43 "
"Fermi GF104-300-KB-A1 ","1600 x 900","763 ","Yes",1,"Nvidia","160 ","1024  ","115.2","256  ","900 ","GDDR5","GeForce GTX 460 EVGA Superclocked 1GB Edition","24 ","40","32","
12-Jul-2010 ","2560x1600","Yes",5,56,"43 "
"Fermi GF104-300-KB-A1 ","1600 x 900","675 ","Yes",1,"Nvidia","160 ","1024  ","115.2","256  ","900 ","GDDR5","GeForce GTX 460 Asus DirectCU II 1GB Edition","22 ","40","32","
01-Jul-2010 ","2560x1600","Yes",5,56,"38 "
"Fermi GF106-250-KA-A1 ","1366 x 768","783 ","Yes",1,"Nvidia","106 ","1024  ","17.1","128  ","533 ","DDR3","GeForce GTS 450 v4 Point of View 1GB Edition","13 ","40","16","
11-Jul-2012 ","2560x1600","No",5,24,"19 "
"Fermi GF104-300-KD-A1 ","1920 x 1080","675 ","Yes",1,"Nvidia","150 ","768  ","86.4","192  ","900 ","GDDR5","GeForce GTX 460 768MB","22 ","40","32","
12-Jul-2010 ","2560x1600","Yes",5,56,"38 "
"Fermi GF106-250-KA-A1 ","1366 x 768","783 ","Yes",1,"Nvidia","96 ","1024  ","22.4","128  ","700 ","DDR3","GeForce GTS 450 v4 Gainward 1GB Edition","13 ","40","16","
11-Jul-2012 ","2560x1600","Yes",5,24,"19 "
"Fermi GF106-250-KA-A1 ","1366 x 768","594 ","Yes",1,"Nvidia","75 ","1024  ","25.6","128  ","800 ","DDR3","GeForce GTS 450 v4 Asus DirectCU Silent 1GB Edition","10 ","40","16","
11-Jul-2012 ","2560x1600","Yes",5,24,"14 "
"Fermi GF106-250-KA-A1 ","1366 x 768","783 ","Yes",1,"Nvidia","96 ","1024  ","22.4","128  ","700 ","DDR3","GeForce GTS 450 v4 Palit 1GB Edition","13 ","40","16","
11-Jul-2012 ","2560x1600","Yes",5,24,"19 "
"Fermi GF116-250-KA-A1 ","1366 x 768","783 ","Yes",1,"Nvidia","106 ","1024  ","22.4","128  ","700 ","DDR3","GeForce GTS 450 v4","13 ","40","16","
11-Jul-2012 ","2560x1600","No",5,24,"19 "
"Fermi GF106-250-KA-A1 ","1366 x 768","594 ","Yes",1,"Nvidia","75 ","1024  ","25.6","128  ","800 ","DDR3","GeForce GTS 450 v4 Asus 1GB Edition","10 ","40","16","
11-Jul-2012 ","2560x1600","Yes",5,24,"14 "
"Fermi GF106-250-KB-A1 ","1600 x 900","790 ","Yes",1,"Nvidia","106 ","1536  ","86.6","192  ","902 ","GDDR5","GeForce GTS 450 v2","19 ","40","24","
11-Oct-2010 ","2560x1600","Yes",5,24,"19 "
"Fermi GF116-200-KA-A1 ","1600 x 900","783 ","Yes",1,"Nvidia","106 ","2048  ","57.7","128  ","902 ","GDDR5","GeForce GTS 450 v3","13 ","40","16","
15-Mar-2011 ","2560x1600","Yes",5,32,"25 "
"Fermi GF106-250-KA-A1 ","1600 x 900","930 ","Yes",1,"Nvidia","107 ","1024  ","64","128  ","1000 ","GDDR5","GeForce GTS 450 Palit Sonic Platinum 1GB Edition","15 ","40","16","
13-Sep-2010 ","2560x1600","Yes",5,32,"30 "
"Fermi GF106-250-KA-A1 ","1600 x 900","783 ","Yes",1,"Nvidia","106 ","1024  ","57.7","128  ","902 ","GDDR5","GeForce GTS 450 Point of View 1GB Edition","13 ","40","16","
13-Sep-2010 ","2560x1600","Yes",5,32,"25 "
"Fermi GF106-250-KA-A1 ","1600 x 900","783 ","Yes",1,"Nvidia","106 ","1024  ","57.7","128  ","902 ","GDDR5","GeForce GTS 450 PNY XLR8 Performance 1GB Edition","13 ","40","16","
15-Oct-2010 ","2560x1600","No",5,32,"25 "
"Fermi GF106-250-KA-A1 ","1600 x 900","850 ","Yes",1,"Nvidia","106 ","1024  ","62.7","128  ","980 ","GDDR5","GeForce GTS 450 MSI Cyclone 1GB Edition","14 ","40","16","
13-Sep-2010 ","2560x1600","Yes",5,32,"27 "
"Fermi GF106-250-KA-A1 ","1600 x 900","830 ","Yes",1,"Nvidia","107 ","1024  ","57.7","128  ","902 ","GDDR5","GeForce GTS 450 Gigabyte OC 1GB Edition","13 ","40","16","
13-Sep-2010 ","2560x1600","Yes",5,32,"27 "
"Fermi GF106-250-KA-A1 ","1600 x 900","825 ","Yes",1,"Nvidia","106 ","1024  ","59.1","128  ","924 ","GDDR5","GeForce GTS 450 Galaxy GC 1GB Edition","13 ","40","16","
13-Sep-2010 ","2560x1600","Yes",5,32,"26 "
"Fermi GF106-250-KA-A1 ","1600 x 900","783 ","Yes",1,"Nvidia","106 ","1024  ","57.7","128  ","902 ","GDDR5","GeForce GTS 450 Gainward 1GB Edition","13 ","40","16","
13-Sep-2010 ","2560x1600","Yes",5,32,"25 "
"Fermi GF106-250-KA-A1 ","1600 x 900","930 ","Yes",1,"Nvidia","107 ","1024  ","65.7","128  ","1026 ","GDDR5","GeForce GTS 450 EVGA FTW 1GB Edition","15 ","40","16","
13-Sep-2010 ","2560x1600","No",5,32,"30 "
"Fermi GF106-250-KA-A1 ","1600 x 900","882 ","Yes",1,"Nvidia","107 ","1024  ","60.8","128  ","950 ","GDDR5","GeForce GTS 450 EVGA SuperClocked 1GB Edition","14 ","40","16","
13-Sep-2010 ","2560x1600","Yes",5,32,"28 "
"Fermi GF106-250-KA-A1 ","1600 x 900","783 ","Yes",1,"Nvidia","106 ","1024  ","57.7","128  ","902 ","GDDR5","GeForce GTS 450 EVGA 1GB Edition","13 ","40","16","
13-Sep-2010 ","2560x1600","Yes",5,32,"25 "
"Fermi GF106-250-KA-A1 ","1600 x 900","783 ","Yes",1,"Nvidia","106 ","1024  ","57.7","128  ","902 ","GDDR5","GeForce GTS 450 Asus DirectCU 1GB Edition","13 ","40","16","
13-Sep-2010 ","2560x1600","Yes",5,32,"25 "
"Fermi GF106-250-KA-A1 ","1600 x 900","850 ","Yes",1,"Nvidia","106 ","1024  ","60.8","128  ","950 ","GDDR5","GeForce GTS 450 Asus DirectCU OC 1GB Edition","14 ","40","16","
13-Sep-2010 ","2560x1600","Yes",5,32,"27 "
"Fermi GF108-400-A1 ","1600 x 900","810 ","Yes",1,"Nvidia","65 ","1024  ","51.2","128  ","800 ","GDDR5","GeForce GT 440 Zotac 1GB Edition","3 ","40","4","
01-Feb-2011 ","2560x1600","No",5,16,"13 "
"Fermi GF106-250-KA-A1 ","1600 x 900","783 ","Yes",1,"Nvidia","106 ","1024  ","57.7","128  ","902 ","GDDR5","GeForce GTS 450","13 ","40","16","
03-Sep-2010 ","2560x1600","Yes",5,32,"25 "
"Fermi GF106-250-KA-A1 ","1600 x 900","925 ","Yes",1,"Nvidia","106 ","1024  ","64","128  ","1000 ","GDDR5","GeForce GTS 450 Asus DirectCU TOP 1GB Edition","15 ","40","16","
13-Sep-2010 ","2560x1600","Yes",5,32,"30 "
"Fermi GF108-400-A1 ","1366 x 768","810 ","Yes",1,"Nvidia","65 ","1024  ","21.3","128  ","667 ","DDR3","GeForce GT 440 v2 Inno3D 2GB Edition","3 ","40","4","
01-Mar-2011 ","2560x1600","No",5,16,"13 "
"Fermi GF106 ","1366 x 768","594 ","Yes",1,"Nvidia","56 ","1536  ","43.2","192  ","900 ","DDR3","GeForce GT 440 v3","14 ","40","24","
01-Oct-2010 ","2560x1600","No",5,24,"14 "
"Fermi GF108-400-A1 ","1366 x 768","830 ","Yes",1,"Nvidia","65 ","1024  ","28.8","128  ","900 ","DDR3","GeForce GT 440 v2 Gigabyte OC 1GB Edition","3 ","40","4","
01-Mar-2011 ","2560x1600","No",5,16,"13 "
"Fermi GF108-400-A1 ","1366 x 768","810 ","Yes",1,"Nvidia","65 ","1024  ","21.3","128  ","667 ","DDR3","GeForce GT 440 v2 Zotac Synergy 2GB Edition","3 ","40","4","
01-Mar-2011 ","2560x1600","No",5,16,"13 "
"Fermi GF108-400-A1 ","1600 x 900","810 ","Yes",1,"Nvidia","65 ","1024  ","51.2","128  ","800 ","GDDR5","GeForce GT 440 Palit 1GB Edition","3 ","40","4","
01-Feb-2011 ","2560x1600","No",5,16,"13 "
"Fermi GF108-400-A1 ","1600 x 900","830 ","Yes",1,"Nvidia","65 ","1024  ","51.2","128  ","800 ","GDDR5","GeForce GT 440 Gigabyte Turbo Cache 1GB Edition","3 ","40","4","
01-Feb-2011 ","2560x1600","No",5,16,"13 "
"Fermi GF104-300-KB-A1 ","1600 x 900","675 ","Yes",1,"Nvidia","160 ","1024  ","115.2","256  ","900 ","GDDR5","GeForce GTX 460","22 ","40","32","
12-Jul-2010 ","2560x1600","Yes",5,56,"38 "
"Fermi GF108-400-A1 ","1600 x 900","810 ","Yes",0,"Nvidia","65 ","1024  ","51.2","128  ","800 ","GDDR5","GeForce GT 440 Gainward 1GB Edition","3 ","40","4","
01-Feb-2011 ","2560x1600","No",5,16,"13 "
"Fermi GF108-400-A1 ","1600 x 900","822 ","Yes",1,"Nvidia","65 ","1024  ","51.2","128  ","800 ","GDDR5","GeForce GT 440 Asus 1GB Edition","3 ","40","4","
01-Feb-2011 ","2560x1600","No",5,16,"13 "
"Fermi GF108-400-A1 ","1366 x 768","810 ","Yes",1,"Nvidia","65 ","1024  ","28.8","128  ","900 ","DDR3","GeForce GT 440 v2","3 ","40","4","
01-Feb-2011 ","2560x1600","No",5,16,"13 "
"Fermi GF108-400-A1 ","1600 x 900","810 ","Yes",1,"Nvidia","65 ","512  ","51.2","128  ","800 ","GDDR5","GeForce GT 440","3 ","40","4","
01-Feb-2011 ","2560x1600","No",5,16,"13 "
"Fermi GF108-300-A1 ","1366 x 768","700 ","Yes",1,"Nvidia","49 ","2048  ","21.3","128  ","667 ","DDR3","GeForce GT 430 Zotac Synergy 2GB Edition","3 ","40","4","
01-Oct-2010 ","2560x1600","No",5,16,"11 "
"Fermi GF108-300-A1 ","1366 x 768","700 ","Yes",1,"Nvidia","49 ","4096  ","17.1","128  ","533 ","DDR3","GeForce GT 430 Zotac Synergy 4GB Edition","3 ","40","4","
01-Oct-2010 ","2560x1600","No",5,16,"11 "
"Fermi GF108-400-A1 ","1366 x 768","700 ","Yes",1,"Nvidia","60 ","2048  ","28.8","128  ","900 ","DDR3","GeForce GT 430 v2","3 ","40","4","
11-Oct-2010 ","2560x1600","No",5,16,"11 "
"Fermi GF108-300-A1 ","1366 x 768","730 ","Yes",1,"Nvidia","49 ","1024  ","21.3","128  ","667 ","DDR3","GeForce GT 430 MSI OC 2GB Edition","3 ","40","4","
01-Dec-2010 ","2560x1600","No",5,16,"12 "
"Fermi GF108-300-A1 ","1366 x 768","785 ","Yes",1,"Nvidia","49 ","1024  ","29.6","128  ","925 ","DDR3","GeForce GT 430 MSI Low Profile Single Fan OC 1GB Edition","3 ","40","4","
01-Dec-2010 ","2560x1600","No",5,16,"13 "
"Fermi GF108-300-A1 ","1366 x 768","785 ","Yes",1,"Nvidia","49 ","1024  ","32","128  ","1000 ","DDR3","GeForce GT 430 MSI Low Profile Dual Fan OC 1GB Edition","3 ","40","4","
01-Dec-2010 ","2560x1600","No",5,16,"13 "
"Fermi GF108-300-A1 ","1366 x 768","700 ","Yes",1,"Nvidia","49 ","1024  ","25.6","128  ","800 ","DDR3","GeForce GT 430 Gainward 1GB Edition","3 ","40","4","
01-Oct-2010 ","2560x1600","No",5,16,"11 "
"Fermi GF108-300-A1 ","1366 x 768","700 ","Yes",1,"Nvidia","49 ","4096  ","21.3","128  ","667 ","DDR3","GeForce GT 430 Inno3D 4GB Edition","3 ","40","4","
01-Dec-2010 ","2560x1600","No",5,16,"11 "
"Fermi GF108-300-A1 ","1366 x 768","730 ","Yes",1,"Nvidia","49 ","1024  ","28.8","128  ","900 ","DDR3","GeForce GT 430 Gigabyte OC 1GB Edition","3 ","40","4","
01-Nov-2010 ","2560x1600","No",5,16,"12 "
"Fermi GF108-300-A1 ","1366 x 768","700 ","Yes",1,"Nvidia","49 ","1024  ","25.6","128  ","800 ","DDR3","GeForce GT 430 EVGA 1GB Edition","3 ","40","4","
01-Oct-2010 ","2560x1600","No",5,16,"11 "
"Fermi GF108-300-A1 ","1366 x 768","700 ","Yes",1,"Nvidia","50 ","2048  ","16","128  ","500 ","DDR3","GeForce GT 430 AXLE 2GB Edition","3 ","40","4","
01-Jan-2011 ","2560x1600","No",5,16,"11 "
"Tesla GT218 ","800 x 600","589 ","Yes",1,"Nvidia","25 ","1024  ","12.6","64  ","790 ","DDR3","GeForce 405","2 ","40","4","
16-Sep-2011 ","2560x1600","No",4.1,8,"5 "
"Fermi GF108-200-A1 ","1366 x 768","700 ","Yes",1,"Nvidia","50 ","2048  ","28.8","128  ","900 ","DDR3","GeForce GT 420","3 ","40","4","
03-Sep-2010 ","2560x1600","No",5,4,"3 "
"Fermi GF108-200-A1 ","1366 x 768","700 ","Yes",1,"Nvidia","50 ","2048  ","25.6","128  ","800 ","DDR3","GeForce GT 420 Gigabyte Rev. 3.0 2GB Edition","3 ","40","4","
03-Sep-2010 ","2560x1600","No",5,4,"3 "
"Fermi GF108-300-A1 ","1366 x 768","700 ","Yes",1,"Nvidia","49 ","1024  ","28.8","128  ","900 ","DDR3","GeForce GT 430","3 ","40","4","
11-Oct-2010 ","2560x1600","No",5,16,"11 "
"Fermi GF110-351-A1 ","2560 x 1600","630 ","Yes",1,"Nvidia","365 ","3072  ","331.8","384  ","864 ","GDDR5","GeForce GTX 590 EVGA Classified Hydro Copper Edition","60 ","40","48 (x2)","
24-Mar-2011 ","2560x1600","Yes",5,64,"81 "
"Fermi GF110 ","2560 x 1600","782 ","Yes",1,"Nvidia","499 ","3072  ","384.8","384  ","1002 ","GDDR5","GeForce GTX 590 Mars II Asus Edition","75 ","40","48 (x2)","
01-Apr-2011 ","2560x1600","Yes",5,64,"100 "
"Fermi GF110-351-A1 (x2) ","2560 x 1600","607 ","Yes",0,"Nvidia","700 ","6144  ","655.9","384  ","854 ","GDDR5","GeForce GTX 590 SLI","117 ","40","48 (x4)","
24-Mar-2011 ","2560x1600","Yes",5,64,"155 "
"Fermi GF110-351-A1 ","2560 x 1600","607 ","Yes",0,"Nvidia","365 ","3072  ","327.9","384  ","854 ","GDDR5","GeForce GTX 590","58 ","40","48 (x2)","
24-Mar-2011 ","2560x1600","Yes",5,64,"78 "
"Fermi GF110-351-A1 ","2560 x 1600","630 ","Yes",1,"Nvidia","365 ","3072  ","331.8","384  ","864 ","GDDR5","GeForce GTX 590 EVGA Classified Edition","60 ","40","48 (x2)","
24-Mar-2011 ","2560x1600","Yes",5,64,"81 "
"Fermi GF110-375-A1 ","1920 x 1080","815 ","Yes",1,"Nvidia","255 ","1536  ","196.8","384  ","1025 ","GDDR5","GeForce GTX 580 Zotac AMP! Edition","39 ","40","48","
01-Jan-2011 ","2560x1600","Yes",5,64,"52 "
"Fermi GF110-375-A1 ","1920 x 1080","800 ","Yes",1,"Nvidia",NA,"1536  ","196.6","384  ","1024 ","GDDR5","GeForce GTX 580 Twin Frozr II OC Edition","38 ","40","48","
01-Mar-2011 ","2560x1600","Yes",5,64,"51 "
"Fermi GF110-375-A1 (x2) ","1920 x 1080","772 ","Yes",0,"Nvidia","488 ","3072  ","384.8","384  ","1002 ","GDDR5","GeForce GTX 580 SLI","74 ","40","48 (x2)","
01-Nov-2010 ","2560x1600","Yes",5,64,"99 "
"Fermi GF110-375-A1 ","1920 x 1080","783 ","Yes",1,"Nvidia","244 ","3072  ","193","384  ","1005 ","GDDR5","GeForce GTX 580 Palit Dual Fan 3GB Edition","38 ","40","48","
12-Jan-2011 ","2560x1600","Yes",5,64,"50 "
"Fermi GF110-375-A1 ","1920 x 1080","832 ","Yes",1,"Nvidia","244 ","3072  ","201.6","384  ","1050 ","GDDR5","GeForce GTX 580 Lightning Xtreme Edition","40 ","40","48","
01-May-2011 ","2560x1600","Yes",5,64,"53 "
"Fermi GF110-375-A1 ","1920 x 1080","795 ","Yes",1,"Nvidia",NA,"1536  ","192.4","384  ","1002 ","GDDR5","GeForce GTX 580 Gigabyte UD rev 1.0 Edition","38 ","40","48","
01-Feb-2011 ","2560x1600","Yes",5,64,"51 "
"Fermi GF110-375-A1 ","1920 x 1080","772 ","Yes",1,"Nvidia",NA,"1536  ","192.4","384  ","1002 ","GDDR5","GeForce GTX 580 Galaxy Edition","37 ","40","48","
01-Nov-2010 ","2560x1600","Yes",5,64,"49 "
"Fermi GF110-375-A1 ","1920 x 1080","783 ","Yes",1,"Nvidia",NA,"3072  ","193","384  ","1005 ","GDDR5","GeForce GTX 580 Gainward Phantom 3GB","38 ","40","48","
09-Nov-2010 ","2560x1600","Yes",5,64,"50 "
"Fermi GF110-375-A1 ","1920 x 1080","783 ","Yes",1,"Nvidia",NA,"1536  ","193","384  ","1005 ","GDDR5","GeForce GTX 580 Gainward GOOD Edition","38 ","40","48","
01-May-2011 ","2560x1600","Yes",5,64,"50 "
"Fermi GF110-375-A1 ","1920 x 1080","797 ","Yes",1,"Nvidia","244 ","1536  ","194.5","384  ","1013 ","GDDR5","GeForce GTX 580 EVGA Superclocked Edition","38 ","40","48","
01-Jan-2011 ","2560x1600","Yes",5,64,"51 "
"Fermi GF110-375-A1 ","1920 x 1080","850 ","Yes",1,"Nvidia","244 ","1536  ","201.4","384  ","1049 ","GDDR5","GeForce GTX 580 EVGA FTW Hydro Copper 2 1.5GB Edition","41 ","40","48","
17-Jan-2011 ","2560x1600","Yes",5,64,"54 "
"Fermi GF110-375-A1 ","1920 x 1080","797 ","Yes",1,"Nvidia","244 ","1536  ","194.5","384  ","1013 ","GDDR5","GeForce GTX 580 EVGA CoD Black Ops 1.5GB Edition","38 ","40","48","
09-Nov-2010 ","2560x1600","Yes",5,64,"51 "
"Fermi GF110-375-A1 ","1920 x 1080","782 ","Yes",1,"Nvidia","244 ","1536  ","192.4","384  ","1002 ","GDDR5","GeForce GTX 580 Asus DirectCU II Edition","38 ","40","48","
01-Jan-2011 ","2560x1600","Yes",5,64,"50 "
"Fermi GF110-375-A1 ","1920 x 1080","900 ","Yes",1,"Nvidia","244 ","3072  ","202.2","384  ","1053 ","GDDR5","GeForce GTX 580 CUHC 3GB","43 ","40","48","
01-Nov-2010 ","2560x1600","Yes",5,64,"58 "
"Fermi GF110-375-A1 ","1920 x 1080","797 ","Yes",1,"Nvidia","244 ","1536  ","194.5","384  ","1013 ","GDDR5","GeForce GTX 580 EVGA DS Superclocked 1.5GB Edition","38 ","40","48","
22-Apr-2011 ","2560x1600","Yes",5,64,"51 "
"Fermi GF110-375-A1 ","1920 x 1080","816 ","Yes",1,"Nvidia",NA,"1536  ","192.4","384  ","1002 ","GDDR5","GeForce GTX 580 Asus Matrix Edition","39 ","40","48","
01-May-2011 ","2560x1600","Yes",5,64,"52 "
"Fermi GF110-375-A1 ","1920 x 1080","900 ","Yes",1,"Nvidia","244 ","3072  ","202.2","384  ","1053 ","GDDR5","GeForce GTX 580 EVGA Classified Ultra 3GB Edition","43 ","40","48","
25-Nov-2011 ","2560x1600","Yes",5,64,"58 "
"Fermi GF110-375-A1 ","1920 x 1080","772 ","Yes",1,"Nvidia","244 ","1536  ","192.4","384  ","1002 ","GDDR5","GeForce GTX 580","37 ","40","48","
09-Nov-2010 ","2560x1600","Yes",5,64,"49 "
"Fermi GF110-275-A1 ","1920 x 1080","750 ","Yes",1,"Nvidia","219 ","1280  ","156","320  ","975 ","GDDR5","GeForce GTX 570 Sonic Edition","30 ","40","40","
01-Jun-2011 ","2560x1600","Yes",5,60,"45 "
"Fermi GF110-375-A1 ","1920 x 1080","772 ","Yes",1,"Nvidia","244 ","3072  ","192.4","384  ","1002 ","GDDR5","GeForce GTX 580 EVGA 3GB Edition","37 ","40","48","
27-Jun-2011 ","2560x1600","Yes",5,64,"49 "
"Fermi GF110-275-A1 ","1920 x 1080","800 ","Yes",1,"Nvidia","219 ","1280  ","160","320  ","1000 ","GDDR5","GeForce GTX 570 SP Edition ","32 ","40","40","
01-Dec-2010 ","2560x1600","Yes",5,60,"48 "
"Fermi GF110-275-A1 (x2) ","1920 x 1080","732 ","Yes",2,"Nvidia","410 ","2560  ","304","320  ","950 ","GDDR5","GeForce GTX 570 SLI","59 ","40","40 (x2)","
01-Dec-2010 ","2560x1600","Yes",5,60,"88 "
"Fermi GF110-275-A1 ","1920 x 1080","732 ","Yes",1,"Nvidia",NA,"1280  ","152","320  ","950 ","GDDR5","GeForce GTX 570 MSI Power Edition","29 ","40","40","
01-Apr-2011 ","2560x1600","Yes",5,60,"44 "
"Fermi GF110-275-A1 ","1920 x 1080","770 ","Yes",1,"Nvidia",NA,"1280  ","160","320  ","1000 ","GDDR5","GeForce GTX 570 MSI OC Power Edition","31 ","40","40","
01-Apr-2011 ","2560x1600","Yes",5,60,"46 "
"Fermi GF110-275-A1 ","1920 x 1080","800 ","Yes",1,"Nvidia","219 ","1280  ","160","320  ","1000 ","GDDR5","GeForce GTX 570 GS-GLH Edition","32 ","40","40","
07-Dec-2010 ","2560x1600","Yes",5,60,"48 "
"Fermi GF110-275-A1 ","1920 x 1080","845 ","Yes",1,"Nvidia",NA,"1280  ","152","320  ","950 ","GDDR5","GeForce GTX 570 Gigabyte SO Edition","34 ","40","40","
01-May-2011 ","2560x1600","Yes",5,60,"51 "
"Fermi GF110-275-A1 ","1920 x 1080","780 ","Yes",1,"Nvidia","219 ","1280  ","152","320  ","950 ","GDDR5","GeForce GTX 570 Gigabyte Edition","31 ","40","40","
01-Apr-2011 ","2560x1600","Yes",5,60,"47 "
"Fermi GF110-275-A1 ","1920 x 1080","797 ","Yes",1,"Nvidia","219 ","1280  ","156","320  ","975 ","GDDR5","GeForce GTX 570 EVGA SC Edition","32 ","40","40","
01-Dec-2010 ","2560x1600","Yes",5,60,"48 "
"Fermi GF110-275-A1 ","1920 x 1080","750 ","Yes",1,"Nvidia",NA,"1280  ","156","320  ","975 ","GDDR5","GeForce GTX 570 Gainward Phantom Edition","30 ","40","40","
01-Jan-2011 ","2560x1600","Yes",5,60,"45 "
"Fermi GF110-275-A1 ","1920 x 1080","742 ","Yes",1,"Nvidia",NA,"1280  ","152","320  ","950 ","GDDR5","GeForce GTX 570 Direct CU II Edition","30 ","40","40","
01-Jul-2011 ","2560x1600","Yes",5,60,"45 "
"Fermi GF110-275-A1 ","1920 x 1080","750 ","Yes",1,"Nvidia","219 ","1280  ","156","320  ","975 ","GDDR5","GeForce GTX 570 Gainward Golden Sample 1.2GB Edition","30 ","40","40","
07-Dec-2010 ","2560x1600","Yes",5,60,"45 "
"Fermi GF110-275-A1 ","1920 x 1080","732 ","Yes",1,"Nvidia","219 ","1280  ","152","320  ","950 ","GDDR5","GeForce GTX 570","29 ","40","40","
07-Dec-2010 ","2560x1600","Yes",5,60,"44 "
"Fermi GF114-325-A1 ","1600 x 900","950 ","Yes",1,"Nvidia","150 ","1024  ","140.8","256  ","1100 ","GDDR5","GeForce GTX 560 Zotac AMP! 1GB Edition","30 ","40","32","
25-Jul-2011 ","2560x1600","Yes",5,56,"53 "
"Fermi GF114-325-A1 ","1600 x 900","820 ","Yes",1,"Nvidia","150 ","1024  ","128.3","256  ","1002 ","GDDR5","GeForce GTX 560 Zotac 1GB Edition","26 ","40","32","
17-May-2011 ","2560x1600","Yes",5,56,"46 "
"Fermi GF110-275-A1 ","1920 x 1080","732 ","Yes",1,"Nvidia","219 ","2560  ","152","320  ","950 ","GDDR5","GeForce GTX 570 EVGA HD 2.5GB Edition","29 ","40","40","
01-Sep-2011 ","2560x1600","Yes",5,60,"44 "
"Fermi GF114-400-A1 ","1600 x 900","910 ","Yes",1,"Nvidia",NA,"1024  ","128.3","256  ","1002 ","GDDR5","GeForce GTX 560 Ti Zotac OC Edition","29 ","40","32","
01-Feb-2011 ","2560x1600","Yes",5,64,"58 "
"Fermi GF114-400-A1 ","1600 x 900","950 ","Yes",1,"Nvidia","170 ","1024  ","140.8","256  ","1100 ","GDDR5","GeForce GTX 560 Ti Zotac AMP! 1GB Edition","30 ","40","32","
25-Jan-2011 ","2560x1600","Yes",5,64,"61 "
"Fermi GF114-400-A1 ","1600 x 900","880 ","Yes",0,"Nvidia",NA,"2048  ","192.3","256  ","1502 ","GDDR5","GeForce GTX 560 Ti Twin Frozr II/OC 2GB","28 ","40","32","
01-May-2011 ","2560x1600","Yes",5,64,"56 "
"Fermi GF114-400-A1 ","1600 x 900","822 ","Yes",0,"Nvidia",NA,"2048  ","128.3","256  ","1002 ","GDDR5","GeForce GTX 560 Ti Twin Frozr II 2GB","26 ","40","32","
01-May-2011 ","2560x1600","Yes",5,64,"53 "
"Fermi GF114-400-A1 ","1600 x 900","900 ","Yes",1,"Nvidia","184 ","1024  ","134.8","256  ","1053 ","GDDR5","GeForce GTX 560 Ti Superclocked Edition","29 ","40","32","
01-Mar-2011 ","2560x1600","Yes",5,64,"58 "
"Fermi GF114-400-A1 ","1600 x 900","900 ","Yes",1,"Nvidia","180 ","1024  ","134.4","256  ","1050 ","GDDR5","GeForce GTX 560 Ti Sonic 1GB Edition","29 ","40","32","
01-May-2012 ","2560x1600","Yes",5,64,"58 "
"Fermi GF114-400-A1 (x2) ","1920 x 1080","823 ","Yes",2,"Nvidia","300 ","2048  ","256.5","256  ","1002 ","GDDR5","GeForce GTX 560 Ti SLI","53 ","40","32 (x2)","
01-Jan-2011 ","2560x1600","Yes",5,64,"105 "
"Fermi GF114-400-A1 ","1600 x 900","880 ","Yes",0,"Nvidia",NA,"1024  ","131.2","256  ","1025 ","GDDR5","GeForce GTX 560 Ti Inno3D OC Edition","28 ","40","32","
01-Jan-2011 ","2560x1600","Yes",5,64,"56 "
"Fermi GF114-400-A1 ","1600 x 900","880 ","Yes",0,"Nvidia","170 ","1024  ","134.4","256  ","1050 ","GDDR5","GeForce GTX 560 Ti Twin Frozr II OC Edition","28 ","40","32","
01-Feb-2011 ","2560x1600","Yes",5,64,"56 "
"Fermi GF114-400-A1 ","1600 x 900","835 ","Yes",0,"Nvidia",NA,"1024  ","131.2","256  ","1025 ","GDDR5","GeForce GTX 560 Ti Phantom 1GB Edition","27 ","40","32","
01-Jan-2011 ","2560x1600","Yes",5,64,"53 "
"Fermi GF114-400-A1 ","1600 x 900","900 ","Yes",1,"Nvidia",NA,"1024  ","134.8","256  ","1053 ","GDDR5","GeForce GTX 560 Ti PNY OC2 1GB","29 ","40","32","
01-Mar-2011 ","2560x1600","Yes",5,64,"58 "
"Fermi GF114-400-A1 ","1600 x 900","950 ","Yes",2,"Nvidia","170 ","1024  ","134.4","256  ","1050 ","GDDR5","GeForce GTX 560 Ti Hawk Edition","30 ","40","32","
09-Feb-2011 ","2560x1600","Yes",5,64,"61 "
"Fermi GF114-400-A1 ","1600 x 900","900 ","Yes",1,"Nvidia",NA,"1024  ","128","256  ","1000 ","GDDR5","GeForce GTX 560 Ti Gigabyte OC 1GB Edition","29 ","40","32","
01-Jan-2011 ","2560x1600","Yes",5,64,"58 "
"Fermi GF114-400-A1 ","1600 x 900","900 ","Yes",1,"Nvidia",NA,"1024  ","134.4","256  ","1050 ","GDDR5","GeForce GTX 560 Ti Golden Sample Edition","29 ","40","32","
01-Feb-2011 ","2560x1600","Yes",5,64,"58 "
"Fermi GF114-400-A1 ","1600 x 900","822 ","Yes",1,"Nvidia","170 ","2048  ","128.3","256  ","1002 ","GDDR5","GeForce GTX 560 Ti EVGA 2GB Edition","26 ","40","32","
10-Nov-2011 ","2560x1600","Yes",5,64,"53 "
"Fermi GF114-400-A1 ","1600 x 900","900 ","Yes",1,"Nvidia","170 ","1024  ","134.8","256  ","1053 ","GDDR5","GeForce GTX 560 Ti Superclocked DS Edition","29 ","40","32","
05-Nov-2011 ","2560x1600","Yes",5,64,"58 "
"Fermi GF114-400-A1 ","1600 x 900","900 ","Yes",0,"Nvidia",NA,"2048  ","128.3","256  ","1002 ","GDDR5","GeForce GTX 560 Ti DirectCUII TOP 2GB","29 ","40","32","
25-Feb-2011 ","2560x1600","Yes",5,64,"58 "
"Fermi GF114-400-A1 ","1600 x 900","1000 ","Yes",0,"Nvidia",NA,"1024  ","146.6","256  ","1145 ","GDDR5","GeForce GTX 560 Ti SOC Edition","32 ","40","32","
01-Jan-2011 ","2560x1600","Yes",5,64,"64 "
"Fermi GF114-400-A1 ","1600 x 900","900 ","Yes",1,"Nvidia",NA,"1024  ","134.4","256  ","1050 ","GDDR5","GeForce GTX 560 Ti DirectCUII TOP 1GB","29 ","40","32","
25-Feb-2011 ","2560x1600","Yes",5,64,"58 "
"Fermi GF114-400-A1 ","1600 x 900","822 ","Yes",0,"Nvidia","170 ","2048  ","128.3","256  ","1002 ","GDDR5","GeForce GTX 560 Ti Gainward Phantom 2GB Edition","26 ","40","32","
25-Jan-2011 ","2560x1600","Yes",5,64,"53 "
"Fermi GF114-400-A1 ","1600 x 900","830 ","Yes",0,"Nvidia",NA,"1024  ","128","256  ","1000 ","GDDR5","GeForce GTX 560 Ti DirectCUII 1GB","27 ","40","32","
01-Feb-2011 ","2560x1600","Yes",5,64,"53 "
"Fermi GF114-400-A1 ","1600 x 900","830 ","Yes",1,"Nvidia",NA,"2048  ","128.3","256  ","1002 ","GDDR5","GeForce GTX 560 Ti DirectCUII 2GB","27 ","40","32","
01-Feb-2011 ","2560x1600","Yes",5,64,"53 "
"Fermi GF114-400-A1 ","1600 x 900","900 ","Yes",1,"Nvidia",NA,"1024  ","134.8","256  ","1053 ","GDDR5","GeForce GTX 560 Ti Crysis 2 Maximum Edition","29 ","40","32","
23-Mar-2011 ","2560x1600","Yes",5,64,"58 "
"Fermi GF114-400-A1 ","1600 x 900","950 ","Yes",1,"Nvidia",NA,"1024  ","140.8","256  ","1100 ","GDDR5","GeForce GTX 560 Ti AMP","30 ","40","32","
08-Feb-2011 ","2560x1600","Yes",5,64,"61 "
"Fermi GF114-325-A1 ","1600 x 900","932 ","Yes",1,"Nvidia","150 ","1024  ","143.6","256  ","1122 ","GDDR5","GeForce GTX 560 Sparkle Calibe DF 1GB Edition","30 ","40","32","
19-May-2011 ","2560x1600","Yes",5,56,"52 "
"Fermi GF114-400-A1 ","1600 x 900","822 ","Yes",1,"Nvidia","170 ","1024  ","128.3","256  ","1002 ","GDDR5","GeForce GTX 560 Ti","26 ","40","32","
25-Jan-2011 ","2560x1600","Yes",5,64,"53 "
"Fermi GF110-270-A1 ","1920 x 1080","732 ","Yes",1,"Nvidia","210 ","1280  ","121.6","256  ","950 ","GDDR5","GeForce GTX 560 Ti 448 Edition ","23 ","40","32","
29-Nov-2011 ","2560x1600","Yes",5,64,"47 "
"Fermi GF114-200-KB-A1 ","1600 x 900","736 ","Yes",1,"Nvidia","150 ","1024  ","91.9","192  ","957 ","GDDR5","GeForce GTX 560 SE (OEM)","18 ","40","24","
30-Mar-2012 ","2560x1600","Yes",5,48,"35 "
"Fermi GF110-270-A1 ","1920 x 1080","750 ","Yes",1,"Nvidia","210 ","1280  ","124.8","256  ","975 ","GDDR5","GeForce GTX 560 Ti 448 MSI Twin Frozr III Power OC 1.2GB Edition","24 ","40","32","
29-Nov-2011 ","2560x1600","Yes",5,64,"48 "
"Fermi GF114-325-A1 ","1600 x 900","810 ","Yes",1,"Nvidia","150 ","1024  ","128.3","256  ","1002 ","GDDR5","GeForce GTX 560 Gigabyte WindForce 2X Rev 3.0 1GB Edition","26 ","40","32","
17-May-2011 ","2560x1600","Yes",5,56,"45 "
"Fermi GF114-325-A1 ","1600 x 900","810 ","Yes",1,"Nvidia","150 ","2048  ","128.3","256  ","1002 ","GDDR5","GeForce GTX 560 Palit 2GB Edition","26 ","40","32","
01-May-2011 ","2560x1600","Yes",5,56,"45 "
"Fermi GF114-325-A1 ","1600 x 900","870 ","Yes",1,"Nvidia","150 ","1024  ","130.6","256  ","1020 ","GDDR5","GeForce GTX 560 MSI TwinFrozr II OC 1GB Edition","28 ","40","32","
17-May-2011 ","2560x1600","Yes",5,56,"49 "
"Fermi GF114-325-A1 ","1600 x 900","810 ","Yes",1,"Nvidia","150 ","1024  ","128.3","256  ","1002 ","GDDR5","GeForce GTX 560 Gigabyte WindForce 2X Rev 2.0 1GB Edition","26 ","40","32","
17-May-2011 ","2560x1600","Yes",5,56,"45 "
"Fermi GF114-325-A1 ","1600 x 900","810 ","Yes",1,"Nvidia","150 ","1024  ","128.3","256  ","1002 ","GDDR5","GeForce GTX 560 Gigabyte WindForce 2X Rev 1.0 1GB Edition","26 ","40","32","
17-May-2011 ","2560x1600","Yes",5,56,"45 "
"Fermi GF114-325-A1 ","1600 x 900","850 ","Yes",1,"Nvidia","150 ","2048  ","128.3","256  ","1002 ","GDDR5","GeForce GTX 560 Galaxy GC 2GB Edition","27 ","40","32","
01-Dec-2011	 ","2560x1600","Yes",5,56,"48 "
"Fermi GF114-325-A1 (x2) ","1920 x 1080","810 ","Yes",2,"Nvidia","300 ","2048  ","256.3","256  ","1001 ","GDDR5","GeForce GTX 560 SLI","52 ","40","32 (x2)","
17-May-2011 ","2560x1600","Yes",5,56,"91 "
"Fermi GF114-325-A1 ","1600 x 900","851 ","Yes",1,"Nvidia","150 ","2048  ","131.3","256  ","1026 ","GDDR5","GeForce GTX 560 EVGA Superclocked 2GB Edition","27 ","40","32","
01-Jun-2011 ","2560x1600","Yes",5,56,"48 "
"Fermi GF114-325-A1 ","1600 x 900","822 ","Yes",1,"Nvidia","150 ","1024  ","129.3","256  ","1010 ","GDDR5","GeForce GTX 560 Gainward Phantom 1GB Edition","26 ","40","32","
28-Nov-2011 ","2560x1600","Yes",5,56,"46 "
"Fermi GF114-325-A1 ","1600 x 900","931 ","Yes",1,"Nvidia","150 ","1024  ","137.9","256  ","1077 ","GDDR5","GeForce GTX 560 EVGA FTW+ 1GB Edition","30 ","40","32","
15-Aug-2011 ","2560x1600","Yes",5,56,"52 "
"Fermi GF114-325-A1 ","1600 x 900","851 ","Yes",1,"Nvidia","150 ","1024  ","131.3","256  ","1026 ","GDDR5","GeForce GTX 560 EVGA Superclocked 1GB Edition","27 ","40","32","
17-May-2011 ","2560x1600","Yes",5,56,"48 "
"Fermi GF114-325-A1 ","1600 x 900","900 ","Yes",1,"Nvidia","150 ","1024  ","133.1","256  ","1040 ","GDDR5","GeForce GTX 560 EVGA DS SSC 1GB Edition","29 ","40","32","
02-Dec-2011 ","2560x1600","Yes",5,56,"50 "
"Fermi GF114-325-A1 ","1600 x 900","900 ","Yes",1,"Nvidia","176 ","1024  ","131.3","256  ","1026 ","GDDR5","GeForce GTX 560 Club3D CoolStream Super OC 1GB Edition","29 ","40","32","
17-May-2011 ","2560x1600","Yes",5,56,"50 "
"Fermi GF114-325-A1 ","1600 x 900","925 ","Yes",1,"Nvidia","150 ","1024  ","134.4","256  ","1050 ","GDDR5","GeForce GTX 560 Asus DirectCU II TOP 1GB Edition","30 ","40","32","
19-May-2011 ","2560x1600","Yes",5,56,"52 "
"Fermi GF114-325-A1 ","1600 x 900","810 ","Yes",1,"Nvidia","150 ","1024  ","128.3","256  ","1002 ","GDDR5","GeForce GTX 560 EVGA 1GB Edition","26 ","40","32","
17-May-2011 ","2560x1600","Yes",5,56,"45 "
"Fermi GF114-325-A1 ","1600 x 900","850 ","Yes",1,"Nvidia","150 ","1024  ","134.4","256  ","1050 ","GDDR5","GeForce GTX 560 Asus DirectCU II OC 1GB Edition","27 ","40","32","
17-May-2011 ","2560x1600","Yes",5,56,"48 "
"Fermi GF110 ","1600 x 900","552 ","Yes",1,"Nvidia","150 ","1280  ","128.3","320  ","802 ","GDDR5","GeForce GTX 560 (OEM)","22 ","40","40","
29-Nov-2011 ","2560x1600","Yes",5,44,"24 "
"Fermi GF114-325-A1 ","1600 x 900","931 ","Yes",1,"Nvidia","150 ","1024  ","128.3","256  ","1002 ","GDDR5","GeForce GTX 560 ECS Black 1GB Edition","30 ","40","32","
17-May-2011 ","2560x1600","Yes",5,56,"52 "
"Fermi GF114-325-A1 ","1600 x 900","810 ","Yes",1,"Nvidia","150 ","1024  ","128.3","256  ","1002 ","GDDR5","GeForce GTX 560 Asus DirectCU 1GB Edition","26 ","40","32","
17-May-2011 ","2560x1600","Yes",5,56,"45 "
"Fermi GF114-325-A1 ","1600 x 900","822 ","Yes",1,"Nvidia","150 ","1024  ","129.3","256  ","1010 ","GDDR5","GeForce GTX 560 Gainward Golden Sample 1GB Edition","26 ","40","32","
08-Sep-2011 ","2560x1600","Yes",5,56,"46 "
"Fermi GF114-200-KB-A1 ","1680 x 1050","776 ","Yes",1,"Nvidia","150 ","1024  ","91.9","192  ","957 ","GDDR5","GeForce GTX 555 (OEM)","19 ","40","24","
01-May-2012 ","2560x1600","Yes",5,48,"37 "
"Fermi GF114-325-A1 ","1600 x 900","810 ","Yes",1,"Nvidia","150 ","1024  ","128.1","256  ","1001 ","GDDR5","GeForce GTX 560","26 ","40","32","
17-May-2011 ","2560x1600","Yes",5,56,"45 "
"Fermi GF116-400-A1 ","1600 x 900","1000 ","Yes",1,"Nvidia",NA,"1024  ","105.6","192  ","1100 ","GDDR5","GeForce GTX 550 Ti Zotac AMP! Edition","24 ","40","24","
01-Mar-2011 ","2560x1600","Yes",5,32,"32 "
"Fermi GF116-400-A1 ","1600 x 900","970 ","Yes",1,"Nvidia",NA,"1024  ","98.4","192  ","1025 ","GDDR5","GeForce GTX 550 Ti WindForce Edition","23 ","40","24","
01-Sep-2011  ","2560x1600","Yes",5,32,"31 "
"Fermi GF116-400-A1 (x2) ","1920 x 1080","900 ","Yes",1,"Nvidia","250 ","2048  ","196.8","192  ","1025 ","GDDR5","GeForce GTX 550 Ti SLI","43 ","40","24 (x2)","
15-Mar-2011 ","2560x1600","Yes",5,32,"58 "
"Fermi GF116-400-A1 ","1600 x 900","900 ","Yes",1,"Nvidia","116 ","1024  ","98.4","192  ","1025 ","GDDR5","GeForce GTX 550 Ti Zotac Edition","22 ","40","24","
01-Mar-2011 ","2560x1600","Yes",5,32,"29 "
"Fermi GF116-400-A1 ","1600 x 900","900 ","Yes",1,"Nvidia","116 ","1024  ","98.4","192  ","1025 ","GDDR5","GeForce GTX 550 Ti Palit Edition","22 ","40","24","
01-Mar-2011 ","2560x1600","Yes",5,32,"29 "
"Fermi GF116-400-A1 ","1600 x 900","950 ","Yes",0,"Nvidia",NA,"1024  ","103.2","192  ","1075 ","GDDR5","GeForce GTX 550 Ti M2D1 OC Edition","23 ","40","24","
01-May-2011 ","2560x1600","Yes",5,32,"30 "
"Fermi GF116-400-A1 ","1600 x 900","975 ","Yes",1,"Nvidia",NA,"1024  ","98.5","192  ","1026 ","GDDR5","GeForce GTX 550 Ti DirectCU TOP Edition","23 ","40","24","
01-Mar-2011 ","2560x1600","Yes",5,32,"31 "
"Fermi GF116-400-A1 ","1600 x 900","1000 ","Yes",1,"Nvidia",NA,"1024  ","105.6","192  ","1100 ","GDDR5","GeForce GTX 550 Ti Sonic Edition","24 ","40","24","
01-Mar-2011 ","2560x1600","Yes",5,32,"32 "
"Fermi GF116-400-A1 ","1600 x 900","970 ","Yes",1,"Nvidia",NA,"1024  ","100.8","192  ","1050 ","GDDR5","GeForce GTX 550 Ti Gigabyte OC Edition","23 ","40","24","
01-Jul-2011 ","2560x1600","Yes",5,32,"31 "
"Fermi GF116-400-A1 ","1600 x 900","951 ","Yes",1,"Nvidia","116 ","1024  ","104.5","192  ","1089 ","GDDR5","GeForce GTX 550 Ti FPB","23 ","40","24","
01-Mar-2011 ","2560x1600","Yes",5,32,"30 "
"Fermi GF116-400-A1 ","1600 x 900","900 ","Yes",1,"Nvidia",NA,"1024  ","98.4","192  ","1025 ","GDDR5","GeForce GTX 550 Ti Gainward Edition","22 ","40","24","
01-Mar-2011 ","2560x1600","Yes",5,32,"29 "
"Fermi GF116-400-A1 ","1600 x 900","981 ","Yes",1,"Nvidia",NA,"1024  ","108.3","192  ","1128 ","GDDR5","GeForce GTX 550 Ti EVGA SC Edition","24 ","40","24","
01-Mar-2011 ","2560x1600","Yes",5,32,"31 "
"Fermi GF116-400-A1 ","1600 x 900","910 ","Yes",1,"Nvidia",NA,"1024  ","98.5","192  ","1026 ","GDDR5","GeForce GTX 550 Ti DirectCU Edition","22 ","40","24","
01-Mar-2011 ","2560x1600","Yes",5,32,"29 "
"Fermi GF116-400-A1 ","1600 x 900","1000 ","Yes",1,"Nvidia","116 ","1024  ","105.6","192  ","1100 ","GDDR5","GeForce GTX 550 Ti Golden Sample Edition","24 ","40","24","
01-Mar-2011 ","2560x1600","Yes",5,32,"32 "
"Fermi GF116-400-A1 ","1600 x 900","900 ","Yes",1,"Nvidia",NA,"2048  ","96.2","192  ","1002 ","GDDR5","GeForce GTX 550 Ti EVGA 2GB Edition","22 ","40","24","
01-Mar-2011 ","2560x1600","Yes",5,32,"29 "
"Fermi GF116-400-A1 ","1600 x 900","950 ","Yes",1,"Nvidia",NA,"1024  ","103.2","192  ","1075 ","GDDR5","GeForce GTX 550 Ti Cyclone II OC Edition","23 ","40","24","
15-Mar-2011 ","2560x1600","Yes",5,32,"30 "
"Fermi GF116-400-A1 ","1600 x 900","900 ","Yes",1,"Nvidia",NA,"1024  ","98.4","192  ","1025 ","GDDR5","GeForce GTX 550 Ti Asus M2D1 Edition","22 ","40","24","
01-May-2011 ","2560x1600","Yes",5,32,"29 "
"Fermi GF116-400-A1 (x2) ","1920 x 1080","910 ","Yes",1,"Nvidia","250 ","2048  ","196.8","192  ","1025 ","GDDR5","GeForce GTX 550 Ti Asus Edition SLI","44 ","40","24 (x2)","
15-Mar-2011 ","2560x1600","Yes",5,32,"58 "
"Fermi GF116-400-A1 ","1600 x 900","910 ","Yes",1,"Nvidia","116 ","1024  ","98.5","192  ","1026 ","GDDR5","GeForce GTX 550 Ti Asus Edition","22 ","40","24","
01-Mar-2011 ","2560x1600","Yes",5,32,"29 "
"Fermi GF116-400-A1 ","1600 x 900","900 ","Yes",1,"Nvidia","116 ","1024  ","98.4","192  ","1025 ","GDDR5","GeForce GTX 550 Ti","22 ","40","24","
15-Mar-2011 ","2560x1600","Yes",5,32,"29 "
"Fermi GF116-400-A1 ","1600 x 900","720 ","Yes",1,"Nvidia","70 ","3072  ","38.4","192  ","800 ","DDR3","GeForce GT 545 3GB","12 ","40","16","
14-May-2011 ","2560x1600","Yes",5,24,"17 "
"Fermi GF116-400-A1 ","1366 x 768","720 ","Yes",1,"Nvidia","70 ","1536  ","38.4","192  ","800 ","DDR3","GeForce GT 545 1.5GB","12 ","40","16","
14-May-2011 ","2560x1600","Yes",5,24,"17 "
"Fermi GF119-300-A1 ","1366 x 768","810 ","Yes",1,"Nvidia","29 ","1024  ","8.5","64  ","533 ","DDR3","GeForce GT 520 Zotac Synergy 1GB Edition","3 ","40","4","
01-May-2011 ","2560x1600","No",5,8,"6 "
"Fermi GF116-400-KD-A1 ","1600 x 900","870 ","Yes",1,"Nvidia","105 ","1024  ","63.9","128  ","999 ","GDDR5","GeForce GT 545 (OEM)","14 ","40","16","
14-May-2011 ","2560x1600","Yes",5,24,"21 "
"Fermi GF119-300-A1 ","1366 x 768","598 ","Yes",1,"Nvidia","29 ","1024  ","8","64  ","500 ","DDR3","GeForce GT 520 v4","2 ","40","4","
20-Aug-2012 ","2560x1600","No",5,16,"10 "
"Fermi GF108-200-A1 ","1366 x 768","810 ","Yes",1,"Nvidia","29 ","2048  ","14.4","64  ","898 ","DDR3","GeForce GT 520 v3","2 ","40","2","
01-Feb-2012 ","2560x1600","No",5,8,"6 "
"Fermi GF119-300-A1 ","1366 x 768","810 ","Yes",1,"Nvidia","29 ","1024  ","10.7","64  ","667 ","DDR3","GeForce GT 520 Gigabyte 1GB Edition","3 ","40","4","
13-Apr-2011 ","2560x1600","No",5,8,"6 "
"Fermi GF108-300-A1 ","1366 x 768","700 ","Yes",1,"Nvidia","50 ","1024  ","28.8","128  ","900 ","DDR3","GeForce GT 530","3 ","40","4","
14-May-2011 ","2560x1600","Yes",5,16,"11 "
"Fermi GF108-200-A1 ","1366 x 768","700 ","Yes",1,"Nvidia","29 ","1024  ","10.7","64  ","667 ","DDR3","GeForce GT 520 v2","1 ","40","2","
01-Feb-2012 ","2560x1600","No",5,8,"6 "
"Fermi GF119-300-A1 ","1366 x 768","810 ","Yes",1,"Nvidia","29 ","1024  ","14.4","64  ","900 ","DDR3","GeForce GT 520","3 ","40","4","
13-Apr-2011 ","2560x1600","No",5,8,"6 "
"Fermi GF119-300-A1 ","1366 x 768","810 ","Yes",1,"Nvidia","29 ","2048  ","9.6","64  ","600 ","DDR3","GeForce GT 520 Asus Silent Low Profile 2GB Edition","3 ","40","4","
13-Jun-2013 ","2560x1600","No",5,8,"6 "
"Maxwell GM204-400-A1 ","2560 x 1440","1202 ","Yes",1,"Nvidia","170 ","4096  ","230.4","256  ","1800 ","GDDR5","GeForce GTX 980 Zotac AMP! Omega 4GB Edition","83 ","28","64","
19-Sep-2014 ","5120x3200","Yes",5,128,"167 "
"Fermi GF119-300-A1 ","1366 x 768","810 ","Yes",1,"Nvidia","29 ","1024  ","9.6","64  ","600 ","DDR3","GeForce GT 520 Asus Silent Low Profile 1GB Edition","3 ","40","4","
13-Jun-2013 ","2560x1600","No",5,8,"6 "
"Maxwell GM204-400-A1 (x2) ","2560 x 1440","1291 ","Yes",1,"Nvidia","350 ","8192  ","460.8","256  ","1800 ","GDDR5","GeForce GTX 980 Zotac AMP! Extreme 4GB Edition SLI","39 ","28","14 (x2)","
19-Sep-2014 ","4096x2160","Yes",5,128,"357 "
"Fermi GF119-300-A1 ","1366 x 768","810 ","Yes",1,"Nvidia","29 ","1024  ","8.6","64  ","535 ","DDR3","GeForce GT 520 Gainward SilentFX 1GB Edition","3 ","40","4","
13-Jun-2013 ","2560x1600","No",5,8,"6 "
"Maxwell GM204-400-A1 ","2560 x 1440","1291 ","Yes",1,"Nvidia","185 ","4096  ","230.4","256  ","1800 ","GDDR5","GeForce GTX 980 Zotac AMP! Extreme 4GB Edition","89 ","28","64","
19-Sep-2014 ","5120x3200","Yes",5,128,"178 "
"Maxwell GM204-400-A1 ","2560 x 1440","1126 ","Yes",1,"Nvidia","165 ","4096  ","224.4","256  ","1753 ","GDDR5","GeForce GTX 980 Zotac 4GB Edition","78 ","28","64","
19-Sep-2014 ","5120x3200","Yes",5,128,"156 "
"Maxwell GM204-400-A1 ","2560 x 1440","1165 ","Yes",1,"Nvidia","170 ","4096  ","224.4","256  ","1753 ","GDDR5","GeForce GTX 980 Zotac AMP! 4GB Edition","81 ","28","64","
19-Sep-2014 ","5120x3200","Yes",5,128,"162 "
"Fermi GF119-200-A1 ","1366 x 768","523 ","Yes",1,"Nvidia","25 ","1024  ","14.4","64  ","898 ","DDR3","GeForce 510","2 ","40","4","
29-Sep-2011 ","2560x1600","No",5,8,"4 "
"Maxwell GM200-310-A1 ","2560 x 1600","1025 ","Yes",1,"Nvidia","250 ","6144  ","336.6","384  ","1753 ","GDDR5","GeForce GTX 980 Ti Zotac ArcticStorm 6GB Edition","107 ","28","96","
02-Jun-2015 ","5120x3200","Yes",5,176,"196 "
"Maxwell GM200-310-A1 ","2560 x 1600","1051 ","Yes",1,"Nvidia","250 ","6144  ","336.6","384  ","1753 ","GDDR5","GeForce GTX 980 Ti Zotac AMP! 6GB Edition","109 ","28","96","
02-Jun-2015 ","5120x3200","Yes",5,176,"201 "
"Maxwell GM200-310-A1 (x2) ","3840 x 2160","1253 ","Yes",1,"Nvidia","500 ","12288  ","692.4","384  ","1803 ","GDDR5","GeForce GTX 980 Ti Zotac AMP! Extreme 6GB Edition SLI","260 ","28","96 (x2)","
02-Jun-2015 ","5120x3200","Yes",5,176,"477 "
"Maxwell GM200-310-A1 ","2560 x 1600","1253 ","Yes",1,"Nvidia","250 ","6144  ","346.2","384  ","1803 ","GDDR5","GeForce GTX 980 Ti Zotac AMP! Extreme 6GB Edition","130 ","28","96","
02-Jun-2015 ","5120x3200","Yes",5,176,"238 "
"Maxwell GM200-310-A1 ","2560 x 1600","1000 ","Yes",1,"Nvidia","250 ","6144  ","336.6","384  ","1753 ","GDDR5","GeForce GTX 980 Ti Zotac 6GB Edition","103 ","28","96","
02-Jun-2015 ","5120x3200","Yes",5,176,"189 "
"Maxwell GM200-310-A1 ","2560 x 1600","1165 ","Yes",1,"Nvidia","250 ","6144  ","336.6","384  ","1753 ","GDDR5","GeForce GTX 980 Ti PNY XLR8 OC 6GB Edition","122 ","28","96","
07-Jul-2015 ","5120x3200","Yes",5,176,"223 "
"Maxwell GM200-310-A1 ","2560 x 1600","1152 ","Yes",1,"Nvidia","280 ","6144  ","336.6","384  ","1753 ","GDDR5","GeForce GTX 980 Ti Palit Super JetStream 6GB Edition","119 ","28","96","
15-Jun-2015 ","5120x3200","Yes",5,176,"218 "
"Maxwell GM200-310-A1 ","2560 x 1600","1000 ","Yes",1,"Nvidia","250 ","6144  ","336.6","384  ","1753 ","GDDR5","GeForce GTX 980 Ti Palit JetStream 6GB Edition","103 ","28","96","
02-Jun-2015 ","5120x3200","Yes",5,176,"189 "
"Maxwell GM200-310-A1 ","2560 x 1600","1000 ","Yes",1,"Nvidia","250 ","6144  ","336.6","384  ","1753 ","GDDR5","GeForce GTX 980 Ti Palit 6GB Edition","103 ","28","96","
02-Jun-2015 ","5120x3200","Yes",5,176,"189 "
"Maxwell GM200-310-A1 ","2560 x 1600","1190 ","Yes",1,"Nvidia","250 ","6144  ","340.6","384  ","1774 ","GDDR5","GeForce GTX 980 Ti MSI Gaming Golden 6GB Edition","124 ","28","96","
01-Oct-2015 ","5120x3200","Yes",5,176,"227 "
"Maxwell GM200-310-A1 ","2560 x 1600","1190 ","Yes",1,"Nvidia","250 ","6144  ","340.6","384  ","1774 ","GDDR5","GeForce GTX 980 Ti MSI Sea Hawk 6GB Edition","124 ","28","96","
26-Aug-2015 ","5120x3200","Yes",5,176,"227 "
"Maxwell GM200-310-A1 ","2560 x 1600","1000 ","Yes",1,"Nvidia","250 ","6144  ","336.6","384  ","1753 ","GDDR5","GeForce GTX 980 Ti MSI 6GB Edition","103 ","28","96","
02-Jun-2015 ","5120x3200","Yes",5,176,"189 "
"Maxwell GM200-310-A1 (x2) ","3840 x 2160","1178 ","Yes",1,"Nvidia","500 ","12288  ","681.6","384  ","1775 ","GDDR5","GeForce GTX 980 Ti MSI Gaming 6GB Edition SLI","246 ","28","96 (x2)","
02-Jun-2015 ","5120x3200","Yes",5,176,"450 "
"Maxwell GM200-310-A1 ","2560 x 1600","1203 ","Yes",1,"Nvidia","250 ","6144  ","340.6","384  ","1774 ","GDDR5","GeForce GTX 980 Ti MSI Lightning 6GB Edition","125 ","28","96","
26-Aug-2015 ","5120x3200","Yes",5,176,"230 "
"Maxwell GM200-310-A1 ","2560 x 1600","1102 ","Yes",1,"Nvidia","250 ","6144  ","336.6","384  ","1753 ","GDDR5","GeForce GTX 980 Ti MSI Armor 2X OC 6GB Edition","114 ","28","96","
02-Jun-2015 ","5120x3200","Yes",5,176,"209 "
"Maxwell GM200-310-A1 ","2560 x 1600","1152 ","Yes",1,"Nvidia","280 ","6144  ","345.6","384  ","1800 ","GDDR5","GeForce GTX 980 Ti Inno3D iChill X4 Ultra 6GB Edition","119 ","28","96","
02-Jun-2015 ","5120x3200","Yes",5,176,"218 "
"Maxwell GM200-310-A1 ","2560 x 1600","1152 ","Yes",1,"Nvidia","280 ","6144  ","345.6","384  ","1800 ","GDDR5","GeForce GTX 980 Ti Inno3D iChill X3 Ultra 6GB Edition","119 ","28","96","
02-Jun-2015 ","5120x3200","Yes",5,176,"218 "
"Maxwell GM200-310-A1 ","2560 x 1600","1216 ","Yes",1,"Nvidia","250 ","6144  ","345.6","384  ","1800 ","GDDR5","GeForce GTX 980 Ti Gigabyte XTREME Water 6GB Edition","126 ","28","96","
11-Nov-2015 ","5120x3200","Yes",5,176,"232 "
"Maxwell GM200-310-A1 ","2560 x 1600","1178 ","Yes",1,"Nvidia","250 ","6144  ","340.8","384  ","1775 ","GDDR5","GeForce GTX 980 Ti MSI Gaming 6GB Edition","123 ","28","96","
02-Jun-2015 ","5120x3200","Yes",5,176,"225 "
"Maxwell GM200-310-A1 ","2560 x 1600","1206 ","Yes",1,"Nvidia","290 ","6144  ","349.4","384  ","1820 ","GDDR5","GeForce GTX 980 Ti Inno3D iChill Black 6GB Edition","125 ","28","96","
02-Jun-2015 ","5120x3200","Yes",5,176,"230 "
"Maxwell GM200-310-A1 ","2560 x 1600","1216 ","Yes",1,"Nvidia","250 ","6144  ","345.6","384  ","1800 ","GDDR5","GeForce GTX 980 Ti Gigabyte XTREME 6GB Edition","126 ","28","96","
 11-Nov-2015 ","5120x3200","Yes",5,176,"232 "
"Maxwell GM200-310-A1 ","2560 x 1600","1190 ","Yes",1,"Nvidia","250 ","6144  ","336.6","384  ","1753 ","GDDR5","GeForce GTX 980 Ti Gigabyte G1 Gaming 6GB Edition","124 ","28","96","
02-Jun-2015 ","5120x3200","Yes",5,176,"227 "
"Maxwell GM200-310-A1 ","2560 x 1600","1000 ","Yes",1,"Nvidia","250 ","6144  ","336.6","384  ","1753 ","GDDR5","GeForce GTX 980 Ti Gigabyte 6GB Edition","103 ","28","96","
02-Jun-2015 ","5120x3200","Yes",5,176,"189 "
"Maxwell GM200-310-A1 ","2560 x 1600","1190 ","Yes",1,"Nvidia","250 ","6144  ","336.6","384  ","1753 ","GDDR5","GeForce GTX 980 Ti Gigabyte WindForce 3X OC 6GB Edition","124 ","28","96","
01-Sep-2015 ","5120x3200","Yes",5,176,"227 "
"Maxwell GM200-310-A1 (x2) ","3840 x 2160","1190 ","Yes",1,"Nvidia","500 ","12288  ","673.2","384  ","1753 ","GDDR5","GeForce GTX 980 Ti Gigabyte G1 Gaming 6GB Edition SLI","248 ","28","96 (x2)","
02-Jun-2015 ","5120x3200","Yes",5,176,"454 "
"Maxwell GM200-310-A1 ","2560 x 1600","1203 ","Yes",1,"Nvidia","250 ","6144  ","336.6","384  ","1753 ","GDDR5","GeForce GTX 980 Ti Galax HOF WaterCooled 6GB Edition","125 ","28","96","
09-Jun-2015 ","5120x3200","Yes",5,176,"230 "
"Maxwell GM200-310-A1 (x2) ","3840 x 2160","1000 ","Yes",1,"Nvidia","500 ","12288  ","673.2","384  ","1753 ","GDDR5","GeForce GTX 980 Ti Gigabyte 6GB Edition SLI","207 ","28","96 (x2)","
02-Jun-2015 ","4096x2160","Yes",5,176,"379 "
"Maxwell GM200-310-A1 ","2560 x 1600","1102 ","Yes",1,"Nvidia","250 ","6144  ","336.6","384  ","1753 ","GDDR5","GeForce GTX 980 Ti EVGA Superclocked+ ACX 2.0+ 6GB Edition","114 ","28","96","
02-Jun-2015 ","5120x3200","Yes",5,176,"209 "
"Maxwell GM200-310-A1 ","2560 x 1600","1190 ","Yes",1,"Nvidia","250 ","6144  ","336.6","384  ","1753 ","GDDR5","GeForce GTX 980 Ti Galax HOF 6GB Edition","124 ","28","96","
02-Jun-2015 ","5120x3200","Yes",5,176,"227 "
"Maxwell GM200-310-A1 (x2) ","3840 x 2160","1102 ","Yes",1,"Nvidia","250 ","12288  ","673.2","384  ","1753 ","GDDR5","GeForce GTX 980 Ti EVGA Superclocked ACX 2.0+ 6GB Edition SLI","228 ","28","96 (x2)","
02-Jun-2015 ","5120x3200","Yes",5,176,"419 "
"Maxwell GM200-310-A1 ","2560 x 1600","1102 ","Yes",1,"Nvidia","250 ","6144  ","336.6","384  ","1753 ","GDDR5","GeForce GTX 980 Ti EVGA Superclocked ACX 2.0+ 6GB Edition","114 ","28","96","
02-Jun-2015 ","5120x3200","Yes",5,176,"209 "
"Maxwell GM200-310-A1 ","2560 x 1600","1102 ","Yes",1,"Nvidia","250 ","6144  ","336.6","384  ","1753 ","GDDR5","GeForce GTX 980 Ti EVGA Superclocked 6GB Edition","114 ","28","96","
02-Jun-2015 ","5120x3200","Yes",5,176,"209 "
"Maxwell GM200-310-A1 ","2560 x 1600","1140 ","Yes",1,"Nvidia","250 ","6144  ","336.6","384  ","1753 ","GDDR5","GeForce GTX 980 Ti EVGA Hydro Copper 6GB Edition","118 ","28","96","
02-Jun-2015 ","5120x3200","Yes",5,176,"216 "
"Maxwell GM200-310-A1 (x2) ","2560 x 1600","1190 ","Yes",1,"Nvidia","600 ","12288  ","673.2","384  ","1753 ","GDDR5","GeForce GTX 980 Ti EVGA Classified ACX 2.0+ 6GB Edition SLI","248 ","28","96 (x2)","
02-Jun-2015 ","5120x3200","Yes",5,176,"454 "
"Maxwell GM200-310-A1 ","2560 x 1600","1203 ","Yes",1,"Nvidia","250 ","6144  ","336.6","384  ","1753 ","GDDR5","GeForce GTX 980 Ti Galax HOF LN2 6GB Edition","125 ","28","96","
02-Jun-2015 ","5120x3200","Yes",5,176,"230 "
"Maxwell GM200-310-A1 ","2560 x 1600","1190 ","Yes",1,"Nvidia","300 ","6144  ","340.6","384  ","1774 ","GDDR5","GeForce GTX 980 Ti EVGA Kingpin 6GB Edition","124 ","28","96","
21-Jul-2015 ","5120x3200","Yes",5,176,"227 "
"Maxwell GM200-310-A1 ","2560 x 1600","1140 ","Yes",1,"Nvidia","250 ","6144  ","336.6","384  ","1753 ","GDDR5","GeForce GTX 980 Ti EVGA Hybrid 6GB Edition","118 ","28","96","
02-Jun-2015 ","5120x3200","Yes",5,176,"216 "
"Maxwell GM200-310-A1 ","2560 x 1600","1190 ","Yes",1,"Nvidia","275 ","6144  ","336.6","384  ","1753 ","GDDR5","GeForce GTX 980 Ti EVGA FTW ACX 2.0+ 6GB Edition","124 ","28","96","
11-Sep-2015 ","5120x3200","Yes",5,176,"227 "
"Maxwell GM200-310-A1 ","2560 x 1600","1000 ","Yes",1,"Nvidia","250 ","6144  ","336.6","384  ","1753 ","GDDR5","GeForce GTX 980 Ti EVGA ACX 2.0+ 6GB Edition","103 ","28","96","
02-Jun-2015 ","5120x3200","Yes",5,176,"189 "
"Maxwell GM200-310-A1 ","2560 x 1600","1216 ","Yes",1,"Nvidia","375 ","6144  ","345.6","384  ","1800 ","GDDR5","GeForce GTX 980 Ti Asus DirectCU III OC Strix Gaming 6GB Edition","126 ","28","96","
02-Jun-2015 ","5120x3200","Yes",5,176,"232 "
"Maxwell GM200-310-A1 ","2560 x 1600","1190 ","Yes",1,"Nvidia","300 ","6144  ","336.6","384  ","1753 ","GDDR5","GeForce GTX 980 Ti EVGA Classified ACX 2.0+ 6GB Edition","124 ","28","96","
02-Jun-2015 ","5120x3200","Yes",5,176,"227 "
"Maxwell GM200-310-A1 ","2560 x 1600","1000 ","Yes",1,"Nvidia","250 ","6144  ","336.6","384  ","1753 ","GDDR5","GeForce GTX 980 Ti EVGA 6GB Edition","103 ","28","96","
02-Jun-2015 ","5120x3200","Yes",5,176,"189 "
"Maxwell GM200-310-A1 ","2560 x 1600","1000 ","Yes",1,"Nvidia","250 ","6144  ","336.6","384  ","1753 ","GDDR5","GeForce GTX 980 Ti Asus 6GB Edition","103 ","28","96","
02-Jun-2015 ","5120x3200","Yes",5,176,"189 "
"Maxwell GM204-400-A1 ","2560 x 1440","1127 ","Yes",1,"Nvidia","165 ","4096  ","224.4","256  ","1753 ","GDDR5","GeForce GTX 980 Point of View 4GB Edition","78 ","28","64","
19-Sep-2014 ","5120x3200","Yes",5,128,"156 "
"Maxwell GM200-310-A1 (x2) ","3840 x 2160","1216 ","Yes",1,"Nvidia","750 ","12288  ","691.2","384  ","1800 ","GDDR5","GeForce GTX 980 Ti Asus DirectCU III OC Strix Gaming 6GB SLI","253 ","28","96 (x2)","
02-Jun-2015 ","5120x3200","Yes",5,176,"464 "
"Maxwell GM200-310-A1 (x2) ","3840 x 2160","1000 ","Yes",1,"Nvidia","500 ","12288  ","673.2","384  ","1753 ","GDDR5","GeForce GTX 980 Ti 6GB SLI","207 ","28","96 (x2)","
02-Jun-2015 ","4096x2160","Yes",5,176,"379 "
"Maxwell GM204-400-A1 ","2560 x 1440","1228 ","Yes",1,"Nvidia","180 ","4096  ","224.4","256  ","1753 ","GDDR5","GeForce GTX 980 PNY XLR8 Pro OC 4GB Edition","85 ","28","64","
01-Jan-2015 ","5120x3200","Yes",5,128,"170 "
"Maxwell GM204-400-A1 ","2560 x 1440","1127 ","Yes",1,"Nvidia","180 ","4096  ","224.4","256  ","1753 ","GDDR5","GeForce GTX 980 Palit Trio 4GB Edition","78 ","28","64","
01-Jun-2015 ","5120x3200","Yes",5,128,"156 "
"Maxwell GM200-310-A1 ","2560 x 1600","1000 ","Yes",1,"Nvidia","250 ","6144  ","336.6","384  ","1753 ","GDDR5","GeForce GTX 980 Ti 6GB","103 ","28","96","
01-Jun-2015 ","5120x3200","Yes",5,176,"189 "
"Maxwell GM204-400-A1 ","2560 x 1440","1203 ","Yes",1,"Nvidia","180 ","4096  ","230.4","256  ","1800 ","GDDR5","GeForce GTX 980 Palit Super JetStream 4GB Edition","83 ","28","64","
19-Sep-2014 ","5120x3200","Yes",5,128,"167 "
"Maxwell GM204-400-A1 ","2560 x 1440","1126 ","Yes",1,"Nvidia","165 ","4096  ","224.4","256  ","1753 ","GDDR5","GeForce GTX 980 PNY 4GB Edition","78 ","28","64","
19-Sep-2014 ","5120x3200","Yes",5,128,"156 "
"Maxwell GM204-400-A1 ","2560 x 1440","1126 ","Yes",1,"Nvidia","180 ","4096  ","224.4","256  ","1753 ","GDDR5","GeForce GTX 980 Palit JetStream 4GB Edition","78 ","28","64","
19-Sep-2014 ","5120x3200","Yes",5,128,"156 "
"Maxwell GM204-400-A1 ","2560 x 1440","1127 ","Yes",1,"Nvidia","180 ","4096  ","224.4","256  ","1753 ","GDDR5","GeForce GTX 980 Palit 4GB Edition","78 ","28","64","
19-Sep-2014 ","5120x3200","Yes",5,128,"156 "
"Maxwell GM204-400-A1 ","2560 x 1440","1152 ","Yes",1,"Nvidia","165 ","4096  ","224.4","256  ","1753 ","GDDR5","GeForce GTX 980 MSI OC v1 4GB Edition","80 ","28","64","
19-Sep-2014 ","5120x3200","Yes",5,128,"160 "
"Maxwell GM204-400-A1 (x2) ","2560 x 1440","1216 ","Yes",1,"Nvidia","340 ","8192  ","448.8","256  ","1753 ","GDDR5","GeForce GTX 980 MSI Gaming 4GB Edition SLI","169 ","28","64 (x2)","
19-Sep-2014 ","4096x2160","Yes",5,128,"337 "
"Maxwell GM204-400-A1 (x3) ","3840 x 2160","1216 ","Yes",1,"Nvidia",NA,"12288  ","673.2","256  ","1753 ","GDDR5","GeForce GTX 980 MSI Gaming 4GB Edition 3-Way SLI","253 ","28","64 (x3)","
19-Sep-2014 ","4096x2160","Yes",5,128,"506 "
"Maxwell GM204-400-A1 ","2560 x 1440","1178 ","Yes",1,"Nvidia","165 ","4096  ","224.4","256  ","1753 ","GDDR5","GeForce GTX 980 MSI Armor 2X OC 4GB Edition","82 ","28","64","
19-Sep-2014 ","5120x3200","Yes",5,128,"164 "
"Maxwell GM204-400-A1 ","2560 x 1440","1216 ","Yes",1,"Nvidia","165 ","4096  ","224.4","256  ","1753 ","GDDR5","GeForce GTX 980 MSI Gaming 4GB Edition","84 ","28","64","
19-Sep-2014 ","5120x3200","Yes",5,128,"169 "
"Maxwell GM204-400-A1 ","2560 x 1440","1152 ","Yes",1,"Nvidia","170 ","4096  ","224.4","256  ","1753 ","GDDR5","GeForce GTX 980 Leadtek Winfast Hurricane 4GB Edition","80 ","28","64","
20-Oct-2014 ","5120x3200","Yes",5,128,"160 "
"Maxwell GM204-400-A1 ","2560 x 1440","1126 ","Yes",1,"Nvidia","165 ","4096  ","224.4","256  ","1753 ","GDDR5","GeForce GTX 980 Leadtek WinFast 4GB Edition","78 ","28","64","
04-Nov-2014 ","5120x3200","Yes",5,128,"156 "
"Maxwell GM204-400-A1 ","2560 x 1440","1266 ","Yes",1,"Nvidia","165 ","4096  ","230.4","256  ","1800 ","GDDR5","GeForce GTX 980 Inno3D iChill HerculeZ X4 ABU 4GB Edition","87 ","28","64","
19-Sep-2014 ","5120x3200","Yes",5,128,"175 "
"Maxwell GM204-400-A1 ","2560 x 1440","1126 ","Yes",1,"Nvidia","180 ","4096  ","224.4","256  ","1753 ","GDDR5","GeForce GTX 980 MSI 4GB Edition","78 ","28","64","
19-Sep-2014 ","5120x3200","Yes",5,128,"156 "
"Maxwell GM204-400-A1 ","2560 x 1440","1241 ","Yes",1,"Nvidia","300 ","4096  ","227.2","256  ","1775 ","GDDR5","GeForce GTX 980 Gigabyte XTREME 4GB Edition","86 ","28","64","
11-Nov-2015 ","5120x3200","Yes",5,128,"172 "
"Maxwell GM204-400-A1 ","2560 x 1440","1126 ","Yes",1,"Nvidia","165 ","4096  ","224.4","256  ","1753 ","GDDR5","GeForce GTX 980 Inno3D 4GB Edition","78 ","28","64","
19-Sep-2014 ","5120x3200","Yes",5,128,"156 "
"Maxwell GM204-400-A1 ","2560 x 1440","1228 ","Yes",1,"Nvidia","165 ","4096  ","224.4","256  ","1753 ","GDDR5","GeForce GTX 980 Inno3D iChill HerculeZ X4 Air 4GB Edition","85 ","28","64","
19-Sep-2014 ","5120x3200","Yes",5,128,"170 "
"Maxwell GM204-400-A1 ","2560 x 1440","1228 ","Yes",1,"Nvidia",NA,"8192  ","448.8","256  ","1753 ","GDDR5","GeForce GTX 980 Gigabyte G1 Gaming 4GB Edition SLI","170 ","28","64 (x2)","
19-Sep-2014 ","4096x2160","Yes",5,128,"340 "
"Maxwell GM204-400-A1 ","2560 x 1440","1128 ","Yes",1,"Nvidia","165 ","4096  ","224.4","256  ","1753 ","GDDR5","GeForce GTX 980 Gigabyte WindForce 3X 4GB Edition","75 ","28","64","
19-Sep-2014 ","5120x3200","Yes",5,128,"151 "
"Maxwell GM204-400-A1 ","2560 x 1440","1228 ","Yes",1,"Nvidia","165 ","4096  ","224.4","256  ","1753 ","GDDR5","GeForce GTX 980 Gigabyte G1 Gaming 4GB Edition","85 ","28","64","
19-Sep-2014 ","5120x3200","Yes",5,128,"170 "
"Maxwell GM204-400-A1 ","2560 x 1440","1126 ","Yes",1,"Nvidia","250 ","4096  ","224.4","256  ","1753 ","GDDR5","GeForce GTX 980 Galax 4GB Edition","78 ","28","64","
19-Sep-2014 ","5120x3200","Yes",5,128,"156 "
"Maxwell GM204-400-A1 (x2) ","5760 x 1080","1241 ","Yes",1,"Nvidia",NA,"8192  ","448.8","256  ","1753 ","GDDR5","GeForce GTX 980 EVGA Superclocked 4GB Edition SLI","172 ","28","64 (x2)","
19-Sep-2014 ","4096x2160","Yes",5,128,"344 "
"Maxwell GM204-400-A1 (x2) ","3840 x 2160","1266 ","Yes",1,"Nvidia",NA,"8192  ","448.8","256  ","1753 ","GDDR5","GeForce GTX 980 EVGA Superclocked ACX 2.0 4GB Edition SLI","175 ","28","64 (x2)","
19-Sep-2014 ","4096x2160","Yes",5,128,"350 "
"Maxwell GM204-400-A1 ","2560 x 1440","1228 ","Yes",1,"Nvidia","250 ","4096  ","224.4","256  ","1753 ","GDDR5","GeForce GTX 980 Galax SOC 4GB Edition","85 ","28","64","
30-Sep-2014 ","5120x3200","Yes",5,128,"170 "
"Maxwell GM204-400-A1 ","2560 x 1440","1126 ","Yes",1,"Nvidia","165 ","4096  ","224.4","256  ","1753 ","GDDR5","GeForce GTX 980 Gainward 4GB Edition","78 ","28","64","
19-Sep-2014 ","5120x3200","Yes",5,128,"156 "
"Maxwell GM204-400-A1 ","2560 x 1440","1304 ","Yes",1,"Nvidia","165 ","4096  ","224.4","256  ","1753 ","GDDR5","GeForce GTX 980 Galax HOF 4GB Edition","91 ","28","64","
10-Nov-2014 ","5120x3200","Yes",5,128,"182 "
"Maxwell GM204-400-A1 ","2560 x 1440","1266 ","Yes",1,"Nvidia","165 ","4096  ","224.4","256  ","1753 ","GDDR5","GeForce GTX 980 EVGA Superclocked ACX 2.0 4GB Edition","87 ","28","64","
19-Sep-2014 ","5120x3200","Yes",5,128,"175 "
"Maxwell GM204-400-A1 ","2560 x 1440","1291 ","Yes",1,"Nvidia","165 ","4096  ","224.4","256  ","1753 ","GDDR5","GeForce GTX 980 EVGA Hydro Copper 4GB Edition","89 ","28","64","
19-Sep-2014 ","5120x3200","Yes",5,128,"178 "
"Maxwell GM204-400-A1 ","2560 x 1440","1241 ","Yes",1,"Nvidia","165 ","4096  ","224.4","256  ","1753 ","GDDR5","GeForce GTX 980 EVGA Superclocked 4GB Edition","86 ","28","64","
19-Sep-2014 ","5120x3200","Yes",5,128,"172 "
"Maxwell GM204-400-A1 ","2560 x 1440","1279 ","Yes",1,"Nvidia","165 ","4096  ","224.4","256  ","1753 ","GDDR5","GeForce GTX 980 EVGA FTW ACX 2.0 4GB Edition","88 ","28","64","
19-Sep-2014 ","5120x3200","Yes",5,128,"177 "
"Maxwell GM204-400-A1 ","2560 x 1440","1291 ","Yes",1,"Nvidia","165 ","4096  ","224.4","256  ","1753 ","GDDR5","GeForce GTX 980 EVGA Hybrid 4GB Edition","89 ","28","64","
26-Mar-2015 ","5120x3200","Yes",5,128,"178 "
"Maxwell GM204-400-A1 ","2560 x 1440","1126 ","Yes",1,"Nvidia","165 ","4096  ","224.4","256  ","1753 ","GDDR5","GeForce GTX 980 EVGA 4GB Edition","78 ","28","64","
19-Sep-2014 ","5120x3200","Yes",5,128,"156 "
"Maxwell GM204-400-A1 (x2) ","5760 x 1080","1178 ","Yes",1,"Nvidia",NA,"8192  ","448.8","256  ","1753 ","GDDR5","GeForce GTX 980 Asus Strix OC 4GB Edition SLI","164 ","28","64 (x2)","
19-Sep-2014 ","4096x2160","Yes",5,128,"327 "
"Maxwell GM204-400-A1 ","2560 x 1440","1126 ","Yes",1,"Nvidia","165 ","4096  ","224.4","256  ","1753 ","GDDR5","GeForce GTX 980 EVGA ACX 2.0 4GB Edition","78 ","28","64","
19-Sep-2014 ","5120x3200","Yes",5,128,"156 "
"Maxwell GM204-400-A1 ","2560 x 1440","1291 ","Yes",1,"Nvidia","165 ","4096  ","224.4","256  ","1753 ","GDDR5","GeForce GTX 980 EVGA Classified ACX 2.0 4GB Edition","89 ","28","64","
01-Oct-2014 ","5120x3200","Yes",5,128,"178 "
"Maxwell GM204-400-A1 ","2560 x 1440","1304 ","Yes",1,"Nvidia","165 ","4096  ","224.4","256  ","1753 ","GDDR5","GeForce GTX 980 EVGA Classified Kingpin ACX 2.0+ 4GB Edition","91 ","28","64","
06-Feb-2015 ","5120x3200","Yes",5,128,"182 "
"Maxwell GM204-400-A1 ","2560 x 1440","1178 ","Yes",1,"Nvidia","300 ","4096  ","224.4","256  ","1753 ","GDDR5","GeForce GTX 980 Asus Strix OC 4GB Edition","82 ","28","64","
19-Sep-2014 ","5120x3200","Yes",5,128,"164 "
"Maxwell GM204-400-A1 ","3840 x 2160","1241 ","Yes",1,"Nvidia","325 ","8192  ","448.8","256  ","1753 ","GDDR5","GeForce GTX 980 Asus ROG Matrix Platinum 4GB Edition SLI","172 ","28","64 (x2)","
03-Dec-2014 ","4096x2160","Yes",5,128,"344 "
"Maxwell GM204-400-A1 ","3840 x 2160","1291 ","Yes",1,"Nvidia",NA,"8192  ","448.8","256  ","1753 ","GDDR5","GeForce GTX 980 EVGA Classified ACX 2.0 4GB Edition SLI","178 ","28","64 (x2)","
01-Oct-2014 ","4096x2160","Yes",5,128,"357 "
"Maxwell GM204-400-A1 ","2560 x 1440","1126 ","Yes",1,"Nvidia","225 ","4096  ","224.4","256  ","1753 ","GDDR5","GeForce GTX 980 Asus 4GB Edition","78 ","28","64","
19-Sep-2014 ","5120x3200","Yes",5,128,"156 "
"Maxwell GM204-400-A1 (x2) ","5760 x 1080","1126 ","Yes",1,"Nvidia","350 ","8192  ","448.8","256  ","1753 ","GDDR5","GeForce GTX 980 4GB SLI","156 ","28","64 (x2)","
19-Sep-2014 ","4096x2160","Yes",5,128,"311 "
"Maxwell GM204-400-A1 (x3) ","5760 x 1080","1126 ","Yes",1,"Nvidia",NA,"12288  ","673.2","256  ","1753 ","GDDR5","GeForce GTX 980 4GB 3-Way SLI","233 ","28","64 (x3)","
19-Sep-2014 ","4096x2160","Yes",5,128,"467 "
"Maxwell GM204-400-A1 ","2560 x 1440","1126 ","Yes",1,"Nvidia","165 ","4096  ","224.4","256  ","1753 ","GDDR5","GeForce GTX 980 4GB","78 ","28","64","
19-Sep-2014 ","5120x3200","Yes",5,128,"156 "
"Maxwell GM204-200-A1 (x2) ","2560 x 1440","1228 ","Yes",1,"Nvidia",NA,"8192  ","460.8","256  ","1800 ","GDDR5","GeForce GTX 970 Zotac AMP! Extreme Core 4GB Edition SLI","155 ","28","56 (x2)","
19-Sep-2014 ","4096x2160","Yes",5,104,"287 "
"Maxwell GM204-200-A1 ","2560 x 1440","1102 ","Yes",1,"Nvidia","160 ","4096  ","225.4","256  ","1761 ","GDDR5","GeForce GTX 970 Zotac AMP! Omega 4GB Edition","69 ","28","56","
19-Sep-2014 ","5120x3200","Yes",5,104,"129 "
"Maxwell GM204-200-A1 ","2560 x 1440","1152 ","Yes",1,"Nvidia","148 ","4096  ","224.4","256  ","1753 ","GDDR5","GeForce GTX 970 Zotac AMP! Omega Core 4GB Edition","73 ","28","56","
19-Sep-2014 ","5120x3200","Yes",5,104,"136 "
"Maxwell GM204-200-A1 ","2560 x 1440","1228 ","Yes",1,"Nvidia","175 ","4096  ","230.4","256  ","1800 ","GDDR5","GeForce GTX 970 Zotac AMP! Extreme Core 4GB Edition","77 ","28","56","
19-Sep-2014 ","5120x3200","Yes",5,104,"144 "
"Maxwell GM204-200-A1 ","2560 x 1440","1203 ","Yes",1,"Nvidia","175 ","4096  ","230.4","256  ","1800 ","GDDR5","GeForce GTX 970 Zotac AMP! Extreme 4GB Edition","76 ","28","56","
19-Sep-2014 ","5120x3200","Yes",5,104,"141 "
"Maxwell GM204-400-A1 ","2560 x 1440","1178 ","Yes",1,"Nvidia","300 ","4096  ","224.4","256  ","1753 ","GDDR5","GeForce GTX 980 Asus ROG Poseidon 4GB Edition","82 ","28","64","
10-Nov-2014 ","5120x3200","Yes",5,128,"164 "
"Maxwell GM204-400-A1 ","2560 x 1440","1317 ","Yes",1,"Nvidia","375 ","4096  ","224.4","256  ","1753 ","GDDR5","GeForce GTX 980 Asus ROG Matrix Gold 4GB Edition","92 ","28","64","
31-Mar-2015 ","5120x3200","Yes",5,128,"183 "
"Maxwell GM204-200-A1 (x2) ","2560 x 1440","1076 ","Yes",1,"Nvidia",NA,"8192  ","448.8","256  ","1753 ","GDDR5","GeForce GTX 970 Zotac 4GB Edition SLI","136 ","28","56 (x2)","
19-Sep-2014 ","4096x2160","Yes",5,104,"253 "
"Maxwell GM204-200-A1 ","2560 x 1440","1050 ","Yes",1,"Nvidia","150 ","4096  ","224.4","256  ","1753 ","GDDR5","GeForce GTX 970 PNY 4GB Edition","66 ","28","56","
19-Sep-2014 ","5120x3200","Yes",5,104,"123 "
"Maxwell GM204-200-A1 (x2) ","3840 x 2160","1203 ","Yes",1,"Nvidia",NA,"8192  ","460.8","256  ","1800 ","GDDR5","GeForce GTX 970 Zotac AMP! Extreme 4GB Edition SLI","152 ","28","56 (x2)","
19-Sep-2014 ","4096x2160","Yes",5,104,"282 "
"Maxwell GM204-200-A1 ","2560 x 1440","1050 ","Yes",1,"Nvidia","148 ","4096  ","224.4","256  ","1753 ","GDDR5","GeForce GTX 970 Point of View 4GB Edition","66 ","28","56","
19-Sep-2014 ","5120x3200","Yes",5,104,"123 "
"Maxwell GM204-200-A1 ","2560 x 1440","1050 ","Yes",1,"Nvidia","150 ","4096  ","224.4","256  ","1753 ","GDDR5","GeForce GTX 970 Palit 4GB Edition","66 ","28","56","
19-Sep-2014 ","5120x3200","Yes",5,104,"123 "
"Maxwell GM204-200-A1 ","2560 x 1440","1152 ","Yes",1,"Nvidia","150 ","4096  ","224.4","256  ","1753 ","GDDR5","GeForce GTX 970 Palit JetStream 4GB Edition","73 ","28","56","
19-Sep-2014 ","5120x3200","Yes",5,104,"136 "
"Maxwell GM204-200-A1 (x2) ","3840 x 2160","1140 ","Yes",1,"Nvidia","290 ","8192  ","448.8","256  ","1753 ","GDDR5","GeForce GTX 970 MSI Gaming 100 ME 4GB Edition SLI","143 ","28","56 (x2)","
28-Jan-2015 ","5120x3200","Yes",5,104,"266 "
"Maxwell GM204-200-A1 ","1920 x 1080","1140 ","Yes",1,"Nvidia","148 ","4096  ","224.4","256  ","1753 ","GDDR5","GeForce GTX 970 MSI Gaming 4GB Edition","66 ","28","56","
19-Sep-2014 ","5120x3200","Yes",NA,104,"123 "
"Maxwell GM204-200-A1 ","2560 x 1440","1140 ","Yes",1,"Nvidia","296 ","8192  ","224.4","256  ","1753 ","GDDR5","GeForce GTX 970 MSI Gaming 4GB Edition SLI","72 ","28","56","
19-Sep-2014 ","5120x3200","Yes",5,104,"133 "
"Maxwell GM204-200-A1 ","2560 x 1440","1076 ","Yes",1,"Nvidia","150 ","4096  ","224.4","256  ","1753 ","GDDR5","GeForce GTX 970 Zotac 4GB Edition","68 ","28","56","
19-Sep-2014 ","5120x3200","Yes",5,104,"126 "
"Maxwell GM204-200-A1 ","2560 x 1440","1140 ","Yes",1,"Nvidia","145 ","4096  ","224.4","256  ","1753 ","GDDR5","GeForce GTX 970 MSI Gaming 100 ME 4GB Edition","72 ","28","56","
28-Jan-2015 ","5120x3200","Yes",5,104,"133 "
"Maxwell GM204-200-A1 ","2560 x 1440","1102 ","Yes",1,"Nvidia","148 ","4096  ","224.4","256  ","1753 ","GDDR5","GeForce GTX 970 MSI Armor 2X OC 4GB Edition","69 ","28","56","
19-Sep-2014 ","5120x3200","Yes",5,104,"129 "
"Maxwell GM204-400-A1 ","2560 x 1440","1241 ","Yes",1,"Nvidia","300 ","4096  ","224.4","256  ","1753 ","GDDR5","GeForce GTX 980 Asus ROG Matrix Platinum 4GB Edition","86 ","28","64","
03-Dec-2014 ","5120x3200","Yes",5,128,"172 "
"Maxwell GM204-200-A1 ","2560 x 1440","1076 ","Yes",1,"Nvidia","148 ","4096  ","224.4","256  ","1753 ","GDDR5","GeForce GTX 970 MSI OC 4GB Edition","68 ","28","56","
19-Sep-2014 ","5120x3200","Yes",5,104,"126 "
"Maxwell GM204-200-A1 ","2560 x 1440","1076 ","Yes",1,"Nvidia","150 ","4096  ","224.4","256  ","1753 ","GDDR5","GeForce GTX 970 Leadtek WinFast Hurricane 4GB Edition","68 ","28","56","
20-Oct-2014 ","5120x3200","Yes",5,104,"126 "
"Maxwell GM204-200-A1 ","2560 x 1440","1165 ","Yes",1,"Nvidia","145 ","4096  ","224.4","256  ","1753 ","GDDR5","GeForce GTX 970 MSI Gaming Golden 4GB Edition","74 ","28","56","
14-Nov-2014 ","5120x3200","Yes",5,104,"137 "
"Maxwell GM204-200-A1 ","2560 x 1440","1050 ","Yes",1,"Nvidia","148 ","4096  ","224.4","256  ","1753 ","GDDR5","GeForce GTX 970 Leadtek WinFast 4GB Edition","66 ","28","56","
04-Nov-2014 ","5120x3200","Yes",5,104,"123 "
"Maxwell GM204-200-A1 ","2560 x 1440","1178 ","Yes",1,"Nvidia","145 ","4096  ","230.4","256  ","1800 ","GDDR5","GeForce GTX 970 Inno3D iChill HerculeZ X4 ABU 4GB Edition","74 ","28","56","
19-Sep-2014 ","5120x3200","Yes",5,104,"138 "
"Maxwell GM204-200-A1 ","2560 x 1440","1088 ","Yes",1,"Nvidia","145 ","4096  ","224.4","256  ","1753 ","GDDR5","GeForce GTX 970 Inno3D HerculeZ X2 OC 4GB Edition","69 ","28","56","
29-Sep-2014 ","5120x3200","Yes",5,104,"128 "
"Maxwell GM204-200-A1 ","2560 x 1440","1178 ","Yes",1,"Nvidia","145 ","4096  ","224.4","256  ","1753 ","GDDR5","GeForce GTX 970 KFA2 EXOC Sniper 4GB Edition","74 ","28","56","
18-Jan-2016 ","5120x3200","Yes",5,104,"138 "
"Maxwell GM204-200-A1 ","2560 x 1440","1114 ","Yes",1,"Nvidia","150 ","4096  ","224.4","256  ","1753 ","GDDR5","GeForce GTX 970 Gigabyte WindForce 3X OC 4GB Edition","70 ","28","56","
29-Sep-2014 ","5120x3200","Yes",5,104,"130 "
"Maxwell GM204-200-A1 ","2560 x 1440","1126 ","Yes",1,"Nvidia","145 ","4096  ","224.4","256  ","1753 ","GDDR5","GeForce GTX 970 Galax OC 4GB Edition","71 ","28","56","
 19-Sep-2014 ","5120x3200","Yes",5,104,"132 "
"Maxwell GM204-200-A1 ","2560 x 1440","1101 ","Yes",1,"Nvidia","148 ","4096  ","224.4","256  ","1753 ","GDDR5","GeForce GTX 970 Gigabyte Twin Turbo OC 4GB Edition","69 ","28","56","
28-Jul-2015 ","5120x3200","Yes",5,104,"129 "
"Maxwell GM204-200-A1 (x2) ","5760 x 1600","1178 ","Yes",1,"Nvidia","350 ","8192  ","448.8","256  ","1753 ","GDDR5","GeForce GTX 970 Gigabyte G1 Gaming 4GB Edition SLI","149 ","28","56 (x2)","
19-Sep-2014 ","4096x2160","Yes",5,104,"276 "
"Maxwell GM204-200-A1 ","2560 x 1440","1076 ","Yes",1,"Nvidia","150 ","4096  ","224.4","256  ","1753 ","GDDR5","GeForce GTX 970 Gigabyte Mini-ITX OC 4GB Edition","68 ","28","56","
21-Oct-2014 ","5120x3200","Yes",5,104,"126 "
"Maxwell GM204-200-A1 ","2560 x 1440","1178 ","Yes",1,"Nvidia","150 ","4096  ","224.4","256  ","1753 ","GDDR5","GeForce GTX 970 Gigabyte G1 Gaming 4GB Edition","74 ","28","56","
19-Sep-2014 ","5120x3200","Yes",5,104,"138 "
"Maxwell GM204-200-A1 ","2560 x 1440","1164 ","Yes",1,"Nvidia","145 ","4096  ","224.4","256  ","1753 ","GDDR5","GeForce GTX 970 Galax EXOC 4GB Black Edition","74 ","28","56","
31-Oct-2014 ","5120x3200","Yes",5,104,"137 "
"Maxwell GM204-200-A1 ","2560 x 1440","1216 ","Yes",1,"Nvidia","165 ","4096  ","224.4","256  ","1753 ","GDDR5","GeForce GTX 970 Galax HOF 4GB Edition","77 ","28","56","
10-Oct-2014 ","5120x3200","Yes",5,104,"144 "
"Maxwell GM204-200-A1 ","2560 x 1440","1190 ","Yes",1,"Nvidia","148 ","4096  ","227.2","256  ","1775 ","GDDR5","GeForce GTX 970 Gigabyte XTREME 4GB Edition","75 ","28","56","
11-Nov-2015 ","5120x3200","Yes",5,104,"140 "
"Maxwell GM204-200-A1 (x2) ","2560 x 1440","1164 ","Yes",1,"Nvidia",NA,"8192  ","448.8","256  ","1753 ","GDDR5","GeForce GTX 970 Galax EXOC 4GB Black Edition SLI","148 ","28","56 (x2)","
31-Oct-2014 ","4096x2160","Yes",5,104,"274 "
"Maxwell GM204-200-A1 ","2560 x 1440","1152 ","Yes",1,"Nvidia","150 ","4096  ","224.4","256  ","1753 ","GDDR5","GeForce GTX 970 Gainward Phantom Phoenix 4GB Edition","73 ","28","56","
21-Aug-2015 ","5120x3200","Yes",5,104,"136 "
"Maxwell GM204-200-A1 ","2560 x 1440","1152 ","Yes",1,"Nvidia","150 ","4096  ","224.4","256  ","1753 ","GDDR5","GeForce GTX 970 Gainward Phantom 4GB Edition","73 ","28","56","
19-Sep-2014 ","5120x3200","Yes",5,104,"136 "
"Maxwell GM204-200-A1 (x2) ","3840 x 2160","1165 ","Yes",1,"Nvidia",NA,"8192  ","448.8","256  ","1753 ","GDDR5","GeForce GTX 970 EVGA Superclocked ACX 2.0 4GB Edition SLI","148 ","28","56 (x2)","
19-Sep-2014 ","4096x2160","Yes",5,104,"274 "
"Maxwell GM204-200-A1 ","2560 x 1440","1165 ","Yes",1,"Nvidia","150 ","4096  ","224.4","256  ","1753 ","GDDR5","GeForce GTX 970 EVGA Superclocked ACX 2.0 4GB Edition","74 ","28","56","
19-Sep-2014 ","5120x3200","Yes",5,104,"137 "
"Maxwell GM204-200-A1 (x2) ","3840 x 2160","1190 ","Yes",1,"Nvidia",NA,"8192  ","448.8","256  ","1753 ","GDDR5","GeForce GTX 970 EVGA SSC ACX+ 2.0 4GB Edition SLI","150 ","28","56 (x2)","
08-Jan-2015 ","4096x2160","Yes",5,104,"279 "
"Maxwell GM204-200-A1 (x2) ","3840 x 2160","1190 ","Yes",1,"Nvidia","300 ","8192  ","448.8","256  ","1753 ","GDDR5","GeForce GTX 970 EVGA SSC ACX 2.0 4GB Edition SLI","150 ","28","56 (x2)","
19-Sep-2014 ","4096x2160","Yes",5,104,"279 "
"Maxwell GM204-200-A1 ","2560 x 1440","1140 ","Yes",1,"Nvidia","150 ","4096  ","224.4","256  ","1753 ","GDDR5","GeForce GTX 970 EVGA Superclocked 4GB Edition","72 ","28","56","
19-Sep-2014 ","5120x3200","Yes",5,104,"133 "
"Maxwell GM204-200-A1 ","2560 x 1440","1190 ","Yes",1,"Nvidia","145 ","4096  ","224.4","256  ","1753 ","GDDR5","GeForce GTX 970 EVGA SSC ACX+ 2.0 4GB Edition","75 ","28","56","
08-Jan-2015 ","5120x3200","Yes",5,104,"140 "
"Maxwell GM204-200-A1 ","2560 x 1440","1216 ","Yes",1,"Nvidia","160 ","4096  ","224.4","256  ","1753 ","GDDR5","GeForce GTX 970 EVGA FTW+ ACX 2.0+ 4GB Edition","77 ","28","56","
19-Sep-2014 ","5120x3200","Yes",5,104,"142 "
"Maxwell GM204-200-A1 (x2) ","3840 x 2160","1216 ","Yes",1,"Nvidia","300 ","8192  ","448.8","256  ","1753 ","GDDR5","GeForce GTX 970 EVGA FTW+ ACX 2.0+ 4GB Edition SLI","153 ","28","56 (x2)","
19-Sep-2014 ","4096x2160","Yes",5,104,"284 "
"Maxwell GM204-200-A1 ","2560 x 1440","1190 ","Yes",1,"Nvidia","150 ","4096  ","224.4","256  ","1753 ","GDDR5","GeForce GTX 970 EVGA SSC ACX 2.0 4GB Edition","75 ","28","56","
19-Sep-2014 ","5120x3200","Yes",5,104,"140 "
"Maxwell GM204-200-A1 ","2560 x 1440","1165 ","Yes",1,"Nvidia","150 ","4096  ","224.4","256  ","1753 ","GDDR5","GeForce GTX 970 EVGA Superclocked ACX 4GB Edition","74 ","28","56","
19-Sep-2014 ","5120x3200","Yes",5,104,"137 "
"Maxwell GM204-200-A1 ","2560 x 1440","1088 ","Yes",1,"Nvidia","148 ","4096  ","224.4","256  ","1753 ","GDDR5","GeForce GTX 970 Asus Turbo OC 4GB Edition","69 ","28","56","
05-May-2015 ","5120x3200","Yes",5,104,"128 "
"Maxwell GM204-200-A1 ","2560 x 1440","1050 ","Yes",1,"Nvidia","148 ","4096  ","224.4","256  ","1753 ","GDDR5","GeForce GTX 970 EVGA ACX 4GB Edition","66 ","28","56","
19-Sep-2014 ","5120x3200","Yes",5,104,"123 "
"Maxwell GM204-200-A1 (x2) ","3840 x 2160","1114 ","Yes",1,"Nvidia",NA,"8192  ","448.8","256  ","1753 ","GDDR5","GeForce GTX 970 Asus Strix OC 4GB Edition SLI","140 ","28","56 (x2)","
19-Sep-2014 ","4096x2160","Yes",5,104,"261 "
"Maxwell GM204-200-A1 ","2560 x 1440","1050 ","Yes",1,"Nvidia","148 ","4096  ","224.4","256  ","1753 ","GDDR5","GeForce GTX 970 EVGA ACX 2.0 4GB Edition","66 ","28","56","
19-Sep-2014 ","5120x3200","Yes",5,104,"123 "
"Maxwell GM204-200-A1 ","2560 x 1440","1114 ","Yes",1,"Nvidia","225 ","4096  ","224.4","256  ","1753 ","GDDR5","GeForce GTX 970 Asus Strix OC 4GB Edition","70 ","28","56","
19-Sep-2014 ","5120x3200","Yes",5,104,"130 "
"Maxwell GM204-200-A1 (x2) ","3840 x 2160","1216 ","Yes",1,"Nvidia",NA,"4096  ","448.8","256  ","1753 ","GDDR5","GeForce GTX 970 EVGA FTW ACX 2.0 4GB Edition SLI","153 ","28","56 (x2)","
19-Sep-2014 ","4096x2160","Yes",5,104,"284 "
"Maxwell GM204-200-A1 ","2560 x 1440","1216 ","Yes",1,"Nvidia","160 ","4096  ","224.4","256  ","1753 ","GDDR5","GeForce GTX 970 EVGA FTW ACX 2.0 4GB Edition","77 ","28","56","
19-Sep-2014 ","5120x3200","Yes",5,104,"142 "
"Maxwell GM204-200-A1 ","2560 x 1440","1050 ","Yes",1,"Nvidia","148 ","4096  ","224.4","256  ","1753 ","GDDR5","GeForce GTX 970 EVGA 4GB Edition","66 ","28","56","
19-Sep-2014 ","5120x3200","Yes",5,104,"123 "
"Maxwell GM204-200-A1 (x2) ","3840 x 2160","1050 ","Yes",1,"Nvidia","325 ","8192  ","448.8","256  ","1753 ","GDDR5","GeForce GTX 970 4GB SLI","151 ","28","64 (x2)","
19-Sep-2014 ","4096x2160","Yes",5,104,"245 "
"Maxwell GM204-200-A1 ","2560 x 1440","1088 ","Yes",1,"Nvidia","148 ","4096  ","224.4","256  ","1753 ","GDDR5","GeForce GTX 970 Asus DirectCU Mini OC 4GB Edition","69 ","28","56","
01-Dec-2014 ","5120x3200","Yes",5,104,"128 "
"Maxwell GM206-300-A1 ","1920 x 1080","1177 ","Yes",1,"Nvidia","120 ","2048  ","112.2","128  ","1753 ","GDDR5","GeForce GTX 960 Zotac v2 2GB Edition","40 ","28","32","
22-Jan-2015 ","5120x3200","Yes",5,64,"79 "
"Maxwell GM206-300-A1 ","1920 x 1080","1266 ","Yes",1,"Nvidia","120 ","2048  ","112.2","128  ","1753 ","GDDR5","GeForce GTX 960 Zotac AMP! v2 2GB Edition","43 ","28","32","
22-Jan-2015 ","5120x3200","Yes",5,64,"85 "
"Maxwell GM204-200-A1 ","2560 x 1440","1050 ","Yes",1,"Nvidia","145 ","4096  ","224.4","256  ","1753 ","GDDR5","GeForce GTX 970 4GB","66 ","28","56","
19-Sep-2014 ","5120x3200","Yes",5,104,"123 "
"Maxwell GM206-300-A1 ","1920 x 1080","1177 ","Yes",1,"Nvidia","120 ","2048  ","112.2","128  ","1753 ","GDDR5","GeForce GTX 960 Zotac 2GB Edition","40 ","28","32","
22-Jan-2015 ","5120x3200","Yes",5,64,"79 "
"Maxwell GM206-300-A1 ","1920 x 1080","1266 ","Yes",1,"Nvidia","120 ","2048  ","112.2","128  ","1753 ","GDDR5","GeForce GTX 960 Zotac AMP! 2GB Edition","43 ","28","32","
22-Jan-2015 ","5120x3200","Yes",5,64,"85 "
"Maxwell GM206-300-A1 ","1920 x 1080","1177 ","Yes",1,"Nvidia","120 ","4096  ","112.2","128  ","1753 ","GDDR5","GeForce GTX 960 Zotac 4GB Edition","40 ","28","32","
11-Mar-2015 ","5120x3200","Yes",5,64,"79 "
"Maxwell GM204-200-KD ","1920 x 1080",NA,"Yes",1,"Nvidia","140 ","2048  ","224.4","256  ","1753 ","GDDR5","GeForce GTX 960 Ti 2GB [not released]","75 ","28","64","
31-Oct-2015 ","4096x2160","Yes",5,96,"113 "
"Maxwell GM206-300-A1 ","1920 x 1080","1165 ","Yes",1,"Nvidia","120 ","2048  ","112.2","128  ","1753 ","GDDR5","GeForce GTX 960 Point of View AMMO OC 2GB Edition","39 ","28","32","
22-Jan-2015 ","5120x3200","Yes",5,64,"79 "
"Maxwell GM206-300-A1 ","1920 x 1080","1266 ","Yes",1,"Nvidia","120 ","4096  ","112.2","128  ","1753 ","GDDR5","GeForce GTX 960 Zotac AMP! 4GB Edition","43 ","28","32","
11-Mar-2015 ","5120x3200","Yes",5,64,"85 "
"Maxwell GM204-200-KD ","1920 x 1080",NA,"Yes",1,"Nvidia","140 ","4096  ","224.4","256  ","1753 ","GDDR5","GeForce GTX 960 Ti 4GB [not released]","75 ","28","64","
31-Oct-2015 ","4096x2160","Yes",5,96,"113 "
"Maxwell GM206-300-A1 ","1920 x 1080","1127 ","Yes",1,"Nvidia","120 ","2048  ","112.2","128  ","1753 ","GDDR5","GeForce GTX 960 PNY 2GB Edition","38 ","28","32","
22-Jan-2015 ","5120x3200","Yes",5,64,"75 "
"Maxwell GM206-300-A1 ","1920 x 1080","1279 ","Yes",1,"Nvidia","120 ","2048  ","115.2","128  ","1800 ","GDDR5","GeForce GTX 960 Palit Super JetStream 2GB Edition","43 ","28","32","
22-Jan-2015 ","5120x3200","Yes",5,64,"86 "
"Maxwell GM206-300-A1 ","1920 x 1080","1127 ","Yes",1,"Nvidia","120 ","4096  ","112.2","128  ","1753 ","GDDR5","GeForce GTX 960 Palit JetStream 4GB Edition","38 ","28","32","
20-Mar-2015 ","5120x3200","Yes",5,64,"75 "
"Maxwell GM206-300-A1 ","1920 x 1080","1127 ","Yes",1,"Nvidia","120 ","4096  ","112.2","128  ","1753 ","GDDR5","GeForce GTX 960 PNY XLR8 4GB Edition","38 ","28","32","
10-Mar-2015 ","5120x3200","Yes",5,64,"75 "
"Maxwell GM206-300-A1 ","1920 x 1080","1203 ","Yes",1,"Nvidia","120 ","2048  ","115.2","128  ","1800 ","GDDR5","GeForce GTX 960 Palit JetStream 2GB Edition","41 ","28","32","
22-Jan-2015 ","5120x3200","Yes",5,64,"81 "
"Maxwell GM206-300-A1 ","1920 x 1080","1127 ","Yes",1,"Nvidia","120 ","2048  ","112.2","128  ","1753 ","GDDR5","GeForce GTX 960 Palit 2GB Edition","38 ","28","32","
22-Jan-2015 ","5120x3200","Yes",5,64,"75 "
"Maxwell GM206-300-A1 ","1920 x 1080","1176 ","Yes",1,"Nvidia","120 ","2048  ","112.2","128  ","1753 ","GDDR5","GeForce GTX 960 MSI OC 2GB Edition","40 ","28","32","
22-Jan-2015 ","5120x3200","Yes",5,64,"79 "
"Maxwell GM206-300-A1 (x2) ","2560 x 1440","1241 ","Yes",1,"Nvidia","240 ","8192  ","224.4","128  ","1753 ","GDDR5","GeForce GTX 960 MSI Gaming 4GB Edition SLI","83 ","28","32 (x2)","
10-Mar-2015 ","4096x2160","Yes",5,64,"167 "
"Maxwell GM206-300-A1 ","1920 x 1080","1190 ","Yes",1,"Nvidia","120 ","2048  ","112.2","128  ","1753 ","GDDR5","GeForce GTX 960 MSI Gaming 2GB Edition","40 ","28","32","
22-Jan-2015 ","5120x3200","Yes",5,64,"80 "
"Maxwell GM206-300-A1 ","1920 x 1080","1241 ","Yes",1,"Nvidia","120 ","4096  ","112.2","128  ","1753 ","GDDR5","GeForce GTX 960 MSI Gaming 4GB Edition","42 ","28","32","
10-Mar-2015 ","5120x3200","Yes",5,64,"83 "
"Maxwell GM206-300-A1 ","1920 x 1080","1178 ","Yes",1,"Nvidia","120 ","4096  ","112.2","128  ","1753 ","GDDR5","GeForce GTX 960 MSI Tiger OC 4GB Edition","40 ","28","32","
10-Mar-2015 ","5120x3200","Yes",5,64,"79 "
"Maxwell GM206-300-A1 ","1920 x 1080","1127 ","Yes",1,"Nvidia","120 ","2048  ","112.2","128  ","1753 ","GDDR5","GeForce GTX 960 MSI 2GB Edition","38 ","28","32","
22-Jan-2015 ","5120x3200","Yes",5,64,"75 "
"Kepler GK110-300-A1 ","2560 x 1440","941 ","Yes",1,"Nvidia","250 ","3072  ","288.4","384  ","1502 ","GDDR5","GeForce GTX 780 Zotac OC Edition","48 ","28","48","
23-May-2013 ","4096x2160","Yes",5,192,"191 "
"Kepler GK110-300-A1 (x2) ","2560 x 1600","941 ","Yes",1,"Nvidia","450 ","6144  ","576.8","384  ","1502 ","GDDR5","GeForce GTX 780 Zotac OC Edition SLI","95 ","28","48 (x2)","
23-May-2013 ","4096x2160","Yes",5,192,"381 "
"Maxwell GM206-300-A1 ","1920 x 1080","1329 ","Yes",1,"Nvidia","160 ","2048  ","115.2","128  ","1800 ","GDDR5","GeForce GTX 960 Inno3D HerculeZ X3 Air Boss Ultra 2GB Edition","45 ","28","32","
22-Jan-2015 ","5120x3200","Yes",5,64,"89 "
"Maxwell GM206-300-A1 ","1920 x 1080","1178 ","Yes",1,"Nvidia","120 ","4096  ","112.2","128  ","1753 ","GDDR5","GeForce GTX 960 Inno3D HerculeZ 2X OC 4GB Edition","40 ","28","32","
03-Mar-2015 ","5120x3200","Yes",5,64,"79 "
"Maxwell GM206-300-A1 ","1920 x 1080","1190 ","Yes",1,"Nvidia","120 ","2048  ","112.2","128  ","1753 ","GDDR5","GeForce GTX 960 MSI Gaming 100ME 2GB Edition","40 ","28","32","
22-Jan-2015 ","5120x3200","Yes",5,64,"80 "
"Kepler GK110-300-A1 ","2560 x 1440","1006 ","Yes",1,"Nvidia","300 ","3072  ","298","384  ","1552 ","GDDR5","GeForce GTX 780 Zotac AMP! Edition","51 ","28","48","
23-Aug-2013 ","4096x2160","Yes",5,192,"203 "
"Kepler GK110-300-A1 ","2560 x 1440","954 ","Yes",1,"Nvidia",NA,"3072  ","288.4","384  ","1502 ","GDDR5","GeForce GTX 780 WindForce 3X OC Edition","48 ","28","48","
23-May-2013 ","4096x2160","Yes",5,192,"193 "
"Kepler GK110-425-B1 ","2560 x 1440","1020 ","Yes",1,"Nvidia","250 ","3072  ","336","384  ","1750 ","GDDR5","GeForce GTX 780 Ti WindForce 3X OC Edition","52 ","28","48","
21-Nov-2013 ","4096x2160","Yes",5,240,"260 "
"Kepler GK110-425-B1 ","2560 x 1440","1006 ","Yes",1,"Nvidia","250 ","3072  ","345.6","384  ","1800 ","GDDR5","GeForce GTX 780 Ti Zotac AMP! Edition","51 ","28","48","
27-Nov-2013 ","4096x2160","Yes",5,240,"257 "
"Kepler GK110-425-B1 ","2560 x 1440","980 ","Yes",1,"Nvidia","250 ","3072  ","336","384  ","1750 ","GDDR5","GeForce GTX 780 Ti Palit JetStream Edition","48 ","28","48","
21-Nov-2013 ","4096x2160","Yes",5,240,"241 "
"Kepler GK110-425-B1 (x2) ","5760 x 1080","875 ","Yes",1,"Nvidia","500 ","6144  ","672","384  ","1750 ","GDDR5","GeForce GTX 780 Ti SLI","89 ","28","48 (x2)","
07-Nov-2013 ","4096x2160","Yes",5,240,"445 "
"Kepler GK110-425-B1 ","2560 x 1440","1020 ","Yes",1,"Nvidia","250 ","3072  ","336","384  ","1750 ","GDDR5","GeForce GTX 780 Ti MSI Gaming 3GB Edition","52 ","28","48","
12-Dec-2013 ","4096x2160","Yes",5,240,"260 "
"Kepler GK110-425-B1 ","2560 x 1440","1085 ","Yes",1,"Nvidia","250 ","3072  ","336","384  ","1750 ","GDDR5","GeForce GTX 780 Ti Gigabyte GHz Edition","55 ","28","48","
01-Dec-2013 ","4096x2160","Yes",5,240,"276 "
"Kepler GK110-425-B1 ","2560 x 1440","980 ","Yes",1,"Nvidia","250 ","3072  ","336","384  ","1750 ","GDDR5","GeForce GTX 780 Ti PNY XLR8 Enthusiast OC Edition","50 ","28","48","
07-Nov-2013 ","4096x2160","Yes",5,240,"251 "
"Kepler GK110-425-B1 ","2560 x 1440","1020 ","Yes",1,"Nvidia","250 ","3072  ","336","384  ","1750 ","GDDR5","GeForce GTX 780 Ti Galaxy HOF+ Edition","52 ","28","48","
07-Nov-2013 ","4096x2160","Yes",5,240,"260 "
"Kepler GK110-425-B1 ","2560 x 1440","980 ","Yes",1,"Nvidia","250 ","3072  ","336","384  ","1750 ","GDDR5","GeForce GTX 780 Ti Gainward Phantom Edition","50 ","28","48","
26-Nov-2013 ","4096x2160","Yes",5,240,"251 "
"Kepler GK110-425-B1 ","2560 x 1440","1006 ","Yes",1,"Nvidia","250 ","3072  ","345.6","384  ","1800 ","GDDR5","GeForce GTX 780 Ti HerculeZ X3 Ultra Edition","50 ","28","48","
07-Nov-2013 ","4096x2160","Yes",5,240,"251 "
"Kepler GK110-425-B1 ","2560 x 1440","1006 ","Yes",1,"Nvidia","250 ","3072  ","336","384  ","1750 ","GDDR5","GeForce GTX 780 Ti EVGA SuperClocked w/ ACX Edition","51 ","28","48","
07-Nov-2013 ","4096x2160","Yes",5,240,"257 "
"Kepler GK110-425-B1 ","2560 x 1440","1072 ","Yes",1,"Nvidia","250 ","3072  ","336","384  ","1750 ","GDDR5","GeForce GTX 780 Ti EVGA Classified Kingpin Edition","55 ","28","48","
12-Dec-2013 ","4096x2160","Yes",5,240,"273 "
"Kepler GK110-425-B1 ","2560 x 1440","1020 ","Yes",1,"Nvidia","250 ","3072  ","336","384  ","1750 ","GDDR5","GeForce GTX 780 Ti EVGA DC w/ ACX Edition","52 ","28","48","
01-Dec-2013 ","4096x2160","Yes",5,240,"260 "
"Kepler GK110-425-B1 ","2560 x 1440","980 ","Yes",1,"Nvidia","250 ","3072  ","336","384  ","1750 ","GDDR5","GeForce GTX 780 Ti EVGA SuperClocked Edition","50 ","28","48","
07-Nov-2013 ","4096x2160","Yes",5,240,"251 "
"Kepler GK110-425-B1 ","2560 x 1440","954 ","Yes",1,"Nvidia","250 ","3072  ","336","384  ","1750 ","GDDR5","GeForce GTX 780 Ti DirectCU II OC Edition","49 ","28","48","
21-Nov-2013 ","4096x2160","Yes",5,240,"245 "
"Kepler GK110-425-B1 ","2560 x 1440","875 ","Yes",1,"Nvidia","250 ","3072  ","336","384  ","1750 ","GDDR5","GeForce GTX 780 Ti","45 ","28","48","
07-Nov-2013 ","4096x2160","Yes",5,240,"223 "
"Kepler GK110-300-A1 ","2560 x 1440","980 ","Yes",1,"Nvidia","250 ","3072  ","297.6","384  ","1550 ","GDDR5","GeForce GTX 780 Palit Super JetStream Edition","50 ","28","48","
01-Sep-2013 ","4096x2160","Yes",5,192,"198 "
"Kepler GK110-425-B1 ","2560 x 1440","1006 ","Yes",1,"Nvidia","250 ","3072  ","336","384  ","1750 ","GDDR5","GeForce GTX 780 Ti Asus ROG Matrix Platinum Edition","51 ","28","48","
19-Mar-2014 ","4096x2160","Yes",5,240,"257 "
"Maxwell GM206-300-A1 ","1920 x 1080","1127 ","Yes",1,"Nvidia","120 ","4096  ","112.2","128  ","1753 ","GDDR5","GeForce GTX 960 Inno3D HerculeZ 1X 4GB Edition","38 ","28","32","
03-Mar-2015 ","5120x3200","Yes",5,64,"75 "
"Maxwell GM206-300-A1 ","1920 x 1080","1241 ","Yes",1,"Nvidia","120 ","4096  ","112.2","128  ","1753 ","GDDR5","GeForce GTX 960 Gigabyte WindForce 2X OC 4GB Edition","42 ","28","32","
05-Mar-2015 ","5120x3200","Yes",5,64,"83 "
"Maxwell GM206-300-A1 ","1920 x 1080","1178 ","Yes",1,"Nvidia","120 ","2048  ","112.2","128  ","1753 ","GDDR5","GeForce GTX 960 Inno3D HerculeZ 2X OC 2GB Edition","40 ","28","32","
22-Jan-2015 ","5120x3200","Yes",5,64,"79 "
"Maxwell GM206-300-A1 ","1920 x 1080","1127 ","Yes",1,"Nvidia","120 ","2048  ","112.2","128  ","1753 ","GDDR5","GeForce GTX 960 Inno3D HerculeZ 1X 2GB Edition","38 ","28","32","
22-Jan-2015 ","5120x3200","Yes",5,64,"75 "
"Kepler GK110-300-A1 (x2) ","2560 x 1600","863 ","Yes",1,"Nvidia","500 ","6144  ","576.8","384  ","1502 ","GDDR5","GeForce GTX 780 SLI","87 ","28","48 (x2)","
23-May-2013 ","4096x2160","Yes",5,192,"346 "
"Maxwell GM206-300-A1 ","1920 x 1080","1190 ","Yes",1,"Nvidia","120 ","2048  ","112.2","128  ","1753 ","GDDR5","GeForce GTX 960 Gigabyte OC 2GB Edition","40 ","28","32","
29-Jun-2015 ","5120x3200","Yes",5,64,"80 "
"Maxwell GM206-300-A1 ","1920 x 1080","1165 ","Yes",1,"Nvidia","120 ","2048  ","112.2","128  ","1753 ","GDDR5","GeForce GTX 960 Gigabyte IX OC 2GB Edition","39 ","28","32","
22-Jan-2015 ","5120x3200","Yes",5,64,"79 "
"Maxwell GM206-300-A1 ","1920 x 1080","1241 ","Yes",1,"Nvidia","120 ","2048  ","112.2","128  ","1753 ","GDDR5","GeForce GTX 960 Gigabyte G1 Gaming 2GB Edition","42 ","28","32","
22-Jan-2015 ","5120x3200","Yes",5,64,"83 "
"Maxwell GM206-300-A1 ","1920 x 1080","1216 ","Yes",1,"Nvidia","120 ","2048  ","112.2","128  ","1753 ","GDDR5","GeForce GTX 960 Gigabyte WindForce 2X OC 2GB Edition","41 ","28","32","
22-Jan-2015 ","5120x3200","Yes",5,64,"82 "
"Maxwell GM206-300-A1 ","1920 x 1080","1165 ","Yes",1,"Nvidia","120 ","2048  ","112.2","128  ","1753 ","GDDR5","GeForce GTX 960 Galax OC 2GB Edition","39 ","28","32","
22-Jan-2015 ","5120x3200","Yes",5,64,"79 "
"Maxwell GM206-300-A1 ","1920 x 1080","1266 ","Yes",1,"Nvidia","120 ","4096  ","112.2","128  ","1753 ","GDDR5","GeForce GTX 960 Galax KFA2 EXOC 4GB Edition","43 ","28","32","
22-Jan-2015 ","5120x3200","No",5,64,"85 "
"Maxwell GM206-300-A1 ","1920 x 1080","1266 ","Yes",1,"Nvidia","120 ","2048  ","112.2","128  ","1753 ","GDDR5","GeForce GTX 960 Galax KFA2 EXOC 2GB Edition","43 ","28","32","
22-Jan-2015 ","5120x3200","Yes",5,64,"85 "
"Maxwell GM206-300-A1 ","1920 x 1080","1241 ","Yes",1,"Nvidia","120 ","4096  ","112.2","128  ","1753 ","GDDR5","GeForce GTX 960 Gigabyte G1 Gaming 4GB Edition","42 ","28","32","
05-Mar-2015 ","5120x3200","Yes",5,64,"83 "
"Maxwell GM206-300-A1 ","1920 x 1080","1279 ","Yes",1,"Nvidia","120 ","2048  ","112.2","128  ","1753 ","GDDR5","GeForce GTX 960 Galax EXOC White 2GB Edition","43 ","28","32","
05-May-2015 ","5120x3200","Yes",5,64,"86 "
"Maxwell GM206-300-A1 ","1920 x 1080","1190 ","Yes",1,"Nvidia","120 ","4096  ","112.2","128  ","1753 ","GDDR5","GeForce GTX 960 Gigabyte OC 4GB Edition","40 ","28","32","
29-Jun-2015 ","5120x3200","Yes",5,64,"80 "
"Maxwell GM206-300-A1 ","1920 x 1080","1127 ","Yes",1,"Nvidia","120 ","2048  ","112.2","128  ","1753 ","GDDR5","GeForce GTX 960 Galax 2GB Edition","38 ","28","32","
22-Jan-2015 ","5120x3200","Yes",5,64,"75 "
"Maxwell GM206-300-A1 ","1920 x 1080","1279 ","Yes",1,"Nvidia","120 ","2048  ","115.2","128  ","1800 ","GDDR5","GeForce GTX 960 Gainward Phantom GLH 2GB Edition","43 ","28","32","
22-Jan-2015 ","5120x3200","Yes",5,64,"86 "
"Maxwell GM206-300-A1 ","1920 x 1080","1203 ","Yes",1,"Nvidia","120 ","2048  ","115.2","128  ","1800 ","GDDR5","GeForce GTX 960 Gainward Phantom 2GB Edition","41 ","28","32","
22-Jan-2015 ","5120x3200","Yes",5,64,"81 "
"Maxwell GM206-300-A1 ","1920 x 1080","1203 ","Yes",1,"Nvidia","120 ","2048  ","112.2","128  ","1753 ","GDDR5","GeForce GTX 960 Galax EXOC 2GB Edition","41 ","28","32","
22-Jan-2015 ","5120x3200","Yes",5,64,"81 "
"Maxwell GM206-300-A1 ","1920 x 1080","1165 ","Yes",1,"Nvidia","120 ","2048  ","112.2","128  ","1753 ","GDDR5","GeForce GTX 960 Gainward OC 2GB Edition","39 ","28","32","
22-Jan-2015 ","5120x3200","Yes",5,64,"79 "
"Maxwell GM206-300-A1 ","1920 x 1080","1190 ","Yes",1,"Nvidia","120 ","4096  ","112.2","128  ","1753 ","GDDR5","GeForce GTX 960 Galax Gamer OC Mini Black 4GB Edition","40 ","28","32","
22-Jan-2015 ","5120x3200","Yes",5,64,"80 "
"Maxwell GM206-300-A1 ","1920 x 1080","1279 ","Yes",1,"Nvidia","160 ","4096  ","112.2","128  ","1753 ","GDDR5","GeForce GTX 960 EVGA SuperSC ACX 2.0+ 4GB Edition","43 ","28","32","
22-Jan-2015 ","5120x3200","Yes",5,64,"86 "
"Maxwell GM206-300-A1 ","1920 x 1080","1216 ","Yes",1,"Nvidia","120 ","2048  ","112.2","128  ","1753 ","GDDR5","GeForce GTX 960 EVGA Superclocked 2GB Edition","41 ","28","32","
22-Jan-2015 ","5120x3200","Yes",5,64,"82 "
"Kepler GK110-300-A1 ","2560 x 1440","954 ","Yes",1,"Nvidia",NA,"3072  ","288.4","384  ","1502 ","GDDR5","GeForce GTX 780 MSI TwinFrozr Gaming OC Edition","48 ","28","48","
30-Aug-2013 ","4096x2160","Yes",5,192,"193 "
"Kepler GK110-300-A1 ","2560 x 1440","902 ","Yes",1,"Nvidia","250 ","3072  ","288.4","384  ","1502 ","GDDR5","GeForce GTX 780 Palit JetStream Edition","46 ","28","48","
23-May-2013 ","4096x2160","Yes",5,192,"183 "
"Maxwell GM206-300-A1 ","1920 x 1080","1279 ","Yes",1,"Nvidia","120 ","2048  ","112.2","128  ","1753 ","GDDR5","GeForce GTX 960 EVGA SuperSC ACX 2.0+ 2GB Edition","43 ","28","32","
22-Jan-2015 ","5120x3200","Yes",5,64,"86 "
"Kepler GK110-300-A1 ","2560 x 1440","980 ","Yes",1,"Nvidia",NA,"3072  ","288.4","384  ","1502 ","GDDR5","GeForce GTX 780 MSI Lightning Edition","50 ","28","48","
30-Aug-2013 ","4096x2160","Yes",5,192,"198 "
"Kepler GK110-300-A1 ","2560 x 1440","1046 ","Yes",1,"Nvidia","265 ","3072  ","297.6","384  ","1550 ","GDDR5","GeForce GTX 780 Inno3D iChill HerculeZ X3 Ultra DHS Edition","52 ","28","48","
01-Jan-2013 ","4096x2160","Yes",5,192,"208 "
"Kepler GK110-300-A1 ","2560 x 1440","900 ","Yes",1,"Nvidia","250 ","3072  ","288.4","384  ","1502 ","GDDR5","GeForce GTX 780 Inno3D HerculeZ 2000 Edition","45 ","28","48","
23-May-2013 ","4096x2160","Yes",5,192,"180 "
"Kepler GK110-301-B1 ","2560 x 1440","954 ","Yes",1,"Nvidia","250 ","6144  ","288.4","384  ","1502 ","GDDR5","GeForce GTX 780 MSI Gaming 6GB Edition","48 ","28","48","
10-Sep-2013 ","4096x2160","Yes",5,192,"193 "
"Kepler GK110-300-A1 ","2560 x 1440","1006 ","Yes",1,"Nvidia",NA,"3072  ","298.2","384  ","1553 ","GDDR5","GeForce GTX 780 Inno3D Ice Dragon Edition","50 ","28","48","
01-Jun-2013 ","4096x2160","Yes",5,192,"201 "
"Kepler GK110-300-A1 ","2560 x 1440","1019 ","Yes",1,"Nvidia",NA,"3072  ","288.4","384  ","1502 ","GDDR5","GeForce GTX 780 Gigabyte GHz Edition","51 ","28","48","
01-Jul-2013 ","4096x2160","Yes",5,192,"206 "
"Kepler GK110-300-A1 ","2560 x 1440","980 ","Yes",1,"Nvidia",NA,"3072  ","288.4","384  ","1502 ","GDDR5","GeForce GTX 780 Gainward Phantom GLH Edition","50 ","28","48","
30-Jun-2013 ","4096x2160","Yes",5,192,"198 "
"Kepler GK110 ","2560 x 1600","967 ","Yes",1,"Nvidia","500 ","6144  ","576.8","384  ","1502 ","GDDR5","GeForce GTX 780 EVGA SC w/ ACX Edition SLI","98 ","28","48 (x2)","
23-May-2013 ","4096x2160","Yes",5,192,"392 "
"Kepler GK110-300-A1 ","2560 x 1440","980 ","Yes",1,"Nvidia","250 ","3072  ","288.4","384  ","1502 ","GDDR5","GeForce GTX 780 EVGA Dual FTW w/ ACX Edition","50 ","28","48","
23-May-2013 ","4096x2160","Yes",5,192,"198 "
"Kepler GK110-300-A1 ","2560 x 1440","902 ","Yes",1,"Nvidia",NA,"3072  ","288.4","384  ","1502 ","GDDR5","GeForce GTX 780 Gainward Phantom Edition","46 ","28","48","
30-Aug-2013 ","4096x2160","Yes",5,192,"183 "
"Kepler GK110-301-B1 ","2560 x 1440","967 ","Yes",1,"Nvidia","250 ","6144  ","288.4","384  ","1502 ","GDDR5","GeForce GTX 780 EVGA SC w/ ACX 6GB Edition","49 ","28","48","
 10-Sep-2013 ","4096x2160","Yes",5,192,"196 "
"Kepler GK110-300-A1 ","2560 x 1440","993 ","Yes",1,"Nvidia","250 ","3072  ","288.4","384  ","1502 ","GDDR5","GeForce GTX 780 EVGA Dual Classified w/ ACX Edition","50 ","28","48","
23-May-2013 ","4096x2160","Yes",5,192,"201 "
"Kepler GK110-301-B1 ","2560 x 1440","889 ","Yes",1,"Nvidia","250 ","6144  ","288.4","384  ","1502 ","GDDR5","GeForce GTX 780 Asus Strix OC 6GB Edition","45 ","28","48","
22-May-2014 ","4096x2160","Yes",5,192,"181 "
"Kepler GK110-300-A1 ","2560 x 1440","967 ","Yes",1,"Nvidia","250 ","3072  ","288.4","384  ","1502 ","GDDR5","GeForce GTX 780 EVGA SC w/ ACX Edition","49 ","28","48","
23-May-2013 ","4096x2160","Yes",5,192,"196 "
"Kepler GK110-300-A1 ","2560 x 1440","941 ","Yes",1,"Nvidia","250 ","3072  ","288.4","384  ","1502 ","GDDR5","GeForce GTX 780 EVGA SC Edition","48 ","28","48","
23-May-2013 ","4096x2160","Yes",5,192,"191 "
"Kepler GK110-300-A1 ","2560 x 1440","863 ","Yes",1,"Nvidia",NA,"3072  ","288.4","384  ","1502 ","GDDR5","GeForce GTX 780 DirectCU II Edition","43 ","28","48","
01-Jul-2013 ","4096x2160","Yes",5,192,"173 "
"Kepler GK110-300-A1 ","2560 x 1440","889 ","Yes",1,"Nvidia",NA,"3072  ","288.4","384  ","1502 ","GDDR5","GeForce GTX 780 DirectCU II OC Edition","43 ","28","48","
01-Jul-2013 ","4096x2160","Yes",5,192,"173 "
"Maxwell GM206-300-A1 ","1920 x 1080","1304 ","Yes",1,"Nvidia","120 ","4096  ","112.2","128  ","1753 ","GDDR5","GeForce GTX 960 EVGA FTW ACX 2.0+ 4GB Edition","44 ","28","32","
22-Jan-2015 ","5120x3200","Yes",5,64,"87 "
"Kepler GK110-300-A1 ","2560 x 1440","1006 ","Yes",1,"Nvidia","250 ","3072  ","288.4","384  ","1502 ","GDDR5","GeForce GTX 780 Galaxy HOF 3GB Edition","51 ","28","48","
01-Sep-2013 ","4096x2160","Yes",5,192,"203 "
"Maxwell GM206-300-A1 ","1920 x 1080","1127 ","Yes",1,"Nvidia","120 ","4096  ","112.2","128  ","1753 ","GDDR5","GeForce GTX 960 EVGA ACX 2.0+ 4GB Edition","38 ","28","32","
22-Jan-2015 ","5120x3200","Yes",5,64,"75 "
"Maxwell GM206-300-A1 ","1920 x 1080","1304 ","Yes",1,"Nvidia","120 ","2048  ","112.2","128  ","1753 ","GDDR5","GeForce GTX 960 EVGA FTW ACX 2.0+ 2GB Edition","44 ","28","32","
22-Jan-2015 ","5120x3200","Yes",5,64,"87 "
"Maxwell GM206-300-A1 (x2) ","2560 x 1600","1253 ","Yes",1,"Nvidia","300 ","8192  ","224.4","128  ","1753 ","GDDR5","GeForce GTX 960 Asus Turbo OC 4GB Edition SLI","84 ","28","32 (x2)","
05-May-2015 ","5120x3200","Yes",5,64,"169 "
"Maxwell GM206-300-A1 ","1920 x 1080","1253 ","Yes",1,"Nvidia","120 ","2048  ","112.2","128  ","1753 ","GDDR5","GeForce GTX 960 Asus Turbo OC 2GB Edition","42 ","28","32","
05-May-2015 ","5120x3200","Yes",5,64,"84 "
"Maxwell GM206-300-A1 ","1920 x 1080","1253 ","Yes",1,"Nvidia","150 ","4096  ","112.2","128  ","1753 ","GDDR5","GeForce GTX 960 Asus Turbo OC 4GB Edition","42 ","28","32","
05-May-2015 ","5120x3200","Yes",5,64,"84 "
"Maxwell GM206-300-A1 ","1920 x 1080","1253 ","Yes",1,"Nvidia","150 ","4096  ","112.2","128  ","1753 ","GDDR5","GeForce GTX 960 Asus Strix DirectCU II OC 4GB Edition","42 ","28","32","
22-Jan-2015 ","5120x3200","Yes",5,64,"84 "
"Maxwell GM206-300-A1 ","1920 x 1080","1127 ","Yes",1,"Nvidia","120 ","2048  ","112.2","128  ","1753 ","GDDR5","GeForce GTX 960 EVGA ACX 2.0+ 2GB Edition","38 ","28","32","
22-Jan-2015 ","5120x3200","Yes",5,64,"75 "
"Maxwell GM206-300-A1 ","1920 x 1080","1127 ","Yes",1,"Nvidia","120 ","2048  ","112.2","128  ","1753 ","GDDR5","GeForce GTX 960 2GB","38 ","28","32","
22-Jan-2015 ","5120x3200","Yes",5,64,"75 "
"Kepler GK110-300-A1 (x2) ","2560 x 1600","954 ","Yes",1,"Nvidia","550 ","6144  ","576.8","384  ","1502 ","GDDR5","GeForce GTX 780 Asus ROG POSEIDON Edition SLI","97 ","28","48 (x2)","
18-Dec-2013 ","4096x2160","Yes",5,192,"386 "
"Maxwell GM206-300-A1 (x2) ","2560 x 1440","1127 ","Yes",1,"Nvidia","240 ","4096  ","224.4","128  ","1753 ","GDDR5","GeForce GTX 960 2GB SLI","75 ","28","32 (x2)","
22-Jan-2015 ","4096x2160","Yes",5,64,"151 "
"Maxwell GM206-300-A1 ","1920 x 1080","1253 ","Yes",1,"Nvidia","120 ","2048  ","115.2","128  ","1800 ","GDDR5","GeForce GTX 960 Asus Strix DirectCU II OC 2GB Edition","42 ","28","32","
22-Jan-2015 ","5120x3200","Yes",5,64,"84 "
"Maxwell GM206-250 ","1920 x 1080","1203 ","Yes",1,"Nvidia","120 ","2048  ","112.3","128  ","1755 ","GDDR5","GeForce GTX 950 Zotac AMP! 2GB Edition","45 ","28","32","
20-Aug-2015 ","5120x3200","Yes",5,48,"67 "
"Maxwell GM206-250 ","1920 x 1080","1089 ","Yes",1,"Nvidia","120 ","2048  ","105.7","128  ","1652 ","GDDR5","GeForce GTX 950 Zotac 2GB Edition","41 ","28","32","
20-Aug-2015 ","5120x3200","Yes",5,48,"61 "
"Maxwell GM206-250 ","1920 x 1080","1102 ","Yes",1,"Nvidia","120 ","2048  ","108.9","128  ","1701 ","GDDR5","GeForce GTX 950 Zotac OC 2GB Edition","41 ","28","32","
20-Aug-2015 ","5120x3200","Yes",5,48,"61 "
"Maxwell GM206-250 ","1920 x 1080","1024 ","Yes",1,"Nvidia","94 ","2048  ","105.8","128  ","1653 ","GDDR5","GeForce GTX 950 PNY 2GB Edition","38 ","28","32","
20-Aug-2015 ","5120x3200","Yes",5,48,"57 "
"Maxwell GM206-250 ","1920 x 1080","1126 ","Yes",1,"Nvidia","150 ","2048  ","105.8","128  ","1653 ","GDDR5","GeForce GTX 950 Palit StormX 2GB Edition","38 ","28","32","
20-Aug-2015 ","5120x3200","Yes",5,48,"57 "
"Maxwell GM206-251-A1 ","1920 x 1080","1076 ","Yes",1,"Nvidia","75 ","2048  ","105.8","128  ","1653 ","GDDR5","GeForce GTX 950 LP MSI OC v3 2GB Edition","40 ","28","32","
01-Mar-2016 ","5120x3200","Yes",5,48,"60 "
"Maxwell GM206-250 ","1920 x 1080","1127 ","Yes",1,"Nvidia","100 ","2048  ","106.4","128  ","1663 ","GDDR5","GeForce GTX 950 MSI Gaming 2GB Edition","42 ","28","32","
20-Aug-2015 ","5120x3200","Yes",5,48,"63 "
"Kepler GK110-300-A1 (x2) ","2560 x 1600","889 ","Yes",1,"Nvidia","500 ","6144  ","576.8","768  ","1502 ","GDDR5","GeForce GTX 780 Asus DirectCU II OC Edition SLI","87 ","28","96","
01-Jul-2013 ","4096x2160","No",5,384,"346 "
"Kepler GK110-301-B1 ","2560 x 1440","863 ","Yes",1,"Nvidia","250 ","6144  ","288.4","384  ","1502 ","GDDR5","GeForce GTX 780 6GB","43 ","28","48","
10-Sep-2013 ","4096x2160","Yes",5,192,"173 "
"Kepler GK104-425-A2 ","1920 x 1080","1150 ","Yes",1,"Nvidia",NA,"2048  ","230.4","256  ","1800 ","GDDR5","GeForce GTX 770 Zotac AMP! Edition","38 ","28","32","
30-Jun-2013 ","4096x2160","Yes",5,128,"154 "
"Kepler GK110-300-A1 ","2560 x 1440","863 ","Yes",1,"Nvidia","250 ","3072  ","288.4","384  ","1502 ","GDDR5","GeForce GTX 780","43 ","28","48","
23-May-2013	 ","4096x2160","Yes",5,192,"173 "
"Maxwell GM206-250 ","1920 x 1080","1076 ","Yes",1,"Nvidia","90 ","2048  ","105.8","128  ","1653 ","GDDR5","GeForce GTX 950 MSI Armor 2X OC 2GB Edition","40 ","28","32","
20-Aug-2015 ","5120x3200","Yes",5,48,"60 "
"Kepler GK104-425-A2 ","1920 x 1080","1059 ","Yes",1,"Nvidia",NA,"2048  ","224.4","256  ","1753 ","GDDR5","GeForce GTX 770 Zotac 2GB OC Edition","36 ","28","32","
30-Jun-2013 ","4096x2160","Yes",5,128,"142 "
"Kepler GK104-425-A2 ","1920 x 1080","1059 ","Yes",1,"Nvidia","230 ","4096  ","224.3","256  ","1752 ","GDDR5","GeForce GTX 770 Zotac 4GB Edition","35 ","28","32","
30-May-2013 ","4096x2160","Yes",5,128,"141 "
"Kepler GK104-425-A2 ","1920 x 1080","1137 ","Yes",1,"Nvidia",NA,"2048  ","224.3","256  ","1752 ","GDDR5","GeForce GTX 770 WindForce 3X OC Edition","38 ","28","32","
30-May-2013 ","4096x2160","Yes",5,128,"152 "
"Maxwell GM206-250 ","1920 x 1080","1064 ","Yes",1,"Nvidia","90 ","2048  ","105.8","128  ","1653 ","GDDR5","GeForce GTX 950 Palit StormX Dual OC 2GB Edition","40 ","28","32","
20-Aug-2015 ","5120x3200","Yes",5,48,"60 "
"Kepler GK104-425-A2 ","1920 x 1080","1137 ","Yes",1,"Nvidia",NA,"4096  ","224.3","256  ","1752 ","GDDR5","GeForce GTX 770 WindForce 3X OC 4GB Edition","38 ","28","32","
30-May-2013 ","4096x2160","Yes",5,128,"152 "
"Kepler GK104 ","1920 x 1080","1137 ","Yes",1,"Nvidia","500 ","8192  ","448.5","256  ","1752 ","GDDR5","GeForce GTX 770 WindForce 3X OC 4GB Edition SLI","76 ","28","32 (x2)","
30-May-2013 ","4096x2160","Yes",5,128,"304 "
"Kepler GK104-425-A2 ","1920 x 1080","1046 ","Yes",1,"Nvidia","230 ","2048  ","218","256  ","1703 ","GDDR5","GeForce GTX 770 PNY XLR8 Enthusiast Edition","35 ","28","32","
01-May-2013 ","4096x2160","Yes",5,128,"139 "
"Kepler GK104-425-A2 ","1920 x 1080","1059 ","Yes",1,"Nvidia","230 ","4096  ","224.4","256  ","1753 ","GDDR5","GeForce GTX 770 PNY Enthusiast 4GB OC Edition","36 ","28","32","
30-Aug-2013 ","4096x2160","Yes",5,128,"142 "
"Kepler GK104-425-A2 (x2) ","2560 x 1600","1046 ","Yes",2,"Nvidia","400 ","4096  ","448.5","256  ","1752 ","GDDR5","GeForce GTX 770 SLI","69 ","28","32 (x2)","
30-May-2013 ","4096x2160","Yes",5,128,"278 "
"Maxwell GM206-300-A1 ","1920 x 1080","1190 ","Yes",1,"Nvidia","150 ","2048  ","112.2","128  ","1753 ","GDDR5","GeForce GTX 960 Asus Mini OC 2GB Edition","40 ","28","32","
22-Jan-2015 ","5120x3200","Yes",5,64,"80 "
"Maxwell GM206-250 ","1920 x 1080","1076 ","Yes",1,"Nvidia","90 ","2048  ","105.8","128  ","1653 ","GDDR5","GeForce GTX 950 MSI OC 2GB Edition","40 ","28","32","
20-Aug-2015 ","5120x3200","Yes",5,48,"60 "
"Kepler GK104-425-A2 ","1920 x 1080","1137 ","Yes",1,"Nvidia","229 ","2048  ","224.4","256  ","1753 ","GDDR5","GeForce GTX 770 MSI TwinFrozr Edition","38 ","28","32","
18-Jun-2013 ","4096x2160","Yes",5,128,"152 "
"Kepler GK104-425-A2 ","2560 x 1600","1150 ","Yes",1,"Nvidia",NA,"4096  ","448.5","256  ","1752 ","GDDR5","GeForce GTX 770 Palit JetStream 2GB Edition SLI","77 ","28","32 (x2)","
30-May-2013 ","4096x2160","Yes",5,128,"308 "
"Kepler GK104-425-A2 ","1920 x 1080","1150 ","Yes",1,"Nvidia",NA,"2048  ","224.3","256  ","1752 ","GDDR5","GeForce GTX 770 Palit JetStream 2GB Edition","38 ","28","32","
30-May-2013 ","4096x2160","Yes",5,128,"154 "
"Kepler GK104-425-A2 ","1920 x 1080","1046 ","Yes",1,"Nvidia","230 ","4096  ","224.3","256  ","1752 ","GDDR5","GeForce GTX 770 Palit JetStream 4GB Edition","35 ","28","32","
30-May-2013 ","4096x2160","Yes",5,128,"139 "
"Kepler GK104-425-A2 ","1920 x 1080","1137 ","Yes",1,"Nvidia","229 ","4096  ","224.4","256  ","1753 ","GDDR5","GeForce GTX 770 MSI TwinFrozr 4GB Edition","38 ","28","32","
18-Jun-2013 ","4096x2160","Yes",5,128,"152 "
"Kepler GK104-425-A2 ","1920 x 1080","1150 ","Yes",1,"Nvidia","280 ","2048  ","224.4","256  ","1753 ","GDDR5","GeForce GTX 770 MSI Lightning Edition","38 ","28","32","
18-Jun-2013 ","4096x2160","Yes",5,128,"154 "
"Kepler GK104-425-A2 ","1920 x 1080","1150 ","Yes",1,"Nvidia","256 ","4096  ","230.4","256  ","1800 ","GDDR5","GeForce GTX 770 Inno3D iChill HerculeZ X3 Ultra 4GB Edition","38 ","28","32","
22-Jun-2013 ","4096x2160","Yes",5,128,"154 "
"Kepler GK104-425-A2 ","1920 x 1080","1059 ","Yes",1,"Nvidia","230 ","4096  ","224.3","256  ","1752 ","GDDR5","GeForce GTX 770 Leadtek Hurricane III Edition","36 ","28","32","
30-May-2013 ","4096x2160","Yes",5,128,"142 "
"Kepler GK104-425-A2 ","1920 x 1080","1150 ","Yes",1,"Nvidia","244 ","2048  ","230.4","256  ","1800 ","GDDR5","GeForce GTX 770 Inno3D iChill HerculeZ X3 Ultra 2GB Edition","38 ","28","32","
22-Jun-2013 ","4096x2160","Yes",5,128,"154 "
"Kepler GK104-425-A2 ","1920 x 1080","1072 ","Yes",1,"Nvidia","230 ","2048  ","224.4","256  ","1753 ","GDDR5","GeForce GTX 770 Inno3D HerculeZ 2000 2GB Edition","36 ","28","32","
01-May-2013 ","4096x2160","Yes",5,128,"142 "
"Kepler GK104-425-A2 ","1920 x 1080","1202 ","Yes",1,"Nvidia","230 ","2048  ","224.4","256  ","1753 ","GDDR5","GeForce GTX 770 Galaxy HOF 2GB Edition","40 ","28","32","
01-Jun-2013 ","4096x2160","Yes",5,128,"161 "
"Kepler GK104-425-A2 ","1920 x 1080","1150 ","Yes",1,"Nvidia",NA,"2048  ","224.3","256  ","1752 ","GDDR5","GeForce GTX 770 Gainward Phantom Edition","38 ","28","32","
01-Jun-2013 ","4096x2160","Yes",5,128,"154 "
"Kepler GK104-425-A2 ","1920 x 1080","1046 ","Yes",1,"Nvidia","230 ","2048  ","224.3","256  ","1752 ","GDDR5","GeForce GTX 770 Gainward 2GB Edition","35 ","28","32","
30-May-2013 ","4096x2160","Yes",5,128,"139 "
"Kepler GK104-425-A2 ","1920 x 1080","1046 ","Yes",1,"Nvidia","250 ","2048  ","218","256  ","1703 ","GDDR5","GeForce GTX 770 EVGA W/ ACX Edition","35 ","28","32","
01-Jun-2013 ","4096x2160","Yes",5,128,"139 "
"Kepler GK104-425-A2 (x2) ","1920 x 1080","1111 ","Yes",1,"Nvidia","500 ","4096  ","436","256  ","1703 ","GDDR5","GeForce GTX 770 EVGA SC W/ ACX Edition SLI","74 ","28","32 (x2)","
01-Jun-2013 ","4096x2160","Yes",5,128,"298 "
"Kepler GK104-425-A2 ","1920 x 1080","1111 ","Yes",1,"Nvidia","250 ","2048  ","218","256  ","1703 ","GDDR5","GeForce GTX 770 EVGA SC W/ ACX Edition","37 ","28","32","
01-Jun-2013 ","4096x2160","Yes",5,128,"149 "
"Kepler GK104-425-A2 ","1920 x 1080","1110 ","Yes",1,"Nvidia","230 ","2048  ","218","256  ","1703 ","GDDR5","GeForce GTX 770 Galaxy GC 2GB Edition","37 ","28","32","
30-May-2013 ","4096x2160","Yes",5,128,"149 "
"Kepler GK104-425-A2 ","1920 x 1080","1085 ","Yes",1,"Nvidia","250 ","2048  ","224.4","256  ","1753 ","GDDR5","GeForce GTX 770 EVGA Superclocked Edition","36 ","28","32","
01-Jun-2013 ","4096x2160","Yes",5,128,"146 "
"Kepler GK104-425-A2 ","1920 x 1080","1111 ","Yes",1,"Nvidia","250 ","4096  ","217.9","256  ","1702 ","GDDR5","GeForce GTX 770 EVGA Dual SC W/ ACX 4GB Edition","37 ","28","32","
01-Jun-2013 ","4096x2160","Yes",5,128,"149 "
"Kepler GK104-425-A2 ","1920 x 1080","1085 ","Yes",1,"Nvidia","250 ","2048  ","218","256  ","1703 ","GDDR5","GeForce GTX 770 EVGA SC Edition","36 ","28","32","
01-Jun-2013 ","4096x2160","Yes",5,128,"146 "
"Kepler GK104 ","1920 x 1080","1150 ","Yes",1,"Nvidia","400 ","6144  ","448.8","256  ","1753 ","GDDR5","GeForce GTX 770 EVGA 4GB Classified Edition SLI","77 ","28","32 (x2)","
30-Jun-2013 ","4096x2160","Yes",5,128,"308 "
"Maxwell GM206-251-A1 ","1920 x 1080","1024 ","Yes",1,"Nvidia","75 ","2048  ","105.8","128  ","1653 ","GDDR5","GeForce GTX 950 LP 2GB","38 ","28","32","
01-Mar-2016 ","5120x3200","Yes",5,48,"57 "
"Kepler GK104-425-A2 ","1920 x 1080","1150 ","Yes",1,"Nvidia","250 ","4096  ","224.4","256  ","1753 ","GDDR5","GeForce GTX 770 EVGA 4GB Classified Edition","38 ","28","32","
01-Jun-2013 ","4096x2160","Yes",5,128,"154 "
"Kepler GK110-300-A1 ","2560 x 1440","954 ","Yes",1,"Nvidia","300 ","3072  ","288.4","384  ","1502 ","GDDR5","GeForce GTX 780 Asus ROG POSEIDON Edition","48 ","28","48","
18-Dec-2013 ","4096x2160","Yes",5,192,"193 "
"Kepler GK104-425-A2 ","1920 x 1080","1150 ","Yes",1,"Nvidia",NA,"4096  ","224.3","256  ","1752 ","GDDR5","GeForce GTX 770 Gainward Phantom 4GB Edition","38 ","28","32","
01-Jun-2013 ","4096x2160","Yes",5,128,"154 "
"Maxwell GM206-251-A1 ","1920 x 1080","1026 ","Yes",1,"Nvidia","75 ","2048  ","105.8","128  ","1653 ","GDDR5","GeForce GTX 950 LP Asus 2GB Edition","38 ","28","32","
06-Mar-2016 ","5120x3200","Yes",5,48,"57 "
"Maxwell GM206-250 ","1920 x 1080","1178 ","Yes",1,"Nvidia","110 ","2048  ","108.8","128  ","1700 ","GDDR5","GeForce GTX 950 Inno3D iChill 2GB Edition","43 ","28","32","
20-Aug-2015 ","5120x3200","Yes",5,48,"64 "
"Maxwell GM206-251-A1 ","1920 x 1080","1076 ","Yes",1,"Nvidia","75 ","2048  ","105.8","128  ","1653 ","GDDR5","GeForce GTX 950 LP MSI OC v2 2GB Edition","40 ","28","32","
01-Mar-2016 ","5120x3200","Yes",5,48,"60 "
"Maxwell GM206-250 ","1920 x 1080","1051 ","Yes",1,"Nvidia","90 ","2048  ","105.8","128  ","1653 ","GDDR5","GeForce GTX 950 Inno3D OC 2GB Edition","39 ","28","32","
20-Aug-2015 ","5120x3200","Yes",5,48,"59 "
"Maxwell GM206-250 ","1920 x 1080","1114 ","Yes",1,"Nvidia","90 ","2048  ","105.8","128  ","1653 ","GDDR5","GeForce GTX 950 Galax KFA2 OC 2GB Edition","42 ","28","32","
20-Aug-2015 ","5120x3200","Yes",5,48,"63 "
"Maxwell GM206-250 ","1920 x 1080","1178 ","Yes",1,"Nvidia","110 ","2048  ","108.8","128  ","1700 ","GDDR5","GeForce GTX 950 Inno3D iChill Ultra 2GB Edition","44 ","28","32","
20-Aug-2015 ","5120x3200","Yes",5,48,"66 "
"Maxwell GM206-250 ","1920 x 1080","1102 ","Yes",1,"Nvidia","100 ","2048  ","105.8","128  ","1653 ","GDDR5","GeForce GTX 950 Gigabyte WindForce 2X OC 2GB Edition","41 ","28","32","
20-Aug-2015 ","5120x3200","Yes",5,48,"61 "
"Maxwell GM206-250 ","1920 x 1080","1064 ","Yes",1,"Nvidia","100 ","2048  ","105.8","128  ","1653 ","GDDR5","GeForce GTX 950 Gigabyte OC 2GB Edition","40 ","28","32","
20-Aug-2015 ","5120x3200","Yes",5,48,"60 "
"Maxwell GM206-250 ","1920 x 1080","1203 ","Yes",1,"Nvidia","120 ","2048  ","112","128  ","1750 ","GDDR5","GeForce GTX 950 Gigabyte XTREME Gaming 2GB Edition","45 ","28","32","
09-Sep-2015 ","5120x3200","Yes",5,48,"67 "
"Maxwell GM206-250 ","1920 x 1080","1165 ","Yes",1,"Nvidia","110 ","2048  ","105.8","128  ","1653 ","GDDR5","GeForce GTX 950 EVGA Superclocked+ ACX 2.0 2GB Edition","43 ","28","32","
20-Aug-2015 ","5120x3200","Yes",5,48,"65 "
"Maxwell GM206-250 ","1920 x 1080","1203 ","Yes",1,"Nvidia","90 ","2048  ","107.7","128  ","1683 ","GDDR5","GeForce GTX 950 Galax KFA2 EX OC White 2GB Edition","45 ","28","32","
20-Aug-2015 ","5120x3200","Yes",5,48,"67 "
"Maxwell GM206-250 ","1920 x 1080","1190 ","Yes",1,"Nvidia","125 ","2048  ","105.8","128  ","1653 ","GDDR5","GeForce GTX 950 EVGA SSC ACX 2.0 2GB Edition","45 ","28","32","
20-Aug-2015 ","5120x3200","Yes",5,48,"67 "
"Maxwell GM206-250 ","1920 x 1080","1102 ","Yes",1,"Nvidia","75 ","2048  ","105.8","128  ","1653 ","GDDR5","GeForce GTX 950 Asus OC 2GB Edition","41 ","28","32","
20-Aug-2015 ","5120x3200","Yes",5,48,"61 "
"Maxwell GM206-250 ","1920 x 1080","1152 ","Yes",1,"Nvidia","110 ","2048  ","105.8","128  ","1653 ","GDDR5","GeForce GTX 950 EVGA Superclocked 2.0 2GB Edition","43 ","28","32","
20-Aug-2015 ","5120x3200","Yes",5,48,"64 "
"Maxwell GM206-250 ","1920 x 1080","1140 ","Yes",1,"Nvidia","150 ","2048  ","105.8","128  ","1653 ","GDDR5","GeForce GTX 950 Asus DirectCU II OC Strix Gaming 2GB Edition","43 ","28","32","
20-Aug-2015 ","5120x3200","Yes",5,48,"65 "
"Maxwell GM206-250 ","1920 x 1080","1126 ","Yes",1,"Nvidia","90 ","2048  ","105.8","128  ","1653 ","GDDR5","GeForce GTX 950 Gainward 2GB Edition","38 ","28","32","
20-Aug-2015 ","5120x3200","Yes",5,48,"57 "
"Maxwell GM206-250 ","1920 x 1080","1126 ","Yes",1,"Nvidia","150 ","2048  ","105.8","128  ","1653 ","GDDR5","GeForce GTX 950 Asus Mini 2GB Edition","38 ","28","32","
20-Aug-2015 ","5120x3200","Yes",5,48,"57 "
"Maxwell GM206-250 (x2) ","1920 x 1080","1024 ","Yes",1,"Nvidia","180 ","4096  ","211.6","128  ","1653 ","GDDR5","GeForce GTX 950 2GB SLI","76 ","28","32 (x2)","
20-Aug-2015 ","4096x2160","Yes",5,48,"114 "
"Maxwell GM206-250 ","1920 x 1080","1024 ","Yes",1,"Nvidia","90 ","2048  ","105.8","128  ","1653 ","GDDR5","GeForce GTX 950 2GB","38 ","28","32","
20-Aug-2015 ","5120x3200","Yes",5,48,"57 "
"Kepler GK104-425-A2 (x2) ","1920 x 1080","1058 ","Yes",1,"Nvidia",NA,"4096  ","448.8","256  ","1753 ","GDDR5","GeForce GTX 770 DirectCU II 2GB OC Edition SLI","71 ","28","32 (x2)","
30-May-2013 ","4096x2160","Yes",5,128,"284 "
"Maxwell GM??? ",NA,"
","Yes",1,"Nvidia","60 ","2048  ","80","128  ","1250 ","GDDR5","GeForce GT 940 2GB [not released]",NA,"28","16","
31-Oct-2016 ","4096x2160","No",5,32,NA
"Kepler GK104-225-A2 ","1920 x 1080","993 ","Yes",1,"Nvidia","170 ","2048  ","192.3","256  ","1502 ","GDDR5","GeForce GTX 760 Zotac OC Edition","34 ","28","32","
25-Jun-2013 ","4096x2160","Yes",5,96,"102 "
"Kepler GK104-425-A2 ","1920 x 1080","1046 ","Yes",1,"Nvidia","230 ","2048  ","224.3","256  ","1752 ","GDDR5","GeForce GTX 770","35 ","28","32","
30-May-2013 ","4096x2160","Yes",5,128,"139 "
"Maxwell GM206-250 ","1920 x 1080","1203 ","Yes",1,"Nvidia","125 ","2048  ","105.8","128  ","1653 ","GDDR5","GeForce GTX 950 EVGA FTW ACX 2.0 2GB Edition","45 ","28","32","
20-Aug-2015 ","5120x3200","Yes",5,48,"67 "
"Kepler GK104-225-A2 ","1920 x 1080","1111 ","Yes",1,"Nvidia","170 ","2048  ","192.3","256  ","1502 ","GDDR5","GeForce GTX 760 Zotac AMP! Edition","38 ","28","32","
25-Jun-2013 ","4096x2160","Yes",5,96,"113 "
"Kepler GK104-425-A2 ","1920 x 1080","1058 ","Yes",1,"Nvidia","230 ","4096  ","224.4","256  ","1753 ","GDDR5","GeForce GTX 770 DirectCU II 4GB OC Edition","36 ","28","32","
30-May-2013 ","4096x2160","Yes",5,128,"142 "
"Kepler GK104-225-A2 ","1920 x 1080","993 ","Yes",1,"Nvidia","170 ","2048  ","192.3","256  ","1502 ","GDDR5","GeForce GTX 760 Zotac 2GB Edition","34 ","28","32","
25-Jun-2013 ","4096x2160","Yes",5,96,"102 "
"Kepler GK104-225-A2 ","1920 x 1080","980 ","Yes",1,"Nvidia","170 ","4096  ","192.3","256  ","1502 ","GDDR5","GeForce GTX 760 Zotac 4GB Edition","33 ","28","32","
25-Jun-2013 ","4096x2160","Yes",5,96,"99 "
"Kepler GK104-225-A2 ","1920 x 1080","1085 ","Yes",1,"Nvidia","170 ","2048  ","192.3","256  ","1502 ","GDDR5","GeForce GTX 760 WindForce 3X OC Edition","37 ","28","32","
25-Jun-2013 ","4096x2160","Yes",5,96,"110 "
"Kepler GK104-225-A2 ","1920 x 1080","1085 ","Yes",1,"Nvidia","170 ","4096  ","192.3","256  ","1502 ","GDDR5","GeForce GTX 760 WindForce 3X OC 4GB Edition","37 ","28","32","
25-Jun-2013 ","4096x2160","Yes",5,96,"110 "
"Kepler GK104-225-A2 ","1920 x 1080","1111 ","Yes",1,"Nvidia","170 ","2048  ","198.7","256  ","1552 ","GDDR5","GeForce GTX 760 WinFast Dual Fan OC 2GB Edition","38 ","28","32","
25-Jul-2013 ","4096x2160","Yes",5,96,"113 "
"Kepler GK104-225-A2 ","1920 x 1080","1033 ","Yes",1,"Nvidia","170 ","2048  ","192.3","256  ","1502 ","GDDR5","GeForce GTX 760 WindForce 2X OC 2GB Edition","35 ","28","32","
21-Apr-2014 ","4096x2160","Yes",5,96,"105 "
"Kepler GK104-425-A2 ","1920 x 1080","1072 ","Yes",1,"Nvidia",NA,"2048  ","224.4","256  ","1753 ","GDDR5","GeForce GTX 770 MSI 2GB OC Edition","36 ","28","32","
18-Jul-2013 ","4096x2160","Yes",5,128,"144 "
"Kepler GK104-325-A2 ","1920 x 1080","915 ","Yes",1,"Nvidia","170 ","2048  ","192.3","256  ","1502 ","GDDR5","GeForce GTX 760 Ti (OEM)","31 ","28","32","
17-Oct-2013 ","4096x2160","Yes",5,112,"110 "
"Kepler GK104-225-A2 ","1920 x 1080","1111 ","Yes",1,"Nvidia","170 ","4096  ","198.7","256  ","1552 ","GDDR5","GeForce GTX 760 WinFast Dual Fan OC 4GB Edition","38 ","28","32","
25-Jul-2013 ","4096x2160","Yes",5,96,"113 "
"Kepler GK104-225-A2 ","1920 x 1080","1072 ","Yes",1,"Nvidia","170 ","4096  ","198.4","256  ","1550 ","GDDR5","GeForce GTX 760 Palit JetStream 4GB Edition","36 ","28","32","
25-Jun-2013 ","4096x2160","Yes",5,96,"109 "
"Kepler GK104-225-A2 ","1920 x 1080","1059 ","Yes",1,"Nvidia","170 ","2048  ","192.3","256  ","1502 ","GDDR5","GeForce GTX 760 MSI TwinFrozr OC 2GB Edition","36 ","28","32","
25-Jun-2013 ","4096x2160","Yes",5,96,"108 "
"Kepler GK104-225-A2 ","1920 x 1080","1020 ","Yes",1,"Nvidia","170 ","2048  ","192.3","256  ","1502 ","GDDR5","GeForce GTX 760 MSI TwinFrozr Gaming Edition","33 ","28","32","
25-Jun-2013 ","4096x2160","Yes",5,96,"100 "
"Kepler GK104-225-A2 ","1920 x 1080","1085 ","Yes",1,"Nvidia","170 ","2048  ","192.3","256  ","1502 ","GDDR5","GeForce GTX 760 MSI TwinFrozr Gaming OC Edition","37 ","28","32","
25-Jun-2013 ","4096x2160","Yes",5,96,"110 "
"Kepler GK104-425-A2 ","1920 x 1080","1111 ","Yes",1,"Nvidia","300 ","4096  ","224.4","256  ","1753 ","GDDR5","GeForce GTX 770 Asus ROG Poseidon 2GB Edition","37 ","28","32","
30-May-2013 ","4096x2160","Yes",5,128,"149 "
"Kepler GK104-225-A2 ","1920 x 1080","1006 ","Yes",1,"Nvidia","170 ","2048  ","192.3","256  ","1502 ","GDDR5","GeForce GTX 760 MSI OC 2GB Edition","34 ","28","32","
01-Jul-2013 ","4096x2160","Yes",5,96,"103 "
"Kepler GK104-225-A2 ","1920 x 1080","1085 ","Yes",1,"Nvidia","170 ","4096  ","192.3","256  ","1502 ","GDDR5","GeForce GTX 760 MSI TwinFrozr Gaming OC 4GB Edition","37 ","28","32","
25-Jun-2013 ","4096x2160","Yes",5,96,"110 "
"Kepler GK104-425-A2 ","1920 x 1080","1058 ","Yes",1,"Nvidia",NA,"2048  ","224.4","256  ","1753 ","GDDR5","GeForce GTX 770 DirectCU II 2GB OC Edition","36 ","28","32","
30-May-2013 ","4096x2160","Yes",5,128,"142 "
"Kepler GK104-225-A2 ","1920 x 1080","1058 ","Yes",1,"Nvidia","170 ","2048  ","192.3","256  ","1502 ","GDDR5","GeForce GTX 760 KFA2 EX OC 2GB Edition","36 ","28","32","
25-Jun-2013 ","4096x2160","Yes",5,96,"107 "
"Kepler GK104-225-A2 ","1920 x 1080","1058 ","Yes",1,"Nvidia","170 ","4096  ","192.3","256  ","1502 ","GDDR5","GeForce GTX 760 KFA2 EX OC 4GB Edition","36 ","28","32","
25-Jun-2013 ","4096x2160","Yes",5,96,"107 "
"Kepler GK104-225-A2 ","1920 x 1080","980 ","Yes",1,"Nvidia","170 ","4096  ","192.3","256  ","1502 ","GDDR5","GeForce GTX 760 Gainward Phantom 4GB Edition","33 ","28","32","
19-Oct-2013 ","4096x2160","Yes",5,96,"99 "
"Kepler GK104-225-A2 ","1920 x 1080","1058 ","Yes",1,"Nvidia","170 ","2048  ","192.3","256  ","1502 ","GDDR5","GeForce GTX 760 Galaxy GC 2GB Edition","36 ","28","32","
23-Jun-2013 ","4096x2160","Yes",5,96,"107 "
"Kepler GK104-225-A2 ","1920 x 1080","980 ","Yes",1,"Nvidia","170 ","2048  ","192.3","256  ","1502 ","GDDR5","GeForce GTX 760 EVGA W/ ACX 2GB Edition","33 ","28","32","
25-Jun-2013 ","4096x2160","Yes",5,96,"99 "
"Kepler GK104-225-A2 ","1920 x 1080","1033 ","Yes",1,"Nvidia","170 ","2048  ","192.3","256  ","1502 ","GDDR5","GeForce GTX 760 MSI Gaming ITX 2GB Edition","35 ","28","32","
20-Nov-2013 ","4096x2160","Yes",5,96,"105 "
"Kepler GK104-225-A2 ","1920 x 1080","1072 ","Yes",1,"Nvidia","170 ","2048  ","198.4","256  ","1550 ","GDDR5","GeForce GTX 760 Gainward Phantom 2GB Edition","36 ","28","32","
25-Jun-2013 ","4096x2160","Yes",5,96,"109 "
"Kepler GK104-225-A2 ","1920 x 1080","980 ","Yes",1,"Nvidia","170 ","2048  ","192.3","256  ","1502 ","GDDR5","GeForce GTX 760 Gainward 2GB Edition","33 ","28","32","
25-Jun-2013 ","4096x2160","Yes",5,96,"99 "
"Kepler GK104-225-A2 ","1920 x 1080","1006 ","Yes",1,"Nvidia","160 ","2048  ","192.3","256  ","1502 ","GDDR5","GeForce GTX 760 Inno3D OC 2GB Edition","34 ","28","32","
25-Jun-2013 ","4096x2160","Yes",5,96,"102 "
"Kepler GK104-225-A2 ","1920 x 1080","1072 ","Yes",1,"Nvidia","170 ","2048  ","192.3","256  ","1502 ","GDDR5","GeForce GTX 760 EVGA SC W/ ACX 2GB Edition","36 ","28","32","
25-Jun-2013 ","4096x2160","Yes",5,96,"109 "
"Kepler GK104-225-A2 ","1920 x 1080","1072 ","Yes",1,"Nvidia","170 ","2048  ","192.3","256  ","1502 ","GDDR5","GeForce GTX 760 EVGA SC 2GB Edition","36 ","28","32","
25-Jun-2013 ","4096x2160","Yes",5,96,"109 "
"Kepler GK104-225-A2 ","1920 x 1080","1072 ","Yes",1,"Nvidia","170 ","4096  ","192.3","256  ","1502 ","GDDR5","GeForce GTX 760 EVGA SC W/ ACX 4GB Edition","36 ","28","32","
25-Jun-2013 ","4096x2160","Yes",5,96,"109 "
"Kepler GK104-225-A2 ","1920 x 1080","1111 ","Yes",1,"Nvidia","170 ","2048  ","192.3","256  ","1502 ","GDDR5","GeForce GTX 760 MSI Hawk Edition","38 ","28","32","
25-Jun-2013 ","4096x2160","Yes",5,96,"113 "
"Kepler GK104-225-A2 ","1920 x 1080","980 ","Yes",1,"Nvidia","170 ","4096  ","192.3","256  ","1502 ","GDDR5","GeForce GTX 760 EVGA 4GB Edition","33 ","28","32","
25-Jun-2013 ","4096x2160","Yes",5,96,"99 "
"Kepler GK104-225-A2 ","1920 x 1080","1111 ","Yes",1,"Nvidia","170 ","2048  ","198.7","256  ","1552 ","GDDR5","GeForce GTX 760 PNY Enthusiast OC Edition","38 ","28","32","
14-Sep-2013 ","4096x2160","Yes",5,96,"113 "
"Maxwell GM??? ",NA,"
","Yes",1,"Nvidia","35 ","2048  ","16","64  ","1000 ","DDR3","GeForce GT 930 2GB [not released]",NA,"28","16","
31-Oct-2016 ","4096x2160","No",5,32,NA
"Kepler GK104-225-A2 ","1920 x 1080","1006 ","Yes",1,"Nvidia","170 ","2048  ","192.3","256  ","1502 ","GDDR5","GeForce GTX 760 Asus DirectCU II OC Edition","34 ","28","32","
25-Jun-2013 ","4096x2160","Yes",5,96,"103 "
"Kepler GK104-225-A2 ","1920 x 1080","1085 ","Yes",1,"Nvidia","170 ","4096  ","192.3","256  ","1502 ","GDDR5","GeForce GTX 760 EVGA Dual 4GB FTW w/ ACX Edition","37 ","28","32","
25-Jun-2013 ","4096x2160","Yes",5,96,"110 "
"Kepler GK104-225-A2 ","1920 x 1080","1006 ","Yes",1,"Nvidia","170 ","2048  ","192.3","256  ","1502 ","GDDR5","GeForce GTX 760 Asus DC Mini Edition","34 ","28","32","
25-Sep-2013 ","4096x2160","Yes",5,96,"103 "
"Kepler GK104-225-A2 ","1920 x 1080","1072 ","Yes",1,"Nvidia","170 ","2048  ","192.3","256  ","1502 ","GDDR5","GeForce GTX 760 Asus DirectCU II TOP SSU Edition","36 ","28","32","
25-Jun-2013 ","4096x2160","Yes",5,96,"109 "
"Kepler GK104 ","1920 x 1080","1006 ","Yes",0,"Nvidia","250 ","4096  ","384.5","256  ","1502 ","GDDR5","GeForce GTX 760 Asus ROG MARS Edition","69 ","28","32 (x2)","
19-Nov-2013 ","4096x2160","Yes",5,96,"206 "
"Kepler GK104-200-KD-A2 ","1920 x 1080","823 ","Yes",1,"Nvidia","130 ","3072  ","134.4","192  ","1400 ","GDDR5","GeForce GTX 760 3GB (OEM)","21 ","28","24","
27-Jul-2013 ","4096x2160","No",5,96,"85 "
"Kepler GK104-225-A2 ","1920 x 1080","1085 ","Yes",1,"Nvidia","170 ","4096  ","192.3","256  ","1502 ","GDDR5","GeForce GTX 760 Asus ROG Striker Platinum Edition","37 ","28","32","
19-Apr-2014 ","4096x2160","Yes",5,96,"110 "
"Kepler GK104-200-KD-A2 ","1920 x 1080","823 ","Yes",1,"Nvidia","130 ","1536  ","134.4","192  ","1400 ","GDDR5","GeForce GTX 760 1.5GB (OEM)","21 ","28","24","
27-Jun-2013 ","4096x2160","No",5,96,"85 "
"Maxwell GM107-300-A2 ","1600 x 900","1033 ","Yes",1,"Nvidia","55 ","1024  ","80","128  ","1250 ","GDDR5","GeForce GTX 750 Zotac 1GB Edition","18 ","28","16","
18-Feb-2014 ","4096x2160","No",5,32,"36 "
"Maxwell GM107-300-A2 ","1600 x 900","1033 ","Yes",1,"Nvidia","55 ","2048  ","80","128  ","1250 ","GDDR5","GeForce GTX 750 Zotac 2GB Edition","18 ","28","16","
18-Feb-2014 ","4096x2160","No",5,32,"36 "
"Maxwell GM107-400-A2 ","1600 x 900","1033 ","Yes",1,"Nvidia","60 ","1024  ","86.4","128  ","1350 ","GDDR5","GeForce GTX 750 Ti Zotac 1GB Edition","18 ","28","16","
18-Feb-2014 ","4096x2160","No",5,40,"44 "
"Maxwell GM107-400-A2 ","1600 x 900","1229 ","Yes",1,"Nvidia","90 ","2048  ","96.1","128  ","1502 ","GDDR5","GeForce GTX 750 Ti Zotac Thunderbolt 2GB Edition","21 ","28","16","
18-Feb-2014 ","4096x2160","No",5,40,"53 "
"Kepler GK104-225-A2 ","1920 x 1080","980 ","Yes",1,"Nvidia","170 ","2048  ","192.3","256  ","1502 ","GDDR5","GeForce GTX 760","33 ","28","32","
25-Jun-2013 ","4096x2160","Yes",5,96,"99 "
"Maxwell GM107-300-A2 ","1600 x 900","1229 ","Yes",1,"Nvidia","55 ","1024  ","86.4","128  ","1350 ","GDDR5","GeForce GTX 750 Zotac Thunderbolt 1GB Edition","21 ","28","16","
18-Feb-2014 ","4096x2160","No",5,32,"42 "
"Maxwell GM107-400-A2 ","1600 x 900","1202 ","Yes",1,"Nvidia","60 ","2048  ","96.1","128  ","1502 ","GDDR5","GeForce GTX 750 Ti PNY Performance OC 2GB Edition","20 ","28","16","
18-Feb-2014 ","4096x2160","No",5,40,"51 "
"Maxwell GM107-400-A2 ","1600 x 900","1032 ","Yes",1,"Nvidia","60 ","2048  ","86.4","128  ","1350 ","GDDR5","GeForce GTX 750 Ti Zotac 2GB Edition","18 ","28","16","
18-Feb-2014 ","4096x2160","No",5,40,"44 "
"Maxwell GM107-400-A2 ","1600 x 900","1046 ","Yes",1,"Nvidia","60 ","2048  ","86.4","128  ","1350 ","GDDR5","GeForce GTX 750 Ti Zotac OC 2GB Edition","18 ","28","16","
18-Feb-2014 ","4096x2160","No",5,40,"45 "
"Maxwell GM107-400-A2 ","1600 x 900","1085 ","Yes",1,"Nvidia","60 ","2048  ","88","128  ","1375 ","GDDR5","GeForce GTX 750 Ti Palit StormX OC 2GB Edition","19 ","28","16","
18-Feb-2014 ","4096x2160","No",5,40,"47 "
"Maxwell GM107-400-A2 ","1600 x 900","1202 ","Yes",1,"Nvidia","90 ","2048  ","96.1","128  ","1502 ","GDDR5","GeForce GTX 750 Ti Palit StormX Dual 2GB Edition","20 ","28","16","
18-Feb-2014 ","4096x2160","No",5,40,"51 "
"Maxwell GM107-400-A2 ","1600 x 900","1058 ","Yes",1,"Nvidia","60 ","2048  ","86.4","128  ","1350 ","GDDR5","GeForce GTX 750 Ti MSI OC 2GB Edition","18 ","28","16","
18-Feb-2014 ","4096x2160","No",5,40,"45 "
"Maxwell GM107-400-A2 ","1600 x 900","1059 ","Yes",1,"Nvidia","60 ","2048  ","86.4","128  ","1350 ","GDDR5","GeForce GTX 750 Ti MSI OC v1 2GB Edition","18 ","28","16","
01-May-2014 ","4096x2160","No",5,40,"45 "
"Maxwell GM107-400-A2 ","1600 x 900","1046 ","Yes",1,"Nvidia","60 ","2048  ","86.4","128  ","1350 ","GDDR5","GeForce GTX 750 Ti Inno3D OC 2GB Edition","18 ","28","16","
18-Feb-2014 ","4096x2160","No",5,40,"44 "
"Maxwell GM107-400-A2 ","1600 x 900","1020 ","Yes",1,"Nvidia","60 ","2048  ","86.4","128  ","1350 ","GDDR5","GeForce GTX 750 Ti MSI Low Profile 2GB Edition","17 ","28","16","
01-Nov-2014 ","4096x2160","No",5,40,"43 "
"Maxwell GM107-400-A2 ","1600 x 900","1072 ","Yes",1,"Nvidia","60 ","2048  ","86.4","128  ","1350 ","GDDR5","GeForce GTX 750 Ti KFA2 OC 2GB Edition","18 ","28","16","
18-Feb-2014 ","4096x2160","No",5,40,"46 "
"Maxwell GM107-400-A2 ","1600 x 900","1163 ","Yes",2,"Nvidia","60 ","2048  ","86.4","128  ","1350 ","GDDR5","GeForce GTX 750 Ti Gigabyte WindForce 2X 2GB Black Edition","20 ","28","16","
12-May-2014 ","4096x2160","No",5,40,"50 "
"Maxwell GM107-400-A2 ","1600 x 900","1085 ","Yes",1,"Nvidia","60 ","2048  ","86.4","128  ","1350 ","GDDR5","GeForce GTX 750 Ti MSI Gaming 2GB Edition","19 ","28","16","
18-Feb-2014 ","4096x2160","No",5,40,"47 "
"Maxwell GM107-400-A2 ","1600 x 900","1059 ","Yes",1,"Nvidia","75 ","4096  ","86.4","128  ","1350 ","GDDR5","GeForce GTX 750 Ti Gigabyte WindForce 2X OC 4GB Edition","18 ","28","16","
23-Jan-2015 ","4096x2160","No",5,40,"45 "
"Maxwell GM107-400-A2 ","1600 x 900","1032 ","Yes",2,"Nvidia","60 ","2048  ","86.4","128  ","1350 ","GDDR5","GeForce GTX 750 Ti Gigabyte OC 2GB Edition","18 ","28","16","
18-Feb-2014 ","4096x2160","No",5,40,"44 "
"Maxwell GM107-400-A2 ","1600 x 900","1215 ","Yes",2,"Nvidia","60 ","2048  ","86.4","128  ","1350 ","GDDR5","GeForce GTX 750 Ti Gigabyte WindForce 2X OC 2GB Edition","21 ","28","16","
18-Feb-2014 ","4096x2160","No",5,40,"52 "
"Maxwell GM107-400-A2 ","1600 x 900","1032 ","Yes",2,"Nvidia","75 ","2048  ","86.4","128  ","1350 ","GDDR5","GeForce GTX 750 Ti Gigabyte OC 1GB Edition","18 ","28","16","
18-Feb-2014 ","4096x2160","No",5,40,"44 "
"Maxwell GM107-400-A2 ","1600 x 900","1032 ","Yes",2,"Nvidia","60 ","2048  ","86.4","128  ","1350 ","GDDR5","GeForce GTX 750 Ti Gigabyte Low Profile OC 2GB Edition","18 ","28","16","
01-Sep-2014 ","4096x2160","No",5,40,"44 "
"Maxwell GM107-400-A2 ","1600 x 900","1072 ","Yes",1,"Nvidia","60 ","2048  ","86.4","128  ","1350 ","GDDR5","GeForce GTX 750 Ti Galaxy OC 2GB Edition","18 ","28","16","
18-Feb-2014 ","4096x2160","No",5,40,"46 "
"Maxwell GM107-400-A2 ","1600 x 900","1110 ","Yes",1,"Nvidia","60 ","2048  ","86.4","128  ","1350 ","GDDR5","GeForce GTX 750 Ti Galaxy GC 2GB Edition","19 ","28","16","
18-Feb-2014 ","4096x2160","No",5,40,"48 "
"Kepler GK104-225-A2 (x2) ","1920 x 1080","980 ","Yes",2,"Nvidia","350 ","4096  ","384.5","256  ","1502 ","GDDR5","GeForce GTX 760 SLI","66 ","28","32 (x2)","
25-Jun-2013 ","4096x2160","Yes",5,96,"198 "
"Maxwell GM107-400-A2 ","1600 x 900","1202 ","Yes",1,"Nvidia","90 ","2048  ","96.1","128  ","1502 ","GDDR5","GeForce GTX 750 Ti Gainward Golden Sample 2GB Edition","20 ","28","16","
18-Feb-2014 ","4096x2160","No",5,40,"51 "
"Maxwell GM107-400-A2 ","1600 x 900","1189 ","Yes",1,"Nvidia","85 ","2048  ","86.4","128  ","1350 ","GDDR5","GeForce GTX 750 Ti EVGA FTW W/ ACX 2GB Edition","20 ","28","16","
18-Feb-2014 ","4096x2160","No",5,40,"51 "
"Maxwell GM107-400-A2 ","1600 x 900","1176 ","Yes",1,"Nvidia","60 ","2048  ","86.4","128  ","1350 ","GDDR5","GeForce GTX 750 Ti EVGA SuperClocked 2GB Edition","20 ","28","16","
18-Feb-2014 ","4096x2160","No",5,40,"50 "
"Maxwell GM107-400-A2 ","1600 x 900","1085 ","Yes",1,"Nvidia","60 ","2048  ","88","128  ","1375 ","GDDR5","GeForce GTX 750 Ti Gainward 2GB Edition","19 ","28","16","
18-Feb-2014 ","4096x2160","No",5,40,"47 "
"Maxwell GM107-400-A2 ","1600 x 900","1020 ","Yes",1,"Nvidia","65 ","2048  ","86.4","128  ","1350 ","GDDR5","GeForce GTX 750 Ti Asus Strix 2GB Edition","17 ","28","16","
01-Aug-2014 ","4096x2160","No",5,40,"43 "
"Maxwell GM107-400-A2 ","1600 x 900","1020 ","Yes",1,"Nvidia","60 ","2048  ","86.4","128  ","1350 ","GDDR5","GeForce GTX 750 Ti EVGA 2GB Edition","17 ","28","16","
18-Feb-2014 ","4096x2160","No",5,40,"43 "
"Maxwell GM107-400-A2 ","1600 x 900","1058 ","Yes",1,"Nvidia","60 ","2048  ","86.4","128  ","1350 ","GDDR5","GeForce GTX 750 Ti EVGA W/ ACX 2GB Edition","18 ","28","16","
18-Feb-2014 ","4096x2160","No",5,40,"45 "
"Maxwell GM107-400-A2 ","1600 x 900","1020 ","Yes",1,"Nvidia","60 ","2048  ","86.4","128  ","1350 ","GDDR5","GeForce GTX 750 Ti Asus 2GB Edition","17 ","28","16","
18-Feb-2014 ","4096x2160","No",5,40,"43 "
"Maxwell GM107-400-A2 ","1600 x 900","1020 ","Yes",1,"Nvidia","60 ","2048  ","86.4","128  ","1350 ","GDDR5","GeForce GTX 750 Ti Asus PH 2GB Edition","17 ","28","16","
18-Feb-2014 ","4096x2160","No",5,40,"43 "
"Maxwell GM107-300-A2 ","1600 x 900","1085 ","Yes",1,"Nvidia","55 ","1024  ","81.6","128  ","1275 ","GDDR5","GeForce GTX 750 Palit StormX OC 1GB Edition","19 ","28","16","
18-Feb-2014 ","4096x2160","No",5,32,"37 "
"Maxwell GM107-400-A2 ","1600 x 900","1020 ","Yes",1,"Nvidia","60 ","2048  ","86.4","128  ","1350 ","GDDR5","GeForce GTX 750 Ti","17 ","28","16","
18-Feb-2014 ","4096x2160","No",5,40,"43 "
"Maxwell GM107-400-A2 ","1600 x 900","1072 ","Yes",1,"Nvidia","150 ","2048  ","86.4","128  ","1350 ","GDDR5","GeForce GTX 750 Ti Asus OC 2GB Edition","18 ","28","16","
18-Feb-2014 ","4096x2160","No",5,40,"46 "
"Maxwell GM107-300-A2 ","1600 x 900","1020 ","Yes",1,"Nvidia","55 ","1024  ","80.2","128  ","1253 ","GDDR5","GeForce GTX 750 Sparkle 1GB Edition","17 ","28","16","
18-Feb-2014 ","4096x2160","No",5,32,"35 "
"Maxwell GM107-400-A2 ","1600 x 900","1124 ","Yes",1,"Nvidia","65 ","2048  ","86.4","128  ","1350 ","GDDR5","GeForce GTX 750 Ti Asus Strix OC 2GB Edition","19 ","28","16","
18-Aug-2014 ","4096x2160","No",5,40,"48 "
"Maxwell GM107-300-A2 ","1600 x 900","1020 ","Yes",1,"Nvidia","55 ","2048  ","80","128  ","1250 ","GDDR5","GeForce GTX 750 Palit KalmX 2GB Edition","17 ","28","16","
15-Jul-2014 ","4096x2160","No",5,32,"35 "
"Maxwell GM107-300-A2 ","1600 x 900","1020 ","Yes",1,"Nvidia","55 ","2048  ","80","128  ","1250 ","GDDR5","GeForce GTX 750 Palit StormX 2GB Edition","17 ","28","16","
10-Mar-2014 ","4096x2160","Yes",5,32,"35 "
"Maxwell GM107-300-A2 ","1600 x 900","1059 ","Yes",1,"Nvidia","55 ","2048  ","80.2","128  ","1253 ","GDDR5","GeForce GTX 750 MSI OC 2GB Edition","18 ","28","16","
18-Feb-2014 ","4096x2160","No",5,32,"36 "
"Maxwell GM107-300-A2 ","1600 x 900","1020 ","Yes",1,"Nvidia","55 ","2048  ","80","128  ","1250 ","GDDR5","GeForce GTX 750 Inno3D 2GB Edition","17 ","28","16","
02-Mar-2014 ","4096x2160","No",5,32,"35 "
"Maxwell GM107-300-A2 ","1600 x 900","1085 ","Yes",1,"Nvidia","55 ","2048  ","80.2","128  ","1253 ","GDDR5","GeForce GTX 750 MSI Gaming 2GB Edition","19 ","28","16","
18-Feb-2014 ","4096x2160","No",5,32,"37 "
"Maxwell GM107-300-A2 ","1600 x 900","1059 ","Yes",1,"Nvidia","55 ","1024  ","80.2","128  ","1253 ","GDDR5","GeForce GTX 750 MSI OC 1GB Edition","18 ","28","16","
18-Feb-2014 ","4096x2160","No",5,32,"36 "
"Maxwell GM107-400-A2 ","1600 x 900","1124 ","Yes",1,"Nvidia","75 ","4096  ","86.4","128  ","1350 ","GDDR5","GeForce GTX 750 Ti Asus Strix DirectCU II OC 4GB Edition","19 ","28","16","
23-Jan-2015 ","4096x2160","No",5,40,"48 "
"Kepler GK104-225-A2 ","1920 x 1080","1072 ","Yes",1,"Nvidia","170 ","2048  ","198.4","256  ","1550 ","GDDR5","GeForce GTX 760 Palit JetStream 2GB Edition","36 ","28","32","
25-Jun-2013 ","4096x2160","Yes",5,96,"109 "
"Maxwell GM107-300-A2 ","1600 x 900","1058 ","Yes",1,"Nvidia",NA,"1024  ","80.2","128  ","1253 ","GDDR5","GeForce GTX 750 Gigabyte OC 1GB Edition","18 ","28","16","
18-Feb-2014 ","4096x2160","No",5,32,"36 "
"Maxwell GM107-300-A2 ","1600 x 900","1215 ","Yes",1,"Nvidia","55 ","1024  ","80.2","128  ","1253 ","GDDR5","GeForce GTX 750 EVGA Superclocked 1GB Edition","21 ","28","16","
02-Mar-2014 ","4096x2160","No",5,32,"41 "
"Maxwell GM107-300-A2 ","1600 x 900","1072 ","Yes",1,"Nvidia","55 ","1024  ","80","128  ","1250 ","GDDR5","GeForce GTX 750 Galaxy Slim OC 1GB Edition","18 ","28","16","
10-Mar-2014 ","4096x2160","No",5,32,"37 "
"Maxwell GM107-300-A2 ","1600 x 900","1085 ","Yes",1,"Nvidia","55 ","1024  ","80.2","128  ","1253 ","GDDR5","GeForce GTX 750 MSI Gaming 1GB Edition","19 ","28","16","
18-Feb-2014 ","4096x2160","No",5,32,"37 "
"Maxwell GM107-300-A2 ","1600 x 900","1058 ","Yes",1,"Nvidia",NA,"2048  ","80.2","128  ","1253 ","GDDR5","GeForce GTX 750 Gigabyte OC 2GB Edition","18 ","28","16","
18-Feb-2014 ","4096x2160","No",5,32,"36 "
"Maxwell GM107-300-A2 ","1600 x 900","1215 ","Yes",1,"Nvidia","55 ","2048  ","80.2","128  ","1253 ","GDDR5","GeForce GTX 750 EVGA Superclocked 2GB Edition","21 ","28","16","
02-Mar-2014 ","4096x2160","No",5,32,"41 "
"Maxwell GM107-300-A2 ","1600 x 900","1085 ","Yes",1,"Nvidia","55 ","1024  ","81.6","128  ","1275 ","GDDR5","GeForce GTX 750 Gainward 1GB Edition","19 ","28","16","
18-Feb-2014 ","4096x2160","No",5,32,"37 "
"Maxwell GM107-300-A2 ","1600 x 900","1020 ","Yes",1,"Nvidia","55 ","2048  ","80","128  ","1250 ","GDDR5","GeForce GTX 750 Asus DirectCU Silent 2GB Edition","17 ","28","16","
02-Mar-2014 ","4096x2160","No",5,32,"35 "
"Maxwell GM107-300-A2 ","1600 x 900","1020 ","Yes",1,"Nvidia","55 ","1024  ","80","128  ","1250 ","GDDR5","GeForce GTX 750","17 ","28","16","
18-Feb-2014 ","4096x2160","No",5,32,"35 "
"Maxwell GM107-300-A2 ","1600 x 900","1058 ","Yes",1,"Nvidia","55 ","2048  ","80.2","128  ","1253 ","GDDR5","GeForce GTX 750 Asus 2GB OC Edition","18 ","28","16","
18-Feb-2014 ","4096x2160","No",5,32,"36 "
"Maxwell GM107-300-A2 ","1366 x 768","1033 ","Yes",1,"Nvidia","55 ","4096  ","28.8","128  ","900 ","DDR3","GeForce GTX 745 (OEM)","17 ","28","16","
18-Feb-2014 ","4096x2160","No",5,32,"33 "
"Maxwell GM107-300-A2 ","1600 x 900","1058 ","Yes",1,"Nvidia","55 ","1024  ","80.2","128  ","1253 ","GDDR5","GeForce GTX 750 Asus 1GB OC Edition","18 ","28","16","
18-Feb-2014 ","4096x2160","No",5,32,"36 "
"Maxwell GM107-300-A2 ","1600 x 900","1085 ","Yes",1,"Nvidia","55 ","2048  ","81.6","128  ","1275 ","GDDR5","GeForce GTX 750 Gainward 2GB Edition","19 ","28","16","
18-Feb-2014 ","4096x2160","No",5,32,"37 "
"Maxwell GM107-300-A2 ","1600 x 900","1020 ","Yes",1,"Nvidia","55 ","2048  ","80","128  ","1250 ","GDDR5","GeForce GTX 750 EVGA 2GB Edition","17 ","28","16","
02-Mar-2014 ","4096x2160","No",5,32,"35 "
"Kepler GK106 ","1600 x 900","1006 ","Yes",1,"Nvidia","64 ","2048  ","80","128  ","1250 ","GDDR5","GeForce GT 740 v3 MSI 2GB Edition","16 ","28","16","
14-Apr-2015 ","4096x2160","No",5,32,"32 "
"Kepler GK106 ","1600 x 900","1071 ","Yes",1,"Nvidia","64 ","2048  ","80","128  ","1250 ","GDDR5","GeForce GT 740 v3 Asus Dust Proof Fan OC 2GB Edition","17 ","28","16","
14-Apr-2015 ","4096x2160","No",5,32,"34 "
"Kepler GK107-425-A2 ","1600 x 900","1100 ","Yes",0,"Nvidia","64 ","2048  ","83.2","128  ","1300 ","GDDR5","GeForce GT 740 v2 Inno3D iChill HerculeZ 2000 1GB Edition","18 ","28","16","
29-May-2014 ","4096x2160","No",5,32,"35 "
"Kepler GK106 ","1600 x 900","1006 ","Yes",1,"Nvidia","64 ","1024  ","80","128  ","1250 ","GDDR5","GeForce GT 740 v3","16 ","28","16","
14-Apr-2015 ","4096x2160","No",5,32,"32 "
"Kepler GK107-425-A2 ","1600 x 900","1058 ","Yes",1,"Nvidia","64 ","2048  ","80","128  ","1250 ","GDDR5","GeForce GT 740 v2 Inno3D HerculeZ OC 2GB Edition","17 ","28","16","
29-May-2014 ","4096x2160","No",5,32,"34 "
"Kepler GK107-425-A2 ","1600 x 900","1058 ","Yes",1,"Nvidia","64 ","2048  ","80","128  ","1250 ","GDDR5","GeForce GT 740 v2 Gainward Golden Sample 2GB Edition","17 ","28","16","
29-May-2014 ","4096x2160","No",5,32,"34 "
"Kepler GK107-425-A2 ","1600 x 900","1058 ","Yes",1,"Nvidia","64 ","1024  ","80","128  ","1250 ","GDDR5","GeForce GT 740 v2 Gainward Golden Sample 1GB Edition","17 ","28","16","
29-May-2014 ","4096x2160","No",5,32,"34 "
"Kepler GK107-425-A2 ","1600 x 900","993 ","Yes",1,"Nvidia","64 ","2048  ","80","128  ","1250 ","GDDR5","GeForce GT 740 v2 Gainward 2GB Edition","16 ","28","16","
29-May-2014 ","4096x2160","No",5,32,"32 "
"Kepler GK107-425-A2 ","1600 x 900","1058 ","Yes",1,"Nvidia","64 ","1024  ","80","128  ","1250 ","GDDR5","GeForce GT 740 v2 Inno3D HerculeZ OC 1GB Edition","17 ","28","16","
29-May-2014 ","4096x2160","No",5,32,"34 "
"Kepler GK107-425-A2 ","1600 x 900","1072 ","Yes",1,"Nvidia","64 ","2048  ","80","128  ","1250 ","GDDR5","GeForce GT 740 v2 Gigabyte OC 2GB Edition","17 ","28","16","
29-May-2014 ","4096x2160","No",5,32,"34 "
"Kepler GK107-425-A2 ","1600 x 900","1085 ","Yes",0,"Nvidia","64 ","1024  ","80","128  ","1250 ","GDDR5","GeForce GT 740 v2 EVGA Superclocked 1GB Edition","17 ","28","16","
29-May-2014 ","4096x2160","No",5,32,"35 "
"Kepler GK107-425-A2 ","1600 x 900","1085 ","Yes",0,"Nvidia","64 ","4096  ","80","128  ","1250 ","GDDR5","GeForce GT 740 v2 EVGA Superclocked 4GB Edition","17 ","28","16","
29-May-2014 ","4096x2160","No",5,32,"35 "
"Kepler GK107-425-A2 ","1600 x 900","993 ","Yes",1,"Nvidia","64 ","1024  ","80","128  ","1250 ","GDDR5","GeForce GT 740 v2 Gainward 1GB Edition","16 ","28","16","
29-May-2014 ","4096x2160","No",5,32,"32 "
"Kepler GK107-425-A2 ","1600 x 900","1202 ","Yes",0,"Nvidia","64 ","2048  ","80","128  ","1250 ","GDDR5","GeForce GT 740 v2 EVGA FTW 2GB Edition","19 ","28","16","
29-May-2014 ","4096x2160","No",5,32,"38 "
"Kepler GK107-425-A2 ","1600 x 900","1085 ","Yes",0,"Nvidia","64 ","2048  ","80","128  ","1250 ","GDDR5","GeForce GT 740 v2 EVGA Superclocked 2GB Edition","17 ","28","16","
29-May-2014 ","4096x2160","No",5,32,"35 "
"Kepler GK107-425-A2 ","1600 x 900","1033 ","Yes",0,"Nvidia","64 ","1024  ","80","128  ","1250 ","GDDR5","GeForce GT 740 v2 Asus OC 1GB Edition","17 ","28","16","
29-May-2014 ","4096x2160","No",5,32,"33 "
"Kepler GK107-425-A2 ","1600 x 900","1202 ","Yes",0,"Nvidia","64 ","1024  ","80","128  ","1250 ","GDDR5","GeForce GT 740 v2 EVGA FTW 1GB Edition","19 ","28","16","
29-May-2014 ","4096x2160","No",5,32,"38 "
"Kepler GK107-425-A2 ","1366 x 768","993 ","Yes",1,"Nvidia","64 ","2048  ","28.5","128  ","891 ","DDR3","GeForce GT 740 Gainward One-Slot Cooler 2GB Edition","16 ","28","16","
29-May-2014 ","4096x2160","No",5,32,"32 "
"Kepler GK107-425-A2 ","1366 x 768","993 ","Yes",1,"Nvidia","64 ","1024  ","28.5","128  ","891 ","DDR3","GeForce GT 740 Gainward One-Slot Cooler 1GB Edition","16 ","28","16","
29-May-2014 ","4096x2160","No",5,32,"32 "
"Kepler GK107-425-A2 ","1366 x 768","1059 ","Yes",0,"Nvidia","64 ","4096  ","21.3","128  ","667 ","DDR3","GeForce GT 740 EVGA Superclocked SS 4GB Edition","17 ","28","16","
29-May-2014 ","4096x2160","No",5,32,"34 "
"Kepler GK107-425-A2 ","1366 x 768","1059 ","Yes",0,"Nvidia","64 ","4096  ","28.5","128  ","891 ","DDR3","GeForce GT 740 EVGA Superclocked DS 4GB Edition","17 ","28","16","
29-May-2014 ","4096x2160","No",5,32,"34 "
"Kepler GK107-425-A2 ","1600 x 900","1033 ","Yes",0,"Nvidia","64 ","2048  ","80","128  ","1250 ","GDDR5","GeForce GT 740 v2 Asus OC 2GB Edition","17 ","28","16","
29-May-2014 ","4096x2160","No",5,32,"33 "
"Kepler GK107-425-A2 ","1600 x 900","993 ","Yes",0,"Nvidia","64 ","1024  ","80","128  ","1250 ","GDDR5","GeForce GT 740 v2","16 ","28","16","
29-May-2014 ","4096x2160","No",5,32,"32 "
"Kepler GK107-425-A2 ","1366 x 768","1059 ","Yes",0,"Nvidia","64 ","2048  ","28.5","128  ","891 ","DDR3","GeForce GT 740 EVGA Superclocked DS 2GB Edition","17 ","28","16","
29-May-2014 ","4096x2160","No",5,32,"34 "
"Kepler GK107-425-A2 ","1366 x 768","1059 ","Yes",0,"Nvidia","64 ","2048  ","21.3","128  ","667 ","DDR3","GeForce GT 740 EVGA Superclocked SS 2GB Edition","17 ","28","16","
29-May-2014 ","4096x2160","No",5,32,"34 "
"Kepler GK107-425-A2 ","1366 x 768","993 ","Yes",0,"Nvidia","64 ","2048  ","28.8","128  ","900 ","DDR3","GeForce GT 740","16 ","28","16","
 29-May-2014 ","4096x2160","No",5,32,"32 "
"Kepler GK107-425-A2 ","1366 x 768","993 ","Yes",1,"Nvidia","64 ","2048  ","28.5","128  ","891 ","DDR3","GeForce GT 740 Asus 2GB Edition","16 ","28","16","
29-May-2014 ","4096x2160","No",5,32,"32 "
"Fermi GF108-400-A1 ","1366 x 768","700 ","Yes",1,"Nvidia","49 ","4096  ","16","128  ","500 ","DDR3","GeForce GT 730 v3 MSI 4GB Edition","3 ","40","4","
18-Jun-2014 ","4096x2160","No",5,16,"11 "
"Fermi GF108-400-A1 ","1366 x 768","700 ","Yes",1,"Nvidia","49 ","2048  ","28.8","128  ","900 ","DDR3","GeForce GT 730 v3 Palit 2GB Edition","3 ","40","4","
18-Jun-2014 ","4096x2160","No",5,16,"11 "
"Fermi GF108-400-A1 ","1366 x 768","700 ","Yes",1,"Nvidia","49 ","4096  ","17.1","128  ","533 ","DDR3","GeForce GT 730 v3 Zotac 4GB Edition","3 ","40","4","
18-Jun-2014 ","4096x2160","No",5,16,"11 "
"Maxwell GM107-300-A2 ","1600 x 900","1058 ","Yes",2,"Nvidia","55 ","2048  ","80.2","128  ","1253 ","GDDR5","GeForce GTX 750 Gigabyte OC Low Profile 2GB Edition","18 ","28","16","
22-Jul-2014 ","4096x2160","No",5,32,"36 "
"Fermi GF108-400-A1 ","1366 x 768","700 ","Yes",1,"Nvidia","49 ","2048  ","28.8","128  ","900 ","DDR3","GeForce GT 730 v3 Gigabyte 2GB Edition","3 ","40","4","
18-Jun-2014 ","4096x2160","No",5,16,"11 "
"Fermi GF108-400-A1 ","1366 x 768","700 ","Yes",1,"Nvidia","49 ","2048  ","21.3","128  ","667 ","DDR3","GeForce GT 730 v3 Inno3D 2GB Edition","3 ","40","4","
18-Jun-2014 ","4096x2160","No",5,16,"11 "
"Fermi GF108-400-A1 ","1366 x 768","700 ","Yes",1,"Nvidia","49 ","2048  ","21.3","128  ","667 ","DDR3","GeForce GT 730 v3 MSI 2GB Edition","3 ","40","4","
18-Jun-2014 ","4096x2160","No",5,16,"11 "
"Fermi GF108-400-A1 ","1366 x 768","810 ","Yes",1,"Nvidia","65 ","2048  ","17.1","128  ","533 ","DDR3","GeForce GT 730 v3 Biostar OC 2GB Edition","3 ","40","4","
18-Jun-2014 ","4096x2160","No",5,16,"13 "
"Fermi GF108-400-A1 ","1366 x 768","700 ","Yes",1,"Nvidia","49 ","1024  ","28.8","128  ","900 ","DDR3","GeForce GT 730 v3 Gainward 1GB Edition","3 ","40","4","
18-Jun-2014 ","4096x2160","No",5,16,"11 "
"Fermi GF108-400-A1 ","1366 x 768","700 ","Yes",1,"Nvidia","75 ","2048  ","28.8","128  ","900 ","DDR3","GeForce GT 730 v3 Asus 2GB Edition","3 ","40","4","
18-Jun-2014 ","4096x2160","No",5,16,"11 "
"Fermi GF108-400-A1 ","1366 x 768","700 ","Yes",1,"Nvidia","49 ","4096  ","28.8","128  ","900 ","DDR3","GeForce GT 730 v3 Asus 4GB Edition","3 ","40","4","
18-Jun-2014 ","4096x2160","No",5,16,"11 "
"Kepler GK208-301-A1 ","1366 x 768","1006 ","Yes",1,"Nvidia","49 ","2048  ","40.1","64  ","1253 ","GDDR5","GeForce GT 730 v2 MSI OC 2GB Edition","8 ","28","8","
18-Jun-2014 ","4096x2160","No",5,16,"16 "
"Kepler GK208-301-A1 ","1366 x 768","902 ","Yes",1,"Nvidia","38 ","2048  ","40","64  ","1250 ","GDDR5","GeForce GT 730 v2 Zotac 2GB Edition","7 ","28","8","
18-Jun-2014 ","4096x2160","No",5,16,"14 "
"Kepler GK208-301-A1 ","1366 x 768","902 ","Yes",1,"Nvidia","38 ","2048  ","40.1","64  ","1253 ","GDDR5","GeForce GT 730 v2 Inno3D Low Profile 2GB Edition","7 ","28","8","
18-Jun-2014 ","4096x2160","No",5,16,"14 "
"Kepler GK208-301-A1 ","1366 x 768","902 ","Yes",1,"Nvidia","38 ","1024  ","40.1","64  ","1253 ","GDDR5","GeForce GT 730 v2 Zotac 1GB Edition","7 ","28","8","
18-Jun-2014 ","4096x2160","No",5,16,"14 "
"Kepler GK208-301-A1 ","1366 x 768","1006 ","Yes",1,"Nvidia","49 ","1024  ","40.1","64  ","1253 ","GDDR5","GeForce GT 730 v2 MSI OC 1GB Edition","8 ","28","8","
18-Jun-2014 ","4096x2160","No",5,16,"16 "
"Kepler GK208-301-A1 ","1366 x 768","902 ","Yes",1,"Nvidia","38 ","2048  ","40","64  ","1250 ","GDDR5","GeForce GT 730 v2 Gigabyte Rev 1.0 2GB Edition","7 ","28","8","
18-Jun-2014 ","4096x2160","No",5,16,"14 "
"Kepler GK208-301-A1 ","1366 x 768","1006 ","Yes",1,"Nvidia","49 ","1024  ","40.1","64  ","1253 ","GDDR5","GeForce GT 730 v2 Gigabyte OC 1GB Edition","8 ","28","8","
15-Jun-2015 ","4096x2160","No",5,16,"16 "
"Kepler GK208 ","1366 x 768","902 ","Yes",1,"Nvidia","23 ","2048  ","14.4","64  ","900 ","DDR3","GeForce GT 730 Asus Silent 2GB Edition","7 ","28","8","
18-Jun-2014 ","4096x2160","No",5,16,"14 "
"Kepler GK208-301-A1 ","1366 x 768","902 ","Yes",1,"Nvidia","25 ","1024  ","40","64  ","1250 ","GDDR5","GeForce GT 730 v2","7 ","28","8","
18-Jun-2014 ","4096x2160","No",5,16,"14 "
"Kepler GK208 ","1366 x 768","902 ","Yes",1,"Nvidia","23 ","1024  ","14.4","64  ","900 ","DDR3","GeForce GT 730 Asus Silent 1GB Edition","7 ","28","8","
18-Jun-2014 ","4096x2160","No",5,16,"14 "
"Kepler GK208-301-A1 ","1366 x 768","902 ","Yes",1,"Nvidia","38 ","1024  ","40.1","64  ","1253 ","GDDR5","GeForce GT 730 v2 Inno3D Low Profile 1GB Edition","7 ","28","8","
18-Jun-2014 ","4096x2160","No",5,16,"14 "
"Fermi GF108-400-A1 ","1366 x 768","700 ","Yes",1,"Nvidia","49 ","1024  ","28.8","128  ","900 ","DDR3","GeForce GT 730 v3","3 ","40","4","
18-Jun-2014 ","4096x2160","No",5,16,"11 "
"Kepler GK208-301-A1 ","1366 x 768","902 ","Yes",1,"Nvidia","38 ","2048  ","40","64  ","1250 ","GDDR5","GeForce GT 730 v2 Gigabyte Rev 2.0 2GB Edition","7 ","28","8","
09-Dec-2014 ","4096x2160","No",5,16,"14 "
"Kepler GK208 ","1366 x 768","902 ","Yes",1,"Nvidia","23 ","4096  ","14.4","64  ","902 ","DDR3","GeForce GT 730 Afox Low Profile 4GB Edition","7 ","28","8","
18-Jun-2014 ","4096x2160","No",5,16,"14 "
"Kepler GK208-301-A1 ","1366 x 768","902 ","Yes",1,"Nvidia","25 ","2048  ","40","64  ","1250 ","GDDR5","GeForce GT 730 v2 EVGA Low Profile 2GB Edition","7 ","28","8","
18-Jun-2014 ","4096x2160","No",5,16,"14 "
"Kepler GK208 ","1366 x 768","797 ","Yes",1,"Nvidia","19 ","1024  ","40","64  ","1250 ","GDDR5","GeForce GT 720 v2","6 ","28","8","
27-Mar-2014 ","4096x2160","No",5,16,"13 "
"Kepler GK208 ","1366 x 768","797 ","Yes",1,"Nvidia","19 ","2048  ","40","64  ","1250 ","GDDR5","GeForce GT 720 v2 MSI 2GB Edition","6 ","28","8","
 27-Mar-2014 ","4096x2160","No",5,16,"13 "
"Kepler GK208 ","1366 x 768","902 ","Yes",1,"Nvidia","23 ","2048  ","14.4","64  ","900 ","DDR3","GeForce GT 730","7 ","28","8","
18-Jun-2014 ","4096x2160","No",5,16,"14 "
"NV16 ",NA,NA,"Yes",0,"Nvidia",NA,"64  ","3.7","128  ","230 ","DDR","GeForce2 Ultra",NA,NA,NA,"
14-Aug-2000 ",NA,"No",NA,NA,NA
"Kepler GK208 ","1366 x 768","954 ","Yes",1,"Nvidia","19 ","2048  ","14.4","64  ","900 ","DDR3","GeForce GT 710 v2","8 ","28","8","
26-Jan-2016 ","4096x2160","No",5,16,"15 "
"Fermi GF119-300-A1 ","1366 x 768","810 ","Yes",1,"Nvidia","30 ","1024  ","14.4","64  ","898 ","DDR3","GeForce GT 710","3 ","40","4","
22-Aug-2014 ","4096x2160","No",5,8,"6 "
"Kepler GK208 ","1366 x 768","797 ","Yes",1,"Nvidia","19 ","1024  ","14.4","64  ","900 ","DDR3","GeForce GT 720","6 ","28","8","
27-Mar-2014 ","4096x2160","No",5,16,"13 "
"NV11 ",NA,NA,"Yes",0,"Nvidia","4 ","64  ","2.7","128  ","166 ","DDR","GeForce 2 MX 64MB",NA,NA,NA,"
28-Jun-2000 ","1600x1200","No",NA,NA,NA
"NV11 ",NA,NA,"Yes",0,"Nvidia","4 ","64  ","1.3","64  ","166 ","DDR","GeForce 2 MX 400 64MB",NA,NA,NA,"
03-Mar-2001 ","1600x1200","No",NA,NA,NA
"Kepler GK208 ","1366 x 768","954 ","Yes",1,"Nvidia","25 ","2048  ","14.4","64  ","900 ","DDR3","GeForce GT 710 v2 EVGA Low Profile 2GB Edition","8 ","28","8","
26-Jan-2016 ","4096x2160","No",5,16,"15 "
"NV15 ",NA,NA,"Yes",0,"Nvidia",NA,"64  ","3.2","128  ","200 ","DDR","GeForce2 Ti",NA,NA,NA,"
01-Nov-2001 ",NA,"No",NA,NA,NA
"NV15 ",NA,NA,"Yes",0,"Nvidia",NA,"32  ","2.7","128  ","166 ","DDR","GeForce2 GTS",NA,NA,NA,"
26-Apr-2000 ",NA,"No",NA,NA,NA
"NV36 ",NA,NA,"Yes",0,"Nvidia",NA,"256  ","14.4","128  ","450 ","DDR2","GeForce FX 5700 Ultra",NA,NA,NA,"
23-Oct-2003 ","2048x1536","No",2,NA,NA
"NV11 ",NA,NA,"Yes",0,"Nvidia",NA,"32  ","1.3","64  ","166 ","DDR","GeForce 2 MX 100/200 32MB",NA,NA,NA,"
03-Mar-2001 ","1600x1200","No",NA,NA,NA
"NV35 ",NA,NA,"Yes",0,"Nvidia","59 ","256  ","13.6","256  ","425 ","DDR","GeForce FX 5900 Ultra","2 ","130","4","
12-May-2003 ","2048x1536","No",2,4,"2 "
"NV36 ",NA,NA,"Yes",0,"Nvidia",NA,"256  ","3.2","128  ","200 ","DDR","GeForce FX 5700 VE",NA,NA,NA,"
02-Jan-2003 ","2048x1536","No",2,NA,NA
"NV36 ",NA,NA,"Yes",NA,"Nvidia",NA,"256  ","4","128  ","250 ","DDR","GeForce FX 5700",NA,NA,NA,"
01-Oct-2003 ","2048x1536","No",2,NA,NA
"NV31 ",NA,NA,"Yes",0,"Nvidia",NA,"128  ","3.2","128  ","200 ","DDR","GeForce FX 5600 XT",NA,NA,NA,"
01-Mar-2003 ","2048x1536","No",2,NA,NA
"NV34B ",NA,NA,"Yes",0,"Nvidia",NA,"256  ","3.2","128  ","200 ","DDR","GeForce FX 5500",NA,NA,NA,"
01-Mar-2004 ","2048x1536","No",2,NA,NA
"NV36 ",NA,NA,"Yes",0,"Nvidia",NA,"128  ","3.2","128  ","200 ","DDR","GeForce FX 5700 LE",NA,NA,NA,"
01-Mar-2004 ","2048x1536","No",2,NA,NA
"NV31 ",NA,NA,"Yes",0,"Nvidia",NA,"128  ","5.6","128  ","350 ","DDR","GeForce FX 5600 Ultra",NA,NA,NA,"
06-Mar-2003 ","2048x1536","No",2,NA,NA
"NV34 ",NA,NA,"Yes",0,"Nvidia",NA,"128  ","3.2","128  ","200 ","DDR","GeForce FX 5200",NA,NA,NA,"
01-Mar-2003 ","2048x1536","No",2,NA,NA
"NV25 ",NA,NA,"Yes",0,"Nvidia",NA,"128  ","4.4","128  ","275 ","DDR","GeForce4 Ti 4400",NA,NA,NA,"
06-Feb-2002 ",NA,"No",1.3,NA,NA
"NV25 ",NA,NA,"Yes",0,"Nvidia",NA,"128  ","5.2","128  ","325 ","DDR","GeForce4 Ti 4600 ",NA,NA,NA,"
06-Feb-2002 ",NA,"No",1.3,NA,NA
"Kepler GK208 ","1366 x 768","954 ","Yes",1,"Nvidia","25 ","2048  ","14.4","64  ","900 ","DDR3","GeForce GT 710 v2 EVGA Passive 2GB Edition","8 ","28","8","
26-Jan-2016 ","4096x2160","No",5,16,"15 "
"NV17 ",NA,NA,"Yes",0,"Nvidia",NA,"128  ","4.4","128  ","275 ","DDR","GeForce4 MX 460",NA,NA,NA,"
06-Feb-2002 ",NA,"No",NA,NA,NA
"NV17 ",NA,NA,"Yes",0,"Nvidia",NA,"64  ","1.3","64  ","166 ","DDR","GeForce4 MX 420",NA,NA,NA,"
06-Feb-2002 ",NA,"No",NA,NA,NA
"NV17 ",NA,NA,"Yes",0,"Nvidia",NA,"128  ","3.2","128  ","200 ","DDR","GeForce 4 MX 440",NA,NA,NA,"
06-Feb-2002 ","1600x1200","No",NA,NA,NA
"NV25 ",NA,NA,"Yes",0,"Nvidia",NA,"128  ","1.8","64  ","222 ","DDR","GeForce4 Ti 4200",NA,NA,NA,"
16-Apr-2002 ",NA,"No",1.3,NA,NA
"NV18 ",NA,NA,"Yes",0,"Nvidia",NA,"128  ","4.4","128  ","275 ","DDR","GeForce 4 MX 440 AGP 8X",NA,NA,NA,"
25-Sep-2002 ",NA,"No",NA,NA,NA
"NV40/NV42 ",NA,NA,"Yes",0,"Nvidia","55 ","256  ","32","256  ","500 ","GDDR3","GeForce 6800 GS",NA,NA,NA,"
01-Dec-2005 ","2560x1600","Yes",3,NA,NA
"NV18 ",NA,NA,"Yes",0,"Nvidia",NA,"128  ","1.3","64  ","166 ","DDR","GeForce 4 MX 4000",NA,NA,NA,"
14-Dec-2003 ","1600x1200","No",NA,NA,NA
"NV43 ",NA,NA,"Yes",0,"Nvidia",NA,"256  ","16","128  ","500 ","GDDR3","GeForce 6600 GT 256MB",NA,NA,NA,"
01-Nov-2004 ","2560x1600","Yes",3,NA,NA
"NV40/NV45 ",NA,NA,"Yes",0,"Nvidia",NA,"256  ","32","256  ","500 ","DDR3","GeForce 6800 GT Leadtek Edition",NA,NA,NA,"
01-May-2004 ","2560x1600","Yes",3,NA,NA
"NV43 ",NA,NA,"Yes",0,"Nvidia",NA,"256  ","3.2","128  ","200 ","DDR","GeForce 6600 LE",NA,NA,NA,"
30-Jan-2004 ","2560x1600","Yes",3,NA,NA
"NV45 ",NA,NA,"Yes",0,"Nvidia","67 ","256  ","32","256  ","500 ","GDDR3","GeForce 6800 GT","6 ","130","16","
08-Jun-2004 ","2560x1600","Yes",3,16,"6 "
"NV43 ",NA,NA,"Yes",0,"Nvidia","48 ","128  ","15.2","128  ","475 ","GDDR3","GeForce 6600 GT",NA,NA,NA,"
01-Nov-2004 ","2560x1600","Yes",3,NA,NA
"NV44 ",NA,NA,"Yes",0,"Nvidia",NA,"256  ","5.3","128  ","333 ","DDR","GeForce 6500",NA,NA,NA,"
02-Jan-2005 ","2560x1600","No",3,NA,NA
"NV44 ",NA,NA,"Yes",0,"Nvidia",NA,"256  ","2.1","64  ","266 ","DDR","GeForce 6200 LE",NA,NA,NA,"
02-Jan-2005 ","2048x1536","No",3,NA,NA
"NV15 ",NA,NA,"Yes",0,"Nvidia",NA,"32  ","3.2","128  ","200 ","DDR","GeForce2 Pro",NA,NA,NA,"
05-Dec-2000 ",NA,"No",NA,NA,NA
"NV43 ",NA,NA,"Yes",0,"Nvidia","28 ","256  ","4.4","128  ","275 ","DDR","GeForce 6600",NA,NA,NA,"
02-Jan-2004 ","2560x1600","Yes",3,NA,NA
"NV44 ",NA,NA,"Yes",0,"Nvidia",NA,"128  ","2.8","64  ","350 ","DDR","GeForce 6200 TurboCache",NA,NA,NA,"
02-Jan-2005 ","2560x1600","No",3,NA,NA
"MCP61 ",NA,NA,"No",0,"Nvidia",NA,NA,"8.5","64  ","533 ","DDR3","GeForce 6150 SE / nForce 430 64MB DDR3",NA,NA,NA,"
01-Oct-2010 ",NA,"No",3,NA,NA
"C51 ",NA,NA,"No",1,"Nvidia",NA,NA,NA,"128  ",NA,NA,"GeForce 6150 LE","0 ","90","1","
11-Oct-2004 ","2560x1600","No",3,1,"0 "
"MCP61 ",NA,NA,"No",1,"Nvidia",NA,NA,NA,"128  ",NA,"DDR2","GeForce 6150 SE nForce 430",NA,NA,NA,"
01-Jun-2006 ","2560x1600","No",3,NA,NA
"MCP61 ",NA,NA,"No",0,"Nvidia",NA,NA,NA,"128  ",NA,"DDR2","GeForce 6150 SE 256MB",NA,NA,NA,"
01-Jun-2006 ","2560x1600","No",3,NA,NA
"MCP51 ",NA,NA,NA,0,"Nvidia",NA,NA,NA,NA,NA,NA,"GeForce 6100 nForce 405",NA,NA,NA,"
20-Oct-2005 ",NA,"No",NA,NA,NA
"MCP51 ",NA,NA,"No",0,"Nvidia",NA,NA,NA,"128  ",NA,"DDR2","GeForce 6100",NA,NA,NA,"
01-Nov-2005 ","2560x1600","No",3,NA,NA
"NV43 ",NA,NA,"Yes",0,"Nvidia",NA,"256  ","8.8","128  ","275 ","DDR2","GeForce 6200",NA,NA,NA,"
02-Jan-2004 ","2560x1600","No",3,NA,NA
