Core_Speed,Max_Power,Memory,Memory_Bandwidth,Memory_Bus,Memory_Speed,Pixel_Rate,ROPs,Architecture,Best_Resolution,Dedicated,Manufacturer,Memory_Type,Name,Release_Date,Resolution_WxH,SLI_Crossfire
738.0,141.0,1024.0,64.0,256.0,1000.0,12.0,16.0,Tesla G92b,,Yes,Nvidia,GDDR3,GeForce GTS 150,"
01-Mar-2009",2560x1600,Yes
613.375,215.0,512.0,106.0,512.0,828.0,12.0,16.0,R600 XT,1366 x 768,Yes,AMD,GDDR3,Radeon HD 2900 XT 512MB,"
14-May-2007",2560x1600,Yes
615.625,200.0,512.0,51.2,256.0,800.0,10.0,16.0,R600 PRO,1366 x 768,Yes,AMD,GDDR3,Radeon HD 2900 Pro,"
07-Dec-2007",2560x1600,Yes
331.25,42.625,256.0,36.8,128.0,1150.0,3.0,4.0,RV630,1024 x 768,Yes,AMD,GDDR4,Radeon HD 2600 XT Diamond Edition,"
01-Jul-2007",2560x1600,Yes
631.375,45.0,256.0,22.4,128.0,700.0,3.0,4.0,RV630,1024 x 768,Yes,AMD,GDDR3,Radeon HD 2600 XT,"
28-Jun-2007",2560x1600,Yes
350.0,50.0,256.0,35.2,128.0,1100.0,3.0,4.0,RV630,1024 x 768,Yes,AMD,GDDR4,Radeon HD 2600 XT 256MB GDDR4,"
26-Jun-2007",2560x1600,Yes
870.0,190.0,2048.0,134.4,256.0,1050.0,14.0,16.0,R700 RV790 XT,1920 x 1080,Yes,AMD,GDDR5,Radeon HD 4890 Sapphire Vapor-X OC 2GB Edition,"
13-Jul-2009",2560x1600,Yes
562.875,150.0,256.0,51.2,256.0,800.0,7.0,12.0,R600 GT,1024 x 768,Yes,AMD,GDDR3,Radeon HD 2900 GT,"
06-Nov-2007",2560x1600,Yes
938.75,150.0,2048.0,160.0,256.0,1250.0,25.0,32.0,Pitcairn XT GL,1920 x 1080,Yes,AMD,GDDR5,FirePro D300,"
18-Jan-2014",4096x2160,Yes
527.5,32.0,64.0,2.9,64.0,366.0,1.875,3.5,RV100,,Yes,AMD,DDR,Radeon 7000 64mb,"
02-Jan-2001",1600x1200,No
508.75,41.75,128.0,5.2,128.0,325.0,1.0,4.0,NV28GL A2,,Yes,Nvidia,DDR,Quadro4 980 XGL,"
01-Nov-2002",,No
650.0,250.0,6144.0,177.6,384.0,925.0,31.0,48.0,Fermi GF110,1920 x 1080,Yes,Nvidia,GDDR5,Tesla M2090,"
25-Jul-2011",2560x1600,Yes
705.0,225.0,5120.0,168.0,320.0,1050.0,11.625,15.0,Kepler GK110,,Yes,Nvidia,GDDR5,Tesla K20,"
01-Nov-2012",4096x2160,No
706.0,245.0,12288.0,288.4,384.0,1502.0,34.0,48.0,Kepler GK110,2560 x 1600,Yes,Nvidia,GDDR5,Tesla K40c,"
12-Nov-2013",4096x2160,Yes
527.5,29.75,64.0,5.8,128.0,360.0,1.75,4.25,RV200,,Yes,AMD,DDR,All-in-Wonder Radeon 7500,"
22-Jan-2002",1600x1200,No
1050.0,150.0,3072.0,57.6,128.0,900.0,18.0,8.0,GCN 1.1 Oland XT + Kaveri,1600 x 900,Yes,AMD,DDR3,Radeon R7 250 v2 MSI OC 2GB + Radeon R7 7870K Dual,"
28-May-2015",2560x1600,Yes
1197.0,300.0,8192.0,320.0,512.0,1250.0,89.5,68.0,Kepler GK104 x2,,Yes,Nvidia,GDDR5,Tesla K10,"
15-May-2012",4096x2160,No
732.0,235.0,6144.0,249.6,384.0,1300.0,40.375,46.0,Kepler GK110,,Yes,Nvidia,GDDR5,Tesla K20X,"
12-Nov-2012",4096x2160,Yes
300.0,28.0,632.0,34.1,128.0,1067.0,2.0,2.0,Skylake GT3-E,1366 x 768,No,Intel,DDR4,Iris i3 6167U,"
01-Sep-2015",4096x2304,No
425.375,60.0,256.0,23.4,256.0,730.0,3.0,8.0,R360,1024 x 768,Yes,AMD,DDR,Radeon 9800 XT,"
01-Oct-2003",2048x1536,No
575.0,238.0,6144.0,144.0,384.0,750.0,13.375,17.5,Fermi GF100,,Yes,Nvidia,GDDR5,Tesla C2070,"
01-Sep-2010",2560x1600,No
575.0,247.0,6144.0,144.0,384.0,750.0,13.375,17.5,Fermi GF100,,Yes,Nvidia,GDDR5,Tesla C2075,"
01-Jul-2011",2560x1600,No
451.25,30.75,128.0,3.6,128.0,225.0,1.0,4.0,NV25 A2,,Yes,Nvidia,DDR,Quadro4 750 XGL,"
19-Feb-2002",,No
508.75,41.75,128.0,5.2,128.0,325.0,1.0,4.0,NV28GL A2,,Yes,Nvidia,DDR,Quadro4 900 XGL,"
01-Nov-2002",,No
300.0,15.0,536.0,34.1,128.0,1067.0,2.0,2.0,Skylake GT3-E,1366 x 768,No,Intel,DDR4,Iris i5 6360U,"
01-Sep-2015",4096x2304,No
451.25,42.25,128.0,4.4,128.0,275.0,1.0,4.0,NV28,,Yes,Nvidia,DDR,Quadro4 780 XGL,"
01-Nov-2002",,No
575.0,238.0,3072.0,144.0,384.0,750.0,35.0,31.0,Fermi GF100,,Yes,Nvidia,GDDR5,Tesla C2050,"
01-May-2010",2560x1600,No
300.0,28.0,632.0,34.1,128.0,1067.0,2.0,2.0,Skylake GT3-E,1366 x 768,No,Intel,DDR4,Iris i5 6267U,"
01-Sep-2015",4096x2304,No
300.0,15.0,536.0,34.1,128.0,1067.0,2.0,2.0,Skylake GT3-E,1366 x 768,No,Intel,DDR4,Iris i5 6260U,"
01-Sep-2015",4096x2304,No
200.0,15.0,632.0,25.6,128.0,800.0,4.0,4.0,Haswell GT3,1366 x 768,No,Intel,DDR3,Iris i5 4258U,"
02-Jun-2013",2560x1600,No
451.25,42.125,64.0,3.2,128.0,200.0,1.0,4.0,NV18 A4,,Yes,Nvidia,DDR,Quadro4 580 XGL,"
01-Nov-2002",,No
300.0,47.0,408.0,29.9,128.0,933.0,2.0,2.0,Broadwell GT3-E,1366 x 768,No,Intel,DDR3,Iris i5 5350H,"
02-Jun-2015",4096x2304,No
451.25,42.125,64.0,3.2,128.0,200.0,1.0,4.0,NV17 A3,,Yes,Nvidia,DDR,Quadro4 550 XGL,"
19-Feb-2002",,No
451.25,38.25,128.0,4.1,128.0,256.0,1.0,4.0,NV18 A4,,Yes,Nvidia,DDR,Quadro4 380 XGL,"
19-Feb-2002",,No
508.75,30.75,64.0,3.6,128.0,225.0,1.0,4.0,NV25 A2,,Yes,Nvidia,DDR,Quadro4 700 XGL,"
19-Feb-2002",,No
300.0,28.0,632.0,34.1,128.0,1067.0,2.0,2.0,Skylake GT3-E,1366 x 768,No,Intel,DDR4,Iris i5 6287U,"
01-Sep-2015",4096x2304,No
300.0,15.0,536.0,34.1,128.0,1067.0,2.0,2.0,Skylake GT3-E,1366 x 768,No,Intel,DDR4,Iris i7 6650U,"
01-Sep-2015",4096x2304,No
451.25,41.75,128.0,2.7,128.0,166.0,1.0,4.0,NV17 A3,,Yes,Nvidia,DDR,Quadro4 500 XGL,"
19-Feb-2002",,No
300.0,28.0,632.0,34.1,128.0,1067.0,2.0,2.0,Skylake GT3-E,1366 x 768,No,Intel,DDR4,Iris i7 6567U,"
01-Sep-2015",4096x2304,No
300.0,15.0,536.0,34.1,128.0,1067.0,2.0,2.0,Skylake GT3-E,1366 x 768,No,Intel,DDR4,Iris i7 6560U,"
01-Sep-2015",4096x2304,No
300.0,47.0,408.0,29.9,128.0,933.0,2.0,2.0,Broadwell GT3-E,1366 x 768,No,Intel,DDR3,Iris i7 5950HQ,"
02-Jun-2015",4096x2304,No
300.0,47.0,568.0,25.6,128.0,800.0,2.0,2.0,Broadwell GT3-E,1366 x 768,No,Intel,DDR3,Iris i7 5850EQ,"
02-Jun-2015",4096x2304,No
1330.125,250.0,9344.0,480.0,384.0,1250.0,147.0,96.0,Pascal GP102,3840 x 2160,,Nvidia,GDDR5X,Titan X Pascal 2016,"
02-Aug-2016",7680x4320,No
300.0,47.0,408.0,29.9,128.0,933.0,2.0,2.0,Broadwell GT3-E,1366 x 768,No,Intel,DDR3,Iris i7 5850HQ,"
02-Jun-2015",4096x2304,No
300.0,47.0,408.0,29.9,128.0,933.0,2.0,2.0,Broadwell GT3-E,1366 x 768,No,Intel,DDR3,Iris i7 5750HQ,"
02-Jun-2015",4096x2304,No
982.625,250.0,12288.0,547.2,96.0,1425.0,152.0,24.0,Pascal GP102,3840 x 2160,Yes,Nvidia,GDDR5X,GeForce Titan XP,"
06-Apr-2017",7680x4320,Yes
837.0,250.0,6144.0,288.4,384.0,1502.0,42.0,48.0,Kepler GK110-400-A1,2560 x 1440,Yes,Nvidia,GDDR5,GeForce GTX Titan Zotac Edition,"
19-Feb-2013",4096x2160,Yes
705.0,375.0,12288.0,672.0,384.0,1750.0,84.0,48.0,Kepler GK110-430-B1 (x2),5760 x 1600,Yes,Nvidia,GDDR5,GeForce GTX Titan Z Palit 12GB Edition,"
28-May-2014",4096x2160,Yes
1000.75,375.0,12288.0,672.0,384.0,1750.0,88.0,48.0,Kepler GK110B,5760 x 1600,Yes,Nvidia,GDDR5,GeForce GTX Titan Z EVGA Superclocked 12GB Edition,"
28-May-2014",4096x2160,Yes
705.0,375.0,12288.0,672.0,384.0,1750.0,84.0,48.0,Kepler GK110-430-B1 (x2),3840 x 2160,Yes,Nvidia,GDDR5,GeForce GTX Titan Z,"
28-May-2014",4096x2160,Yes
1000.75,375.0,12288.0,672.0,384.0,1750.0,90.0,48.0,Kepler GK110B,5760 x 1600,Yes,Nvidia,GDDR5,GeForce GTX Titan Z EVGA Hydro Copper 12GB Edition,"
28-May-2014",4096x2160,Yes
1140.0,250.0,12288.0,336.6,384.0,1753.0,120.0,96.0,Maxwell GM200-400-A1,3840 x 2160,Yes,Nvidia,GDDR5,GeForce GTX Titan X EVGA Hybrid 12GB Edition,"
17-Mar-2015",4096x2160,Yes
1127.0,106.875,24576.0,673.2,384.0,1753.0,233.0,96.0,Maxwell GM200-400-A1 (x2),3840 x 2160,Yes,Nvidia,GDDR5,GeForce GTX Titan X EVGA Superclocked 12GB Edition SLI,"
17-Mar-2015",4096x2160,Yes
902.0,197.75,6144.0,317.2,384.0,1652.0,46.0,48.0,Kepler GK110-400-A1,2560 x 1440,Yes,Nvidia,GDDR5,GeForce GTX Titan Zotac AMP! Edition,"
01-Apr-2013",4096x2160,Yes
1000.0,450.0,24576.0,673.2,384.0,1753.0,209.0,96.0,Maxwell GM200-400-A1 (x2),5760 x 1080,Yes,Nvidia,GDDR5,GeForce GTX Titan X SLI,"
17-Mar-2015",4096x2160,Yes
1000.0,250.0,12288.0,336.6,384.0,1753.0,105.0,96.0,Maxwell GM200-400-A1,3840 x 2160,Yes,Nvidia,GDDR5,GeForce GTX Titan X,"
17-Mar-2015",4096x2160,Yes
1127.0,250.0,12288.0,336.6,384.0,1753.0,117.0,96.0,Maxwell GM200-400-A1,3840 x 2160,Yes,Nvidia,GDDR5,GeForce GTX Titan X EVGA Superclocked 12GB Edition,"
17-Mar-2015",4096x2160,Yes
928.0,265.0,6144.0,288.4,384.0,1502.0,47.0,48.0,Kepler GK110-400-A1,2560 x 1440,Yes,Nvidia,GDDR5,GeForce GTX Titan WindForce 3X OC Edition,"
15-May-2013",4096x2160,Yes
837.0,500.0,12288.0,576.8,384.0,1502.0,84.0,48.0,Kepler GK110-400-A1 (x2),5760 x 1600,Yes,Nvidia,GDDR5,GeForce GTX Titan SLI,"
19-Feb-2013",4096x2160,Yes
1000.0,300.0,12288.0,384.0,3072.0,500.0,96.0,96.0,Pascal P100,3840 x 2160,Yes,Nvidia,HBM-2,GeForce GTX Titan P 12GB [not released],"
17-Aug-2016",7680x4320,Yes
837.0,250.0,6144.0,288.4,384.0,1502.0,42.0,48.0,Kepler GK110-400-A1,2560 x 1440,Yes,Nvidia,GDDR5,GeForce GTX Titan Inno3D Edition,"
19-Feb-2013",4096x2160,Yes
1000.0,375.0,16384.0,512.0,4096.0,500.0,128.0,128.0,Pascal P100,3840 x 2160,Yes,Nvidia,HBM-2,GeForce GTX Titan P 16GB [not released],"
17-Aug-2016",7680x4320,Yes
837.0,250.0,6144.0,288.4,384.0,1502.0,42.0,48.0,Kepler GK110-400-A1,2560 x 1440,Yes,Nvidia,GDDR5,GeForce GTX Titan Gigabyte Edition,"
19-Feb-2013",4096x2160,Yes
937.0,265.0,6144.0,288.4,384.0,1502.0,47.0,48.0,Kepler GK110-400-A1,2560 x 1440,Yes,Nvidia,GDDR5,GeForce GTX Titan iChill Accelero Hybrid Edition,"
15-Mar-2013",4096x2160,Yes
837.0,250.0,6144.0,288.4,384.0,1502.0,42.0,48.0,Kepler GK110-400-A1,2560 x 1440,Yes,Nvidia,GDDR5,GeForce GTX Titan Asus Edition,"
19-Feb-2013",4096x2160,Yes
889.0,250.0,6144.0,336.0,384.0,1750.0,47.0,48.0,Kepler GK110-430-B1,2560 x 1440,Yes,Nvidia,GDDR5,GeForce GTX Titan Black Edition,"
18-Feb-2014",4096x2160,Yes
910.625,55.625,2048.0,28.8,128.0,900.0,8.0,8.0,,1366 x 768,Yes,AMD,DDR3,Radeon HD 8670D + 6670 Dual,"
01-Mar-2013",2560x1600,No
837.0,250.0,6144.0,288.4,384.0,1502.0,42.0,48.0,Kepler GK110-400-A1,2560 x 1440,Yes,Nvidia,GDDR5,GeForce GTX Titan EVGA Edition,"
19-Feb-2013",4096x2160,Yes
837.0,250.0,6144.0,288.4,384.0,1502.0,42.0,48.0,Kepler GK110-400-A1,2560 x 1440,Yes,Nvidia,GDDR5,GeForce GTX Titan,"
19-Feb-2013",4096x2160,Yes
700.25,45.875,2048.0,28.8,128.0,900.0,5.625,10.125,Terrascale 2,,Yes,AMD,DDR3,Radeon HD 7660D + 6670 Dual,"
01-Jun-2012",2560x1600,No
1057.5,63.375,7168.0,248.0,128.0,1484.625,9.0,13.0,Terascale 3,,Yes,AMD,DDR3,Radeon HD 7560D + 7670 Dual,"
01-May-2012",2560x1600,No
662.125,60.625,1024.0,28.8,128.0,900.0,6.875,9.25,Terrascale 2,,Yes,AMD,DDR3,Radeon HD 7560D + 6570 Dual,"
01-Jul-2012",2560x1600,No
662.125,60.625,1024.0,28.8,128.0,900.0,6.875,9.25,Terrascale 3,,Yes,AMD,DDR3,Radeon HD 7660D + 7670 Dual,"
01-Jun-2012",2560x1600,No
611.375,39.75,64.0,8.8,128.0,550.0,1.75,4.25,R200,,Yes,AMD,DDR,Radeon 8500 Series 64MB,"
02-Jan-2001",2048x1536,No
670.125,47.0,128.0,44.8,256.0,700.0,3.0,8.0,R360,1024 x 768,Yes,AMD,DDR2,Radeon 9800 Pro,"
01-Mar-2003",2048x1536,No
451.25,44.125,256.0,4.8,128.0,300.0,2.0,4.0,RV360,800 x 600,Yes,AMD,DDR,Radeon 9600 PRO PC/Mac Edition,"
01-Aug-2005",2048x1536,No
492.125,33.0,256.0,3.2,128.0,200.0,1.75,4.25,RV350,,Yes,AMD,DDR,Radeon 9550,"
02-Jan-2004",2048x1536,No
440.0,18.0,128.0,4.8,128.0,300.0,2.0,4.0,RV360,800 x 600,Yes,AMD,DDR,Radeon 9600 PRO,"
01-Oct-2003",2048x1536,No
451.25,42.375,128.0,4.3,128.0,270.0,1.75,4.25,R300,,Yes,AMD,DDR,Radeon 9500 Pro,"
24-Oct-2002",2048x1536,No
451.25,42.375,128.0,4.3,128.0,270.0,1.75,4.25,R300,,Yes,AMD,DDR,Radeon 9500,"
24-Oct-2002",2048x1536,No
527.5,29.75,128.0,6.4,128.0,400.0,1.75,4.25,RV350,,Yes,AMD,DDR,Radeon 9600 Series,"
02-Jan-2003",2048x1536,No
451.25,37.5,128.0,3.2,128.0,200.0,1.75,4.25,RV280,,Yes,AMD,DDR,Radeon 9250,"
02-Jan-2004",2048x1536,No
451.25,37.5,128.0,3.2,128.0,200.0,1.75,4.25,RV280,,Yes,AMD,DDR,Radeon 9200 Series,"
01-Apr-2003",2048x1536,No
527.5,28.0,64.0,4.0,128.0,250.0,1.875,4.25,R200,,Yes,AMD,DDR,Radeon 9100,"
01-Apr-2003",,No
673.75,107.875,512.0,72.0,256.0,1125.0,9.875,14.375,,,Yes,AMD,GDDR4,FireGL V7700,"
01-Jan-2008",2560x1600,No
667.5,67.875,1024.0,41.6,256.0,650.0,9.0,13.5,,,Yes,AMD,GDDR3,FireGL V7350,"
20-Mar-2006",3840x2400,No
590.0,60.125,256.0,28.8,256.0,450.0,39.0,37.0,,,Yes,AMD,GDDR3,FireGL V7100,"
01-Jun-2004",2048x1536,No
617.625,36.0,64.0,8.0,128.0,500.0,22.375,19.75,RV250,,Yes,AMD,DDR,Radeon 9000 Series 64MB,"
01-Aug-2002",2048x1536,No
625.0,193.375,1024.0,111.1,512.0,868.0,17.125,27.0,,,Yes,AMD,GDDR4,FireGL V8600,"
01-Jan-2007",2560x1600,No
544.625,46.25,512.0,35.2,128.0,1100.0,1.75,4.25,,,Yes,AMD,GDDR4,FireGL V5600,"
01-Jan-2007",2048x1536,No
674.125,450.0,256.0,41.6,256.0,650.0,2.125,6.375,,,Yes,AMD,GDDR3,FireGL V7200,"
24-Apr-2006",2048x1536,No
621.875,72.25,512.0,51.2,256.0,800.0,8.0,13.0,,,Yes,AMD,GDDR3,FireGL V7600,"
01-Jan-2007",2560x1600,No
527.5,34.625,128.0,9.9,256.0,310.0,1.25,3.75,,,Yes,AMD,DDR,FireGL Z1,"
21-Nov-2002",2048x1536,No
590.0,38.5,128.0,11.2,256.0,350.0,1.375,3.75,,,Yes,AMD,DDR,FireGL V5100,"
01-Jan-2005",2048x1536,No
602.5,36.0,256.0,16.0,128.0,500.0,22.0,19.25,,,Yes,AMD,GDDR3,FireGL V3600,"
01-Jan-2007",2048x1536,No
527.5,24.75,256.0,6.4,64.0,400.0,2.0,3.75,,,Yes,AMD,DDR2,FireGL V3350,"
01-Jan-2006",2048x1536,No
527.5,18.125,128.0,6.4,64.0,400.0,1.875,3.5,,,Yes,AMD,DDR2,FireGL V3300,"
24-Apr-2006",2048x1536,No
596.25,36.0,128.0,16.0,128.0,500.0,22.375,19.75,,,Yes,AMD,GDDR3,FireGL V3400,"
14-Aug-2006",2048x1536,No
1045.75,290.0,16384.0,320.0,512.0,1250.0,60.0,64.0,GCN 2.0 Hawaii XT GL,2560 x 1600,Yes,AMD,GDDR5,FirePro W9100,"
26-Mar-2014",4096x2160,Yes
1013.75,225.0,4096.0,176.0,256.0,1375.0,33.625,32.0,Tahiti Pro,,Yes,AMD,GDDR5,FirePro W8000,"
14-Jun-2012",4096x2160,Yes
451.25,37.5,128.0,3.2,128.0,200.0,1.75,4.25,,,Yes,AMD,DDR,FireGL V3100,"
01-Jun-2004",2048x1536,No
647.875,75.0,2048.0,102.4,256.0,800.0,11.125,17.5,Pitcairn LE,,Yes,AMD,GDDR5,FirePro W5000,"
01-Aug-2012",4096x2160,Yes
908.875,274.0,6144.0,264.0,384.0,1375.0,31.0,32.0,Tahiti XT,1920 x 1080,Yes,AMD,GDDR5,FirePro W9000,"
01-Aug-2012",4096x2160,Yes
737.0,154.0,2048.0,115.2,256.0,900.0,19.75,26.0,RV770 XT,,Yes,AMD,GDDR5,FirePro V8750,"
28-Jul-2009",2560x1600,Yes
851.125,150.0,4096.0,153.6,256.0,1200.0,30.0,32.0,Pitcairn XT,,Yes,AMD,GDDR5,FirePro W7000,"
13-Jun-2012",4096x2160,Yes
982.5,150.0,2048.0,160.0,256.0,1250.0,31.375,32.0,Cayman Pro GL,,Yes,AMD,GDDR5,FirePro V7900,"
24-May-2011",2560x1600,Yes
630.0,26.0,2048.0,28.8,128.0,900.0,5.0,8.0,GCN 1.1 Oland PRO,1366 x 768,Yes,AMD,DDR3,FirePro W2100,"
12-Aug-2014",4096x2160,No
718.125,151.0,1024.0,108.8,256.0,850.0,21.25,30.0,RV770 XT,,Yes,AMD,GDDR5,FirePro V8700,"
11-Sep-2008",2560x1600,Yes
838.375,138.0,2048.0,128.0,256.0,1000.0,26.25,32.0,RV870,,Yes,AMD,GDDR5,FirePro V7800,"
26-Apr-2010",2560x1600,Yes
832.875,75.0,2048.0,128.0,256.0,1000.0,19.0,32.0,Cayman LE GL,,Yes,AMD,GDDR5,FirePro V5900,"
24-May-2011",2560x1600,Yes
451.25,43.625,64.0,3.2,128.0,200.0,1.5,3.75,RV250,,Yes,AMD,DDR,All-in-Wonder 9000 64MB,"
01-Mar-2003",2048x1536,No
802.875,74.0,1024.0,64.0,128.0,1000.0,11.0,16.0,Evergreen Juniper XT GL,1600 x 900,Yes,AMD,GDDR5,FirePro V5800,"
26-Apr-2010",4096x2160,Yes
300.0,56.0,512.0,28.8,128.0,900.0,6.0,8.0,RV730,1366 x 768,Yes,AMD,GDDR3,FirePro V5700,"
08-Aug-2008",2560x1600,No
631.375,48.0,256.0,22.4,128.0,700.0,4.0,8.0,RV730,1366 x 768,Yes,AMD,GDDR3,FirePro V3750,"
11-Sep-2008",2560x1600,No
448.75,16.875,128.0,2.3,64.0,290.0,2.375,4.0,,,Yes,AMD,DDR,FireGL 8800,"
01-Jan-2001",2048x1536,No
843.5,235.0,16384.0,320.0,512.0,1250.0,58.0,64.0,GCN 2.0 Hawaii XT GL,5760 x 1600,Yes,AMD,GDDR5,FirePro S9150,"
01-Aug-2014",4096x2160,Yes
900.0,225.0,12288.0,264.0,384.0,1375.0,29.0,32.0,GCN 1.0 Tahiti PRO GL,2560 x 1600,Yes,AMD,GDDR5,FirePro S9050,"
01-Aug-2014",4096x2160,Yes
835.125,250.0,4096.0,147.2,256.0,1150.0,27.0,32.0,Cypress XT,1920 x 1080,Yes,AMD,GDDR5,FirePro V9800,"
01-Sep-2010",2560x1600,Yes
900.0,225.0,6144.0,264.0,384.0,1375.0,29.0,32.0,GCN 1.0 Tahiti PRO GL,,Yes,AMD,GDDR5,FirePro S9000,"
01-Aug-2012",4096x2160,Yes
851.125,150.0,4096.0,153.6,256.0,1200.0,27.75,32.0,Pitcairn XT,,Yes,AMD,GDDR5,FirePro S7000,"
01-Aug-2012",4096x2160,No
955.625,274.0,3072.0,264.0,384.0,1375.0,27.0,32.0,Tahiti XT GL,1920 x 1080,Yes,AMD,GDDR5,FirePro D700,"
18-Jan-2014",4096x2160,Yes
856.25,175.0,3072.0,240.0,384.0,1250.0,23.0,32.0,Tahiti LE,1920 x 1080,Yes,AMD,GDDR5,FirePro D500,"
18-Jan-2014",4096x2160,Yes
826.625,75.0,1024.0,28.8,128.0,900.0,5.0,8.0,Turks,1366 x 768,Yes,AMD,DDR3,FirePro V3900,"
01-Feb-2012",2560x1600,No
498.75,65.0,664.0,34.1,128.0,1067.0,6.0,8.0,Kaveri Spectre,1366 x 768,No,AMD,DDR3,Radeon R7 7860K,"
02-Feb-2016",4096x2160,No
851.125,225.0,4096.0,153.6,256.0,1200.0,27.375,32.0,RV870,,Yes,AMD,GDDR5,FireStream 9370,"
23-Jun-2010",2560x1600,No
595.875,95.0,696.0,34.1,128.0,1067.0,7.0,8.0,Kaveri Spectre,1366 x 768,No,AMD,DDR3,Radeon R7 7700K,"
17-Feb-2014",4096x2160,No
595.875,95.0,696.0,34.1,128.0,1067.0,7.0,8.0,Kaveri Spectre,1366 x 768,No,AMD,DDR3,Radeon R7 7850K,"
14-Jan-2014",4096x2160,No
595.875,95.0,696.0,34.1,128.0,1067.0,7.0,8.0,Kaveri Spectre,1366 x 768,No,AMD,DDR3,Radeon R7 7870K,"
28-May-2015",4096x2160,No
595.875,95.0,696.0,34.1,128.0,1067.0,7.0,8.0,Kaveri Spectre,1366 x 768,No,AMD,DDR3,Radeon R7 7890K,"
01-Mar-2016",4096x2160,No
825.0,375.0,6144.0,240.0,384.0,1250.0,53.0,64.0,GCN 1.0 Tahiti PRO,,Yes,AMD,GDDR5,FirePro S10000,"
01-Nov-2012",4096x2160,Yes
653.625,160.0,2048.0,108.8,256.0,850.0,12.0,16.0,RV770,1600 x 900,Yes,AMD,GDDR5,FireStream 9270,"
13-Nov-2008",2560x1600,No
838.375,150.0,2048.0,128.0,256.0,1000.0,22.0,32.0,RV870,1920 x 1080,Yes,AMD,GDDR5,FireStream 9350,"
01-Jun-2010",2560x1600,No
647.875,105.0,2048.0,51.2,256.0,800.0,13.0,16.0,RV670,1366 x 768,Yes,AMD,GDDR3,FireStream 9170,"
08-Nov-2007",2560x1600,No
498.75,65.0,664.0,34.1,128.0,1067.0,7.0,8.0,Kaveri Spectre,1366 x 768,No,AMD,DDR3,Radeon R7 7800,"
30-Jun-2014",4096x2160,No
697.0,150.0,1024.0,63.6,256.0,993.0,10.0,16.0,RV770,1600 x 900,Yes,AMD,GDDR3,FireStream 9250,"
16-Jun-2008",2560x1600,No
498.75,65.0,664.0,34.1,128.0,1067.0,6.0,8.0,Kaveri,1366 x 768,No,AMD,DDR3,Radeon R7 7600,"
30-Jun-2014",4096x2160,No
406.25,35.0,632.0,34.1,128.0,1067.0,5.0,8.0,Kaveri,1366 x 768,No,AMD,DDR3,Radeon R7 7600P,"
30-Jun-2014",4096x2160,No
757.0,95.0,472.0,34.1,128.0,1067.0,6.0,8.0,GCN 1.1 Godavari-KV-A1,1366 x 768,No,AMD,DDR3,Radeon R7 7670K,"
20-Jul-2015",4096x2160,No
720.0,95.0,472.0,34.1,128.0,1067.0,6.0,8.0,GCN 1.1 Kaveri-KV-A1,1366 x 768,No,AMD,DDR3,Radeon R7 7650K,"
01-Feb-2015",4096x2160,No
510.625,25.0,872.0,25.6,128.0,800.0,5.0,8.0,Kabini,1366 x 768,Yes,AMD,DDR3,Radeon R3 5150,"
09-Apr-2014",4096x2160,No
595.875,100.0,696.0,34.1,128.0,1067.0,7.0,8.0,Richland,,No,AMD,DDR3,Radeon HD 8670D,"
01-Jun-2013",2560x1600,No
360.625,65.0,408.0,29.9,128.0,933.0,6.0,8.0,Kaveri,1366 x 768,No,AMD,DDR3,Radeon R5 7400K,"
30-Jun-2014",4096x2160,No
510.625,25.0,872.0,25.6,128.0,800.0,5.0,8.0,Kabini,1366 x 768,No,AMD,DDR3,Radeon R3 5350,"
09-Apr-2014",4096x2160,No
720.0,65.0,536.0,34.1,128.0,1067.0,7.0,8.0,Terascale 2 Thames PRO,1366 x 768,No,AMD,DDR3,Radeon HD 8650D,"
28-Dec-2013",2560x1600,Yes
360.625,65.0,408.0,29.9,128.0,933.0,7.0,8.0,Richland,,No,AMD,DDR3,Radeon HD 8570D,"
01-Jun-2013",2560x1600,No
760.0,65.0,536.0,34.1,128.0,1067.0,7.0,8.0,Terascale 2 Thames PRO,1366 x 768,Yes,AMD,DDR3,Radeon HD 8550D,"
18-Sep-2013",2560x1600,Yes
360.625,65.0,408.0,29.9,128.0,933.0,3.0,4.0,Richland,,No,AMD,DDR3,Radeon HD 8470D,"
01-Jun-2013",2560x1600,No
946.893927125506,125.59870550161813,2872.7689216342933,138.2429223744292,205.35645933014354,1175.6555589215388,34.965408805031444,26.821827057182706,,,Yes,AMD,,Radeon HD 6690D2,"
Unknown Release Date",2560x1600,No
300.0,29.25,520.0,29.9,128.0,933.0,2.875,3.5,,,No,AMD,DDR3,Radeon HD 7660D,"
01-Jun-2012",2560x1600,No
360.625,65.0,408.0,29.9,128.0,933.0,3.0,4.0,Scrapper,,No,AMD,DDR3,Radeon HD 7540D,"
01-Jun-2012",2560x1600,No
300.0,29.25,520.0,29.9,128.0,933.0,2.875,3.5,,,No,AMD,DDR3,Radeon HD 7560D,"
01-Jul-2012",2560x1600,No
971.875,171.875,2048.0,146.825,160.0,1325.0,25.125,24.0,,,Yes,AMD,DDR3,Radeon HD 6610D2,"
Unknown Release Date",2560x1600,No
760.0,65.0,536.0,34.1,128.0,1067.0,7.0,8.0,Terascale 2 Thames PRO,1366 x 768,No,AMD,DDR3,Radeon HD 8370D,"
18-Sep-2013",2560x1600,Yes
820.0,65.0,1104.0,25.6,128.0,800.0,5.0,9.625,Trinity,,No,AMD,DDR3,Radeon HD 7480D,"
01-Jun-2012",2560x1600,No
967.0,65.0,1312.0,26.75,128.0,999.0,14.0,10.0,WinterPark,,No,AMD,DDR3,Radeon HD 6370D,"
30-Nov-2011",2560x1600,No
967.0,65.0,1312.0,26.75,128.0,999.0,14.0,10.0,WinterPark,,No,AMD,DDR3,Radeon HD 6410D,"
20-Jun-2011",2560x1600,No
449.125,25.0,256.0,8.0,64.0,500.0,3.0,4.0,RV610,800 x 600,Yes,AMD,GDDR3,Radeon HD 2400 XT,"
28-Jun-2007",,Yes
1029.375,100.0,1168.0,87.6,128.0,726.0,12.625,16.0,BeaverCreek,,No,AMD,DDR3,Radeon HD 6550D,"
20-Jun-2011",2560x1600,No
448.75,25.0,256.0,6.4,64.0,400.0,2.0,4.0,RV610,800 x 600,Yes,AMD,DDR2,Radeon HD 2400 Pro PCI-E,"
01-Jun-2007",2560x1600,Yes
440.0,35.0,256.0,16.0,128.0,500.0,2.0,4.0,RV630,1024 x 768,Yes,AMD,DDR2,Radeon HD 2600 Pro,"
28-Jun-2007",2560x1600,Yes
481.625,25.0,256.0,6.925,64.0,783.375,1.875,3.125,RV610,,Yes,AMD,DDR2,Radeon HD 2400 Series,"
28-Jun-2007",2560x1600,Yes
458.75,20.0,256.0,6.4,64.0,400.0,2.0,4.0,RV610,800 x 600,Yes,AMD,DDR2,Radeon HD 2400 Pro,"
28-Jun-2007",2560x1600,Yes
448.75,21.75,256.0,6.4,64.0,400.0,2.0,4.0,RV610,800 x 600,Yes,AMD,DDR2,Radeon HD 2400 MSI Pro 256MB GDDR2,"
01-Jul-2007",2560x1600,Yes
522.0,23.625,272.0,5.3,64.0,333.0,2.25,4.0,RS740,,No,AMD,DDR2,Radeon HD 2100,"
28-Feb-2007",,No
870.0,190.0,1024.0,134.4,256.0,1050.0,14.0,16.0,R700 RV790 XT,1920 x 1080,Yes,AMD,GDDR5,Radeon HD 4890 Sapphire Vapor-X OC 1GB Edition,"
18-May-2009",2560x1600,Yes
360.625,64.0,408.0,29.9,128.0,933.0,3.25,4.5,BeaverCreek,,No,AMD,DDR3,Radeon HD 6530D,"
20-Jun-2011",2560x1600,No
1000.0,190.0,1024.0,134.4,256.0,1050.0,16.0,16.0,R700 RV790 XT,1920 x 1080,Yes,AMD,GDDR5,Radeon HD 4890 Sapphire Toxic Atomic 1GB Edition,"
19-May-2009",2560x1600,No
458.75,20.0,256.0,6.4,64.0,400.0,2.0,4.0,RV610,640 x 480,Yes,AMD,DDR2,Radeon HD 2350 Pro,"
01-Jan-2007",2560x1600,Yes
901.0,190.0,1024.0,128.0,256.0,1000.0,14.0,16.0,R700 RV790 XT,1920 x 1080,Yes,AMD,GDDR5,Radeon HD 4890 Sapphire OC 1GB Edition,"
02-Apr-2009",2560x1600,Yes
682.25,420.0,2048.0,230.4,512.0,900.0,24.0,32.0,R700 XT,1920 x 1080,Yes,AMD,GDDR5,Radeon HD 4870 X2,"
01-Apr-2009",2560x1600,Yes
960.0,190.0,1024.0,134.4,256.0,1050.0,15.0,16.0,R700 RV790 XT,1920 x 1080,Yes,AMD,GDDR5,Radeon HD 4890 Sapphire Toxic 1GB Edition,"
26-May-2009",2560x1600,Yes
750.0,150.0,1024.0,115.2,256.0,900.0,12.0,16.0,R700 RV770 PRO,1600 x 900,Yes,AMD,GDDR5,Radeon HD 4870 Sapphire Vapor-X 1GB Edition,"
 07-Mar-2009",2560x1600,Yes
850.0,190.0,1024.0,124.8,256.0,975.0,14.0,16.0,R700 RV790 XT,1920 x 1080,Yes,AMD,GDDR5,Radeon HD 4890,"
02-Apr-2009",2560x1600,Yes
636.875,150.0,512.0,115.2,256.0,900.0,12.0,16.0,RV770 PRO,1600 x 900,Yes,AMD,GDDR5,Radeon HD 4870,"
01-Jun-2008",2560x1600,Yes
780.0,150.0,512.0,121.6,256.0,950.0,12.0,16.0,R700 RV770 PRO,1600 x 900,Yes,AMD,GDDR5,Radeon HD 4870 PowerColor PCS+ 512MB Edition,"
25-Jun-2008",2560x1600,Yes
625.0,250.0,2048.0,63.6,256.0,993.0,10.0,16.0,R700 RV770 PRO,1440 x 900,Yes,AMD,GDDR3,Radeon HD 4850x2,"
01-Apr-2009",2560x1600,Yes
650.0,86.25,1024.0,64.0,256.0,1000.0,10.0,16.0,R700 RV770 PRO,1440 x 900,Yes,AMD,GDDR3,Radeon HD 4850 Sapphire Vapor-X Edition,"
01-Oct-2011",2560x1600,Yes
629.75,130.0,512.0,96.0,256.0,750.0,11.0,16.0,RV790 GT,1600 x 900,Yes,AMD,GDDR5,Radeon HD 4860,"
09-Sep-2009",2560x1600,Yes
700.0,88.0,512.0,70.4,256.0,1100.0,11.0,16.0,R700 RV770 PRO,1440 x 900,Yes,AMD,GDDR3,Radeon HD 4850 Golden Sample Edition,"
01-Aug-2008",2560x1600,Yes
625.0,110.0,1024.0,63.6,256.0,993.0,10.0,16.0,R700 RV770 PRO,1440 x 900,Yes,AMD,GDDR3,Radeon HD 4850 HIS iCooler IV 1GB Edition,"
01-Jun-2008",2560x1600,Yes
640.0,110.0,512.0,60.2,256.0,940.0,10.0,16.0,R700 RV770 PRO,1440 x 900,Yes,AMD,GDDR3,Radeon HD 4850 Gigabyte 512MB Edition,"
01-Oct-2011",2560x1600,Yes
700.0,74.0,1024.0,63.4,256.0,990.0,11.0,16.0,R700 RV770 PRO,1440 x 900,Yes,AMD,GDDR3,Radeon HD 4850 Gigabyte OC Edition,"
01-Jun-2009",2560x1600,Yes
625.0,110.0,512.0,63.6,256.0,993.0,10.0,16.0,R700 RV770 PRO,1440 x 900,Yes,AMD,GDDR3,Radeon HD 4850,"
01-Jun-2008",2560x1600,Yes
575.0,95.0,512.0,57.6,256.0,900.0,9.0,16.0,R700 RV790 LE,1600 x 900,Yes,AMD,GDDR3,Radeon HD 4830 512MB,"
21-Oct-2008",2560x1600,Yes
575.0,95.0,512.0,57.6,256.0,900.0,9.0,16.0,R700 RV790 LE,1600 x 900,Yes,AMD,GDDR3,Radeon HD 4830 HIS Fan 512MB Edition,"
21-Oct-2008",2560x1600,Yes
750.0,59.0,1024.0,27.9,128.0,873.0,6.0,8.0,R700 RV730 XT,1366 x 768,Yes,AMD,GDDR3,Radeon HD 4670 HIS IceQ 1GB Edition,"
01-Sep-2008",2560x1600,Yes
750.0,80.0,512.0,51.2,128.0,800.0,12.0,16.0,R700 RV740 PRO,1366 x 768,Yes,AMD,GDDR5,Radeon HD 4770 512MB,"
28-Apr-2009",2560x1600,Yes
300.0,110.0,512.0,57.6,128.0,900.0,6.0,8.0,RV770 CE,1440 x 900,Yes,AMD,GDDR5,Radeon HD 4730,"
08-Jun-2009",2560x1600,Yes
368.375,54.875,512.0,57.6,128.0,900.0,6.0,8.0,RV770 CE,1440 x 900,Yes,AMD,GDDR5,Radeon HD 4730 PowerColor PCS Edition,"
08-Nov-2009",2560x1600,Yes
676.25,75.0,512.0,51.2,128.0,800.0,12.0,16.0,RV740 PRO,1440 x 900,Yes,AMD,GDDR5,Radeon HD 4750,"
09-Sep-2009",2560x1600,Yes
750.0,59.0,1024.0,25.6,128.0,800.0,6.0,8.0,R700 RV730 XT,1366 x 768,Yes,AMD,GDDR3,Radeon HD 4670 Gigabyte 1GB Edition,"
01-Nov-2009",2560x1600,Yes
750.0,59.0,1024.0,25.6,128.0,800.0,6.0,8.0,R700 RV730 XT,1366 x 768,Yes,AMD,GDDR3,Radeon HD 4670 AGP,"
17-Jul-2007",2560x1600,Yes
750.0,59.0,512.0,32.1,128.0,1004.0,6.0,8.0,R700 RV730 XT,1366 x 768,Yes,AMD,GDDR3,Radeon HD 4670 Asus 512MB Edition,"
09-Oct-2008",2560x1600,Yes
600.0,48.0,1024.0,24.0,128.0,750.0,5.0,8.0,R700 RV730 PRO,1280 x 720,Yes,AMD,GDDR3,Radeon HD 4650 v2,"
10-Sep-2008",2560x1600,Yes
600.0,48.0,1024.0,22.4,128.0,700.0,5.0,8.0,R700 RV730 PRO,1280 x 720,Yes,AMD,DDR2,Radeon HD 4650 1GB,"
10-Sep-2008",2560x1600,Yes
750.0,59.0,1024.0,25.6,128.0,800.0,6.0,8.0,R700 RV730 XT,1366 x 768,Yes,AMD,GDDR3,Radeon HD 4670 1GB,"
10-Sep-2008",2560x1600,Yes
600.0,20.0,512.0,6.4,64.0,400.0,2.0,4.0,R700 RV710,800 x 600,Yes,AMD,DDR2,Radeon HD 4350 Asus Silent 512MB Edition,"
30-Sep-2008",2560x1600,No
544.5,48.0,512.0,12.8,128.0,400.0,5.0,8.0,R700 RV730PRO,1280 x 720,Yes,AMD,DDR2,Radeon HD 4650,"
01-Sep-2008",2560x1600,Yes
542.375,48.0,1024.0,12.8,128.0,400.0,5.0,8.0,R700 RV730PRO,1280 x 720,Yes,AMD,DDR2,Radeon HD 4650 Asus Low Profile Edition,"
01-Sep-2008",2560x1600,Yes
600.0,25.0,256.0,12.8,64.0,800.0,2.0,4.0,R700 RV710,1024 x 768,Yes,AMD,GDDR3,Radeon HD 4550,"
01-Sep-2008",2560x1600,Yes
600.0,20.0,1024.0,8.0,64.0,500.0,2.0,4.0,R700 RV710,800 x 600,Yes,AMD,DDR2,Radeon HD 4350 1GB,"
30-Sep-2008",2560x1600,Yes
600.0,25.0,512.0,12.8,64.0,800.0,2.0,4.0,R700 RV710,1024 x 768,Yes,AMD,GDDR3,Radeon HD 4550 v2,"
30-Sep-2008",2560x1600,No
750.0,59.0,512.0,25.6,128.0,800.0,6.0,8.0,R700 RV730 XT,1366 x 768,Yes,AMD,GDDR3,Radeon HD 4670 512MB,"
10-Sep-2008",2560x1600,Yes
600.0,20.0,512.0,6.4,64.0,400.0,2.0,4.0,R700 RV710,800 x 600,Yes,AMD,DDR2,Radeon HD 4350,"
30-Sep-2008",2560x1600,Yes
845.75,55.25,1060.0,350.88750000000005,32.0,411.875,2.0,4.0,RS880,,No,AMD,DDR2,Radeon HD 4250,"
30-Mar-2010",,No
921.25,55.25,1060.0,351.4875,32.0,411.875,3.0,4.0,RS880D,,No,AMD,DDR2,Radeon HD 4290,"
01-Mar-2010",,No
650.0,105.0,1024.0,57.6,256.0,900.0,10.0,16.0,Tesla G94b,,Yes,Nvidia,GDDR3,GeForce GT 140,"
01-Mar-2009",2560x1600,Yes
500.0,75.0,768.0,24.0,192.0,500.0,8.0,16.0,Tesla G94b,,Yes,Nvidia,DDR2,GeForce GT 130,"
01-Mar-2009",2048x1536,Yes
500.0,50.0,512.0,16.0,128.0,500.0,4.0,8.0,Tesla G96b,,Yes,Nvidia,DDR2,GeForce GT 120,"
01-Mar-2009",2048x1536,Yes
845.75,55.25,1060.0,350.88750000000005,32.0,411.875,2.0,4.0,RS880,,No,AMD,DDR2,Radeon HD 4200,"
01-Aug-2009",2560x1600,No
825.0,165.0,1024.0,57.6,256.0,900.0,13.0,16.0,R600 RV670 XT,1440 x 900,Yes,AMD,GDDR4,Radeon HD 3870 X2,"
28-Jan-2008",2560x1600,Yes
777.0,106.0,512.0,72.1,256.0,1126.0,12.0,16.0,R600 RV670 XT,1440 x 900,Yes,AMD,GDDR4,Radeon HD 3870,"
19-Nov-2007",2560x1600,Yes
623.75,140.0,1024.0,106.0,512.0,828.0,21.0,32.0,RV670 PRO,1366 x 768,Yes,AMD,GDDR3,Radeon HD 3850 X2,"
04-Apr-2008",2560x1600,Yes
580.0,75.0,256.0,26.6,128.0,830.0,11.0,16.0,RV670 PRO,1280 x 720,Yes,AMD,GDDR3,Radeon HD 3830,"
01-Apr-2008",2560x1600,Yes
580.0,75.0,256.0,26.6,128.0,830.0,11.0,16.0,RV670 PRO,1024 x 768,Yes,AMD,GDDR3,Radeon HD 3690,"
30-Jan-2008",2560x1600,Yes
633.375,84.0,512.0,55.0375,256.0,825.0,9.625,16.0,RV670,,Yes,AMD,DDR3,Radeon HD 3800 series,"
01-Nov-2007",2560x1600,Yes
567.0,35.0,512.0,8.0,64.0,500.0,2.0,4.0,Tesla G98,800 x 600,Yes,Nvidia,DDR2,GeForce G 100,"
01-Mar-2009",2560x1600,No
600.375,75.0,256.0,53.1,256.0,830.0,11.0,16.0,RV670 PRO,1366 x 768,Yes,AMD,GDDR3,Radeon HD 3850,"
19-Nov-2007",2560x1600,Yes
562.5,65.0,256.0,25.6,128.0,800.0,3.0,4.0,RV635 PRO,1024 x 768,Yes,AMD,GDDR3,Radeon HD 3650,"
23-Jan-2008",2560x1600,Yes
1057.5,63.375,7168.0,248.0,128.0,1484.625,9.0,13.0,RV635,,Yes,AMD,DDR3,Radeon HD 3600 Series,"
01-Jan-2008",2560x1600,Yes
368.375,30.0,256.0,15.2,64.0,950.0,3.0,4.0,RV620 PRO,800 x 600,Yes,AMD,GDDR3,Radeon HD 3470,"
23-Jan-2008",2560x1600,Yes
606.25,75.0,512.0,53.1,256.0,830.0,11.0,16.0,RV670 PRO,1366 x 768,Yes,AMD,GDDR3,Radeon HD 3850 AGP,"
03-Jan-2008",2560x1600,Yes
582.875,65.0,256.0,12.275,64.0,600.25,2.0,4.0,RV620,,Yes,AMD,DDR3,Radeon HD 3400 Series,"
01-Jan-2008",2560x1600,No
761.875,145.0,1536.0,163.2,768.0,850.0,32.0,48.0,RV670 PRO,1366 x 768,Yes,AMD,GDDR3,Radeon HD 3850 X3,"
10-Apr-2008",2560x1600,Yes
449.125,25.0,256.0,8.0,64.0,500.0,2.0,4.0,RV620 LE,800 x 600,Yes,AMD,DDR2,Radeon HD 3450,"
10-Dec-2007",2560x1600,No
845.75,55.25,1060.0,350.88750000000005,32.0,411.875,2.0,4.0,RS780,,No,AMD,GDDR3,Radeon HD 3200 IGP,"
01-Mar-2008",,No
921.25,55.25,1060.0,351.4875,32.0,411.875,3.0,4.0,RS780D,,No,AMD,GDDR3,Radeon HD 3300,"
06-Aug-2008",2560x1600,No
522.0,21.625,384.0,3.2,32.0,400.0,2.0,4.0,RS780,,No,AMD,DDR2,Radeon HD 3200,"
01-Mar-2008",2048x1536,No
845.75,55.25,1060.0,350.88750000000005,32.0,411.875,2.0,4.0,RS760,,No,AMD,DDR2,Radeon 3000,"
01-Jan-2009",,No
300.0,47.0,128.0,29.9,128.0,933.0,2.0,2.0,Broadwell GT3-E,1366 x 768,No,Intel,DDR3,Iris Pro Graphics 6200 Mobile,"
02-Jun-2015",4096x2304,No
300.0,28.0,520.0,29.9,128.0,933.0,2.0,2.0,Broadwell GT3,1366 x 768,No,Intel,DDR3,Iris Graphics 6100 Mobile,"
05-Jan-2015",2560x1600,No
200.0,47.0,128.0,12.8,128.0,800.0,3.0,2.0,Haswell GT3e,1366 x 768,No,Intel,eDRAM,Iris Pro Graphics 5200 Mobile,"
27-Jul-2013",2560x1600,No
300.0,15.0,536.0,34.1,128.0,1067.0,8.0,8.0,Skylake GT1-U,1366 x 768,No,Intel,DDR4,HD Pentium 4405U,"
01-Sep-2015",4096x2304,No
662.5,12.0,440.0,17.1,128.0,533.0,1.5,3.75,Cantiga,,No,Intel,DDR3,Intel GS45 Express Chipset,"
01-Sep-2008",,No
300.0,28.0,632.0,34.1,128.0,1067.0,2.0,2.0,Skylake GT3-E,1366 x 768,No,Intel,DDR4,Iris Graphics 550 Mobile,"
01-Sep-2015",4096x2304,No
928.375,125.0,4096.0,174.3,256.0,1362.0,27.0,32.0,Tonga,1920 x 1080,Yes,AMD,GDDR5,Radeon R9 M295X 4GB,"
23-Nov-2014",4096x2160,Yes
723.0,125.0,4096.0,160.0,256.0,1250.0,23.0,32.0,GCN 1.2 Amethyst XT,1920 x 1080,Yes,AMD,GDDR5,Radeon R9 M395X 4GB,"
09-Jun-2015",4096x2160,Yes
850.0,100.0,4096.0,153.6,256.0,1200.0,29.0,32.0,GCN 1.1 Neptune XT,1920 x 1080,Yes,AMD,GDDR5,Radeon R9 M390 4GB,"
09-Jun-2015",4096x2160,Yes
635.625,22.625,864.0,8.5,64.0,533.0,2.375,4.0,Arrandale,,No,Intel,DDR3,HD i7 M640,"
20-Sep-2010",2560x1600,No
723.0,125.0,4096.0,160.0,256.0,1250.0,23.0,32.0,GCN 1.2 Amethyst XT,1920 x 1080,Yes,AMD,GDDR5,Radeon R9 M485X 4GB,"
13-May-2016",4096x2160,Yes
900.0,100.0,4096.0,160.0,256.0,1250.0,30.0,32.0,GCN 1.1 Neptune XT,1920 x 1080,Yes,AMD,GDDR5,Radeon R9 M390X 4GB,"
09-Jun-2015",4096x2160,Yes
850.0,200.0,4096.0,307.2,256.0,1200.0,58.0,32.0,GCN 1.1 Neptune XT (x2),1920 x 1080,Yes,AMD,GDDR5,Radeon R9 M290X Crossfire,"
01-Jan-2014",4096x2160,Yes
739.375,35.0,1088.0,8.5,64.0,533.0,2.875,4.0,Arrandale,,No,Intel,DDR3,HD i3 M350,"
30-Mar-2010",,No
280.0,9.0,384.0,8.5,64.0,533.0,2.0,4.0,Terascale 2 Loveland,1280 x 720,No,AMD,DDR3,Radeon HD 7290,"
05-Jun-2012",2560x1600,No
700.0,100.0,2048.0,128.0,128.0,1000.0,22.0,16.0,Terascale 2 Broadway XT (x2),1920 x 800,Yes,AMD,GDDR5,Mobility Radeon HD 5870 Crossfire,"
07-Jan-2010",2560x1600,Yes
593.125,35.0,1024.0,25.6,128.0,800.0,5.0,8.0,M96 XT,1366 x 768,Yes,AMD,GDDR3,Mobility Radeon HD 565v,"
05-May-2010",2560x1600,Yes
700.0,50.0,1024.0,64.0,128.0,1000.0,11.0,16.0,Terascale 2 Broadway XT,1600 x 900,Yes,AMD,GDDR5,Mobility Radeon HD 5870,"
07-Jan-2010",2560x1600,Yes
625.0,39.0,1024.0,64.0,128.0,1000.0,10.0,16.0,Terascale 2 Broadway PRO,1600 x 900,Yes,AMD,GDDR5,Mobility Radeon HD 5850,"
07-Jan-2010",2560x1600,Yes
500.0,24.0,1024.0,25.6,128.0,800.0,8.0,16.0,Terascale 2 Broadway LE,1366 x 768,Yes,AMD,GDDR3,Mobility Radeon HD 5830,"
07-Jan-2010",2560x1600,Yes
850.0,100.0,4096.0,153.6,256.0,1200.0,29.0,32.0,GCN 1.1 Neptune XT,1920 x 1080,Yes,AMD,GDDR5,Radeon R9 M290X,"
09-Jan-2014",4096x2160,Yes
650.0,26.0,1024.0,25.6,128.0,800.0,4.0,6.0,Terascale 2 Madison LE,1366 x 768,Yes,AMD,GDDR3,Mobility Radeon HD 5730,"
07-Jan-2010",2560x1600,No
650.0,30.0,1024.0,51.2,128.0,800.0,5.0,8.0,Terascale 2 Madison XT,1440 x 900,Yes,AMD,GDDR5,Mobility Radeon HD 5770,"
07-Jan-2010",2560x1600,No
450.0,15.0,1024.0,25.6,128.0,800.0,4.0,8.0,Terascale 2 Madison LP,1366 x 768,Yes,AMD,GDDR3,Mobility Radeon HD 5650,"
07-Jan-2010",2560x1600,No
750.0,15.0,1024.0,12.8,64.0,800.0,3.0,4.0,Terascale 2 Park XT,1024 x 768,Yes,AMD,GDDR3,Mobility Radeon HD 5470,"
07-Jan-2010",2560x1600,No
561.25,35.0,1024.0,25.6,128.0,800.0,4.0,8.0,M96,1366 x 768,Yes,AMD,GDDR3,Mobility Radeon HD 560v,"
05-May-2010",2560x1600,Yes
631.25,20.0,1024.0,19.2,128.0,600.0,4.0,8.0,M96,1280 x 720,Yes,AMD,GDDR3,Mobility Radeon HD 550v,"
05-May-2010",2560x1600,Yes
696.875,15.0,1024.0,12.8,64.0,800.0,3.0,4.0,M92,1024 x 768,Yes,AMD,GDDR3,Mobility Radeon HD 545v,"
05-May-2010",2560x1600,No
626.5,15.0,512.0,12.8,64.0,800.0,3.0,4.0,Park XT,1024 x 768,Yes,AMD,GDDR3,Mobility Radeon HD 5470 512MB,"
07-Jan-2010",2560x1600,No
677.0,10.0,1024.0,9.6,64.0,600.0,2.0,4.0,M92,800 x 600,Yes,AMD,GDDR3,Mobility Radeon HD 530v,"
05-May-2010",2560x1600,No
850.0,200.0,4096.0,307.2,256.0,1200.0,58.0,32.0,GCN 1.1 Neptune XT (x2),1920 x 1080,Yes,AMD,GDDR5,Radeon HD 8970M Crossfire,"
01-May-2013",2560x1600,Yes
730.875,15.0,1024.0,14.4,64.0,900.0,3.0,4.0,M92,800 x 600,Yes,AMD,GDDR3,Mobility Radeon HD 5145,"
07-Jan-2010",2560x1600,No
675.0,11.0,1024.0,12.8,64.0,800.0,3.0,4.0,Terascale 2 Park PRO,800 x 600,Yes,AMD,GDDR3,Mobility Radeon HD 5450,"
07-Jan-2010",2560x1600,No
850.0,100.0,2048.0,153.6,256.0,1200.0,29.0,32.0,GCN 1.1 Neptune XT,1920 x 1080,Yes,AMD,GDDR5,Radeon HD 8970M,"
14-May-2013",4096x2160,Yes
626.5,13.0,512.0,12.8,64.0,800.0,2.0,4.0,M92,800 x 600,Yes,AMD,GDDR3,Mobility Radeon HD 540v,"
05-May-2010",2560x1600,No
686.5,35.0,1024.0,28.8,128.0,900.0,5.0,8.0,M96,1024 x 768,Yes,AMD,GDDR3,Mobility Radeon HD 5165,"
07-Jan-2010",2560x1600,Yes
500.0,7.0,1024.0,12.8,64.0,800.0,2.0,4.0,Terascale 2 Park LP,800 x 600,Yes,AMD,GDDR3,Mobility Radeon HD 5430,"
07-Jan-2010",2560x1600,No
550.0,25.0,1024.0,51.2,128.0,800.0,4.0,8.0,Terascale 2 Madison PRO,1440 x 900,Yes,AMD,GDDR5,Mobility Radeon HD 5750,"
07-Jan-2010",2560x1600,No
890.625,50.0,2048.0,72.0,128.0,1125.0,12.0,16.0,GCN 1.1 Venus XT,1600 x 900,Yes,AMD,GDDR5,Radeon HD 8870M,"
01-Apr-2013",2560x1600,Yes
838.75,45.0,2048.0,72.0,128.0,1125.0,12.0,16.0,GCN 1.1 Venus PRO,1600 x 900,Yes,AMD,GDDR5,Radeon HD 8850M v2,"
01-Apr-2013",4096x2160,Yes
850.0,35.0,2048.0,64.0,128.0,1000.0,7.0,8.0,GCN 1.1 Mars XTX,1600 x 900,Yes,AMD,GDDR5,Radeon HD 8790M,"
01-Apr-2013",2560x1600,Yes
821.5,35.0,2048.0,32.0,128.0,1000.0,5.0,8.0,GCN 1.1 Venus LE,1366 x 768,Yes,AMD,DDR3,Radeon HD 8830M,"
01-Apr-2013",2560x1600,Yes
775.0,20.0,2048.0,72.0,128.0,1125.0,7.0,8.0,GCN 1.1 Mars XT,1600 x 900,Yes,AMD,GDDR5,Radeon HD 8770M,"
01-Apr-2013",2560x1600,Yes
839.0,45.0,2048.0,32.0,128.0,1000.0,12.0,16.0,GCN 1.1 Venus PRO,1366 x 768,Yes,AMD,DDR3,Radeon HD 8850M,"
01-Apr-2013",4096x2160,Yes
620.0,20.0,2048.0,64.0,128.0,1000.0,6.0,8.0,GCN 1.1 Mars PRO,1600 x 900,Yes,AMD,GDDR5,Radeon HD 8750M,"
26-Feb-2013",2560x1600,Yes
775.0,32.75,1024.0,36.0,64.0,1125.0,7.0,8.0,GCN 1.1 Mars XT,1366 x 768,Yes,AMD,GDDR5,Radeon HD 8690M,"
01-Jan-2013",2560x1600,No
650.0,15.0,1024.0,32.0,128.0,1000.0,6.0,8.0,GCN 1.1 Mars LE,1366 x 768,Yes,AMD,DDR3,Radeon HD 8730M,"
01-Apr-2013",4096x2160,Yes
670.0,20.0,2048.0,28.8,128.0,900.0,7.0,8.0,GCN 1.1 Mars PRO,1366 x 768,Yes,AMD,DDR3,Radeon HD 8750M v2,"
26-Feb-2013",2560x1600,Yes
775.0,15.25,1024.0,14.4,64.0,900.0,7.0,8.0,GCN 1.1 Mars XT,1366 x 768,Yes,AMD,DDR3,Radeon HD 8670M,"
01-Mar-2013",2560x1600,No
650.0,44.625,1024.0,36.0,64.0,1125.0,22.0,32.0,GCN 1.1 Sun PRO,,Yes,AMD,GDDR5,Radeon HD 8570M,"
01-Jan-2013",2560x1600,Yes
800.75,20.375,1024.0,14.4,64.0,900.0,22.0,32.0,GCN,1366 x 768,Yes,AMD,DDR3,Radeon HD 8550M,"
01-Jan-2013",2560x1600,No
775.0,23.25,2048.0,14.4,64.0,900.0,7.0,8.0,GCN 1.1 Mars XT,1366 x 768,Yes,AMD,DDR3,Radeon HD 8670M 2GB,"
01-Mar-2013",2560x1600,Yes
680.0,75.0,2048.0,115.2,256.0,900.0,22.0,32.0,Terascale 2 Blackcomb XT,1920 x 1080,Yes,AMD,GDDR5,Radeon HD 6970M,"
04-Jan-2011",1600x900,Yes
493.125,25.0,568.0,25.6,128.0,800.0,2.0,4.0,Kalindi,,No,AMD,DDR3,Radeon HD 8400,"
23-May-2013",,No
580.0,50.0,1024.0,115.2,256.0,900.0,19.0,32.0,Terascale 2 Blackcomb PRO,1680 x 1050,Yes,AMD,GDDR5,Radeon HD 6950M,"
04-Jan-2011",2560x1600,Yes
675.0,50.0,1024.0,25.6,128.0,800.0,11.0,16.0,Terascale 2 Granville PRO,1600 x 900,Yes,AMD,DDR3,Radeon HD 6850M,"
04-Jan-2011",2560x1600,No
575.0,39.0,2048.0,25.6,128.0,800.0,9.0,16.0,Terascale 2 Granville LP,1366 x 768,Yes,AMD,DDR3,Radeon HD 6830M,"
04-Jan-2011",2560x1600,No
675.0,50.0,1024.0,64.0,128.0,1000.0,11.0,16.0,Terascale 2 Granville XT,1600 x 900,Yes,AMD,GDDR5,Radeon HD 6870M,"
04-Jan-2011",2560x1600,Yes
725.0,35.0,2048.0,51.2,128.0,800.0,6.0,8.0,Terascale 2 Whistler XT,1440 x 900,Yes,AMD,GDDR5,Radeon HD 6770M 2GB,"
01-Jan-2011",2560x1600,Yes
715.0,100.0,2048.0,115.2,256.0,900.0,23.0,32.0,Terascale 2 Blackcomb XTX,1920 x 1080,Yes,AMD,GDDR5,Radeon HD 6990M,"
12-Jul-2011",2560x1600,Yes
725.0,35.0,1024.0,51.2,128.0,800.0,6.0,8.0,Terascale 2 Whistler XT,1440 x 900,Yes,AMD,GDDR5,Radeon HD 6770M,"
04-Jan-2011",2560x1600,Yes
600.0,45.5,512.0,51.2,128.0,800.0,5.0,8.0,Terascale 2 Whistler PRO,1366 x 768,Yes,AMD,GDDR5,Radeon HD 6750M 512MB,"
01-Jan-2011",2560x1600,Yes
600.0,44.0,1024.0,51.2,128.0,800.0,5.0,8.0,Terascale 2 Whistler PRO,1366 x 768,Yes,AMD,GDDR5,Radeon HD 6750M,"
04-Jan-2011",2560x1600,Yes
600.0,32.0,1024.0,25.6,128.0,800.0,5.0,8.0,Terascale 2 Whistler LE,1366 x 768,Yes,AMD,DDR3,Radeon HD 6650M,"
04-Jan-2011",2560x1600,Yes
650.0,30.0,1024.0,51.2,128.0,800.0,5.0,8.0,Terascale 2 Capilano XT,1440 x 900,Yes,AMD,GDDR5,Radeon HD 6570M,"
26-Nov-2010",2560x1600,No
725.0,39.0,1024.0,25.6,128.0,800.0,6.0,8.0,Terascale 2 Whistler LE,1366 x 768,Yes,AMD,DDR3,Radeon HD 6730M,"
04-Jan-2011",2560x1600,Yes
485.0,26.0,1024.0,25.6,128.0,800.0,4.0,8.0,Terascale 2 Whistler LP,1366 x 768,Yes,AMD,DDR3,Radeon HD 6630M,"
04-Jan-2011",2560x1600,Yes
600.0,26.0,1024.0,25.6,128.0,800.0,5.0,8.0,Terascale 2 Capilano PRO,1366 x 768,Yes,AMD,DDR3,Radeon HD 6550M,"
26-Nov-2010",2560x1600,No
800.0,11.0,1024.0,12.8,64.0,800.0,3.0,4.0,Terascale 2 Seymour XT,1024 x 768,Yes,AMD,DDR3,Radeon HD 6470M,"
04-Jan-2011",2560x1600,No
750.0,14.0,512.0,25.6,64.0,800.0,3.0,4.0,Terascale 2 Seymour XTX,1366 x 768,Yes,AMD,GDDR5,Radeon HD 6490M,"
04-Jan-2011",2560x1600,No
500.0,26.0,1024.0,25.6,128.0,800.0,4.0,8.0,Terascale 2 Capilano LE,1366 x 768,Yes,AMD,DDR3,Radeon HD 6530M,"
26-Nov-2010",2560x1600,No
600.0,11.0,1024.0,12.8,64.0,800.0,2.0,4.0,Terascale 2 Seymour PRO,1024 x 768,Yes,AMD,DDR3,Radeon HD 6450M,"
04-Jan-2011",2560x1600,No
750.0,11.0,1024.0,12.8,64.0,800.0,3.0,4.0,Terascale 2 Robson XT,1024 x 768,Yes,AMD,DDR3,Radeon HD 6370M,"
26-Nov-2010",2560x1600,No
500.0,7.0,1024.0,14.4,64.0,900.0,2.0,4.0,Terascale 2 Robson PRO,1024 x 768,Yes,AMD,DDR3,Radeon HD 6350M,"
26-Nov-2010",2560x1600,No
480.0,11.0,1024.0,12.8,64.0,800.0,2.0,4.0,Terascale 2 Seymour LE,1024 x 768,Yes,AMD,DDR3,Radeon HD 6430M,"
04-Jan-2011",2560x1600,No
500.0,7.0,1024.0,12.8,64.0,800.0,2.0,4.0,Terascale 2 Robson LE,,Yes,AMD,DDR3,Radeon HD 6330M,"
26-Nov-2010",2560x1600,No
237.5,15.0,568.0,25.6,128.0,800.0,2.0,4.0,Kalindi,,No,AMD,DDR3,Radeon HD 8330,"
01-Aug-2013",,No
662.5,8.0,440.0,17.1,128.0,533.0,2.0,4.0,Kalindi LP,,No,AMD,DDR3,Radeon HD 8250,"
23-May-2013",,No
237.5,15.0,568.0,25.6,128.0,800.0,2.0,4.0,Kalindi,,No,AMD,DDR3,Radeon HD 8280,"
01-Sep-2013",,No
337.125,18.0,224.0,6.4,128.0,426.25,2.0,4.0,Zacate,800 x 600,No,AMD,DDR3,Radeon HD 6320,"
16-Nov-2010",2560x1600,No
676.25,4.0,320.0,17.1,128.0,533.0,1.0,4.0,Kalindi LP,,No,AMD,DDR3,Radeon HD 8180,"
23-May-2013",,No
302.5,9.0,568.0,25.6,128.0,800.0,2.0,4.0,Loveland,800 x 600,No,AMD,DDR3,Radeon HD 6290,"
07-Jan-2011",2560x1600,No
303.875,9.0,184.0,16.8875,128.0,378.25,1.0,4.0,Zacate,800 x 600,No,AMD,DDR3,Radeon HD 6250,"
09-Nov-2010",2560x1600,No
285.125,8.0,272.0,35.3625,128.0,476.0,1.0,4.0,Kalindi LP,,No,AMD,DDR3,Radeon HD 8210,"
23-May-2013",,No
700.0,75.0,2048.0,128.0,256.0,1000.0,22.0,32.0,GCN 1.0 Wimbledon PRO,1920 x 1080,Yes,AMD,GDDR5,Radeon HD 7950M [not released],"
01-May-2012",4096x2160,Yes
561.375,15.0,623.0,21.3,128.0,667.0,2.0,4.0,Kalindi,,No,AMD,DDR3,Radeon HD 8240,"
01-Nov-2013",,No
337.125,18.0,224.0,6.4,128.0,426.25,2.0,4.0,Zacate,800 x 600,No,AMD,DDR3,Radeon HD 6310,"
09-Nov-2010",2560x1600,No
675.0,40.0,2048.0,64.0,128.0,1000.0,11.0,16.0,GCN 1.0 Heathrow Pro,1600 x 900,Yes,AMD,GDDR5,Radeon HD 7850M,"
24-Apr-2012",2560x1600,Yes
800.0,45.0,2048.0,64.0,128.0,1000.0,13.0,16.0,GCN 1.0 Heathrow XT,1600 x 900,Yes,AMD,GDDR5,Radeon HD 7870M,"
24-Apr-2012",2560x1600,Yes
675.0,32.0,2048.0,64.0,128.0,1000.0,11.0,16.0,GCN 1.0 Chelsea XT,1600 x 900,Yes,AMD,GDDR5,Radeon HD 7770M 2GB,"
24-Apr-2012",2560x1600,No
850.0,100.0,2048.0,153.6,256.0,1200.0,27.0,32.0,GCN 1.0 Wimbledon XT,1920 x 1080,Yes,AMD,GDDR5,Radeon HD 7970M,"
01-May-2012",4096x2160,Yes
850.0,200.0,4096.0,307.2,256.0,1200.0,54.0,32.0,GCN 1.0 Wimbledon XT (x2),1920 x 1080,Yes,AMD,GDDR5,Radeon HD 7970M Crossfire,"
01-May-2012",4096x2160,Yes
575.0,25.0,2048.0,28.8,128.0,900.0,11.0,16.0,GCN 1.0 Chelsea LE,1366 x 768,Yes,AMD,DDR3,Radeon HD 7730M,"
23-Apr-2012",2560x1600,Yes
725.0,25.0,1024.0,57.6,128.0,900.0,6.0,8.0,Terascale 2 Thames XTX,1600 x 900,Yes,AMD,GDDR5,Radeon HD 7690M XT,"
07-Jan-2013",2560x1600,Yes
600.0,20.0,1024.0,28.8,128.0,900.0,10.0,16.0,Terascale 2 Thames XT,1366 x 768,Yes,AMD,DDR3,Radeon HD 7670M,"
07-Jan-2012",2560x1600,No
500.0,20.0,1024.0,28.8,128.0,900.0,4.0,8.0,Terascale 2 Thames PRO,1366 x 768,Yes,AMD,DDR3,Radeon HD 7650M,"
07-Jan-2012",2560x1600,Yes
600.0,20.0,2048.0,28.8,128.0,900.0,10.0,16.0,Terascale 2 Thames XT,1366 x 768,Yes,AMD,DDR3,Radeon HD 7670M 2GB,"
07-Jan-2012",2560x1600,Yes
575.0,28.0,1024.0,64.0,128.0,1000.0,9.0,16.0,GCN 1.0 Chelsea PRO,1600 x 900,Yes,AMD,GDDR5,Radeon HD 7750M,"
24-Apr-2012",2560x1600,Yes
675.0,32.0,1024.0,64.0,128.0,1000.0,11.0,16.0,GCN 1.0 Chelsea XT,1600 x 900,Yes,AMD,GDDR5,Radeon HD 7770M,"
24-Apr-2012",2560x1600,Yes
725.0,20.0,1024.0,28.8,128.0,900.0,12.0,16.0,Terascale 2 Thames XT,1366 x 768,Yes,AMD,DDR3,Radeon HD 7690M,"
25-Dec-2011",2560x1600,Yes
450.0,20.0,1024.0,25.6,128.0,800.0,4.0,8.0,Terascale 2 Thames LP,1366 x 768,Yes,AMD,DDR3,Radeon HD 7630M,"
07-Jan-2012",2560x1600,No
450.0,20.0,1024.0,25.6,128.0,800.0,4.0,8.0,Terascale 2 Thames LE,1366 x 768,Yes,AMD,DDR3,Radeon HD 7610M,"
07-Jan-2012",2560x1600,No
450.0,14.0,1024.0,25.6,64.0,800.0,4.0,8.0,Terascale 2 Thames PRO,1366 x 768,Yes,AMD,GDDR5,Radeon HD 7550M v2,"
07-Jan-2012",2560x1600,Yes
600.0,18.0,1024.0,25.6,64.0,800.0,5.0,8.0,Terascale 2 Thames XT,1366 x 768,Yes,AMD,GDDR5,Radeon HD 7590M,"
07-Jan-2012",2560x1600,Yes
450.0,11.0,1024.0,12.8,64.0,800.0,4.0,8.0,Terascale 2 Thames LE,1366 x 768,Yes,AMD,DDR3,Radeon HD 7510M,"
07-Jan-2012",2560x1600,No
450.0,11.0,1024.0,14.4,64.0,900.0,4.0,8.0,Terascale 2 Thames LP,1366 x 768,Yes,AMD,DDR3,Radeon HD 7530M,"
07-Jan-2012",2560x1600,No
500.0,14.0,2048.0,14.4,64.0,900.0,4.0,8.0,Terascale 2 Thames PRO,1366 x 768,Yes,AMD,DDR3,Radeon HD 7550M,"
07-Jan-2012",2560x1600,Yes
500.0,13.0,1024.0,25.6,64.0,800.0,4.0,8.0,Terascale 2 Thames PRO,1366 x 768,Yes,AMD,GDDR5,Radeon HD 7570M,"
07-Jan-2012",2560x1600,Yes
600.0,7.0,1024.0,14.4,64.0,900.0,2.0,4.0,Terascale 2 Seymour PRO,1280 x 720,Yes,AMD,DDR3,Radeon HD 7430M,"
07-Jan-2012",2560x1600,No
700.0,7.0,1024.0,14.4,64.0,900.0,3.0,4.0,Terascale 2 Seymour PRO,1280 x 720,Yes,AMD,DDR3,Radeon HD 7450M,"
07-Jan-2012",2560x1600,No
800.0,7.0,512.0,14.4,64.0,900.0,3.0,4.0,Terascale 2 Seymour XT,1366 x 768,Yes,AMD,DDR3,Radeon HD 7470M,"
07-Jan-2012",2560x1600,No
800.0,9.0,1024.0,30.4,64.0,950.0,3.0,4.0,Terascale 2 Seymour XTX,1366 x 768,Yes,AMD,GDDR5,Radeon HD 7490M,"
07-Jan-2012",2560x1600,No
750.0,11.0,1024.0,12.8,64.0,800.0,3.0,4.0,Terascale 2 Robson XT,1280 x 720,Yes,AMD,DDR3,Radeon HD 7370M,"
07-Jan-2012",2560x1600,No
523.0,18.0,672.0,10.7,64.0,667.0,3.0,4.0,Terascale 2 Loveland,1280 x 720,No,AMD,DDR3,Radeon HD 7340,"
06-Jun-2012",2560x1600,No
500.0,7.0,1024.0,14.4,64.0,900.0,2.0,4.0,Terascale 2 Robson PRO,1280 x 720,Yes,AMD,DDR3,Radeon HD 7350M,"
07-Jan-2012",2560x1600,No
500.0,5.0,1024.0,12.8,64.0,800.0,2.0,4.0,Terascale 2 Robson LE,1280 x 720,Yes,AMD,DDR3,Radeon HD 7330M,"
07-Jan-2012",2560x1600,No
500.0,18.0,320.0,8.5,64.0,533.0,2.0,4.0,Terascale 2 Loveland,1280 x 720,No,AMD,DDR3,Radeon HD 7310,"
05-Jun-2012",2560x1600,No
808.375,75.0,2048.0,64.0,128.0,1000.0,15.0,16.0,Saturn XT,1600 x 900,Yes,AMD,GDDR5,Radeon R9 M280X [not released],"
01-Jun-2014",4096x2160,Yes
768.625,50.0,2048.0,64.0,128.0,1000.0,15.0,16.0,GCN 1.1 Venus XTX,1920 x 1080,Yes,AMD,GDDR5,Radeon R9 M275X,"
09-Mar-2014",4096x2160,Yes
779.5,35.0,2048.0,64.0,128.0,1000.0,10.0,16.0,GCN 1.1 Venus PRO,1600 x 900,Yes,AMD,GDDR5,Radeon R9 M265X,"
09-Jan-2014",4096x2160,Yes
773.625,50.0,2048.0,64.0,128.0,1000.0,13.25,16.0,Venus XT,1920 x 1080,Yes,AMD,GDDR5,Radeon R9 M275 [not released],"
09-Mar-2014",4096x2160,Yes
790.5,50.0,2048.0,64.0,128.0,1000.0,12.0,16.0,GCN 1.1 Venus XT,1600 x 900,Yes,AMD,GDDR5,Radeon R9 M270X,"
01-Jun-2014",4096x2160,Yes
715.0,35.0,2048.0,64.0,128.0,1000.0,6.0,8.0,GCN 1.1 Mars XT,1600 x 900,Yes,AMD,GDDR5,Radeon R7 M260X,"
09-Jan-2014",4096x2160,No
800.0,35.0,2048.0,32.0,128.0,1000.0,7.0,8.0,GCN 1.1 Mars XT,1366 x 768,Yes,AMD,DDR3,Radeon R7 M265,"
09-Jan-2014",4096x2160,Yes
940.0,35.0,2048.0,16.0,64.0,1000.0,8.0,8.0,GCN 1.1 Topaz XT,1366 x 768,Yes,AMD,DDR3,Radeon R7 M260,"
11-Jun-2014",4096x2160,No
620.0,35.0,4096.0,28.8,128.0,900.0,6.0,8.0,GCN 1.1 Mars PRO,1366 x 768,Yes,AMD,DDR3,Radeon R7 M260 v2,"
09-Jan-2014",4096x2160,No
725.0,30.0,4096.0,32.0,128.0,1000.0,7.0,8.0,GCN 1.1 Opal XT,1366 x 768,Yes,AMD,DDR3,Radeon R7 M270,"
09-Jan-2014",4096x2160,Yes
925.0,20.0,4096.0,16.0,64.0,1000.0,8.0,8.0,GCN 1.1 Sun PRO,1366 x 768,Yes,AMD,DDR3,Radeon R5 M255,"
12-Oct-2014",2560x1600,No
745.0,17.0,1024.0,14.4,64.0,900.0,5.0,8.0,Jet PRO,,Yes,AMD,DDR3,Radeon R5 M220,"
01-Nov-2013",2560x1600,No
674.625,13.0,1024.0,14.4,64.0,900.0,4.0,8.0,Jet LE,,Yes,AMD,DDR3,Radeon R5 M210,"
01-Nov-2013",2560x1600,No
780.0,20.0,4096.0,16.0,64.0,1000.0,7.0,8.0,GCN 1.1 Sun LE,1366 x 768,Yes,AMD,DDR3,Radeon R5 M230,"
01-Jan-2014",2560x1600,No
1000.0,31.125,2048.0,16.0,64.0,1000.0,8.0,8.0,GCN 1.1 Jet XT,1366 x 768,Yes,AMD,DDR3,Radeon R5 M240,"
18-Sep-2014",2560x1600,No
527.5,26.375,256.0,12.8,128.0,400.0,1.875,4.75,M66,,Yes,AMD,DDR2,Mobility Radeon X2500,"
01-Jun-2007",,No
522.0,24.0,400.0,6.4,64.0,400.0,2.0,4.0,RS690M,,No,AMD,DDR2,Mobility Radeon Xpress 1250,"
01-Feb-2007",,No
613.75,93.25,256.0,32.0,256.0,500.0,39.375,38.0,R520,,Yes,AMD,GDDR3,Mobility Radeon X1800,"
01-Mar-2006",2048x1536,No
602.5,61.5,256.0,30.1,256.0,470.0,39.75,38.5,RV570,,Yes,AMD,GDDR3,Mobility Radeon X1900,"
11-Jan-2007",2048x1536,No
527.5,31.0,128.0,12.8,128.0,400.0,1.75,4.25,M64,,Yes,AMD,GDDR3,Mobility Radeon X2300 128MB GDDR3,"
01-Mar-2007",,No
451.25,31.625,128.0,8.0,128.0,250.0,1.75,4.25,RV515,,Yes,AMD,DDR2,Mobility Radeon X1400,"
19-Jan-2006",2048x1536,No
451.25,31.625,128.0,8.0,128.0,250.0,1.75,4.25,RV515,,Yes,AMD,DDR2,Mobility Radeon X1300,"
19-Jan-2006",2048x1536,No
900.0,75.0,4096.0,88.0,128.0,1375.0,16.0,16.0,GCN 1.1 Saturn PRO,1600 x 900,Yes,AMD,GDDR5,Radeon R9 M385 4GB,"
09-Jun-2015",4096x2160,Yes
1000.0,75.0,4096.0,96.0,128.0,1500.0,16.0,16.0,GCN 1.2 Strato PRO,1600 x 900,Yes,AMD,GDDR5,Radeon R9 M380 4GB,"
09-Jun-2015",4096x2160,Yes
602.5,33.125,256.0,15.0,128.0,470.0,1.75,4.25,RV530,,Yes,AMD,GDDR3,Mobility Radeon X1600,"
01-Feb-2006",2048x1536,No
1000.0,75.0,4096.0,96.0,128.0,1500.0,18.0,16.0,GCN 1.1 Saturn XT,1600 x 900,Yes,AMD,GDDR5,Radeon R9 M385X 4GB,"
09-Jun-2015",4096x2160,Yes
900.0,75.0,4096.0,72.0,128.0,1125.0,15.0,16.0,GCN 1.0 Venus XTX,1600 x 900,Yes,AMD,GDDR5,Radeon R9 M375X 4GB,"
09-Jun-2015",4096x2160,Yes
611.375,50.0,4096.0,64.0,128.0,1000.0,15.0,16.0,GCN 1.0 ????,1600 x 900,Yes,AMD,GDDR5,Radeon R9 M360 4GB,"
09-Jun-2015",4096x2160,Yes
625.0,50.0,4096.0,64.0,128.0,1000.0,10.0,16.0,GCN 1.0 Venus PRO,1600 x 900,Yes,AMD,GDDR5,Radeon R9 M365X 4GB,"
09-Jun-2015",4096x2160,Yes
943.0,25.0,2048.0,16.0,64.0,1000.0,8.0,8.0,GCN 1.1 Meso PRO,1366 x 768,Yes,AMD,DDR3,Radeon R7 M340 2GB,"
05-May-2015",2560x1600,No
1000.0,75.0,2048.0,35.2,128.0,1100.0,16.0,16.0,GCN 1.0 Venus XTX,1366 x 768,Yes,AMD,DDR3,Radeon R9 M375 2GB,"
05-May-2015",4096x2160,Yes
1000.0,50.0,2048.0,17.6,64.0,1100.0,8.0,8.0,GCN 1.1 Mars XT,1366 x 768,Yes,AMD,DDR3,Radeon R7 M360 2GB,"
05-May-2015",4096x2160,No
527.5,26.375,256.0,12.8,128.0,400.0,1.875,4.75,RV535,,Yes,AMD,GDDR3,Mobility Radeon X1700,"
02-Jan-2006",2560x1600,No
1000.0,50.0,4096.0,17.6,64.0,1100.0,8.0,8.0,GCN 1.1 Mars XT,1366 x 768,Yes,AMD,DDR3,Radeon R7 M360 4GB,"
05-May-2015",4096x2160,No
508.75,20.125,128.0,6.3,64.0,392.0,2.0,4.0,M62,,Yes,AMD,DDR2,Mobility Radeon X1350,"
18-Sep-2006",,No
1070.0,25.0,2048.0,17.6,64.0,1100.0,9.0,8.0,GCN 1.1 Exo XT,1366 x 768,Yes,AMD,DDR3,Radeon R5 M335 2GB,"
21-Oct-2015",2560x1600,No
1000.0,25.0,2048.0,16.0,64.0,1000.0,8.0,8.0,GCN 1.1 Sun PRO,1366 x 768,Yes,AMD,DDR3,Radeon R5 M330 2GB,"
05-May-2015",2560x1600,No
780.0,20.0,2048.0,16.0,64.0,1000.0,7.0,8.0,GCN 1.1 Jet PRO,1366 x 768,Yes,AMD,DDR3,Radeon R5 M320 2GB,"
05-May-2015",2560x1600,No
1000.0,25.0,4096.0,16.0,64.0,1000.0,8.0,8.0,GCN 1.1 Sun PRO,1366 x 768,Yes,AMD,DDR3,Radeon R5 M330 4GB,"
05-May-2015",2560x1600,No
900.0,75.0,4096.0,88.0,128.0,1375.0,16.0,16.0,GCN 1.1 Saturn PRO,1600 x 900,Yes,AMD,GDDR5,Radeon R9 M470 4GB,"
13-May-2016",4096x2160,Yes
1000.0,75.0,4096.0,96.0,128.0,1500.0,18.0,16.0,GCN 1.1 Saturn XT,1600 x 900,Yes,AMD,GDDR5,Radeon R9 M470X 4GB,"
13-May-2016",4096x2160,Yes
540.0,14.0,344.0,10.7,128.0,333.0,1.625,3.75,,,No,Intel,DDR2,Intel GM965 Express Chipset,"
01-May-2007",,No
662.5,12.0,440.0,17.1,128.0,533.0,1.5,3.75,Cantiga,,No,Intel,DDR3,Intel GM45 Express Chipset,"
01-Sep-2008",,No
448.75,20.75,128.0,2.0,64.0,250.0,2.375,4.0,RV370,,Yes,AMD,DDR,Mobility Radeon X300,"
01-Nov-2005",1280x1024,No
1070.0,25.0,4096.0,17.6,64.0,1100.0,9.0,8.0,GCN 1.1 Exo XT,1366 x 768,Yes,AMD,DDR3,Radeon R5 M335 4GB,"
21-Oct-2015",4096x2160,No
543.75,32.0,1344.0,21.925,64.0,663.625,2.625,3.5,,,No,AMD,DDR,Mobility Radeon Xpress 200,"
01-Feb-2004",1280x1024,No
711.25,35.0,1400.0,17.1,128.0,533.0,2.25,4.25,Arrandale,,No,Intel,DDR3,HD i5 M580,"
30-Sep-2010",,No
451.25,30.0,128.0,4.0,128.0,250.0,1.75,4.25,RV380,,Yes,AMD,DDR,Mobility Radeon X600,"
01-Jun-2004",2048x1536,No
527.5,18.375,128.0,11.2,128.0,350.0,1.75,4.25,RV410,,Yes,AMD,DDR2,Mobility Radeon X700,"
01-Mar-2005",2048x1536,No
513.875,17.375,64.0,2.175,104.0,166.0,1.0,4.0,Montara-GM,,No,Intel,DDR,Intel 82852/82855,"
01-Feb-2004",,No
540.0,18.0,304.0,12.8,128.0,400.0,2.375,4.75,Arrandale,,No,Intel,DDR3,HD i5 U470,"
30-Dec-2010",,No
540.0,18.0,304.0,12.8,128.0,400.0,2.375,4.75,Arrandale,,No,Intel,DDR3,HD i5 U430,"
30-May-2010",,No
711.25,35.0,1400.0,17.1,128.0,533.0,2.25,4.25,Arrandale,,No,Intel,DDR3,HD i5 M560,"
30-Sep-2010",,No
711.25,35.0,1400.0,17.1,128.0,533.0,2.25,4.25,Arrandale,,No,Intel,DDR3,HD i5 M480,"
30-Mar-2011",,No
711.25,35.0,1400.0,17.1,128.0,533.0,2.25,4.25,Arrandale,,No,Intel,DDR3,HD i5 M520,"
30-Mar-2010",,No
711.25,35.0,1400.0,17.1,128.0,533.0,2.25,4.25,Arrandale,,No,Intel,DDR3,HD i5 M540,"
30-Mar-2010",,No
711.25,35.0,1400.0,17.1,128.0,533.0,2.25,4.25,Arrandale,,No,Intel,DDR3,HD i5 M460,"
30-Sep-2010",,No
711.25,35.0,1400.0,17.1,128.0,533.0,2.25,4.25,Arrandale,,No,Intel,DDR3,HD i5 M430,"
30-Mar-2010",,No
711.25,35.0,1400.0,17.1,128.0,533.0,2.25,4.25,Arrandale,,No,Intel,DDR3,HD i5 M450,"
30-May-2010",,No
300.0,15.0,536.0,34.1,128.0,1067.0,8.0,8.0,Skylake GT2-U,1366 x 768,No,Intel,DDR4,HD i5 6300U,"
01-Sep-2015",4096x2304,No
350.0,35.0,632.0,34.1,128.0,1067.0,8.0,8.0,Skylake GT2-H,1366 x 768,No,Intel,DDR4,HD i5 6440HQ,"
01-Sep-2015",4096x2304,No
300.0,15.0,424.0,29.9,128.0,933.0,2.0,2.0,Broadwell GT3,1366 x 768,No,Intel,DDR3,HD i5 5350U,"
05-Jan-2015",2560x1600,No
300.0,15.0,536.0,34.1,128.0,1067.0,8.0,8.0,Skylake GT2-U,1366 x 768,No,Intel,DDR4,HD i5 6200U,"
01-Sep-2015",4096x2304,No
200.0,15.0,632.0,25.6,128.0,800.0,4.0,4.0,Haswell GT3,1366 x 768,No,Intel,DDR3,HD i5 4250U,"
02-Jun-2013",2560x1600,No
200.0,15.0,632.0,25.6,128.0,800.0,4.0,4.0,Haswell GT3,1366 x 768,No,Intel,DDR3,HD i5 4260U,"
14-Apr-2014",2560x1600,No
350.0,35.0,632.0,34.1,128.0,1067.0,8.0,8.0,Skylake GT2-H,1366 x 768,No,Intel,DDR4,HD i5 6300HQ,"
01-Sep-2015",4096x2304,No
300.0,15.0,424.0,29.9,128.0,933.0,2.0,2.0,Broadwell GT3,1366 x 768,No,Intel,DDR3,HD i5 5250U,"
05-Jan-2015",2560x1600,No
200.0,15.0,632.0,25.6,128.0,800.0,4.0,4.0,Haswell GT3,1366 x 768,No,Intel,DDR3,HD i5 4210U,"
14-Apr-2014",2560x1600,No
400.0,47.0,568.0,25.6,128.0,800.0,2.0,2.0,Haswell GT2,1366 x 768,No,Intel,DDR3,HD i5 4210M,"
14-Apr-2014",2560x1600,No
400.0,47.0,568.0,25.6,128.0,800.0,2.0,2.0,Haswell GT2,1366 x 768,No,Intel,DDR3,HD i5 4210H,"
20-Jul-2014",2560x1600,No
400.0,47.0,568.0,25.6,128.0,800.0,2.0,2.0,Haswell GT2,1366 x 768,No,Intel,DDR3,HD i5 4200H,"
01-Sep-2013",2560x1600,No
200.0,15.0,632.0,25.6,128.0,800.0,2.0,2.0,Haswell GT1,1366 x 768,No,Intel,DDR3,HD i5 4200U,"
02-Jun-2014",2560x1600,No
663.75,35.0,1103.0,21.3,128.0,667.0,3.125,5.375,Sandy Bridge,,No,Intel,DDR3,HD i5 2520M,"
30-Mar-2011",,No
663.75,35.0,1103.0,21.3,128.0,667.0,3.125,5.375,Sandy Bridge,,No,Intel,DDR3,HD i5 2430M,"
02-Nov-2011",,No
561.375,17.0,623.0,21.3,128.0,667.0,2.0,3.875,Sandy Bridge,,No,Intel,DDR3,HD i5 2467M,"
30-May-2011",,No
711.25,35.0,1400.0,17.1,128.0,533.0,2.25,4.25,Arrandale,,No,Intel,DDR3,HD i3 M380,"
30-Sep-2010",,No
663.75,35.0,1103.0,21.3,128.0,667.0,3.125,5.375,Sandy Bridge,,No,Intel,DDR3,HD i5 2410M,"
30-Mar-2011",,No
727.875,35.625,1144.0,17.1,128.0,533.0,3.125,5.125,Arrandale,,No,Intel,DDR3,HD i3 M390,"
30-Mar-2010",,No
400.0,47.0,568.0,25.6,128.0,800.0,2.0,2.0,Haswell GT2,1366 x 768,No,Intel,DDR3,HD i5 4200M,"
01-Sep-2013",2560x1600,No
739.375,35.0,1088.0,8.5,64.0,533.0,2.875,4.0,Arrandale,,No,Intel,DDR3,HD i3 M370,"
30-Sep-2010",,No
300.0,5.0,664.0,29.9,128.0,933.0,7.0,8.0,Skylake GT2-Y,1366 x 768,No,Intel,DDR3,HD M5-6Y57,"
01-Sep-2015",4096x2304,No
300.0,5.0,664.0,29.9,128.0,933.0,7.0,8.0,Skylake GT2-Y,1366 x 768,No,Intel,DDR3,HD M5-6Y54,"
01-Sep-2015",4096x2304,No
300.0,5.0,664.0,29.9,128.0,933.0,8.0,8.0,Skylake GT2-Y,1366 x 768,No,Intel,DDR3,HD M7-6Y75,"
01-Sep-2015",4096x2304,No
300.0,5.0,664.0,29.9,128.0,933.0,7.0,8.0,Skylake GT2-Y,1366 x 768,No,Intel,DDR3,HD M3-6Y30,"
01-Sep-2015",4096x2304,No
300.0,5.0,760.0,25.6,128.0,800.0,1.0,1.0,Broadwell GT2,1366 x 768,No,Intel,DDR3,HD M-5Y70,"
05-Sep-2014",2560x1600,No
300.0,5.0,760.0,25.6,128.0,800.0,1.0,1.0,Broadwell GT2,1366 x 768,No,Intel,DDR3,HD M-5Y71,"
05-Jan-2015",2560x1600,No
711.25,35.0,1400.0,17.1,128.0,533.0,2.25,4.25,Arrandale,,No,Intel,DDR3,HD i3 M330,"
30-Mar-2010",,No
300.0,5.0,760.0,25.6,128.0,800.0,1.0,1.0,Broadwell GT2,1366 x 768,No,Intel,DDR3,HD M-5Y31,"
05-Jan-2015",2560x1600,No
300.0,15.0,536.0,34.1,128.0,1067.0,8.0,8.0,Skylake GT2-U,1366 x 768,No,Intel,DDR4,HD i3 6100U,"
01-Sep-2015",4096x2304,No
350.0,35.0,632.0,34.1,128.0,1067.0,7.0,8.0,Skylake GT2-H,1366 x 768,No,Intel,DDR4,HD i3 6100H,"
01-Sep-2015",4096x2304,No
300.0,5.0,760.0,25.6,128.0,800.0,1.0,1.0,Broadwell GT2,1366 x 768,No,Intel,DDR3,HD M-5Y51,"
05-Jan-2015",2560x1600,No
561.375,17.0,623.0,21.3,128.0,667.0,2.0,3.875,Sandy Bridge,,No,Intel,DDR3,HD i3 2357M,"
30-May-2011",,No
663.75,35.0,1103.0,21.3,128.0,667.0,3.125,5.375,Sandy Bridge,,No,Intel,DDR3,HD i3 2370M,"
01-Jan-2012",,No
663.75,35.0,1103.0,21.3,128.0,667.0,3.125,5.375,Sandy Bridge,,No,Intel,DDR3,HD i3 2310M,"
30-Mar-2011",,No
732.625,18.875,1720.0,21.3,128.0,667.0,2.375,2.25,Sandy Bridge,,Yes,Intel,DDR3,HD i3 2330M,"
01-Jun-2011",2560x1600,No
100.0,5.0,632.0,25.6,128.0,800.0,1.0,1.0,Broadwell GT2,1366 x 768,No,Intel,DDR3,HD M-5Y10a,"
05-Sep-2014",2560x1600,No
100.0,5.0,632.0,25.6,128.0,800.0,1.0,1.0,Broadwell GT2,1366 x 768,No,Intel,DDR3,HD M-5Y10,"
05-Sep-2014",2560x1600,No
635.625,22.625,864.0,8.5,64.0,533.0,2.375,4.0,Arrandale,,No,Intel,DDR3,HD i7 M620,"
07-Jan-2010",2560x1600,No
350.0,45.0,632.0,34.1,128.0,1067.0,8.0,8.0,Skylake GT2-H,1366 x 768,No,Intel,DDR4,HD i7 6820HK,"
01-Sep-2015",4096x2304,No
350.0,45.0,632.0,34.1,128.0,1067.0,8.0,8.0,Skylake GT2-H,1366 x 768,No,Intel,DDR4,HD i7 6820HQ,"
01-Sep-2015",4096x2304,No
300.0,5.0,760.0,25.6,128.0,800.0,1.0,1.0,Broadwell GT2,1366 x 768,No,Intel,DDR3,HD M-5Y10c,"
05-Jan-2015",2560x1600,No
350.0,45.0,632.0,34.1,128.0,1067.0,8.0,8.0,Skylake GT2-H,1366 x 768,No,Intel,DDR4,HD i7 6920HQ,"
01-Sep-2015",4096x2304,No
300.0,15.0,536.0,34.1,128.0,1067.0,8.0,8.0,Skylake GT2-U,1366 x 768,No,Intel,DDR4,HD i7 6500U,"
01-Sep-2015",4096x2304,No
300.0,47.0,408.0,29.9,128.0,933.0,1.0,1.0,Broadwell GT2,1366 x 768,No,Intel,DDR3,HD i7 5700HQ,"
02-Jun-2015",2560x1600,No
946.893927125506,125.59870550161813,2872.7689216342933,138.2429223744292,205.35645933014354,1175.6555589215388,34.965408805031444,26.821827057182706,,,No,Intel,,Intel GMA 900,"
01-Mar-2005",,No
350.0,45.0,632.0,34.1,128.0,1067.0,8.0,8.0,Skylake GT2-H,1366 x 768,No,Intel,DDR4,HD i7 6700HQ,"
01-Sep-2015",4096x2304,No
350.0,5.0,623.0,21.3,128.0,667.0,1.0,1.0,Sandy Bridge GT1,1024 x 768,No,Intel,DDR3,Intel HD Graphics Mobile (Sandy Bridge),"
05-Sep-2014",2560x1600,No
387.5,45.0,568.0,25.6,128.0,800.0,1.0,1.0,Ivy Bridge,1366 x 768,No,Intel,DDR3,Intel HD Graphics Mobile (Ivy Bridge),"
01-Oct-2012",2560x1600,No
300.0,15.0,536.0,34.1,128.0,1067.0,8.0,8.0,Skylake GT2-U,1366 x 768,No,Intel,DDR4,HD i7 6600U,"
01-Sep-2015",4096x2304,No
552.5,7.0,896.0,13.4,64.0,837.5,2.125,3.625,Calistoga,,No,Intel,,Intel GMA 950,"
01-Mar-2005",2048x1536,No
250.0,4.0,632.0,25.6,128.0,800.0,2.0,2.0,Haswell,1366 x 768,No,Intel,DDR3,Intel HD Graphics Mobile (Haswell),"
01-Jun-2013",2560x1600,No
320.0,6.0,760.0,25.6,128.0,800.0,1.0,1.0,Braswell GT1,1366 x 768,No,Intel,DDR3,Intel HD Graphics Mobile (Braswell),"
01-Apr-2015",4096x2304,No
311.0,10.0,623.0,21.3,128.0,667.0,2.0,2.0,Bay Trail GT1,1366 x 768,No,Intel,DDR3,Intel HD Graphics Mobile (Bay Trail),"
11-Sep-2013",2560x1600,No
739.375,35.0,1088.0,8.5,64.0,533.0,2.875,4.0,Arrandale,,No,Intel,DDR3,Intel HD Graphics Mobile,"
10-Jan-2010",,No
306.25,15.0,704.0,34.1,96.0,1067.0,1.0,3.0,Kaby Lake,,,Intel,,Intel HD Graphics 630 Mobile,"
30-Mar-2017",4096x2304,No
300.0,15.0,536.0,34.1,128.0,1067.0,3.0,3.0,Skylake GT2,1366 x 768,No,Intel,DDR4,Intel HD Graphics 620 Mobile,"
01-Aug-2016",,No
300.0,15.0,424.0,29.9,128.0,933.0,2.0,2.0,Broadwell GT3,1366 x 768,No,Intel,DDR3,Intel HD Graphics 6000 Mobile,"
05-Jan-2015",2560x1600,No
300.0,37.0,408.0,29.9,128.0,933.0,1.0,1.0,Broadwell GT2,1366 x 768,No,Intel,DDR3,Intel HD Graphics 5600 Mobile,"
02-Jun-2015",2560x1600,No
300.0,15.0,536.0,34.1,128.0,1067.0,3.0,3.0,Skylake GT2,1366 x 768,No,Intel,DDR4,Intel HD Graphics 615 Mobile,"
01-Aug-2016",4096x2304,No
350.0,45.0,632.0,34.1,128.0,1067.0,8.0,8.0,Skylake GT2-H,1366 x 768,No,Intel,DDR4,Intel HD Graphics 530 Mobile,"
01-Sep-2015",4096x2304,No
300.0,5.0,760.0,25.6,128.0,800.0,1.0,1.0,Broadwell GT2,1366 x 768,No,Intel,DDR3,Intel HD Graphics 5300 Mobile,"
05-Sep-2014",2560x1600,No
300.0,5.0,664.0,29.9,128.0,933.0,8.0,8.0,Skylake GT2-Y,1366 x 768,No,Intel,DDR3,Intel HD Graphics 515 Mobile,"
01-Sep-2015",4096x2304,No
200.0,15.0,632.0,25.6,128.0,800.0,4.0,4.0,Haswell GT3,1366 x 768,No,Intel,DDR3,Intel HD Graphics 5000 Mobile,"
27-May-2013",2560x1600,No
300.0,15.0,536.0,34.1,128.0,1067.0,8.0,8.0,Skylake GT1-U,1366 x 768,No,Intel,DDR4,Intel HD Graphics 510 Mobile,"
01-Sep-2015",4096x2304,No
200.0,15.0,632.0,25.6,128.0,800.0,2.0,2.0,Haswell GT1,1366 x 768,No,Intel,DDR3,Intel HD Graphics 4400 Mobile,"
05-Jun-2013",2560x1600,No
100.0,15.0,664.0,29.9,128.0,933.0,1.0,1.0,Broadwell GT2,1366 x 768,No,Intel,DDR3,Intel HD Graphics 5500 Mobile,"
05-Jan-2015",2560x1600,No
200.0,47.0,568.0,25.6,128.0,800.0,3.0,2.0,Haswell GT2,1366 x 768,No,Intel,DDR3,Intel HD Graphics 4600 Mobile,"
27-May-2013",2560x1600,No
300.0,15.0,536.0,34.1,128.0,1067.0,8.0,8.0,Skylake GT2-U,1366 x 768,No,Intel,DDR4,Intel HD Graphics 520 Mobile,"
01-Sep-2015",4096x2304,No
650.0,55.0,632.0,25.6,128.0,800.0,5.0,4.0,Ivy Bridge GT2,1366 x 768,No,Intel,DDR3,Intel HD Graphics 4000 Mobile,"
08-Mar-2012",2560x1600,No
396.25,32.375,376.0,26.137500000000003,128.0,716.5,1.0,1.0,Sandy Bridge,,No,Intel,DDR3,Intel HD Graphics 2000 Mobile,"
01-Feb-2011",,No
240.0,22.75,1384.0,25.6,128.0,800.0,4.125,7.0,Ivy Bridge,,No,Intel,DDR3,Intel HD Graphics 2500 Mobile,"
01-Apr-2012",,No
307.5,20.0,680.0,25.6,128.0,800.0,2.0,2.0,Haswell,1366 x 768,No,Intel,DDR3,Intel HD Graphics 4200 Mobile,"
01-Jul-2013",2560x1600,No
711.25,35.0,1400.0,17.1,128.0,533.0,2.25,4.25,Arrandale,,No,Intel,DDR3,HD Pentium P6200,"
26-Sep-2010",2560x1600,No
300.0,47.0,568.0,25.6,128.0,800.0,1.0,1.0,Broadwell GT2,1366 x 768,No,Intel,DDR3,HD i7 5700EQ,"
02-Jun-2015",2560x1600,No
711.25,35.0,1400.0,17.1,128.0,533.0,2.25,4.25,Arrandale,,No,Intel,DDR3,HD Pentium P6100,"
26-Sep-2010",2560x1600,No
300.0,15.0,632.0,25.6,128.0,800.0,1.0,1.0,Broadwell GT2,1366 x 768,No,Intel,DDR3,HD i7 5600U,"
05-Jan-2015",2560x1600,No
300.0,15.0,424.0,29.9,128.0,933.0,2.0,2.0,Broadwell GT3,1366 x 768,No,Intel,DDR3,HD i7 5650U,"
05-Jan-2015",2560x1600,No
300.0,15.0,424.0,29.9,128.0,933.0,2.0,2.0,Broadwell GT3,1366 x 768,No,Intel,DDR3,HD i7 5550U,"
05-Jan-2015",2560x1600,No
621.875,17.375,736.0,12.8,64.0,800.0,3.25,4.5,Ivy Bridge,,Yes,Intel,DDR3,HD i7 3920XM,"
29-Apr-2012",2560x1600,No
300.0,15.0,632.0,25.6,128.0,800.0,1.0,1.0,Broadwell GT2,1366 x 768,No,Intel,DDR3,HD i7 5500U,"
05-Jan-2015",2560x1600,No
650.0,45.0,544.0,12.8,64.0,800.0,3.0,2.0,Ivy Bridge GT2,1366 x 768,No,Intel,DDR3,HD i7 3840QM,"
29-Apr-2012",2560x1600,No
621.875,17.375,736.0,12.8,64.0,800.0,3.25,4.5,,,No,Intel,DDR3,Intel HD Graphics 3000 Mobile,"
01-Feb-2011",2560x1600,No
300.0,28.0,520.0,29.9,128.0,933.0,2.0,2.0,Broadwell GT3,1366 x 768,No,Intel,DDR3,HD i7 5557U,"
05-Jan-2015",2560x1600,No
621.875,17.375,736.0,12.8,64.0,800.0,3.25,4.5,Ivy Bridge,,Yes,Intel,DDR3,HD i7 3720QM,"
29-Apr-2012",2560x1600,No
743.75,45.0,1200.0,25.6,128.0,800.0,4.625,11.125,Ivy Bridge,,No,Intel,DDR3,HD i7 3630QM,"
01-Sep-2012",,No
621.875,17.375,736.0,12.8,64.0,800.0,3.25,4.5,Sandy Bridge,,No,Intel,DDR3,HD i7 2920XM,"
09-Jan-2011",2560x1600,No
621.875,17.375,736.0,12.8,64.0,800.0,3.25,4.5,Ivy Bridge,,No,Intel,DDR3,HD i7 3610QM,"
29-Apr-2012",2560x1600,No
621.875,17.375,736.0,12.8,64.0,800.0,3.25,4.5,Sandy Bridge,,No,Intel,DDR3,HD i7 2820QM,"
09-Jan-2011",2560x1600,No
621.875,17.375,736.0,12.8,64.0,800.0,3.25,4.5,Sandy Bridge,,No,Intel,DDR3,HD i7 2860QM,"
04-Sep-2011",2560x1600,No
642.375,45.5,1024.0,10.7,64.0,667.0,2.375,4.0,Sandy Bridge,,No,Intel,DDR3,HD i7 2670QM,"
12-Nov-2011",2560x1600,No
642.375,45.5,1024.0,10.7,64.0,667.0,2.375,4.0,Sandy Bridge,,No,Intel,DDR3,HD i7 2630QM,"
09-Jan-2011",2560x1600,No
642.375,45.5,1024.0,10.7,64.0,667.0,2.375,4.0,Sandy Bridge,,No,Intel,DDR3,HD i7 2640M,"
04-Sep-2011",2560x1600,No
621.875,17.375,736.0,12.8,64.0,800.0,3.25,4.5,Sandy Bridge,,No,Intel,DDR3,HD i7 2720QM,"
09-Jan-2011",2560x1600,No
642.375,45.5,1024.0,10.7,64.0,667.0,2.375,4.0,Sandy Bridge,,No,Intel,DDR3,HD i7 2675QM,"
09-Jan-2011",2560x1600,No
621.875,17.375,736.0,12.8,64.0,800.0,3.25,4.5,Ivy Bridge,,Yes,Intel,DDR3,HD i7 3820QM,"
29-Apr-2012",2560x1600,No
621.875,17.375,736.0,12.8,64.0,800.0,3.25,4.5,Sandy Bridge,,No,Intel,DDR3,HD i7 2760QM,"
04-Sep-2011",2560x1600,No
642.375,45.5,1024.0,10.7,64.0,667.0,2.375,4.0,Sandy Bridge,,No,Intel,DDR3,HD i7 2620M,"
20-Feb-2011",2560x1600,No
658.625,35.0,2448.0,26.400000000000002,136.0,875.875,6.75,6.5,,,No,Intel,,Intel GMA 5700M HD,"
01-Oct-2010",1600x1200,No
543.75,32.0,1344.0,21.925,64.0,663.625,2.625,3.5,Cantiga,,No,Intel,DDR3,Intel GMA 4500M HD,"
01-Oct-2008",,No
635.625,22.625,864.0,8.5,64.0,533.0,2.375,4.0,PowerVR SGX 545,800 x 600,No,Intel,DDR3,Intel GMA 3650,"
01-Nov-2011",,No
946.893927125506,125.59870550161813,2872.7689216342933,138.2429223744292,205.35645933014354,1175.6555589215388,34.965408805031444,26.821827057182706,Broadwater,,No,Intel,,Intel 965 Express Family,"
09-May-2007",1600x1200,No
300.0,15.0,536.0,34.1,128.0,1067.0,2.0,2.0,Skylake GT3-E,1366 x 768,No,Intel,DDR4,Iris Graphics 540 Mobile,"
01-Sep-2015",4096x2304,No
880.625,50.0,2624.0,33.599999999999994,136.0,1041.25,10.875,17.0,Pineview,,No,Intel,,Intel GMA 3150,"
01-Oct-2010",1600x1200,No
727.875,35.625,1144.0,17.1,128.0,533.0,3.125,5.125,Arrandale,,No,Intel,DDR3,HD Pentium P6000,"
20-Jun-2010",,No
569.375,13.0,480.0,8.5,64.0,533.0,2.5,4.0,Cedar Trail,800 x 600,No,Intel,DDR3,Intel GMA 3600,"
01-Oct-2011",,No
200.0,28.0,536.0,25.6,128.0,800.0,5.0,4.0,Haswell GT3,1366 x 768,No,Intel,DDR3,Iris Graphics 5100 Mobile,"
29-Apr-2013",2560x1600,No
642.375,45.5,1024.0,10.7,64.0,667.0,2.375,4.0,Sandy Bridge,,No,Intel,DDR3,HD i7 2617M,"
20-Feb-2011",2560x1600,No
1057.5,63.375,7168.0,248.0,128.0,1484.625,9.0,13.0,GL40,,No,Intel,,Intel GMA 4500M,"
01-Oct-2008",,No
543.75,32.0,1344.0,21.925,64.0,663.625,2.625,3.5,RV620,,Yes,AMD,DDR2,Radeon HD 3100,"
01-Aug-2008",2560x1600,No
1074.75,110.0,1024.0,108.8,256.0,1700.0,26.25,22.5,R680,,Yes,AMD,GDDR3,Mobility Radeon HD 3870 x2,"
01-Sep-2008",2560x1600,No
675.375,65.0,1024.0,89.6,256.0,700.0,9.0,16.0,RV770,1440 x 900,Yes,AMD,GDDR5,Mobility Radeon HD 4870,"
09-Jan-2009",2560x1600,No
601.625,130.0,2048.0,179.2,512.0,700.0,9.0,16.0,RV770,1600 x 960,Yes,AMD,GDDR5,Mobility Radeon HD 4870 x2,"
09-Jan-2009",2560x1600,No
946.893927125506,125.59870550161813,2872.7689216342933,138.2429223744292,205.35645933014354,1175.6555589215388,34.965408805031444,26.821827057182706,,,Yes,AMD,DDR3,Radeon HD 6755G2,"
14-Jun-2011",,No
786.25,45.0,1024.0,141.60000000000002,256.0,1084.125,28.375,32.0,G72GLM,,Yes,Nvidia,GDDR3,Quadro NVS 510M,"
07-Jan-2010",1600x1200,No
568.875,16.0,512.0,16.0,128.0,500.0,1.625,3.75,G72GLM,,Yes,Nvidia,GDDR3,Quadro NVS 300M,"
24-May-2006",1600x1200,No
549.875,20.0,512.0,22.4,128.0,700.0,1.625,3.75,G84M,,Yes,Nvidia,GDDR3,Quadro NVS 320M,"
09-Jun-2007",1600x1200,No
534.25,12.0,256.0,11.2,64.0,700.0,2.0,4.0,G98M,,Yes,Nvidia,GDDR3,Quadro NVS 160M,"
15-Aug-2008",1920x1200,No
567.625,25.0,1103.0,21.3,128.0,667.0,5.0,8.0,Terascale 3,1366 x 768,No,AMD,DDR3,Radeon HD 8610G,"
23-May-2013",2560x1600,No
603.125,35.0,920.0,25.6,128.0,800.0,5.0,8.0,Terascale 3: Trinity,,No,AMD,DDR3,Radeon HD 7660G,"
15-May-2012",2560x1600,Yes
534.25,10.0,256.0,11.2,64.0,700.0,2.0,4.0,G98M,,Yes,Nvidia,GDDR3,Quadro NVS 150M,"
15-Aug-2008",1680x1050,No
300.0,35.0,520.0,29.9,128.0,933.0,6.0,8.0,Terascale 3,1366 x 768,No,AMD,DDR3,Radeon HD 8650G,"
23-May-2013",2560x1600,Yes
660.0,35.0,2048.0,28.8,128.0,900.0,4.875,7.75,Fermi GF108,,Yes,Nvidia,DDR3,NVS 5400M,"
01-Jun-2012",2560x1600,No
527.5,21.5,64.0,1.1,32.0,275.0,2.375,4.0,NV18M,,Yes,Nvidia,DDR,GeForce4 Go 488,"
01-Mar-2002",,No
973.0,35.0,812.0,28.975,128.0,804.25,5.5,8.0,WinterPark,,No,AMD,DDR3,Radeon HD 6380G,"
14-Jun-2011",,No
454.625,27.0,64.0,1.6,64.0,200.0,2.375,4.0,RV200,,Yes,AMD,DDR,Mobility Radeon 7500 64MB,"
01-Dec-2001",2048x1536,No
643.375,75.0,1024.0,51.2,256.0,800.0,8.125,13.5,G94,,Yes,Nvidia,GDDR3,GeForce 9800M GTS,"
01-Jul-2008",2560x1600,No
653.625,150.0,2048.0,102.4,256.0,800.0,12.75,21.0,G92 (x2),,Yes,Nvidia,GDDR3,GeForce 9800M GTX SLI,"
01-Jul-2008",2560x1600,Yes
697.75,130.0,1024.0,102.4,256.0,800.0,15.375,23.0,G92 (x2),,Yes,Nvidia,GDDR3,GeForce 9800M GT SLI,"
01-Jul-2008",2560x1600,Yes
653.625,150.0,2048.0,102.4,256.0,800.0,12.75,21.0,G94 (x2),,Yes,Nvidia,GDDR3,GeForce 9800M GTS SLI,"
01-Jul-2008",2560x1600,Yes
643.375,75.0,1024.0,51.2,256.0,800.0,8.125,13.5,G92,,Yes,Nvidia,GDDR3,GeForce 9800M GTX,"
01-Jul-2008",2560x1600,Yes
606.25,60.0,512.0,51.2,256.0,800.0,7.625,12.5,G94,,Yes,Nvidia,GDDR3,GeForce 9800M GS,"
02-Jan-2008",2560x1600,No
381.25,45.0,512.0,25.6,128.0,800.0,1.5,5.375,G96,,Yes,Nvidia,GDDR3,GeForce 9700M GT,"
01-Jul-2008",2560x1600,No
606.25,65.0,512.0,51.2,256.0,800.0,7.5,12.5,G92,,Yes,Nvidia,GDDR3,GeForce 9800M GT,"
01-Jul-2008",2560x1600,Yes
250.0,29.0,512.0,25.6,128.0,800.0,1.75,5.75,G84,,Yes,Nvidia,GDDR3,GeForce 9650M GS,"
02-Jan-2008",2560x1600,No
606.25,60.0,512.0,51.2,256.0,800.0,7.625,12.5,G94,,Yes,Nvidia,GDDR3,GeForce 9700M GTS,"
01-Jul-2008",2560x1600,No
555.625,23.0,1024.0,25.6,128.0,800.0,2.875,4.5,G96,,Yes,Nvidia,GDDR3,GeForce 9600M GT,"
02-Jan-2008",2560x1600,Yes
555.625,23.0,1024.0,25.6,128.0,800.0,2.875,4.5,G96,,Yes,Nvidia,GDDR3,GeForce 9650M GT,"
19-Aug-2008",2560x1600,Yes
549.875,20.0,512.0,22.4,128.0,700.0,1.625,3.75,G84,,Yes,Nvidia,GDDR3,GeForce 9500M GS,"
01-Feb-2008",2560x1600,No
551.25,20.0,1024.0,25.6,128.0,800.0,2.625,3.75,G96,,Yes,Nvidia,GDDR3,GeForce 9600M GS,"
03-Jun-2008",2560x1600,No
551.25,20.0,1024.0,25.6,128.0,800.0,2.625,3.75,G96,,Yes,Nvidia,GDDR3,GeForce 9500M G,"
03-Jun-2008",2560x1600,Yes
534.25,13.0,256.0,11.2,64.0,700.0,2.0,4.0,G98,,Yes,Nvidia,GDDR3,GeForce 9300M GS,"
02-Jan-2008",2560x1600,Yes
475.5,13.0,256.0,9.6,64.0,600.0,2.25,4.0,G86,,Yes,Nvidia,GDDR3,GeForce 9300M G,"
02-Jan-2008",2560x1600,No
493.125,23.5,64.0,128.51250000000002,116.0,291.25,1.375,3.5,,,Yes,Nvidia,,GeForce 9200M GE,"
02-Jan-2008",2560x1600,No
392.625,12.0,256.0,25.3,96.0,732.875,2.75,5.0,,,Yes,Nvidia,,GeForce 9400M,"
01-Oct-2008",2560x1600,No
946.893927125506,125.59870550161813,2872.7689216342933,138.2429223744292,205.35645933014354,1175.6555589215388,34.965408805031444,26.821827057182706,,,Yes,Nvidia,,GeForce 9500M,"
02-Jan-2008",2560x1600,No
1009.375,12.0,1280.0,50.300000000000004,128.0,1045.75,16.875,16.0,,,No,Nvidia,,GeForce 9100M,"
03-Jun-2008",2560x1600,Yes
534.25,13.0,256.0,11.2,64.0,700.0,2.0,4.0,G98,,Yes,Nvidia,DDR3,GeForce 9200M GS,"
03-Jun-2008",2560x1600,No
651.25,30.625,64.0,1000.0,32.0,250.0,2.375,4.0,NV17M,,Yes,Nvidia,DDR,GeForce4 Go 460,"
06-Feb-2002",,No
1009.375,12.0,1280.0,50.300000000000004,128.0,1045.75,16.875,16.0,MCP79MX,,No,Nvidia,,GeForce 9400M G,"
01-Oct-2008",2560x1600,Yes
658.75,30.625,64.0,880.0,32.0,220.0,2.375,4.0,NV17M,,Yes,Nvidia,DDR,GeForce4 Go 440,"
26-Feb-2002",,No
649.375,35.0,1024.0,25.3,128.0,790.0,3.75,7.25,GT216M,,Yes,Nvidia,GDDR3,Quadro FX 880M,"
07-Jan-2010",,No
640.0,30.625,32.0,800.0,32.0,200.0,2.375,4.0,NV17M,,Yes,Nvidia,DDR,GeForce4 Go 420,"
06-Feb-2002",,No
362.5,35.0,512.0,25.6,128.0,800.0,2.75,7.5,NB9P-GLM2,,Yes,Nvidia,GDDR3,Quadro FX 770M,"
14-Aug-2008",2560x1600,No
451.25,37.5,128.0,3.2,128.0,200.0,1.75,4.25,NV28M,,Yes,Nvidia,DDR,GeForce4 Go 4200,"
14-Nov-2002",,No
643.375,75.0,1024.0,51.2,256.0,800.0,8.125,13.5,G92M,,Yes,Nvidia,GDDR3,Quadro FX 3700M,"
14-Aug-2008",2560x1600,No
631.375,45.0,512.0,22.4,128.0,700.0,2.0,4.125,G84M,,Yes,Nvidia,GDDR3,Quadro FX 570M,"
01-Jun-2007",2560x1600,No
644.5,25.0,512.0,12.8,64.0,800.0,2.25,3.625,GT218M,,Yes,Nvidia,GDDR3,Quadro FX 380M,"
07-Jan-2010",2560x1600,No
668.875,100.0,608.0,64.0,256.0,1000.0,10.75,16.0,G92M,,,Nvidia,GDDR3,Quadro FX 3800M,"
22-Dec-2009",2560x1600,No
475.5,17.0,256.0,9.6,64.0,600.0,2.25,4.0,G86M,,Yes,Nvidia,GDDR3,Quadro FX 360M,"
09-May-2007",2560x1600,No
643.375,70.0,1024.0,51.2,256.0,800.0,8.125,13.5,G92M,,Yes,Nvidia,GDDR3,Quadro FX 3600M,"
23-Feb-2008",2560x1600,No
640.375,75.0,1024.0,64.0,256.0,1000.0,10.25,16.0,G92M,,Yes,Nvidia,GDDR3,Quadro FX 2800M,"
01-Dec-2009",2560x1600,No
458.75,15.0,256.0,5.6,64.0,350.0,2.25,4.0,G72GLM,,Yes,Nvidia,DDR3,Quadro FX 350M,"
31-Mar-2006",2560x1600,No
606.375,45.0,512.0,44.8,256.0,700.0,6.75,13.0,G71GLM,,Yes,Nvidia,GDDR3,Quadro FX 3500M,"
01-Mar-2007",2560x1600,No
637.5,45.0,1024.0,38.4,256.0,600.0,7.75,12.0,G71GLM,,Yes,Nvidia,GDDR3,Quadro FX 2500M,"
29-Sep-2005",2560x1600,No
825.0,45.0,1024.0,70.4,128.0,1100.0,5.25,7.75,GT215M,,Yes,Nvidia,GDDR5,Quadro FX 1800M,"
01-Feb-2010",,No
381.25,50.0,512.0,25.6,128.0,800.0,2.125,6.25,G96M,,Yes,Nvidia,GDDR3,Quadro FX 1700M,"
01-Oct-2008",2560x1600,No
980.0,30.0,1024.0,20.8,64.0,650.0,8.0,8.0,Kepler GK208,,Yes,Nvidia,GDDR5,Quadro K610M,"
23-Jul-2013",4096x2160,Yes
560.125,45.0,512.0,32.0,256.0,500.0,3.75,8.0,G71GLM,,Yes,Nvidia,GDDR3,Quadro FX 1500M,"
18-Apr-2006",2560x1600,No
606.25,65.0,512.0,51.2,256.0,800.0,7.5,12.5,G94M,,Yes,Nvidia,GDDR3,Quadro FX 2700M,"
14-Aug-2008",2560x1600,No
543.75,32.0,1344.0,21.925,64.0,663.625,2.625,3.5,RS200,,No,AMD,DDR,Radeon IGP 320M,"
05-Oct-2002",,No
543.75,32.0,1344.0,21.925,64.0,663.625,2.625,3.5,RS200,,No,AMD,DDR,Radeon IGP 340M,"
05-Oct-2002",,No
771.0,100.0,8192.0,115.5,256.0,902.0,25.0,32.0,Kepler GK104,1920 x 1080,Yes,Nvidia,GDDR5,Quadro K5100M,"
23-Jul-2013",4096x2160,No
601.0,100.0,4096.0,89.6,256.0,700.0,19.0,32.0,Kepler GK104,,Yes,Nvidia,GDDR5,Quadro K4000M,"
01-Jun-2012",4096x2160,No
850.0,19.75,1024.0,14.4,64.0,900.0,5.75,8.5,Kepler GK107,,Yes,Nvidia,DDR3,Quadro K500M,"
01-Jun-2012",4096x2160,No
601.0,100.0,4096.0,96.0,256.0,750.0,19.0,32.0,Kepler GK104,1920 x 1080,Yes,Nvidia,GDDR5,Quadro K5000M,"
01-Aug-2012",4096x2160,No
654.0,75.0,2048.0,89.6,256.0,700.0,12.625,21.0,Kepler GK104,,Yes,Nvidia,GDDR5,Quadro K3000M,"
01-Jun-2012",4096x2160,No
745.0,55.0,2048.0,28.8,128.0,900.0,4.75,6.75,Kepler GK107,,Yes,Nvidia,DDR3,Quadro K2000M,"
01-Jun-2012",4096x2160,No
815.125,100.0,4096.0,166.4,256.0,1300.0,31.5,36.0,GF110GLM,,Yes,Nvidia,GDDR5,Quadro 5010M,"
22-Feb-2011",,No
706.0,45.0,2048.0,44.8,128.0,700.0,11.0,16.0,Kepler GK107,,Yes,Nvidia,GDDR5,Quadro K1100M,"
23-Jul-2013",4096x2160,No
706.0,75.0,4096.0,102.4,256.0,800.0,23.0,32.0,Kepler GK104,,Yes,Nvidia,GDDR5,Quadro K3100M,"
23-Jul-2013",4096x2160,Yes
850.0,45.0,2048.0,28.8,128.0,900.0,14.0,16.0,Kepler GK107,,Yes,Nvidia,DDR3,Quadro K1000M,"
01-Jun-2012",4096x2160,No
1000.0,100.0,2048.0,153.6,256.0,1200.0,32.125,32.0,GF110GLM,,Yes,Nvidia,GDDR5,Quadro 4000M,"
22-Feb-2011",,No
649.25,75.0,2048.0,80.0,256.0,625.0,12.125,22.0,GF110GLM,,Yes,Nvidia,GDDR5,Quadro 3000M,"
22-Feb-2011",,No
550.0,55.0,2048.0,28.8,128.0,900.0,9.0,16.0,Fermi GF106-N12P-Q3,1366 x 720,Yes,Nvidia,DDR3,Quadro 2000M,"
13-Jan-2011",2560x1600,No
381.25,50.0,512.0,25.6,128.0,800.0,2.125,6.25,G84M,,Yes,Nvidia,GDDR3,Quadro FX 1600M,"
01-Jun-2007",2560x1600,No
1000.0,100.0,2048.0,153.6,256.0,1200.0,32.125,32.0,GF104GLM,,Yes,Nvidia,GDDR5,Quadro 5000M,"
27-Oct-2010",,No
625.0,14.875,1024.0,14.4,64.0,900.0,4.375,6.5,Fermi GF108,,Yes,Nvidia,DDR3,NVS 5200M,"
01-Jun-2012",2560x1600,No
843.0,45.0,2048.0,28.8,128.0,900.0,9.5,11.25,GF108GLM,,Yes,Nvidia,DDR3,Quadro 1000M,"
22-Feb-2011",,No
611.875,35.0,1024.0,25.6,128.0,800.0,4.0,9.25,GT216M,,Yes,Nvidia,DDR3,NVS 5100M,"
07-Jan-2010",2560x1600,No
810.0,16.25,1024.0,12.8,64.0,800.0,2.75,4.0,Fermi GF119,,Yes,Nvidia,DDR3,NVS 4200M,"
22-Feb-2011",2560x1600,No
626.5,14.0,512.0,12.8,64.0,800.0,2.25,3.625,GT218M,,Yes,Nvidia,GDDR3,NVS 3100M,"
07-Jan-2010",2560x1600,No
534.25,10.0,256.0,11.2,64.0,700.0,2.0,4.0,G84M,,Yes,Nvidia,GDDR3,Quadro NVS 140M 256MB GDDR3,"
05-Sep-2007",1600x1200,No
523.0,10.0,128.0,11.2,64.0,700.0,2.0,4.0,G84M,,Yes,Nvidia,DDR2,Quadro NVS 140M 128MB GDDR2,"
05-Sep-2007",1600x1200,No
626.5,14.0,512.0,12.8,64.0,800.0,2.25,3.625,GT218M,,Yes,Nvidia,GDDR3,NVS 2100M,"
07-Jan-2010",2560x1600,No
475.5,10.0,256.0,9.6,64.0,600.0,2.25,4.0,G86M,,Yes,Nvidia,GDDR3,Quadro NVS 135M,"
09-May-2007",1600x1200,No
534.25,10.0,256.0,11.2,64.0,700.0,2.0,4.0,G86M,,Yes,Nvidia,GDDR3,Quadro NVS 130M,"
09-May-2007",1600x1200,No
491.25,10.0,512.0,11.2,64.0,700.0,2.0,4.0,G72M,,Yes,Nvidia,DDR3,Quadro NVS 120M,"
01-Jun-2006",1600x1200,No
800.0,15.0,536.0,34.1,128.0,1067.0,6.0,8.0,GCN 1.2 Carrizo,1366 x 768,No,AMD,DDR3,Radeon R7 8800P,"
02-Jun-2015",4096x2160,No
549.0,10.0,512.0,9.475,64.0,650.25,1.75,3.125,G72M,,Yes,Nvidia,DDR,Quadro NVS 110M,"
01-Jun-2006",1600x1200,No
462.5,19.0,632.0,25.6,128.0,800.0,4.0,8.0,Kaveri,1366 x 768,No,AMD,DDR3,Radeon R7 7500,"
04-Jun-2014",4096x2160,No
507.5,20.0,744.0,25.6,128.0,800.0,4.0,8.0,Kaveri,1366 x 768,No,AMD,DDR3,Radeon R6 7350B,"
30-Jun-2014",4096x2160,No
847.0,15.0,664.0,29.9,128.0,933.0,3.0,4.0,Puma+ Carrizo-L,1366 x 768,No,AMD,DDR3,Radeon R5 7410,"
06-May-2015",4096x2304,No
300.0,35.0,520.0,29.9,128.0,933.0,5.0,8.0,Kaveri,1366 x 768,No,AMD,DDR3,Radeon R6 7400P,"
30-Jun-2014",4096x2160,No
800.0,35.0,632.0,34.1,128.0,1067.0,6.0,8.0,GCN 1.2 Carrizo,1366 x 768,No,AMD,DDR3,Radeon R6 8700P,"
02-Jun-2015",4096x2160,No
507.5,20.0,744.0,25.6,128.0,800.0,4.0,8.0,Kaveri,1366 x 768,No,AMD,DDR3,Radeon R6 7300,"
30-Jun-2014",4096x2160,No
300.0,35.0,520.0,29.9,128.0,933.0,5.0,8.0,Kaveri,1366 x 768,No,AMD,DDR3,Radeon R5 7200P,"
30-Jun-2014",4096x2160,No
609.875,5.0,1120.0,10.7,64.0,667.0,2.0,4.0,Puma Mullins ML-A1,1024 x 768,No,AMD,DDR3,Radeon R6 6700T,"
29-Apr-2014",4096x2160,No
507.5,20.0,744.0,25.6,128.0,800.0,4.0,8.0,Kaveri,1280 x 720,No,AMD,DDR3,Radeon R5 7100,"
30-Jun-2014",4096x2160,No
507.5,20.0,744.0,25.6,128.0,800.0,4.0,8.0,Kaveri,1280 x 720,No,AMD,DDR3,Radeon R5 7150B,"
30-Jun-2014",4096x2160,No
703.375,15.0,1088.0,14.9,64.0,933.0,3.0,4.0,Beema,1280 x 720,No,AMD,DDR3,Radeon R5 6410,"
30-Jun-2014",4096x2160,No
675.75,15.0,672.0,12.8,64.0,800.0,2.0,4.0,Beema,1280 x 720,No,AMD,DDR3,Radeon R3 6210,"
29-Apr-2014",4096x2160,No
212.5,17.0,568.0,25.6,128.0,800.0,2.0,4.0,Kaveri,1280 x 720,No,AMD,DDR3,Radeon R4 7000,"
30-Jun-2014",4096x2160,No
675.75,15.0,672.0,12.8,64.0,800.0,3.0,4.0,Puma+,1280 x 720,No,AMD,DDR3,Radeon R4 7310,"
06-May-2015",4096x2160,No
675.75,15.0,672.0,12.8,64.0,800.0,2.0,4.0,Beema,1280 x 720,No,AMD,DDR3,Radeon R2 6110,"
29-Apr-2014",4096x2160,No
569.375,4.0,576.0,8.5,64.0,533.0,1.0,4.0,Puma Mullins ML-A1,1024 x 768,No,AMD,DDR3,Radeon R2 6200T,"
29-Apr-2014",4096x2160,No
212.5,17.0,568.0,25.6,128.0,800.0,2.0,4.0,Kaveri,1280 x 720,No,AMD,DDR3,Radeon R4 7050B,"
30-Jun-2014",4096x2160,No
703.375,15.0,1088.0,14.9,64.0,933.0,3.0,4.0,Beema,1280 x 720,No,AMD,DDR3,Radeon R4 6310,"
29-Apr-2014",4096x2160,No
609.875,5.0,1120.0,10.7,64.0,667.0,1.0,4.0,Puma Mullins ML-A1,1024 x 768,No,AMD,DDR3,Radeon R3 6400T,"
29-Apr-2014",4096x2160,No
609.875,10.0,896.0,10.7,64.0,667.0,1.0,4.0,Beema,1024 x 768,No,AMD,DDR3,Radeon R2 6010,"
29-Apr-2014",4096x2160,No
1196.5,85.0,2048.0,86.4,192.0,1800.0,18.0,16.0,GCN 1.1,1366 x 768,Yes,AMD,DDR3,Radeon R8 M365DX,"
03-Jun-2015",4096x2160,No
998.0,50.0,1696.0,16.0,64.0,1000.0,12.0,16.0,Terascale 3/GCN,1366 x 768,No,AMD,DDR3,Radeon HD 8650G + HD 8670M Dual,"
01-Aug-2013",2560x1600,No
998.0,50.0,1696.0,16.0,64.0,1000.0,12.0,16.0,Terascale 3/GCN,1366 x 768,Yes,AMD,DDR3,Radeon HD 8650G + HD 8570M Dual,"
01-Aug-2013",2560x1600,No
533.0,62.625,2048.0,21.3,64.0,667.0,10.0,8.0,Terascale 3 Devastator (x2),1366 x 768,Yes,AMD,DDR3,Radeon HD 8610G + HD 8670M Dual,"
23-May-2013",4096x2160,Yes
720.0,50.0,2048.0,25.6,128.0,800.0,12.0,16.0,Devastator / Mars PRO,1366 x 768,Yes,AMD,DDR3,Radeon HD 8550G + HD 8750M Dual,"
01-Aug-2013",2560x1600,No
998.0,50.0,1696.0,16.0,64.0,1000.0,16.0,16.0,Terascale 3/GCN,1366 x 768,No,AMD,DDR3,Radeon HD 8550G + HD 8670M Dual,"
01-Aug-2013",2560x1600,No
700.25,45.875,2048.0,28.8,128.0,900.0,5.625,10.125,Terascale 2,,Yes,AMD,DDR3,Radeon HD 7660G + HD 7670M Dual,"
01-May-2012",2560x1600,No
700.25,45.875,2048.0,28.8,128.0,900.0,5.625,10.125,Terascale 3,,Yes,AMD,DDR3,Radeon HD 7640G + HD 7670M Dual,"
01-May-2012",2560x1600,No
713.75,50.0,1024.0,16.0,64.0,1000.0,10.0,12.0,Terascale 3/GCN,1366 x 768,Yes,AMD,DDR3,Radeon HD 8210G + HD 8570M Dual,"
01-Aug-2013",2560x1600,No
349.25,47.125,1024.0,25.6,128.0,800.0,5.625,6.75,Devastator,,Yes,AMD,DDR3,Radeon HD 7640G + HD 7470M Dual,"
01-Jun-2012",2560x1600,No
641.25,27.75,1064.0,28.8,128.0,900.0,10.0,16.0,Terascale 3,,No,AMD,DDR3,Radeon HD 7640G + HD 7610M Dual,"
15-May-2012",2560x1600,No
825.0,99.375,1024.0,74.4,128.0,1368.125,11.75,14.5,,,Yes,AMD,,Radeon HD 6740G2,"
14-Jun-2011",2560x1600,No
700.25,45.875,2048.0,28.8,128.0,900.0,5.625,10.125,Terascale 3,,Yes,AMD,DDR3,Radeon HD 7520G + HD 7670M Dual,"
01-May-2012",2560x1600,No
240.0,22.75,1384.0,25.6,128.0,800.0,4.125,7.0,,,Yes,AMD,DDR3,Radeon HD 6620G + HD 7690M Dual,"
01-Jun-2012",2560x1600,No
700.25,45.875,2048.0,28.8,128.0,900.0,5.625,10.125,,,Yes,AMD,DDR3,Radeon HD 6620G + HD 7450M Dual,"
01-Feb-2012",2560x1600,No
662.125,60.625,1024.0,28.8,128.0,900.0,6.875,9.25,Terrascale 2,,Yes,AMD,DDR3,Radeon HD 6520G + HD 7670M Dual,"
01-Jun-2011",2560x1600,No
946.893927125506,125.59870550161813,2872.7689216342933,138.2429223744292,205.35645933014354,1175.6555589215388,34.965408805031444,26.821827057182706,,,Yes,AMD,,Radeon HD 6640G2,"
14-Jun-2011",2560x1600,No
986.375,27.125,1024.0,47.9625,128.0,1168.75,4.375,6.125,,,Yes,AMD,DDR3,Radeon HD 6720G2,"
14-Jun-2011",2560x1600,No
725.0,35.875,1584.0,21.3,128.0,667.0,6.125,4.0,Terrascale 2,,Yes,AMD,DDR3,Radeon HD 6645G2,"
14-Jun-2011",2560x1600,No
994.625,40.0,1280.0,41.875,128.0,713.25,17.0,16.0,BeaverCreek,,No,AMD,DDR3,Radeon HD 6620G,"
14-Jun-2011",,No
946.893927125506,125.59870550161813,2872.7689216342933,138.2429223744292,205.35645933014354,1175.6555589215388,34.965408805031444,26.821827057182706,,,Yes,AMD,,Radeon HD 6545G2,"
14-Jun-2011",2560x1600,No
609.75,110.25,512.0,34.400000000000006,200.0,797.5,2.5,7.0,,,Yes,AMD,,Radeon HD 6515G2,"
14-Jun-2011",2560x1600,No
825.0,99.375,1024.0,74.4,128.0,1368.125,11.75,14.5,,,Yes,AMD,,Radeon HD 6540G2,"
14-Jun-2011",,Yes
577.5,35.0,632.0,25.6,128.0,800.0,4.0,8.0,Terascale 3: Trinity,,No,AMD,DDR3,Radeon HD 7640G,"
15-May-2012",2560x1600,No
611.875,35.0,224.0,15.100000000000001,128.0,612.5,3.0,8.0,BeaverCreek,,No,AMD,DDR3,Radeon HD 6520G,"
14-Jun-2011",,No
567.625,25.0,1103.0,21.3,128.0,667.0,2.375,4.375,Terascale 3: Trinity,,Yes,AMD,DDR3,Radeon HD 7620G,"
01-May-2012",2560x1600,No
567.625,19.0,623.0,21.3,128.0,667.0,2.0,3.875,Trinity,,No,AMD,DDR3,Radeon HD 7600G,"
01-Sep-2012",2560x1600,No
561.375,17.0,623.0,21.3,128.0,667.0,2.0,3.875,Terascale 3: Trinity,,No,AMD,DDR3,Radeon HD 7400G,"
01-Sep-2012",2560x1600,No
561.375,17.0,623.0,21.3,128.0,667.0,2.0,3.875,Terascale 3: Trinity,,No,AMD,DDR3,Radeon HD 7500G,"
01-May-2012",2560x1600,No
727.5,35.0,1472.0,25.6,128.0,800.0,3.0,7.5,Terascale 3,,No,AMD,DDR3,Radeon HD 8550G,"
12-Mar-2013",2560x1600,No
503.125,38.5,464.0,28.724999999999998,128.0,456.25,4.0,8.0,Terascale 3,1366 x 768,No,AMD,DDR3,Radeon HD 8510G,"
01-May-2013",2560x1600,No
727.5,35.0,1472.0,25.6,128.0,800.0,3.0,7.5,Terascale 3: Trinity,,No,AMD,DDR3,Radeon HD 7520G,"
01-Jun-2012",2560x1600,No
727.5,35.0,1472.0,25.6,128.0,800.0,3.0,7.5,Terascale 3: Trinity,,Yes,AMD,DDR3,Radeon HD 7420G,"
01-Jun-2012",2560x1600,No
598.125,35.0,664.0,25.6,128.0,800.0,3.0,4.0,Scrapper,,No,AMD,DDR3,Radeon HD 8350G,"
12-Mar-2013",,No
727.5,35.0,1472.0,25.6,128.0,800.0,3.0,7.5,Terascale 3,,No,AMD,DDR3,Radeon HD 8450G,"
12-Mar-2013",2560x1600,No
946.893927125506,125.59870550161813,2872.7689216342933,138.2429223744292,205.35645933014354,1175.6555589215388,34.965408805031444,26.821827057182706,,,Yes,AMD,,Mobility Radeon HD 4860,"
03-Mar-2009",,No
946.893927125506,125.59870550161813,2872.7689216342933,138.2429223744292,205.35645933014354,1175.6555589215388,34.965408805031444,26.821827057182706,,,Yes,AMD,,Mobility Radeon HD 4830,"
03-Mar-2009",2560x1600,No
1057.5,63.375,7168.0,248.0,128.0,1484.625,9.0,13.0,BeaverCreek,,No,AMD,DDR3,Radeon HD 6480G,"
14-Jun-2011",,No
349.25,47.125,1024.0,25.6,128.0,800.0,5.625,6.75,RV730,,Yes,AMD,GDDR3,Mobility Radeon HD 4670 1GB,"
09-Jan-2009",2560x1600,No
491.25,12.0,512.0,11.2,64.0,700.0,2.0,4.0,RV710,,Yes,AMD,GDDR3,Mobility Radeon HD 4550,"
01-Jan-2010",2560x1600,No
250.0,20.0,512.0,25.6,128.0,800.0,2.625,7.125,RV730,,Yes,AMD,DDR3,Mobility Radeon HD 4650,"
09-Jan-2009",2560x1600,No
609.0,55.0,1024.0,54.4,256.0,850.0,10.125,17.0,RV770,,Yes,AMD,GDDR3,Mobility Radeon HD 4850,"
09-Jan-2009",2560x1600,No
491.25,10.0,512.0,11.2,64.0,700.0,2.0,4.0,RV710,,Yes,AMD,GDDR3,Mobility Radeon HD 4530,"
09-Jan-2009",2560x1600,No
736.125,58.375,1024.0,22.4,128.0,700.0,5.25,6.25,M86GL,,Yes,AMD,GDDR3,Mobility FireGL V5700,"
07-Jan-2008",,No
626.5,14.0,512.0,12.8,64.0,800.0,2.25,3.625,RV710,,Yes,AMD,GDDR3,Mobility Radeon HD 4570,"
09-Jan-2009",2560x1600,No
250.0,29.0,512.0,25.6,128.0,800.0,1.75,5.75,RV730,,Yes,AMD,DDR3,Mobility Radeon HD 4670 512MB,"
09-Jan-2009",2560x1600,No
536.5,12.0,512.0,9.6,64.0,600.0,2.5,4.0,RV710,,Yes,AMD,GDDR3,Mobility Radeon HD 4350,"
09-Jan-2009",2560x1600,No
540.0,33.125,440.0,10.6,128.0,330.0,1.75,4.25,M66GL,,No,AMD,GDDR3,Mobility FireGL V5250,"
01-Jan-2007",2048x1536,No
756.25,32.875,424.0,15.2,128.0,475.0,1.75,4.25,M56GL,,No,AMD,GDDR3,Mobility FireGL V5200,"
01-Dec-2006",2048x1536,No
540.0,40.0,304.0,3.2,128.0,200.0,1.625,4.625,,,No,AMD,DDR,Mobility FireGL T2,"
01-Nov-2003",2048x1536,No
735.0,47.5,1024.0,64.0,128.0,1000.0,5.5,10.0,Juniper XT,,Yes,AMD,GDDR5,FirePro M7820,"
01-May-2010",,No
693.75,75.0,2752.0,115.2,256.0,900.0,22.25,30.0,Blackcomb XT,,No,AMD,GDDR5,FirePro M8900,"
12-Apr-2011",,No
735.0,47.5,1024.0,64.0,128.0,1000.0,5.5,10.0,M97GL,,Yes,AMD,GDDR5,FirePro M7740,"
04-Aug-2009",2560x1600,No
674.625,30.0,1024.0,57.6,128.0,900.0,3.0,5.75,Whistler XT,,Yes,AMD,GDDR5,FirePro M5950,"
13-Apr-2011",,No
825.0,50.0,2048.0,72.0,128.0,1125.0,7.0,8.0,GCN 1.1 Mars XTX,1600 x 900,Yes,AMD,GDDR5,FirePro W4170M,"
28-Apr-2014",4096x2160,Yes
695.875,53.75,1024.0,51.2,128.0,800.0,3.375,6.0,Redwood XT,,Yes,AMD,GDDR5,FirePro M5800 1GB DDR3,"
01-Mar-2010",,No
948.75,75.0,2048.0,72.0,128.0,1125.0,18.0,16.0,GCN 1.1 Saturn XT GL,1600 x 900,Yes,AMD,GDDR5,FirePro M6100,"
16-Oct-2013",4096x2160,Yes
890.625,50.0,2048.0,72.0,128.0,1125.0,12.0,16.0,GCN 1.1 Venus XT,1600 x 900,Yes,AMD,GDDR5,FirePro M5100,"
16-Oct-2013",4096x2160,Yes
739.375,33.0,2048.0,64.0,128.0,1000.0,10.0,16.0,Cape Verde PRO GL,,Yes,AMD,GDDR5,FirePro M4000,"
27-Jun-2012",4096x2160,Yes
1057.5,63.375,7168.0,248.0,128.0,1484.625,9.0,13.0,M24GL,,No,AMD,DDR2,Mobility FireGL V3200,"
01-Dec-2004",2048x1536,No
536.5,7.0,512.0,9.6,64.0,600.0,2.625,4.0,RV710,,Yes,AMD,GDDR3,Mobility Radeon HD 4330,"
09-Jan-2009",2560x1600,No
451.25,30.0,128.0,4.0,128.0,250.0,1.75,4.25,RV350,,Yes,AMD,DDR,Mobility Radeon 9600 Series,"
01-Mar-2003",2048x1536,No
814.625,20.0,1056.0,14.4,64.0,900.0,7.25,9.5,Caicos,,No,AMD,DDR3,FirePro M3900,"
13-Apr-2011",,No
451.25,43.625,64.0,3.2,128.0,200.0,1.5,3.75,RV280,,Yes,AMD,DDR,Mobility Radeon 9200,"
01-Mar-2003",2048x1536,No
451.25,39.25,128.0,4.4,128.0,275.0,1.75,4.375,RV360,,Yes,AMD,DDR,Mobility Radeon 9700 Series,"
01-Feb-2004",2048x1536,No
397.5,46.375,512.0,32.0,128.0,653.75,1.625,4.0,RV620,,Yes,AMD,DDR3,Mobility Radeon HD 4250,"
01-May-2010",2560x1600,No
1057.5,63.375,7168.0,248.0,128.0,1484.625,9.0,13.0,RV620,,No,AMD,DDR3,Mobility Radeon HD 4270,"
01-May-2010",2560x1600,No
395.625,31.875,256.0,24.137500000000003,128.0,833.5,1.75,4.0,RV620,,Yes,AMD,DDR3,Mobility Radeon HD 4200,"
10-Sep-2009",2560x1600,No
580.0,32.125,256.0,24.0,128.0,750.0,1.75,4.25,RV630,,Yes,AMD,GDDR3,Mobility Radeon HD 2600 XT,"
14-May-2007",2560x1600,No
451.25,43.625,64.0,3.2,128.0,200.0,1.5,3.75,RV250,,Yes,AMD,DDR,Mobility Radeon 9000 64MB,"
01-Aug-2002",2048x1536,No
720.125,39.875,256.0,19.2,128.0,600.0,1.75,4.25,RV630,,Yes,AMD,GDDR3,Mobility Radeon HD 2600,"
14-May-2007",2560x1600,No
698.75,31.625,256.0,22.4,128.0,700.0,2.25,4.75,RV630,,Yes,AMD,GDDR3,Mobility Radeon HD 2700,"
12-Dec-2007",2560x1600,No
527.5,31.0,128.0,12.8,128.0,400.0,1.75,4.25,RV515,,Yes,AMD,DDR2,Mobility Radeon HD 2300,"
01-Mar-2007",2560x1600,No
590.5,14.5,256.0,11.2,64.0,700.0,2.125,4.0,RV610,,Yes,AMD,GDDR3,Mobility Radeon HD 2400 XT,"
14-May-2007",2560x1600,No
609.375,55.0,512.0,54.4,256.0,850.0,8.75,14.5,RV670,,Yes,AMD,GDDR3,Mobility Radeon HD 3870,"
04-Jun-2008",2560x1600,Yes
250.0,30.0,512.0,25.6,128.0,800.0,2.125,5.75,RV635,,Yes,AMD,GDDR3,Mobility Radeon HD 3670,"
07-Jan-2008",2560x1600,No
590.75,30.0,512.0,22.4,128.0,700.0,2.25,4.75,RV635,,Yes,AMD,GDDR3,Mobility Radeon HD 3650,"
07-Jan-2008",2560x1600,No
585.0,44.25,256.0,8.0,64.0,500.0,38.5,35.0,RV610,,Yes,AMD,DDR2,Mobility Radeon HD 2400,"
14-May-2007",2560x1600,No
643.75,45.0,512.0,48.0,256.0,750.0,6.625,12.5,RV670,,Yes,AMD,GDDR3,Mobility Radeon HD 3850,"
04-Jun-2008",2560x1600,No
318.75,12.0,256.0,12.8,64.0,800.0,2.0,3.625,RV620,,Yes,AMD,GDDR3,Mobility Radeon HD 3470,"
07-Jan-2008",2560x1600,No
481.625,37.5,256.0,8.55,64.0,550.25,2.0,3.75,RV620,,Yes,AMD,DDR2,Mobility Radeon HD 3200,"
04-Jun-2008",2560x1600,No
534.25,10.0,256.0,11.2,64.0,700.0,2.0,4.0,RV620,,Yes,AMD,DDR2,Mobility Radeon HD 3430,"
25-Jul-2008",2560x1600,No
534.25,12.0,256.0,11.2,64.0,700.0,2.0,4.0,RV620,,Yes,AMD,GDDR3,Mobility Radeon HD 3450,"
07-Jan-2008",2560x1600,No
534.25,8.0,256.0,11.2,64.0,700.0,2.0,4.0,RV620,,Yes,AMD,DDR2,Mobility Radeon HD 3410,"
25-Jul-2008",2560x1600,No
543.75,32.0,1344.0,21.925,64.0,663.625,2.625,3.5,,,No,Nvidia,,GeForce 7150M nForce 630M,"
01-Jan-2006",,No
606.25,65.0,512.0,51.2,256.0,800.0,7.5,12.5,G92M,,Yes,Nvidia,GDDR3,GeForce 8800M GTX,"
01-Nov-2007",2560x1600,Yes
653.625,130.0,2048.0,204.8,256.0,800.0,14.5,23.0,G92 (x2),,Yes,Nvidia,GDDR5,GeForce 8800M GTX SLI,"
01-Nov-2007",2560x1600,Yes
606.25,50.0,512.0,51.2,256.0,800.0,6.5,11.0,G92M,,Yes,Nvidia,GDDR3,GeForce 8800M GTS,"
01-Nov-2007",2560x1600,No
848.75,89.0,256.0,35.2,256.0,550.0,24.375,24.0,NV41M,,Yes,Nvidia,DDR3,GeForce Go 6800 ultra,"
01-Feb-2005",2048x1536,No
954.0,122.0,8192.0,160.0,256.0,1250.0,32.0,32.0,Kepler GK104,1920 x 1080,Yes,Nvidia,GDDR5,GeForce GTX 880M 8GB,"
12-Mar-2014",4096x2160,Yes
587.625,45.0,512.0,38.4,256.0,600.0,4.375,9.25,G71M,,Yes,Nvidia,GDDR3,GeForce Go 7900 GTX,"
01-Apr-2006",2560x1600,Yes
527.5,16.625,64.0,2.8,32.0,350.0,2.375,4.0,G72M,,Yes,Nvidia,DDR3,GeForce Go 7200,"
01-Sep-2006",2560x1600,No
812.5,65.0,512.0,35.2,256.0,550.0,25.0,10.0,G70M,,Yes,Nvidia,GDDR3,GeForce Go 7800 GTX,"
01-Oct-2005",2560x1600,Yes
606.375,45.0,512.0,44.8,256.0,700.0,6.75,13.0,G71M,,Yes,Nvidia,GDDR3,GeForce Go 7950 GTX,"
01-Oct-2006",2560x1600,Yes
690.25,200.0,16384.0,320.0,256.0,1250.0,64.0,32.0,Kepler GK104 (x2),1920 x 1080,Yes,Nvidia,GDDR5,GeForce GTX 880M SLI,"
12-Mar-2014",4096x2160,Yes
575.0,200.0,4096.0,192.0,256.0,750.0,37.0,32.0,Fermi GF104-N12E-GTX-A1 (x2),1920 x 1080,Yes,Nvidia,GDDR5,GeForce GTX 485M SLI,"
01-Jan-2011",2560x1600,Yes
954.0,122.0,4096.0,160.0,256.0,1250.0,32.0,32.0,Kepler GK104,1920 x 1080,Yes,Nvidia,GDDR5,GeForce GTX 880M 4GB,"
12-Mar-2014",4096x2160,Yes
560.125,20.0,512.0,32.0,256.0,500.0,3.75,8.0,G71M,,Yes,Nvidia,GDDR3,GeForce Go 7900 GS,"
01-Apr-2006",2560x1600,Yes
623.375,60.0,1024.0,51.2,256.0,800.0,7.0,12.0,G94b,,Yes,Nvidia,GDDR3,GeForce GTS 160M,"
02-Mar-2009",2560x1600,Yes
666.125,200.0,4096.0,192.0,256.0,750.0,40.0,32.0,Fermi GF114 (x2),1920 x 800,Yes,Nvidia,GDDR5,GeForce GTX 580M SLI,"
01-Jun-2011",2560x1600,Yes
757.625,150.0,3072.0,120.0,192.0,625.0,37.0,24.0,Fermi GF116 (x2),1600 x 900,Yes,Nvidia,GDDR5,GeForce GTX 560M SLI,"
01-May-2011",2560x1600,Yes
575.0,75.0,1536.0,72.0,192.0,750.0,14.0,24.0,Fermi GF114,1600 x 900,Yes,Nvidia,GDDR5,GeForce GTX 570M,"
28-Jun-2011",2560x1600,Yes
590.0,35.0,3072.0,43.2,192.0,900.0,9.0,16.0,Fermi GF106,1366 x 768,Yes,Nvidia,DDR3,GeForce GT 555M 3GB,"
05-Jan-2011",2560x1600,No
620.0,100.0,2048.0,96.0,256.0,750.0,20.0,32.0,Fermi GF114,1920 x 1080,Yes,Nvidia,GDDR5,GeForce GTX 580M,"
28-Jun-2011",2560x1600,Yes
753.0,35.0,1024.0,50.2,128.0,784.0,3.0,4.0,Fermi GF108-400-A1,1366 x 768,Yes,Nvidia,GDDR5,GeForce GT 555M v2,"
15-Jun-2011",2560x1600,No
775.0,75.0,1536.0,60.0,192.0,625.0,19.0,24.0,Fermi GF116,1600 x 900,Yes,Nvidia,GDDR5,GeForce GTX 560M,"
30-May-2011",2560x1600,Yes
675.0,35.0,2048.0,28.8,128.0,900.0,11.0,16.0,Fermi GF116,1366 x 768,Yes,Nvidia,DDR3,GeForce GT 555M v3,"
26-Mar-2012",2560x1600,No
740.0,35.0,2048.0,28.8,128.0,900.0,3.0,4.0,Fermi GF108,1366 x 768,Yes,Nvidia,DDR3,GeForce GT 550M 2GB,"
06-Jan-2011",2560x1600,No
672.0,35.0,1024.0,28.8,128.0,900.0,3.0,4.0,Fermi GF108,1366 x 768,Yes,Nvidia,DDR3,GeForce GT 540M,"
06-Jan-2011",2560x1600,No
590.0,35.0,1536.0,43.2,192.0,900.0,9.0,16.0,Fermi GF106,1366 x 768,Yes,Nvidia,DDR3,GeForce GT 555M,"
05-Jan-2011",2560x1600,No
672.0,35.0,2048.0,28.8,128.0,900.0,3.0,4.0,Fermi GF108,1366 x 768,Yes,Nvidia,DDR3,GeForce GT 540M 2GB,"
01-Jan-2011",2560x1600,No
740.0,35.0,1024.0,28.8,128.0,900.0,3.0,4.0,Fermi GF108,1366 x 768,Yes,Nvidia,DDR3,GeForce GT 550M,"
05-Jan-2011",2560x1600,No
600.0,23.0,1024.0,28.8,128.0,900.0,2.0,4.0,Fermi GF108,1366 x 768,Yes,Nvidia,DDR3,GeForce GT 525M,"
05-Jan-2011",2560x1600,No
600.0,25.0,2048.0,28.8,128.0,900.0,2.0,4.0,Fermi GF108,1366 x 768,Yes,Nvidia,DDR3,GeForce GT 525M 2GB,"
01-Jan-2011",2560x1600,No
672.0,12.0,1024.0,12.8,64.0,800.0,5.0,8.0,Fermi GF108,1366 x 768,Yes,Nvidia,DDR3,GeForce GT 520M v2,"
05-Jan-2011",2560x1600,No
740.0,12.0,1024.0,12.8,64.0,800.0,3.0,4.0,Fermi GF119,1024 x 768,Yes,Nvidia,DDR3,GeForce GT 520M,"
05-Jan-2011",2560x1600,No
585.0,75.0,1024.0,60.8,256.0,950.0,9.0,16.0,Tesla G92-N10E-GTX,,Yes,Nvidia,GDDR3,GeForce GTX 280M,"
01-Mar-2009",2560x1600,Yes
600.0,75.0,1024.0,64.0,256.0,1000.0,10.0,16.0,Tesla G92-N10E-GTX1-B1,,Yes,Nvidia,GDDR3,GeForce GTX 285M,"
01-Feb-2010",2560x1600,Yes
900.0,20.0,1024.0,14.4,64.0,900.0,4.0,4.0,Fermi GF119,1024 x 768,Yes,Nvidia,DDR3,GeForce GT 520MX,"
30-May-2011",2560x1600,No
550.0,65.0,1024.0,60.8,256.0,950.0,9.0,16.0,Tesla G92-N10E-GT,,Yes,Nvidia,GDDR3,GeForce GTX 260M,"
01-Mar-2009",2560x1600,Yes
780.75,130.0,2048.0,121.6,256.0,950.0,18.0,16.0,Tesla G92b (x2),1920 x 1080,Yes,Nvidia,GDDR3,GeForce GTX 260M SLI,"
01-Mar-2009",2560x1600,Yes
550.0,38.0,1024.0,57.6,128.0,900.0,4.0,8.0,Tesla GT215-N10E-GS,,Yes,Nvidia,GDDR5,GeForce GTS 260M,"
01-Jun-2009",2560x1600,Yes
500.0,28.0,1024.0,51.2,128.0,800.0,4.0,8.0,Tesla GT215-N10E-GE-A2,,Yes,Nvidia,GDDR5,GeForce GTS 250M,"
01-Jun-2009",2560x1600,Yes
819.5,150.0,2048.0,121.6,256.0,950.0,19.0,16.0,Tesla G92b (x2),1920 x 1080,Yes,Nvidia,GDDR3,GeForce GTX 280M SLI,"
01-Mar-2009",2560x1600,Yes
1442.0,150.0,8192.0,256.3,256.0,2002.0,105.0,64.0,Pascal P104-200-A1,2560 x 1440,Yes,Nvidia,GDDR5,GeForce GTX 1070M,"
01-Sep-2016",7680x4320,No
1290.0,75.0,4096.0,112.1,128.0,1752.0,45.0,32.0,Pascal P107,1920 x 1080,Yes,Nvidia,GDDR5,GeForce GTX 1050M Ti 4GB,"
18-Oct-2016",7680x4320,No
550.0,23.0,1024.0,25.6,128.0,800.0,4.0,8.0,Tesla GT216-N10P-GS,,Yes,Nvidia,DDR3,GeForce GT 240M,"
01-Jun-2009",2560x1600,No
1480.0,220.0,11264.0,484.4,352.0,1376.0,139.0,88.0,Pascal P102,3840 x 2160,Yes,Nvidia,GDDR5X,GeForce GTX 1080 Ti Mobile,"
05-Mar-2017",7680x4320,Yes
1354.0,75.0,2048.0,112.1,128.0,1752.0,47.0,32.0,Pascal P107,1600 x 900,Yes,Nvidia,GDDR5,GeForce GTX 1050M,"
01-Nov-2016",7680x4320,No
625.0,14.0,512.0,12.8,64.0,800.0,3.0,4.0,Tesla GT218-N10M-GS,,Yes,Nvidia,GDDR3,GeForce G 210M,"
02-Jan-2009",2560x1600,No
500.0,23.0,1024.0,25.6,128.0,800.0,4.0,8.0,Tesla GT216-N10P-GE-A2,1366 x 768,Yes,Nvidia,GDDR3,GeForce GT 230M,"
15-Jun-2009",2560x1600,No
1404.0,120.0,6144.0,192.2,192.0,2002.0,80.0,48.0,Pascal P106-400-A1,1920 x 1080,Yes,Nvidia,GDDR5,GeForce GTX 1060M,"
01-Sep-2016",7680x4320,No
622.125,150.0,2048.0,65.3,128.0,1020.0,19.0,16.0,Tesla G92b (x2),1920 x 1080,Yes,Nvidia,GDDR3,GeForce GTX 285M SLI,"
01-Feb-2010",2560x1600,Yes
555.625,23.0,1024.0,25.6,128.0,800.0,2.875,4.5,G96b,,Yes,Nvidia,GDDR3,GeForce GT 130M,"
08-Jan-2009",2560x1600,Yes
651.25,45.0,1024.0,64.0,256.0,1000.0,11.0,16.5,G94b,,Yes,Nvidia,GDDR3,GeForce GTS 150M,"
02-Mar-2009",2560x1600,Yes
450.0,12.0,272.0,6.4,64.0,400.0,2.0,4.0,Tesla MCP79MX,,No,Nvidia,DDR2,GeForce G 205M,"
01-Jan-2010",,No
500.0,14.0,1024.0,25.6,128.0,800.0,4.0,8.0,Tesla G96M C1,,Yes,Nvidia,DDR3,GeForce GT 220M,"
16-Aug-2009",2560x1600,No
541.375,14.0,512.0,8.0,64.0,500.0,3.0,4.0,G98,,Yes,Nvidia,DDR2,GeForce G 103M,"
01-Sep-2009",2560x1600,No
491.25,14.0,512.0,11.2,64.0,700.0,2.0,4.0,G98,,Yes,Nvidia,GDDR3,GeForce G 105M,"
08-Jan-2009",2560x1600,No
522.0,14.0,336.0,6.4,64.0,400.0,1.875,3.5,MCP79XT,,No,Nvidia,DDR2,GeForce G 102M,"
03-Mar-2009",2560x1600,No
941.0,23.0,1024.0,39.675,128.0,995.75,15.875,12.0,G96b,,Yes,Nvidia,DDR3,GeForce GT 120M,"
11-Feb-2009",2560x1600,No
575.0,100.0,2048.0,96.0,256.0,750.0,18.0,32.0,Fermi GF104-N12E-GTX-A1,1920 x 1080,Yes,Nvidia,GDDR5,GeForce GTX 485M,"
05-Jan-2011",2560x1600,Yes
425.0,100.0,2048.0,76.8,256.0,600.0,14.0,32.0,Fermi GF100-N11E-GTX-A3,1600 x 900,Yes,Nvidia,GDDR5,GeForce GTX 480M,"
25-May-2010",2560x1600,Yes
425.0,200.0,4096.0,153.6,256.0,600.0,27.0,32.0,Fermi GF100-N11E-GTX-A3 (x2),1600 x 900,Yes,Nvidia,GDDR5,GeForce GTX 480M SLI,"
01-May-2010",2560x1600,Yes
535.0,150.0,3072.0,120.0,192.0,625.0,26.0,24.0,Fermi GF104-N11E-GT (x2),1920 x 1080,Yes,Nvidia,GDDR5,GeForce GTX 470M SLI,"
01-Sep-2010",2560x1600,Yes
535.0,75.0,1536.0,60.0,192.0,625.0,13.0,24.0,Fermi GF104-N11E-GT,1600 x 900,Yes,Nvidia,GDDR5,GeForce GTX 470M,"
03-Sep-2010",2560x1600,Yes
570.0,35.0,1024.0,40.0,128.0,625.0,9.0,16.0,Fermi GF106-N11E-GE-A1,1600 x 900,Yes,Nvidia,GDDR5,GeForce GT 445M v2,"
03-Sep-2010",2560x1600,No
642.375,14.0,1024.0,11.2,64.0,700.0,2.625,4.0,G96b,,Yes,Nvidia,GDDR3,GeForce G 110M,"
08-Jan-2009",2560x1600,No
590.0,35.0,3072.0,38.4,192.0,800.0,9.0,16.0,Fermi GF106-N11E-GE-A1,1366 x 768,Yes,Nvidia,DDR3,GeForce GT 445M,"
03-Sep-2010",2560x1600,No
675.0,100.0,3072.0,120.0,192.0,625.0,32.0,24.0,Fermi GF106-N11E-GS-A1 (x2),1920 x 800,Yes,Nvidia,GDDR5,GeForce GTX 460M SLI,"
01-Sep-2010",2560x1600,Yes
590.0,35.0,1024.0,25.6,128.0,800.0,9.0,16.0,Fermi GF106-N11E-GE-A1,1366 x 768,Yes,Nvidia,DDR3,GeForce GT 435M v2,"
15-Jan-2011",2560x1600,No
650.0,35.0,1024.0,25.6,128.0,800.0,3.0,4.0,Fermi GF108-N11P-GT,1366 x 768,Yes,Nvidia,DDR3,GeForce GT 435M,"
03-Sep-2010",2560x1600,No
560.0,23.0,1024.0,25.6,128.0,800.0,2.0,4.0,Fermi GF108-N11P-GS-A1,1366 x 768,Yes,Nvidia,DDR3,GeForce GT 425M,"
03-Sep-2010",1600x1200,No
675.0,50.0,1536.0,60.0,192.0,625.0,16.0,24.0,Fermi GF106-N11E-GS-A1,1600 x 900,Yes,Nvidia,GDDR5,GeForce GTX 460M,"
03-Sep-2010",2560x1600,Yes
941.0,100.0,6144.0,120.0,192.0,1250.0,31.0,32.0,Kepler GK104,1920 x 1080,Yes,Nvidia,GDDR5,GeForce GTX 870M 6GB,"
12-Mar-2014",4096x2160,Yes
1556.0,180.0,8192.0,320.3,256.0,1251.0,111.0,64.0,Pascal P104-400-A1,2560 x 1600,Yes,Nvidia,GDDR5X,GeForce GTX 1080M,"
01-Sep-2016",7680x4320,No
575.0,12.0,1024.0,12.8,64.0,800.0,2.0,4.0,Fermi GF119-N12M-GS,1366 x 768,Yes,Nvidia,DDR3,GeForce 410M,"
05-Jan-2011",2560x1600,No
500.0,23.0,512.0,25.6,128.0,800.0,2.0,4.0,Fermi GF108-N11P-GE-A1,1366 x 768,Yes,Nvidia,DDR3,GeForce GT 420M,"
03-Sep-2010",2560x1600,No
500.0,12.0,512.0,25.6,128.0,800.0,2.0,4.0,Fermi GF108-N11P-GV,1366 x 768,Yes,Nvidia,DDR3,GeForce GT 415M,"
03-Sep-2010",2560x1600,No
1029.0,50.0,4096.0,80.0,128.0,1250.0,18.0,16.0,Maxwell GM107,1920 x 1080,Yes,Nvidia,GDDR5,GeForce GTX 860M 4GB,"
12-Mar-2014",4096x2160,No
606.0,14.0,512.0,12.8,64.0,800.0,2.0,4.0,Tesla GT218,1024 x 768,Yes,Nvidia,GDDR3,Geforce 405M,"
10-May-2012",2560x1600,No
876.0,45.0,2048.0,80.2,128.0,1253.0,15.0,16.0,Maxwell GM107,1920 x 1080,Yes,Nvidia,GDDR5,GeForce GTX 850M v2 2GB,"
12-Mar-2014",4096x2160,No
936.0,45.0,4096.0,32.0,128.0,1000.0,17.0,16.0,Maxwell GM107,1600 x 900,Yes,Nvidia,DDR3,GeForce GTX 850M 4GB,"
12-Mar-2014",4096x2160,Yes
1029.0,120.0,4096.0,160.4,128.0,1253.0,35.0,16.0,Maxwell GM107-N15P-GX-A1 (x2),1920 x 1080,Yes,Nvidia,GDDR5,GeForce GTX 860M 2GB SLI,"
12-Mar-2014",4096x2160,Yes
1029.0,33.0,2048.0,16.0,64.0,1001.0,9.0,8.0,Maxwell GM108,1366 x 768,Yes,Nvidia,DDR3,GeForce 840M 4GB,"
12-Mar-2014",4096x2160,No
680.875,38.0,1024.0,57.6,128.0,900.0,4.0,8.0,GT215,1440 x 900,Yes,Nvidia,GDDR5,GeForce GTS 360M,"
07-Jan-2010",2560x1600,Yes
625.0,15.0,2048.0,14.4,64.0,900.0,5.0,8.0,Fermi GF117-N15V-GM,1366 x 768,Yes,Nvidia,DDR3,GeForce 820M 2GB,"
27-Nov-2013",2560x1600,No
616.0,28.0,1024.0,51.2,128.0,800.0,4.0,8.0,GT215,1440 x 900,Yes,Nvidia,GDDR5,GeForce GTS 350M,"
07-Jan-2010",2560x1600,Yes
375.0,28.0,1024.0,34.1,128.0,1066.0,4.0,8.0,GT215,1366 x 768,Yes,Nvidia,DDR3,GeForce GT 335M,"
07-Jan-2010",2560x1600,Yes
1029.0,33.0,2048.0,16.0,64.0,1001.0,9.0,8.0,Maxwell GM108,1366 x 768,Yes,Nvidia,DDR3,GeForce 840M 2GB,"
12-Mar-2014",4096x2160,No
362.5,23.0,1024.0,34.1,128.0,1066.0,5.0,8.0,GT216,1366 x 768,Yes,Nvidia,DDR3,GeForce GT 330M,"
10-Jan-2010",2560x1600,No
362.5,23.0,1024.0,34.1,128.0,1066.0,4.0,8.0,GT216,1366 x 768,Yes,Nvidia,DDR3,GeForce GT 325M,"
10-Jan-2010",2560x1600,No
850.0,33.0,2048.0,14.4,64.0,900.0,8.0,8.0,Kepler GK208,1366 x 768,Yes,Nvidia,DDR3,GeForce 825M 2GB,"
27-Jan-2014",4096x2160,No
450.0,23.0,623.0,21.3,128.0,667.0,4.0,8.0,Tesla MCP89,1024 x 768,No,Nvidia,DDR3,GeForce 320M,"
01-Apr-2010",2560x1600,No
381.25,14.0,1024.0,25.3,128.0,790.0,4.0,8.0,GT216,1280 x 720,Yes,Nvidia,DDR3,GeForce GT 320M,"
21-Jan-2010",2560x1600,No
936.0,45.0,2048.0,32.0,128.0,1000.0,17.0,16.0,Maxwell GM107,1600 x 900,Yes,Nvidia,DDR3,GeForce GTX 850M 2GB,"
12-Mar-2014",4096x2160,Yes
625.0,14.0,512.0,12.6,64.0,790.0,3.0,4.0,Tesla GT218-N11M-GE1,1024 x 768,Yes,Nvidia,DDR3,GeForce 310M,"
10-Jan-2010",2560x1600,No
606.0,14.0,512.0,12.6,64.0,790.0,2.0,4.0,Tesla GT218-N11M-GE1,1024 x 768,Yes,Nvidia,DDR3,GeForce 315M,"
05-Jan-2011",2560x1600,No
941.0,100.0,3072.0,120.0,192.0,1250.0,31.0,32.0,Kepler GK104,1920 x 1080,Yes,Nvidia,GDDR5,GeForce GTX 870M 3GB,"
12-Mar-2014",4096x2160,Yes
775.0,15.0,1024.0,14.4,64.0,900.0,8.0,8.0,Fermi GF117-N15V-GM,1366 x 768,Yes,Nvidia,DDR3,GeForce 820M 1GB,"
27-Nov-2013",2560x1600,No
525.0,14.0,512.0,11.2,64.0,700.0,2.0,4.0,Tesla GT218-N11M-LP1,1024 x 768,Yes,Nvidia,DDR3,GeForce 305M,"
10-Jan-2010",2560x1600,Yes
719.0,100.0,1024.0,160.0,256.0,1250.0,23.0,32.0,Kepler GK104,1920 x 1080,Yes,Nvidia,GDDR5,GeForce GTX 675MX Mac Edition,"
01-Apr-2013",4096x2160,Yes
720.0,100.0,4096.0,115.2,256.0,900.0,23.0,32.0,Kepler GK104-N13E-GTX-A2,1920 x 1080,Yes,Nvidia,GDDR5,GeForce GTX 680M,"
05-Jun-2012",4096x2160,Yes
600.0,100.0,2048.0,115.2,256.0,900.0,19.0,32.0,Kepler GK104-N13E-GSR-A2,1920 x 1080,Yes,Nvidia,GDDR5,GeForce GTX 675MX,"
01-Oct-2012",4096x2160,Yes
719.0,122.0,2048.0,160.0,256.0,1250.0,23.0,32.0,Kepler GK104-N13E-GTX2-A2,1920 x 1080,Yes,Nvidia,GDDR5,GeForce GTX 680MX,"
23-Oct-2012",4096x2160,Yes
671.625,200.0,4096.0,230.4,256.0,900.0,46.0,32.0,Kepler GK104 (x2),1920 x 1080,Yes,Nvidia,GDDR5,GeForce GTX 680M SLI,"
01-Jun-2012",4096x2160,Yes
620.0,100.0,2048.0,96.0,256.0,750.0,20.0,32.0,Fermi GF114,1920 x 1080,Yes,Nvidia,GDDR5,GeForce GTX 675M,"
22-Mar-2012",2560x1600,Yes
666.125,200.0,4096.0,192.0,256.0,750.0,40.0,32.0,Fermi GF114 (x2),1920 x 1080,Yes,Nvidia,GDDR5,GeForce GTX 675M SLI,"
22-Mar-2012",2560x1600,Yes
1029.0,60.0,2048.0,80.2,128.0,1253.0,18.0,16.0,Maxwell GM107-N15P-GX-A1,1600 x 900,Yes,Nvidia,GDDR5,GeForce GTX 860M 2GB,"
12-Mar-2014",4096x2160,Yes
731.25,150.0,6144.0,134.4,192.0,700.0,29.0,24.0,Kepler GK106 (x2),1920 x 1080,Yes,Nvidia,GDDR5,GeForce GTX 670MX SLI,"
01-Oct-2012",4096x2160,Yes
606.0,14.0,1024.0,10.7,64.0,667.0,2.0,4.0,Tesla GT218-N11M-GE1,1024 x 768,Yes,Nvidia,DDR3,GeForce 310M v2,"
10-Jan-2010",2560x1600,No
598.0,75.0,1536.0,72.0,192.0,750.0,14.0,24.0,Fermi GF114,1600 x 900,Yes,Nvidia,GDDR5,GeForce GTX 670M,"
22-Mar-2012",2560x1600,Yes
598.0,75.0,3072.0,72.0,192.0,750.0,5.25,7.125,Fermi GF114,1600 x 900,Yes,Nvidia,GDDR5,GeForce GTX 670M 3GB,"
01-Mar-2012",2560x1600,Yes
601.0,75.0,3072.0,67.2,192.0,700.0,14.0,24.0,Kepler GK104-N13E-GR-A2,1920 x 1080,Yes,Nvidia,GDDR5,GeForce GTX 670MX,"
01-Oct-2012",4096x2160,Yes
835.0,50.0,2048.0,64.0,128.0,1000.0,15.0,16.0,Kepler GK107-N13E-GE-A2,1600 x 900,Yes,Nvidia,GDDR5,GeForce GTX 660M,"
22-Mar-2012",4096x2160,Yes
745.0,90.0,4096.0,128.0,128.0,1000.0,24.0,16.0,Kepler GK107 (x2),1600 x 900,Yes,Nvidia,GDDR5,GeForce GT 650M v2 SLI,"
22-Mar-2012",4096x2160,Yes
900.0,45.0,1024.0,80.3,128.0,1254.0,14.0,16.0,Kepler GK107-N13P-GT-W-A2,1600 x 900,Yes,Nvidia,GDDR5,GeForce GT 650M Mac 1GB Edition,"
12-Jul-2012",4096x2160,Yes
710.0,32.0,2048.0,28.8,128.0,900.0,11.0,16.0,Kepler GK107,1366 x 768,Yes,Nvidia,DDR3,GeForce GT 645M,"
01-Oct-2012",4096x2160,No
753.0,32.0,2048.0,50.2,128.0,785.0,3.0,4.0,Fermi GF108,1600 x 900,Yes,Nvidia,GDDR5,GeForce GT 640M LE v2,"
05-May-2012",2560x1600,No
500.0,20.0,1024.0,28.8,128.0,900.0,8.0,16.0,Kepler GK107,1366 x 768,Yes,Nvidia,DDR3,GeForce GT 640M LE,"
22-Mar-2012",4096x2160,No
850.0,45.0,1024.0,28.8,128.0,900.0,14.0,16.0,Kepler GK107,1366 x 768,Yes,Nvidia,DDR3,GeForce GT 650M,"
22-Mar-2012",4096x2160,No
625.0,32.0,2048.0,28.8,128.0,900.0,10.0,16.0,Kepler GK107,1366 x 768,Yes,Nvidia,DDR3,GeForce GT 640M,"
22-Mar-2012",4096x2160,No
650.0,35.0,2048.0,28.8,128.0,900.0,10.0,16.0,Fermi GF116,1366 x 768,Yes,Nvidia,DDR3,GeForce GT 635M v3,"
06-Mar-2012",2560x1600,No
660.0,33.0,1024.0,28.8,128.0,900.0,3.0,4.0,Fermi GF108,1366 x 768,Yes,Nvidia,DDR3,GeForce GT 635M v2,"
22-Mar-2012",2560x1600,No
660.0,33.0,1024.0,28.8,128.0,900.0,3.0,4.0,Fermi GF108,1366 x 768,Yes,Nvidia,DDR3,GeForce GT 630M,"
22-Mar-2012",2560x1600,No
625.0,15.0,2048.0,14.4,64.0,900.0,3.0,4.0,Fermi GF117,1366 x 768,Yes,Nvidia,DDR3,GeForce GT 625M,"
01-Oct-2012",2560x1600,No
660.0,25.0,1024.0,28.8,128.0,900.0,3.0,4.0,Fermi GF108,1366 x 768,Yes,Nvidia,DDR3,GeForce GT 620M v2,"
23-Aug-2012",2560x1600,No
672.0,35.0,2048.0,28.8,128.0,900.0,3.0,4.0,Fermi GF108,1366 x 768,Yes,Nvidia,DDR3,GeForce GT 630M v3,"
22-Mar-2012",2560x1600,No
625.0,15.0,1024.0,14.4,64.0,900.0,5.0,8.0,Fermi GF117,1366 x 768,Yes,Nvidia,DDR3,GeForce GT 620M,"
22-Mar-2012",2560x1600,No
800.0,20.0,2048.0,12.8,64.0,800.0,3.0,4.0,Fermi GF119,1366 x 768,Yes,Nvidia,DDR3,GeForce 610M v5,"
07-Dec-2011",2560x1600,No
800.0,33.0,2048.0,57.6,128.0,900.0,3.0,4.0,Fermi GF108,1600 x 900,Yes,Nvidia,GDDR5,GeForce GT 630M v2,"
22-Mar-2012",2560x1600,No
1082.0,25.0,2048.0,14.4,64.0,900.0,9.0,8.0,Maxwell GM108,1366 x 768,Yes,Nvidia,DDR3,GeForce 830M 2GB,"
12-Mar-2014",4096x2160,No
900.0,20.0,1024.0,14.4,64.0,900.0,7.0,8.0,Fermi GF119,1366 x 768,Yes,Nvidia,DDR3,GeForce 610M v4,"
01-Dec-2011",2560x1600,No
625.0,12.0,1024.0,14.4,64.0,900.0,5.0,8.0,Fermi GF117,1366 x 768,Yes,Nvidia,DDR3,GeForce 610M v3,"
01-Dec-2011",2560x1600,No
672.0,12.0,1024.0,14.4,64.0,900.0,5.0,8.0,Fermi GF108,1366 x 768,Yes,Nvidia,DDR3,GeForce 610M v2,"
01-Dec-2011",2560x1600,No
1611.75,200.0,8192.0,320.0,256.0,1250.0,51.0,32.0,Kepler GK104 (x2),2560 x 1600,Yes,Nvidia,GDDR5,GeForce GTX 780M SLI,"
30-May-2013",4096x2160,Yes
771.0,122.0,4096.0,160.0,256.0,1250.0,26.0,32.0,Kepler GK104-N14E-GTX-A2,1920 x 1080,Yes,Nvidia,GDDR5,GeForce GTX 780M,"
30-May-2013",4096x2160,Yes
771.875,150.0,4096.0,192.0,192.0,1000.0,39.0,24.0,Kepler GK106 (x2),1920 x 1080,Yes,Nvidia,GDDR5,GeForce GTX 770M SLI,"
30-May-2013",4096x2160,Yes
811.0,75.0,3072.0,96.2,192.0,1002.0,19.0,24.0,Kepler GK106-N14E-GS-A1,1920 x 1080,Yes,Nvidia,GDDR5,GeForce GTX 770M,"
30-May-2013",4096x2160,Yes
675.0,35.0,2048.0,28.8,128.0,900.0,11.0,16.0,Fermi GF116,1366 x 768,Yes,Nvidia,DDR3,GeForce GT 635M,"
06-Mar-2012",2560x1600,No
797.0,125.0,4096.0,128.0,128.0,1000.0,28.0,16.0,Kepler GK106-N14E-GE-B-A1 (x2),1920 x 1080,Yes,Nvidia,GDDR5,GeForce GTX 765M SLI,"
30-May-2013",4096x2160,Yes
719.0,100.0,2048.0,115.2,256.0,900.0,23.0,32.0,Kepler GK104-N13E-GTX-A2,1920 x 1080,Yes,Nvidia,GDDR5,GeForce GTX 775M Mac Edition,"
08-Nov-2013",4096x2160,Yes
628.0,100.0,4096.0,128.0,128.0,1000.0,21.0,16.0,Kepler GK106-N14E-GL-A1 (x2),1920 x 1080,Yes,Nvidia,GDDR5,GeForce GTX 760M SLI,"
30-May-2013",4096x2160,Yes
850.0,65.0,2048.0,64.1,128.0,1002.0,14.0,16.0,Kepler GK106-N14E-GE-B-A1,1600 x 900,Yes,Nvidia,GDDR5,GeForce GTX 765M,"
30-May-2013",4096x2160,Yes
980.0,100.0,4096.0,172.8,128.0,1350.0,31.0,16.0,Kepler GK107-GT-755M (x2),1920 x 1080,Yes,Nvidia,GDDR5,GeForce GT 755M SLI,"
25-Jun-2013",4096x2160,Yes
628.0,55.0,2048.0,64.1,128.0,1002.0,11.0,16.0,Kepler GK106-N14E-GL-A1,1600 x 900,Yes,Nvidia,GDDR5,GeForce GTX 760M,"
30-May-2013",4096x2160,Yes
967.0,50.0,2048.0,28.8,128.0,900.0,19.0,16.0,Kepler GK107-N14P-GT,1366 x 768,Yes,Nvidia,DDR3,GeForce GT 750M v3,"
09-Jan-2013",4096x2160,Yes
926.0,50.0,2048.0,80.2,128.0,1253.0,15.0,16.0,Kepler GK107-N14P-GT,1600 x 900,Yes,Nvidia,GDDR5,GeForce GT 750M Mac Edition,"
08-Nov-2013",4096x2160,Yes
967.0,80.0,4096.0,160.0,128.0,1250.0,31.0,16.0,Kepler GK107 (x2),1920 x 1080,Yes,Nvidia,GDDR5,GeForce GT 750M SLI,"
01-Apr-2013",4096x2160,Yes
967.0,50.0,2048.0,28.8,128.0,900.0,19.0,16.0,Kepler GK107-N14P-GT,1366 x 768,Yes,Nvidia,DDR3,GeForce GT 750M,"
09-Jan-2013",4096x2160,Yes
941.0,50.0,2048.0,64.0,128.0,1000.0,17.0,16.0,Kepler GK107-N14P-GT,1600 x 900,Yes,Nvidia,GDDR5,GeForce GT 750M 2GB GDDR5,"
09-Jan-2013",4096x2160,No
837.0,45.0,2048.0,28.8,128.0,900.0,17.0,16.0,Kepler GK107-N14P-LP,1366 x 768,Yes,Nvidia,DDR3,GeForce GT 745M v2,"
01-Apr-2013",4096x2160,No
810.0,45.0,2048.0,28.8,128.0,900.0,14.0,16.0,Kepler GK107-GT-740M,1366 x 768,Yes,Nvidia,DDR3,GeForce GT 740M v2,"
01-Apr-2013",4096x2160,No
837.0,45.0,2048.0,28.8,128.0,900.0,13.0,16.0,Kepler GK107-N14P-LP,1366 x 768,Yes,Nvidia,DDR3,GeForce GT 745M,"
01-Apr-2013",4096x2160,No
980.0,50.0,2048.0,86.4,128.0,1350.0,16.0,16.0,Kepler GK107-GT-755M,1600 x 900,Yes,Nvidia,GDDR5,GeForce GT 755M,"
25-Jun-2013",4096x2160,No
980.0,33.0,2048.0,14.4,64.0,900.0,8.0,8.0,Kepler GK208-GT-740M,1366 x 768,Yes,Nvidia,DDR3,GeForce GT 740M 64-bit Edition,"
20-Jun-2013",4096x2160,Yes
810.0,45.0,2048.0,28.8,128.0,900.0,13.0,16.0,Kepler GK107-GT-740M,1366 x 768,Yes,Nvidia,DDR3,GeForce GT 740M,"
01-Apr-2013",4096x2160,No
719.0,33.0,2048.0,28.8,128.0,900.0,7.0,8.0,Kepler GK208,1366 x 768,Yes,Nvidia,DDR3,GeForce GT 730M v2,"
06-Mar-2014",4096x2160,No
725.0,33.0,2048.0,28.8,128.0,900.0,12.0,16.0,Kepler GK107,1366 x 768,Yes,Nvidia,DDR3,GeForce GT 730M,"
20-Jan-2013",4096x2160,No
775.0,33.0,2048.0,14.4,64.0,900.0,8.0,8.0,Fermi GF117-N14M-GE,1366 x 768,Yes,Nvidia,DDR3,GeForce GT 720M 2GB,"
01-Apr-2013",2560x1600,No
575.0,17.0,2048.0,14.4,64.0,900.0,15.0,16.0,Kepler GK208,1366 x 768,Yes,Nvidia,DDR3,GeForce GT 735M,"
01-Apr-2013",4096x2160,No
775.0,15.0,1024.0,14.4,64.0,900.0,6.0,8.0,Fermi GF117-N14M-GL,1366 x 768,Yes,Nvidia,DDR3,GeForce 710M,"
09-Jan-2013",2560x1600,No
625.0,33.0,1024.0,14.4,64.0,900.0,8.0,8.0,Fermi GF117-N14M-GE,1366 x 768,Yes,Nvidia,DDR3,GeForce GT 720M,"
01-Apr-2013",2560x1600,No
745.0,45.0,2048.0,64.0,128.0,1000.0,12.0,16.0,Kepler GK107,1600 x 900,Yes,Nvidia,GDDR5,GeForce GT 650M v2,"
22-Mar-2012",4096x2160,Yes
1038.0,200.0,16384.0,320.8,256.0,1253.0,133.0,64.0,Maxwell GM204 (x2),2560 x 1600,Yes,Nvidia,GDDR5,GeForce GTX 980M 8GB SLI,"
07-Oct-2014",4096x2160,Yes
1038.0,122.0,8192.0,160.4,256.0,1253.0,72.0,64.0,Maxwell GM204,1920 x 1080,Yes,Nvidia,GDDR5,GeForce GTX 980MX 8GB,"
01-Jun-2016",4096x2160,Yes
1038.0,100.0,8192.0,160.4,256.0,1253.0,72.0,64.0,Maxwell GM204-N16E-GX-A2,1920 x 1080,Yes,Nvidia,GDDR5,GeForce GTX 980M 8GB,"
07-Oct-2014",4096x2160,Yes
1038.0,100.0,4096.0,160.4,256.0,1253.0,72.0,64.0,Maxwell GM204-N16E-GX-A2,1920 x 1080,Yes,Nvidia,GDDR5,GeForce GTX 980M 4GB,"
07-Oct-2014",4096x2160,Yes
924.0,75.0,3072.0,120.3,192.0,1253.0,58.0,56.0,Maxwell GM204,1920 x 1080,Yes,Nvidia,GDDR5,GeForce GTX 970MX 3GB,"
01-Jun-2016",4096x2160,Yes
924.0,150.0,12288.0,240.6,192.0,1253.0,95.0,48.0,Maxwell GM204-N16E-GT-A2 (x2),2560 x 1600,Yes,Nvidia,GDDR5,GeForce GTX 970M 6GB SLI,"
07-Oct-2014",4096x2160,Yes
924.0,81.0,3072.0,120.3,192.0,1253.0,50.0,48.0,Maxwell GM204,1920 x 1080,Yes,Nvidia,GDDR5,GeForce GTX 970M 3GB,"
07-Oct-2014",4096x2160,Yes
924.0,81.0,6144.0,120.3,192.0,1253.0,48.0,48.0,Maxwell GM204,1920 x 1080,Yes,Nvidia,GDDR5,GeForce GTX 970M 6GB,"
07-Oct-2014",4096x2160,Yes
924.0,100.0,4096.0,160.0,128.0,1250.0,61.0,32.0,Maxwell GM204-N16E-GS (x2),2560 x 1440,Yes,Nvidia,GDDR5,GeForce GTX 965M 4GB SLI,"
07-Jan-2015",4096x2160,Yes
1064.0,165.0,4096.0,224.0,256.0,1750.0,76.0,64.0,Maxwell GM204,2560 x 1600,Yes,Nvidia,GDDR5,GeForce GTX 980 4GB,"
22-Sep-2015",4096x2160,Yes
1029.0,50.0,4096.0,80.2,128.0,1253.0,18.0,16.0,Maxwell GM107-N16P-GX-A1,1920 x 1080,Yes,Nvidia,GDDR5,GeForce GTX 960M 4GB,"
12-Mar-2015",4096x2160,Yes
924.0,50.0,4096.0,80.0,128.0,1250.0,30.0,32.0,Maxwell GM204-N16E-GS,1920 x 1080,Yes,Nvidia,GDDR5,GeForce GTX 965M 4GB,"
07-Jan-2015",4096x2160,Yes
1029.0,50.0,2048.0,80.2,128.0,1253.0,18.0,16.0,Maxwell GM107-N16P-GX-A1,1920 x 1080,Yes,Nvidia,GDDR5,GeForce GTX 960M 2GB,"
12-Mar-2015",4096x2160,No
738.0,20.0,1024.0,14.4,64.0,900.0,6.0,8.0,Fermi GF119,1366 x 768,Yes,Nvidia,DDR3,GeForce 610M,"
01-Dec-2011",2560x1600,No
993.0,50.0,2048.0,32.0,128.0,1000.0,18.0,16.0,Maxwell GM107-N16P-GT,1600 x 900,Yes,Nvidia,DDR3,GeForce GTX 950M v2 2GB,"
12-Mar-2015",4096x2160,No
1122.0,25.0,2048.0,16.0,64.0,1001.0,10.0,8.0,Maxwell GM108-N16S-GTR,1366 x 768,Yes,Nvidia,DDR3,GeForce 940MX 2GB,"
01-Mar-2016",4096x2160,No
928.0,40.0,2048.0,32.0,128.0,1000.0,17.0,16.0,Maxwell GM107,1600 x 900,Yes,Nvidia,DDR3,GeForce 945M 2GB,"
27-Oct-2015",4096x2160,No
993.0,50.0,4096.0,28.8,128.0,900.0,18.0,16.0,Maxwell GM107-N16P-GT,1600 x 900,Yes,Nvidia,DDR3,GeForce GTX 950M v2 4GB,"
12-Mar-2015",4096x2160,No
1098.875,70.0,2048.0,80.0,128.0,1250.0,32.0,32.0,Maxwell GM204-N16E,1920 x 1080,Yes,Nvidia,GDDR5,GeForce GTX 965M 2GB,"
07-Jan-2015",4096x2160,Yes
775.0,15.0,1024.0,14.4,64.0,900.0,3.0,4.0,Fermi GF119-B1,1366 x 768,Yes,Nvidia,DDR3,GeForce 705M 1GB,"
01-Jun-2013",2560x1600,No
928.0,25.0,2048.0,40.0,64.0,1250.0,7.0,8.0,Maxwell GM108-N16S-GMR,1600 x 900,Yes,Nvidia,GDDR5,GeForce 930MX 2GB,"
01-Mar-2016",4096x2160,No
914.0,50.0,2048.0,80.0,128.0,1250.0,16.0,16.0,Maxwell GM107-N16P-GT,1920 x 1080,Yes,Nvidia,GDDR5,GeForce GTX 950M 2GB,"
12-Mar-2015",4096x2160,Yes
1072.0,30.0,2048.0,16.0,64.0,1000.0,9.0,8.0,Maxwell GM108-N16S-GT-S,1366 x 768,Yes,Nvidia,DDR3,GeForce 940M 2GB,"
13-Mar-2015",4096x2160,No
888.0,25.0,2048.0,36.0,64.0,1125.0,7.0,8.0,Maxwell GM108-N16V-GMR,1600 x 900,Yes,Nvidia,GDDR5,GeForce 920MX 2GB,"
01-Mar-2016",4096x2160,No
928.0,25.0,2048.0,14.4,64.0,900.0,8.0,8.0,Maxwell GM108-N16S-GM,1366 x 768,Yes,Nvidia,DDR3,GeForce 930M 2GB,"
13-Mar-2015",4096x2160,No
1072.0,25.0,4096.0,16.0,64.0,1000.0,9.0,8.0,Maxwell GM108-N16S-GT-S,1366 x 768,Yes,Nvidia,DDR3,GeForce 940M 4GB,"
13-Mar-2015",4096x2160,No
575.0,25.0,4096.0,14.4,64.0,900.0,8.0,8.0,Kepler GK208-N16V-GM,1366 x 768,Yes,Nvidia,DDR3,GeForce 920M 4GB,"
13-Mar-2015",4096x2160,No
861.5,25.0,2048.0,14.4,64.0,900.0,6.0,8.0,Kepler GK107?,1366 x 768,Yes,Nvidia,DDR3,GeForce 910M 2GB,"
27-Jul-2015",4096x2160,No
575.0,25.0,2048.0,14.4,64.0,900.0,8.0,8.0,Kepler GK208-N16V-GM,1366 x 768,Yes,Nvidia,DDR3,GeForce 920M 2GB,"
13-Mar-2015",4096x2160,No
581.375,35.0,256.0,35.2,256.0,550.0,3.875,8.5,G70M,,Yes,Nvidia,GDDR3,GeForce Go 7800,"
01-Mar-2006",2560x1600,No
697.0,35.5,512.0,16.0,128.0,500.0,22.25,19.75,G73-N-B1,,Yes,Nvidia,GDDR3,GeForce Go 7700,"
02-Jan-2006",2560x1600,No
629.25,45.25,64.0,11.2,64.0,700.0,2.0,4.0,G72M,,Yes,Nvidia,DDR3,GeForce Go 7300,"
01-Feb-2006",2560x1600,No
720.125,39.875,256.0,19.2,128.0,600.0,1.75,4.25,G73M,,Yes,Nvidia,GDDR3,GeForce Go 7600 GT,"
02-Aug-2006",2560x1600,No
954.0,25.0,1024.0,14.4,64.0,900.0,8.0,8.0,Kepler GK208-N16V-GM,1366 x 768,Yes,Nvidia,DDR3,GeForce 920M 1GB,"
13-Mar-2015",4096x2160,No
585.0,17.625,128.0,7.2,64.0,450.0,1.875,3.5,G72M,,Yes,Nvidia,DDR3,GeForce Go 7400,"
01-Feb-2006",2560x1600,No
673.875,33.125,256.0,17.6,128.0,550.0,1.75,4.25,NV41M,,Yes,Nvidia,DDR3,GeForce Go 6800,"
25-Feb-2005",,No
483.75,36.625,256.0,9.6,128.0,300.0,1.75,4.25,NV43M,,Yes,Nvidia,DDR2,GeForce Go 6600,"
29-Sep-2005",,No
550.75,29.75,512.0,12.2,128.0,380.0,1.75,4.25,G73M,,Yes,Nvidia,DDR2,GeForce Go 7600 512MB DDR2,"
01-Mar-2006",2560x1600,No
527.5,15.875,32.0,2.8,64.0,350.0,2.0,3.5,NV44M,,Yes,Nvidia,DDR,GeForce Go 6400,"
01-Feb-2006",,No
946.893927125506,125.59870550161813,2872.7689216342933,138.2429223744292,205.35645933014354,1175.6555589215388,34.965408805031444,26.821827057182706,C51M,,No,Nvidia,DDR2,GeForce Go 6150,"
01-Feb-2006",,No
946.893927125506,125.59870550161813,2872.7689216342933,138.2429223744292,205.35645933014354,1175.6555589215388,34.965408805031444,26.821827057182706,C51M,,No,Nvidia,DDR2,GeForce Go 6100,"
01-Feb-2006",,No
527.5,10.0,32.0,2.4,64.0,300.0,2.25,4.0,NV44M,,Yes,Nvidia,DDR,GeForce Go 6200,"
01-Feb-2006",,No
946.893927125506,125.59870550161813,2872.7689216342933,138.2429223744292,205.35645933014354,1175.6555589215388,34.965408805031444,26.821827057182706,,,Yes,Nvidia,,GeForce 8800M GT,"
01-Nov-2007",2560x1600,No
551.0,38.5,320.0,23.725,120.0,692.75,5.0,9.5,,,Yes,Nvidia,,GeForce 8800M GS,"
01-Nov-2007",2560x1600,No
602.5,36.0,256.0,16.0,128.0,500.0,22.0,19.25,G73M,,Yes,Nvidia,GDDR3,GeForce Go 7600,"
01-Mar-2006",2560x1600,No
697.5,29.0,1512.0,25.6,128.0,800.0,6.25,8.625,G84M,,,Nvidia,GDDR3,GeForce 8700M GT,"
01-Jun-2007",2560x1600,Yes
225.0,29.0,256.0,25.6,128.0,800.0,2.125,5.75,G84M,,Yes,Nvidia,GDDR3,GeForce 8700M GT 256MB,"
01-Jun-2007",2560x1600,Yes
549.875,20.0,512.0,22.4,128.0,700.0,1.625,3.75,G84M,,Yes,Nvidia,GDDR3,GeForce 8600M GT 512MB,"
01-Jun-2007",2560x1600,Yes
590.5,20.0,256.0,22.4,128.0,700.0,1.625,3.75,G84M,,Yes,Nvidia,GDDR3,GeForce 8600M GT,"
01-Jun-2007",2560x1600,Yes
475.5,11.0,256.0,9.6,64.0,600.0,2.125,4.0,G86M,,Yes,Nvidia,GDDR3,GeForce 8400M GS,"
01-May-2007",2560x1600,No
549.875,18.0,512.0,22.4,128.0,700.0,1.625,3.75,G84M,,Yes,Nvidia,GDDR3,GeForce 8600M GS,"
01-Jun-2007",2560x1600,No
475.5,10.0,256.0,9.6,64.0,600.0,2.25,4.0,G86M,,Yes,Nvidia,GDDR3,GeForce 8400M G,"
01-May-2007",2560x1600,No
946.893927125506,125.59870550161813,2872.7689216342933,138.2429223744292,205.35645933014354,1175.6555589215388,34.965408805031444,26.821827057182706,,,No,Nvidia,,GeForce 7000M/nForce 610M,"
01-Feb-2006",2560x1600,No
1057.5,63.375,7168.0,248.0,128.0,1484.625,9.0,13.0,,,No,Nvidia,,GeForce 8200M G,"
01-Jun-2008",2560x1600,No
501.125,14.0,512.0,19.2,128.0,600.0,1.625,3.75,G86M,,Yes,Nvidia,GDDR3,GeForce 8400M GT,"
01-May-2007",2560x1600,No
802.5,65.0,664.0,12.8,128.0,800.0,2.0,2.0,Broadwell GT3e,1366 x 768,No,Intel,eDRAM,Iris i5 5675C,"
02-Jun-2015",2560x1600,No
725.0,35.875,1584.0,21.3,128.0,667.0,6.125,4.0,Sandy Bridge,,No,Intel,DDR3,HD Xeon E3-1235,"
01-Apr-2011",,No
713.5,73.0,872.0,10.7,64.0,667.0,3.375,4.25,Clarkdale,,No,Intel,DDR3,HD i5 K655,"
30-May-2010",,No
725.0,35.875,1584.0,21.3,128.0,667.0,6.125,4.0,Sandy Bridge,,No,Intel,DDR3,HD Xeon E3-1225,"
01-Apr-2011",,No
727.875,35.625,1144.0,17.1,128.0,533.0,3.125,5.125,Sandy Bridge,,No,Intel,DDR3,Intel HD Pentium G620,"
01-May-2011",,No
793.375,45.0,1152.0,32.5125,176.0,944.125,7.125,11.125,,,No,Intel,,Intel Media Accelerator HD,"
25-Jan-2010",1600x1200,No
773.125,14.875,610.0,108.58749999999999,64.0,687.625,3.0,4.0,Eaglelake,800 x 600,No,Intel,,Intel GMA X4500,"
01-May-2008",2560x1600,No
350.0,47.0,632.0,34.1,128.0,1067.0,8.0,8.0,Skylake GT2,1366 x 768,No,Intel,DDR4,Intel HD Pentium G4520,"
01-Sep-2015",4096x2160,No
946.893927125506,125.59870550161813,2872.7689216342933,138.2429223744292,205.35645933014354,1175.6555589215388,34.965408805031444,26.821827057182706,Eaglelake,,No,Intel,DDR3,Intel Q45 Express Chipset,"
01-Aug-2008",,No
902.875,200.0,8192.0,256.0,512.0,500.0,96.0,16.0,Vega 10 XT,3840 x 2160,Yes,AMD,HBM-2,Radeon RX Vega 64 Nano 8GB,"
30-Sep-2017",3840x2160,Yes
902.875,375.0,8192.0,256.0,512.0,500.0,102.0,16.0,Vega 10 XTX,3840 x 2160,Yes,AMD,HBM-2,Radeon RX Vega 64 Liquid 8GB,"
30-Jul-2017",7680x4320,Yes
1057.5,63.375,7168.0,248.0,128.0,1484.625,9.0,13.0,RS690C,,Yes,AMD,DDR2,Radeon Xpress 1200 Series,"
28-Feb-2007",2048x1536,No
847.625,300.0,6144.0,480.0,768.0,1250.0,72.375,48.0,,5760 x 1600,Yes,AMD,GDDR5,Radeon Sky 900,"
25-Mar-2013",,No
312.5,37.75,256.0,75.5,256.0,1180.0,6.25,7.0,R480,,Yes,AMD,GDDR3,Radeon X850 XT Platinum,"
21-Dec-2004",2048x1536,No
870.0,225.0,6144.0,264.0,384.0,1375.0,40.0,42.0,,1920 x 1080,Yes,AMD,GDDR5,Radeon Sky 700,"
25-Mar-2013",,No
1018.0,750.0,16384.0,1280.0,512.0,1250.0,195.0,48.0,GCN 1.1 Versuvius XT,5760 x 1600,Yes,AMD,GDDR5,Radeon R9 295X2 Crossfire,"
08-Apr-2014",4096x2160,Yes
1018.0,500.0,8192.0,640.0,512.0,1250.0,130.0,64.0,GCN 1.1 Versuvius XT,3840 x 2160,Yes,AMD,GDDR5,Radeon R9 295X2 XFX Hydra 8GB Edition,"
29-Apr-2014",4096x2160,Yes
1018.0,500.0,8192.0,640.0,512.0,1250.0,130.0,64.0,GCN 1.1 Versuvius XT,3840 x 2160,Yes,AMD,GDDR5,Radeon R9 295X2,"
29-Apr-2014",4096x2160,Yes
1000.0,290.0,8192.0,352.0,512.0,1375.0,64.0,64.0,GCN 1.1 Hawaii XT,2560 x 1440,Yes,AMD,GDDR5,Radeon R9 290X XFX Double Dissipation 8GB Edition,"
07-Nov-2014",4096x2160,Yes
851.125,150.0,4096.0,153.6,256.0,1200.0,27.75,32.0,,1920 x 1080,Yes,AMD,GDDR5,Radeon Sky 500,"
25-Mar-2013",,No
1000.0,175.0,4096.0,512.0,4096.0,500.0,64.0,64.0,GCN 1.2 Fiji XT,3840 x 2160,Yes,AMD,HBM-1,Radeon R9 Nano 4GB,"
27-Aug-2015",4096x2160,Yes
1000.0,290.0,4096.0,320.0,512.0,1250.0,64.0,64.0,GCN 1.1 Hawaii XT,2560 x 1440,Yes,AMD,GDDR5,Radeon R9 290X XFX Core 4GB Edition,"
24-Oct-2013",4096x2160,Yes
1065.75,500.0,8192.0,1024.0,4096.0,500.0,134.0,64.0,GCN 1.2 Fiji XT (x2),3840 x 2160,Yes,AMD,HBM-1,Radeon R9 FURY X 4GB Crossfire,"
24-Jun-2015",4096x2160,Yes
522.0,22.25,336.0,3.2,64.0,400.0,1.875,3.5,RS480,,No,AMD,DDR,Radeon Xpress X200,"
01-Nov-2004",,No
1000.0,375.0,4096.0,512.0,4096.0,500.0,64.0,64.0,GCN 1.2 Fiji PRO,2560 x 1600,Yes,AMD,HBM-1,Radeon R9 FURY Sapphire Tri-X 4GB Edition,"
10-Jul-2015",4096x2160,Yes
1050.0,275.0,4096.0,512.0,4096.0,500.0,67.0,64.0,GCN 1.2 Fiji XT,2560 x 1600,Yes,AMD,HBM-1,Radeon R9 FURY X 4GB,"
24-Jun-2015",4096x2160,Yes
1000.0,275.0,4096.0,512.0,4096.0,500.0,64.0,64.0,GCN 1.2 Fiji PRO,2560 x 1600,Yes,AMD,HBM-1,Radeon R9 FURY 4GB,"
10-Jul-2015",4096x2160,Yes
1090.0,300.0,8192.0,384.0,512.0,1500.0,70.0,64.0,GCN 1.1 Grenada XT,2560 x 1600,Yes,AMD,GDDR5,Radeon R9 390X XFX Double Dissipation Black 8GB Edition,"
18-Jun-2015",4096x2160,Yes
1060.0,300.0,8192.0,384.0,512.0,1500.0,68.0,64.0,GCN 1.1 Grenada XT,2560 x 1600,Yes,AMD,GDDR5,Radeon R9 390X PowerColor PCS+ 8GB Edition,"
18-Jun-2015",4096x2160,Yes
1050.0,275.0,8192.0,384.0,512.0,1500.0,67.0,64.0,GCN 1.1 Grenada XT,2560 x 1600,Yes,AMD,GDDR5,Radeon R9 390X XFX Double Dissipation 8GB Edition,"
18-Jun-2015",4096x2160,Yes
1055.0,375.0,8192.0,384.0,512.0,1500.0,68.0,64.0,GCN 1.1 Grenada XT,2560 x 1600,Yes,AMD,GDDR5,Radeon R9 390X Sapphire Tri-X 8GB Edition,"
18-Jun-2015",4096x2160,Yes
1080.0,375.0,8192.0,384.0,512.0,1500.0,69.0,64.0,GCN 1.1 Grenada XT,2560 x 1600,Yes,AMD,GDDR5,Radeon R9 390X Sapphire Tri-X w/ Back Plate 8GB Edition,"
18-Jun-2015",4096x2160,Yes
1060.0,375.0,8192.0,384.0,512.0,1500.0,68.0,64.0,GCN 1.1 Grenada XT,2560 x 1600,Yes,AMD,GDDR5,Radeon R9 390X Sapphire Nitro w/ Back Plate 8GB Edition,"
18-Jun-2015",4096x2160,Yes
1070.0,300.0,8192.0,384.0,512.0,1500.0,68.0,64.0,GCN 1.1 Grenada XT,2560 x 1600,Yes,AMD,GDDR5,Radeon R9 390X HIS IceQ X² OC 8GB Edition,"
18-Jun-2015",4096x2160,Yes
1100.0,300.0,8192.0,390.4,512.0,1525.0,70.0,64.0,GCN 1.1 Grenada XT,2560 x 1600,Yes,AMD,GDDR5,Radeon R9 390X MSI Gaming 8GB Edition,"
18-Jun-2015",4096x2160,Yes
1100.0,275.0,8192.0,390.4,512.0,1525.0,70.0,64.0,GCN 1.1 Grenada XT,2560 x 1600,Yes,AMD,GDDR5,Radeon R9 390X PowerColor Devil 8GB Edition,"
13-Aug-2015",4096x2160,Yes
1060.0,300.0,8192.0,384.0,512.0,1500.0,68.0,64.0,GCN 1.1 Grenada XT,2560 x 1600,Yes,AMD,GDDR5,Radeon R9 390X Gigabyte G1 Gaming 8GB Edition,"
18-Jun-2015",4096x2160,Yes
1050.0,550.0,16384.0,768.0,512.0,1500.0,134.0,64.0,GCN 1.1 Grenada XT (x2),3840 x 2160,Yes,AMD,GDDR5,Radeon R9 390X Crossfire,"
18-Jun-2015",4096x2160,Yes
1070.0,375.0,8192.0,384.0,512.0,1500.0,68.0,64.0,GCN 1.1 Grenada XT,2560 x 1600,Yes,AMD,GDDR5,Radeon R9 390X Asus DirectCU III Strix Gaming OC 8GB Edition,"
18-Jun-2015",4096x2160,Yes
1060.0,300.0,8192.0,384.0,512.0,1500.0,68.0,64.0,GCN 1.1 Grenada XT,2560 x 1600,Yes,AMD,GDDR5,Radeon R9 390X Club3D royalQueen OC 8GB Edition,"
18-Jun-2015",4096x2160,Yes
1000.0,275.0,8192.0,384.0,512.0,1500.0,64.0,64.0,GCN 1.1 Grenada PRO,2560 x 1440,Yes,AMD,GDDR5,Radeon R9 390 XFX Double Dissipation 8GB Edition,"
18-Jun-2015",4096x2160,Yes
1050.0,275.0,8192.0,384.0,512.0,1500.0,67.0,64.0,GCN 1.1 Grenada XT,2560 x 1600,Yes,AMD,GDDR5,Radeon R9 390X,"
18-Jun-2015",4096x2160,Yes
1010.0,300.0,8192.0,384.0,512.0,1500.0,65.0,64.0,GCN 1.1 Grenada PRO,2560 x 1440,Yes,AMD,GDDR5,Radeon R9 390 PowerColor PCS+ 8GB Edition,"
18-Jun-2015",4096x2160,Yes
1050.0,275.0,8192.0,384.0,512.0,1500.0,67.0,64.0,GCN 1.1 Grenada XT,2560 x 1600,Yes,AMD,GDDR5,Radeon R9 390X Asus DirectCU II 8GB Edition,"
18-Jun-2015",4096x2160,Yes
1010.0,375.0,8192.0,384.0,512.0,1500.0,65.0,64.0,GCN 1.1 Grenada PRO,2560 x 1440,Yes,AMD,GDDR5,Radeon R9 390 Sapphire Nitro 8GB Edition,"
18-Jun-2015",4096x2160,Yes
1040.0,375.0,8192.0,384.0,512.0,1500.0,67.0,64.0,GCN 1.1 Grenada PRO,2560 x 1440,Yes,AMD,GDDR5,Radeon R9 390 Sapphire Nitro w/ Back Plate 8GB Edition,"
16-Sep-2015",4096x2160,Yes
1025.0,275.0,8192.0,384.0,512.0,1500.0,66.0,64.0,GCN 1.1 Grenada PRO,2560 x 1440,Yes,AMD,GDDR5,Radeon R9 390 Gigabyte G1 Gaming 8GB Edition,"
18-Jun-2015",4096x2160,Yes
1060.0,275.0,8192.0,390.4,512.0,1525.0,68.0,64.0,GCN 1.1 Grenada PRO,2560 x 1440,Yes,AMD,GDDR5,Radeon R9 390 MSI Gaming 8GB Edition,"
18-Jun-2015",4096x2160,Yes
1000.0,550.0,16384.0,768.0,512.0,1500.0,128.0,64.0,GCN 1.1 Grenada PRO (x2),3840 x 2160,Yes,AMD,GDDR5,Radeon R9 390 Crossfire,"
18-Jun-2015",4096x2160,Yes
1000.0,580.0,16384.0,691.2,512.0,1350.0,128.0,64.0,GCN 1.1 Grenada PRO (x2),3840 x 2160,Yes,AMD,GDDR5,Radeon R9 390 PowerColor Devil 13 Dual Core 16GB Edition,"
03-Sep-2015",4096x2160,Yes
1050.0,300.0,8192.0,384.0,512.0,1500.0,67.0,64.0,GCN 1.1 Grenada PRO,2560 x 1440,Yes,AMD,GDDR5,Radeon R9 390 Asus DirectCU III OC Strix Gaming 8GB Edition,"
18-Jun-2015",4096x2160,Yes
1030.0,225.0,4096.0,185.6,256.0,1450.0,33.0,32.0,GCN 1.2 Antigua XT,1920 x 1080,Yes,AMD,GDDR5,Radeon R9 380X XFX Double Dissipation Black OC 4GB Edition,"
19-Nov-2015",4096x2160,Yes
1025.0,550.0,16384.0,768.0,512.0,1500.0,131.0,64.0,GCN 1.1 Grenada PRO (x2),3840 x 2160,Yes,AMD,GDDR5,Radeon R9 390 Gigabyte G1 Gaming 8GB Edition Crossfire,"
18-Jun-2015",4096x2160,Yes
990.0,190.0,4096.0,182.4,256.0,1425.0,32.0,32.0,GCN 1.2 Antigua XT,1920 x 1080,Yes,AMD,GDDR5,Radeon R9 380X XFX Double Dissipation XXX OC 4GB Edition,"
19-Nov-2015",4096x2160,Yes
1000.0,275.0,8192.0,384.0,512.0,1500.0,64.0,64.0,GCN 1.1 Grenada PRO,2560 x 1440,Yes,AMD,GDDR5,Radeon R9 390,"
18-Jun-2015",4096x2160,Yes
1010.0,300.0,8192.0,384.0,512.0,1500.0,65.0,64.0,GCN 1.1 Grenada PRO,2560 x 1440,Yes,AMD,GDDR5,Radeon R9 390 Club3D royalQueen OC 8GB Edition,"
18-Jun-2015",4096x2160,Yes
1040.0,225.0,4096.0,192.0,256.0,1500.0,33.0,32.0,GCN 1.2 Antigua XT,1920 x 1080,Yes,AMD,GDDR5,Radeon R9 380X Sapphire Nitro 4GB Edition,"
19-Nov-2015",4096x2160,Yes
1020.0,190.0,4096.0,182.4,256.0,1425.0,33.0,32.0,GCN 1.2 Antigua XT,1920 x 1080,Yes,AMD,GDDR5,Radeon R9 380X HIS IceQ X² Turbo 4GB Edition,"
19-Nov-2015",4096x2160,Yes
1000.0,300.0,8192.0,384.0,512.0,1500.0,64.0,64.0,GCN 1.1 Grenada PRO,2560 x 1440,Yes,AMD,GDDR5,Radeon R9 390 Asus DirectCU II 8GB Edition,"
18-Jun-2015",4096x2160,Yes
990.0,190.0,4096.0,182.4,256.0,1425.0,32.0,32.0,GCN 1.2 Antigua XT,1920 x 1080,Yes,AMD,GDDR5,Radeon R9 380X HIS IceQ X² OC 4GB Edition,"
19-Nov-2015",4096x2160,Yes
1020.0,225.0,4096.0,188.8,256.0,1475.0,33.0,32.0,GCN 1.2 Antigua XT,1920 x 1080,Yes,AMD,GDDR5,Radeon R9 380X PowerColor PCS+ Myst. 4GB Edition,"
19-Nov-2015",4096x2160,Yes
980.0,190.0,4096.0,182.4,256.0,1425.0,31.0,32.0,GCN 1.2 Antigua XT,1920 x 1080,Yes,AMD,GDDR5,Radeon R9 380X Gigabyte Gaming G1 4GB Edition,"
19-Nov-2015",4096x2160,Yes
970.0,190.0,4096.0,182.4,256.0,1425.0,31.0,32.0,GCN 1.2 Antigua XT,1920 x 1080,Yes,AMD,GDDR5,Radeon R9 380X Asus DirectCU II Strix Gaming 4GB Edition,"
19-Nov-2015",4096x2160,Yes
970.0,190.0,4096.0,182.4,256.0,1425.0,31.0,32.0,GCN 1.2 Antigua XT,1920 x 1080,Yes,AMD,GDDR5,Radeon R9 380X,"
19-Nov-2015",4096x2160,Yes
980.0,225.0,2048.0,176.0,256.0,1375.0,31.0,32.0,GCN 1.2 Antigua PRO,1920 x 1080,Yes,AMD,GDDR5,Radeon R9 380 Sapphire ITX Compact OC 2GB Edition,"
18-Jun-2015",4096x2160,Yes
1030.0,190.0,4096.0,182.4,256.0,1425.0,33.0,32.0,GCN 1.2 Antigua XT,1920 x 1080,Yes,AMD,GDDR5,Radeon R9 380X Asus DirectCU II OC Strix Gaming 4GB Edition,"
19-Nov-2015",4096x2160,Yes
990.0,190.0,4096.0,182.4,256.0,1425.0,32.0,32.0,GCN 1.2 Antigua PRO,1920 x 1080,Yes,AMD,GDDR5,Radeon R9 380 XFX Double Dissipation 4GB Edition,"
18-Jun-2015",4096x2160,Yes
980.0,190.0,2048.0,188.8,256.0,1475.0,31.0,32.0,GCN 1.2 Antigua PRO,1920 x 1080,Yes,AMD,GDDR5,Radeon R9 380 PowerColor PCS+ 2GB Edition,"
18-Jun-2015",4096x2160,Yes
980.0,190.0,4096.0,188.8,256.0,1475.0,31.0,32.0,GCN 1.2 Antigua PRO,1920 x 1080,Yes,AMD,GDDR5,Radeon R9 380 PowerColor PCS+ 4GB Edition,"
18-Jun-2015",4096x2160,Yes
985.0,225.0,4096.0,185.6,256.0,1450.0,32.0,32.0,GCN 1.2 Antigua PRO,1920 x 1080,Yes,AMD,GDDR5,Radeon R9 380 Sapphire Nitro 4GB Edition,"
18-Jun-2015",4096x2160,Yes
990.0,190.0,4096.0,182.4,256.0,1425.0,32.0,32.0,GCN 1.2 Antigua PRO,1920 x 1080,Yes,AMD,GDDR5,Radeon R9 380 HIS IceQ X² OC 4GB Edition,"
18-Jun-2015",4096x2160,Yes
985.0,225.0,2048.0,176.0,256.0,1375.0,32.0,32.0,GCN 1.2 Antigua PRO,1920 x 1080,Yes,AMD,GDDR5,Radeon R9 380 Sapphire Dual-X OC 2GB Edition,"
18-Jun-2015",4096x2160,Yes
980.0,190.0,2048.0,176.0,256.0,1375.0,31.0,32.0,GCN 1.2 Antigua PRO,1920 x 1080,Yes,AMD,GDDR5,Radeon R9 380 MSI OC 2GB Edition,"
18-Jun-2015",4096x2160,Yes
1000.0,190.0,4096.0,185.6,256.0,1450.0,32.0,32.0,GCN 1.2 Antigua PRO,1920 x 1080,Yes,AMD,GDDR5,Radeon R9 380 MSI Gaming 4GB Edition,"
18-Jun-2015",4096x2160,Yes
990.0,190.0,4096.0,182.4,256.0,1425.0,32.0,32.0,GCN 1.2 Antigua PRO,1920 x 1080,Yes,AMD,GDDR5,Radeon R9 380 HIS IceQ X² 4GB Edition,"
18-Jun-2015",4096x2160,Yes
980.0,190.0,2048.0,176.0,256.0,1375.0,31.0,32.0,GCN 1.2 Antigua PRO,1920 x 1080,Yes,AMD,GDDR5,Radeon R9 380 Gigabyte WindForce 2X OC (rev 1.0) 2GB Edition,"
18-Jun-2015",4096x2160,Yes
1000.0,190.0,2048.0,179.2,256.0,1400.0,32.0,32.0,GCN 1.2 Antigua PRO,1920 x 1080,Yes,AMD,GDDR5,Radeon R9 380 MSI Gaming 2GB Edition,"
18-Jun-2015",4096x2160,Yes
970.0,400.0,4096.0,352.0,256.0,1375.0,62.0,32.0,GCN 1.2 Antigua PRO (x2),2560 x 1600,Yes,AMD,GDDR5,Radeon R9 380 Crossfire,"
18-Jun-2015",4096x2160,Yes
990.0,190.0,4096.0,182.4,256.0,1425.0,32.0,32.0,GCN 1.2 Antigua PRO,1920 x 1080,Yes,AMD,GDDR5,Radeon R9 380 Gigabyte G1 Gaming 4GB Edition,"
18-Jun-2015",4096x2160,Yes
918.0,190.0,2048.0,176.0,256.0,1375.0,29.0,32.0,GCN 1.2 Tonga PRO,1920 x 1080,Yes,AMD,GDDR5,Radeon R9 380 (OEM),"
07-May-2015",4096x2160,Yes
980.0,190.0,4096.0,188.8,256.0,1475.0,31.0,32.0,GCN 1.2 Antigua PRO,1920 x 1080,Yes,AMD,GDDR5,Radeon R9 380 Club3D royalQueen OC 4GB Edition,"
18-Jun-2015",4096x2160,Yes
990.0,190.0,2048.0,176.0,256.0,1375.0,32.0,32.0,GCN 1.2 Antigua PRO,1920 x 1080,Yes,AMD,GDDR5,Radeon R9 380 Asus DirectCU II OC Strix Gaming 2GB Edition,"
18-Jun-2015",4096x2160,Yes
925.0,150.0,2048.0,179.2,256.0,1400.0,31.0,32.0,GCN 1.0 Pitcairn PRO,1920 x 1080,Yes,AMD,GDDR5,Radeon R9 370 (OEM),"
07-May-2015",4096x2160,Yes
985.0,300.0,8192.0,358.4,256.0,1400.0,63.0,32.0,GCN 1.0 Trinidad PRO (x2),1920 x 1080,Yes,AMD,GDDR5,Radeon R7 370 Sapphire Nitro 4GB Edition Crossfire,"
18-Jun-2015",4096x2160,Yes
1000.0,180.0,2048.0,179.2,256.0,1400.0,34.0,32.0,GCN 1.0 Trinidad XT,1920 x 1080,Yes,AMD,GDDR5,Radeon R9 370X,"
27-Aug-2015",4096x2160,Yes
970.0,190.0,2048.0,176.0,256.0,1375.0,31.0,32.0,GCN 1.2 Antigua PRO,1920 x 1080,Yes,AMD,GDDR5,Radeon R9 380,"
18-Jun-2015",4096x2160,Yes
985.0,150.0,2048.0,179.2,256.0,1400.0,33.0,32.0,GCN 1.0 Trinidad PRO,1600 x 900,Yes,AMD,GDDR5,Radeon R7 370 Sapphire Nitro 2GB Edition,"
18-Jun-2015",4096x2160,Yes
1020.0,220.0,8192.0,364.8,256.0,1425.0,68.0,32.0,GCN 1.0 Trinidad PRO (x2),1920 x 1080,Yes,AMD,GDDR5,Radeon R7 370 MSI Gaming 4GB Edition Crossfire,"
18-Jun-2015",4096x2160,Yes
985.0,150.0,2048.0,179.2,256.0,1400.0,33.0,32.0,GCN 1.0 Trinidad PRO,1600 x 900,Yes,AMD,GDDR5,Radeon R7 370 Sapphire Dual-X OC 2GB Edition,"
18-Jun-2015",4096x2160,Yes
985.0,150.0,4096.0,179.2,256.0,1400.0,32.0,32.0,GCN 1.0 Trinidad PRO,1600 x 900,Yes,AMD,GDDR5,Radeon R7 370 Sapphire Nitro 4GB Edition,"
18-Jun-2015",4096x2160,Yes
970.0,110.0,2048.0,179.2,256.0,1400.0,33.0,32.0,GCN 1.0 Trinidad PRO,1600 x 900,Yes,AMD,GDDR5,Radeon R7 370 MSI OC 2GB Edition,"
18-Jun-2015",4096x2160,Yes
935.0,110.0,2048.0,182.4,256.0,1425.0,32.0,32.0,GCN 1.0 Trinidad PRO,1600 x 900,Yes,AMD,GDDR5,Radeon R7 370 PowerColor PCS+ 2GB Edition,"
18-Jun-2015",4096x2160,Yes
990.0,190.0,4096.0,176.0,256.0,1375.0,32.0,32.0,GCN 1.2 Antigua PRO,1920 x 1080,Yes,AMD,GDDR5,Radeon R9 380 Asus DirectCU II OC Strix Gaming 4GB Edition,"
18-Jun-2015",4096x2160,Yes
1020.0,110.0,4096.0,182.4,256.0,1425.0,34.0,32.0,GCN 1.0 Trinidad PRO,1600 x 900,Yes,AMD,GDDR5,Radeon R7 370 MSI Gaming 4GB Edition,"
18-Jun-2015",4096x2160,Yes
1000.0,85.0,2048.0,104.0,128.0,1625.0,17.0,16.0,GCN 1.1 Tobago PRO,1600 x 900,Yes,AMD,GDDR5,Radeon R9 360 (OEM),"
07-May-2015",4096x2160,Yes
1000.0,110.0,2048.0,182.4,256.0,1425.0,34.0,32.0,GCN 1.0 Trinidad PRO,1600 x 900,Yes,AMD,GDDR5,Radeon R7 370 MSI Gaming 2GB Edition,"
18-Jun-2015",4096x2160,Yes
925.0,225.0,4096.0,358.4,256.0,1400.0,62.0,32.0,GCN 1.0 Trinidad PRO (x2),1920 x 1080,Yes,AMD,GDDR5,Radeon R7 370 Crossfire,"
18-Jun-2015",4096x2160,Yes
1000.0,150.0,4096.0,179.2,256.0,1400.0,34.0,32.0,GCN 1.0 Trinidad PRO,1600 x 900,Yes,AMD,GDDR5,Radeon R7 370 Asus DirectCU II OC Strix Gaming 4GB Edition,"
18-Jun-2015",4096x2160,Yes
1100.0,120.0,2048.0,104.0,128.0,1625.0,18.0,16.0,GCN 1.1 Tobago XT,1600 x 900,Yes,AMD,GDDR5,Radeon R7 360X [not released],"
30-Oct-2015",2560x1600,Yes
975.0,110.0,2048.0,179.2,256.0,1400.0,32.0,32.0,GCN 1.0 Trinidad PRO,1600 x 900,Yes,AMD,GDDR5,Radeon R7 370 Gigabyte WindForce 2X OC (Rev 1.0) 2GB Edition,"
18-Jun-2015",4096x2160,Yes
1000.0,150.0,2048.0,179.2,256.0,1400.0,34.0,32.0,GCN 1.0 Trinidad PRO,1600 x 900,Yes,AMD,GDDR5,Radeon R7 370 Asus DirectCU II OC Strix Gaming 2GB Edition,"
18-Jun-2015",4096x2160,Yes
925.0,110.0,2048.0,179.2,256.0,1400.0,31.0,32.0,GCN 1.0 Trinidad PRO,1600 x 900,Yes,AMD,GDDR5,Radeon R7 370,"
18-Jun-2015",4096x2160,Yes
1060.0,150.0,2048.0,104.0,128.0,1625.0,17.0,16.0,GCN 1.1 Tobago PRO,1600 x 900,Yes,AMD,GDDR5,Radeon R7 360 v2 Sapphire Nitro 2GB Edition,"
18-Jun-2015",4096x2160,Yes
1050.0,100.0,2048.0,112.0,128.0,1750.0,17.0,16.0,GCN 1.1 Tobago PRO,1600 x 900,Yes,AMD,GDDR5,Radeon R7 360 v3,"
18-Jun-2015",4096x2160,Yes
1100.0,100.0,2048.0,96.0,128.0,1500.0,18.0,16.0,GCN 1.1 Tobago PRO,1600 x 900,Yes,AMD,GDDR5,Radeon R7 360 XFX Double Dissipation Best Buy 2GB Edition,"
18-Jun-2015",4096x2160,Yes
1050.0,100.0,2048.0,104.0,128.0,1625.0,17.0,16.0,GCN 1.1 Tobago PRO,1600 x 900,Yes,AMD,GDDR5,Radeon R7 360 v2 MSI OC 2GB Edition,"
18-Jun-2015",4096x2160,Yes
1050.0,100.0,2048.0,96.0,128.0,1500.0,17.0,16.0,GCN 1.1 Tobago PRO,1600 x 900,Yes,AMD,GDDR5,Radeon R7 360 XFX Double Dissipation 2GB Edition,"
18-Jun-2015",4096x2160,Yes
1060.0,100.0,2048.0,105.6,128.0,1650.0,17.0,16.0,GCN 1.1 Tobago PRO,1600 x 900,Yes,AMD,GDDR5,Radeon R7 360 v2 PowerColor OC 2GB Edition,"
18-Jun-2015",4096x2160,Yes
1050.0,100.0,2048.0,96.0,128.0,1500.0,17.0,16.0,GCN 1.1 Tobago PRO,1600 x 900,Yes,AMD,GDDR5,Radeon R7 360 XFX Core 2GB Edition,"
18-Jun-2015",4096x2160,Yes
1070.0,100.0,2048.0,104.0,128.0,1625.0,17.0,16.0,GCN 1.1 Tobago PRO,1600 x 900,Yes,AMD,GDDR5,Radeon R7 360 v2 HIS iCooler 2GB Edition,"
18-Jun-2015",4096x2160,Yes
1060.0,150.0,2048.0,96.0,128.0,1500.0,17.0,16.0,GCN 1.1 Tobago PRO,1600 x 900,Yes,AMD,GDDR5,Radeon R7 360 Sapphire OC 2GB Edition,"
18-Jun-2015",4096x2160,Yes
1200.0,150.0,2048.0,104.0,128.0,1625.0,19.0,16.0,GCN 1.1 Tobago PRO,1600 x 900,Yes,AMD,GDDR5,Radeon R7 360 v2 Gigabyte OC 2GB Edition,"
18-Jun-2015",4096x2160,Yes
1050.0,200.0,4096.0,192.0,128.0,1500.0,34.0,16.0,GCN 1.1 Tobago PRO (x2),1920 x 1080,Yes,AMD,GDDR5,Radeon R7 360 Crossfire,"
18-Jun-2015",2560x1600,Yes
1070.0,50.0,2048.0,96.0,128.0,1500.0,17.0,16.0,GCN 1.1 Tobago PRO,1600 x 900,Yes,AMD,GDDR5,Radeon R7 360 HIS GREEN iCooler OC 2GB Edition,"
09-Mar-2016",4096x2160,Yes
1070.0,100.0,2048.0,104.0,128.0,1625.0,17.0,16.0,GCN 1.1 Tobago PRO,1600 x 900,Yes,AMD,GDDR5,Radeon R7 360 v2 Asus OC 2GB Edition,"
18-Jun-2015",4096x2160,Yes
730.0,50.0,2048.0,28.8,128.0,900.0,6.0,8.0,GCN 1.1 Oland XT,1366 x 768,Yes,AMD,DDR3,Radeon R7 340 (OEM),"
05-May-2015",2560x1600,No
1050.0,100.0,2048.0,104.0,128.0,1625.0,17.0,16.0,GCN 1.1 Tobago PRO,1600 x 900,Yes,AMD,GDDR5,Radeon R7 360 v2,"
18-Jun-2015",4096x2160,Yes
800.0,65.0,2048.0,72.0,128.0,1125.0,7.0,8.0,GCN 1.1 Oland PRO,1366 x 768,Yes,AMD,GDDR5,Radeon R5 340 (OEM),"
05-May-2015",4096x2160,No
830.0,50.0,2048.0,28.8,128.0,900.0,7.0,8.0,GCN 1.1 Oland PRO,1366 x 768,Yes,AMD,DDR3,Radeon R5 330 (OEM),"
05-May-2015",4096x2160,No
1050.0,75.0,2048.0,96.0,128.0,1500.0,17.0,16.0,GCN 1.1 Tobago PRO,1600 x 900,Yes,AMD,GDDR5,Radeon R7 360,"
18-Jun-2015",4096x2160,Yes
1000.0,65.0,2048.0,73.6,128.0,1150.0,8.0,8.0,GCN 1.1 Oland XT,1600 x 900,Yes,AMD,GDDR5,Radeon R7 350 [not released],"
01-Sep-2015",2560x1600,Yes
1050.0,300.0,4096.0,320.0,512.0,1250.0,67.0,64.0,GCN 1.1 Hawaii XT,2560 x 1440,Yes,AMD,GDDR5,Radeon R9 290X XFX Black Edition,"
01-Dec-2013",4096x2160,Yes
1000.0,350.0,8192.0,1024.0,4096.0,500.0,128.0,64.0,GCN 1.2 Capsaicin XT,3840 x 2160,Yes,AMD,HBM-1,Radeon Pro Duo 8GB [not released],"
26-Apr-2016",4096x2160,Yes
1030.0,290.0,8192.0,352.0,512.0,1375.0,66.0,64.0,GCN 1.1 Hawaii XT,2560 x 1440,Yes,AMD,GDDR5,Radeon R9 290X Sapphire Vapor-X 8GB Edition,"
07-Nov-2014",4096x2160,Yes
1080.0,290.0,4096.0,361.0,512.0,1410.0,69.0,64.0,GCN 1.1 Hawaii XT,2560 x 1440,Yes,AMD,GDDR5,Radeon R9 290X Sapphire Vapor-X Tri-X OC 4GB Edition,"
29-Apr-2014",4096x2160,Yes
1040.0,566.25,8192.0,691.2,512.0,1350.0,133.0,64.0,GCN 1.1 Hawaii XT (x2),2560 x 1440,Yes,AMD,GDDR5,Radeon R9 290X PowerColor PCS+ 4GB Edition Crossfire,"
07-Jan-2014",4096x2160,Yes
1040.0,290.0,4096.0,332.8,512.0,1300.0,67.0,64.0,GCN 1.1 Hawaii XT,2560 x 1440,Yes,AMD,GDDR5,Radeon R9 290X Sapphire Tri-X OC Edition,"
01-Dec-2013",4096x2160,Yes
1000.0,65.0,1024.0,73.6,128.0,1150.0,8.0,8.0,GCN 1.1 Oland XT,1600 x 900,Yes,AMD,GDDR5,Radeon R7 350 (OEM),"
05-May-2015",2560x1600,No
1040.0,290.0,4096.0,345.6,512.0,1350.0,67.0,64.0,GCN 1.1 Hawaii XT,2560 x 1440,Yes,AMD,GDDR5,Radeon R9 290X PowerColor PCS+ 4GB Edition,"
07-Jan-2014",4096x2160,Yes
1030.0,280.625,4096.0,320.0,512.0,1250.0,66.0,64.0,GCN 1.1 Hawaii XT,2560 x 1440,Yes,AMD,GDDR5,Radeon R9 290X PowerColor OC Edition,"
26-Oct-2013",4096x2160,Yes
1080.0,290.0,4096.0,320.0,512.0,1250.0,69.0,64.0,GCN 1.1 Hawaii XT,2560 x 1440,Yes,AMD,GDDR5,Radeon R9 290X MSI Lightning Edition,"
01-Mar-2014",4096x2160,Yes
1040.0,580.0,8192.0,640.0,512.0,1250.0,133.0,64.0,GCN 1.1 Hawaii XT (x2),3840 x 2160,Yes,AMD,GDDR5,Radeon R9 290X MSI Gaming Edition Crossfire,"
01-Dec-2013",4096x2160,Yes
1040.0,290.0,4096.0,320.0,512.0,1250.0,67.0,64.0,GCN 1.1 Hawaii XT,2560 x 1440,Yes,AMD,GDDR5,Radeon R9 290X MSI Gaming Edition,"
01-Dec-2013",4096x2160,Yes
1040.0,566.25,8192.0,640.0,512.0,1250.0,133.0,64.0,GCN 1.1 Hawaii XT (x2),3840 x 2160,Yes,AMD,GDDR5,Radeon R9 290X Gigabyte WindForce 3X OC Edition Crossfire,"
01-Dec-2013",4096x2160,Yes
1040.0,290.0,8192.0,320.0,512.0,1250.0,67.0,64.0,GCN 1.1 Hawaii XT,2560 x 1440,Yes,AMD,GDDR5,Radeon R9 290X MSI Gaming 8GB Edition,"
06-Nov-2014",4096x2160,Yes
1030.0,250.0,4096.0,320.0,512.0,1250.0,66.0,64.0,GCN 1.1 Hawaii XT,2560 x 1440,Yes,AMD,GDDR5,Radeon R9 290X Club3D royalKing Edition,"
24-Oct-2013",4096x2160,Yes
1000.0,500.0,8192.0,640.0,512.0,1250.0,128.0,64.0,GCN 1.1 Hawaii XT (x2),5760 x 1600,Yes,AMD,GDDR5,Radeon R9 290X Crossfire,"
24-Oct-2013",4096x2160,Yes
1050.0,600.0,8192.0,691.2,512.0,1350.0,134.0,64.0,GCN 1.1 Hawaii XT (x2),5760 x 1600,Yes,AMD,GDDR5,Radeon R9 290X Asus DirectCU II OC Edition Crossfire,"
01-Dec-2013",4096x2160,Yes
1050.0,300.0,4096.0,345.6,512.0,1350.0,67.0,64.0,GCN 1.1 Hawaii XT,2560 x 1440,Yes,AMD,GDDR5,Radeon R9 290X Asus DirectCU II OC Edition,"
19-Dec-2013",4096x2160,Yes
1040.0,290.0,4096.0,320.0,512.0,1250.0,67.0,64.0,GCN 1.1 Hawaii XT,2560 x 1440,Yes,AMD,GDDR5,Radeon R9 290X Gigabyte WindForce 3X OC Edition,"
01-Dec-2013",4096x2160,Yes
1000.0,290.0,4096.0,320.0,512.0,1250.0,64.0,64.0,GCN 1.1 Hawaii XT,2560 x 1440,Yes,AMD,GDDR5,Radeon R9 290X,"
24-Oct-2013",4096x2160,Yes
1050.0,375.0,4096.0,345.6,512.0,1350.0,67.0,64.0,GCN 1.1 Hawaii XT,2560 x 1440,Yes,AMD,GDDR5,Radeon R9 290X Asus ROG Matrix Platinum Edition,"
19-Mar-2014",4096x2160,Yes
980.0,250.0,4096.0,320.0,512.0,1250.0,63.0,64.0,GCN 1.1 Hawaii PRO,2560 x 1440,Yes,AMD,GDDR5,Radeon R9 290 XFX Black Edition,"
05-Nov-2013",4096x2160,Yes
1000.0,300.0,4096.0,320.0,512.0,1250.0,64.0,64.0,GCN 1.1 Hawaii XT,2560 x 1440,Yes,AMD,GDDR5,Radeon R9 290X Asus DirectCU II Edition,"
06-Jan-2014",4096x2160,Yes
1030.0,275.0,4096.0,358.4,512.0,1400.0,66.0,64.0,GCN 1.1 Hawaii PRO,2560 x 1440,Yes,AMD,GDDR5,Radeon R9 290 Sapphire Vapor-X OC Edition,"
05-Apr-2014",4096x2160,Yes
947.0,250.0,4096.0,320.0,512.0,1250.0,61.0,64.0,GCN 1.1 Hawaii PRO,2560 x 1440,Yes,AMD,GDDR5,Radeon R9 290 XFX Double Dissipation Edition,"
20-Dec-2013",4096x2160,Yes
975.0,250.0,4096.0,320.0,512.0,1250.0,62.0,64.0,GCN 1.1 Hawaii PRO,2560 x 1440,Yes,AMD,GDDR5,Radeon R9 290 VTX3D X-Edition,"
05-Nov-2013",4096x2160,Yes
1000.0,275.0,4096.0,332.8,512.0,1300.0,64.0,64.0,GCN 1.1 Hawaii PRO,2560 x 1440,Yes,AMD,GDDR5,Radeon R9 290 Sapphire Tri-X OC Edition,"
05-Dec-2013",4096x2160,Yes
975.0,250.0,4096.0,320.0,512.0,1250.0,62.0,64.0,GCN 1.1 Hawaii PRO,2560 x 1440,Yes,AMD,GDDR5,Radeon R9 290 PowerColor OC Edition,"
05-Nov-2013",4096x2160,Yes
1007.0,275.0,4096.0,320.0,512.0,1250.0,64.0,64.0,GCN 1.1 Hawaii PRO,2560 x 1440,Yes,AMD,GDDR5,Radeon R9 290 MSI Gaming Edition,"
23-Dec-2013",4096x2160,Yes
1000.0,550.0,8192.0,665.6,512.0,1300.0,128.0,64.0,GCN 1.1 Hawaii PRO,2560 x 1600,Yes,AMD,GDDR5,Radeon R9 290 Sapphire Tri-X OC Edition Crossfire,"
05-Dec-2013",4096x2160,Yes
947.0,275.0,4096.0,320.0,512.0,1250.0,61.0,64.0,GCN 1.1 Hawaii PRO,2560 x 1440,Yes,AMD,GDDR5,Radeon R9 290 Sapphire BF4 Edition,"
05-Nov-2013",4096x2160,Yes
1040.0,275.0,4096.0,345.6,512.0,1350.0,67.0,64.0,GCN 1.1 Hawaii PRO,2560 x 1440,Yes,AMD,GDDR5,Radeon R9 290 PowerColor PCS+ Edition,"
13-Jan-2014",4096x2160,Yes
1040.0,566.25,8192.0,640.0,512.0,1250.0,133.0,64.0,GCN 1.1 Hawaii PRO (x2),3840 x 2160,Yes,AMD,GDDR5,Radeon R9 290 Gigabyte WindForce 3X OC Edition Crossfire,"
05-Dec-2013",4096x2160,Yes
1040.0,275.0,4096.0,320.0,512.0,1250.0,67.0,64.0,GCN 1.1 Hawaii PRO,2560 x 1440,Yes,AMD,GDDR5,Radeon R9 290 Gigabyte WindForce 3X OC Edition,"
05-Dec-2013",4096x2160,Yes
1040.0,275.0,4096.0,320.0,512.0,1250.0,67.0,64.0,GCN 1.1 Hawaii PRO,2560 x 1440,Yes,AMD,GDDR5,Radeon R9 290 Club3D royalAce 4GB Edition,"
05-Nov-2013",4096x2160,Yes
975.0,250.0,4096.0,320.0,512.0,1250.0,62.0,64.0,GCN 1.1 Hawaii PRO,2560 x 1440,Yes,AMD,GDDR5,Radeon R9 290 Club3D royalKing 4GB Edition,"
05-Nov-2013",4096x2160,Yes
1000.0,275.0,4096.0,320.0,512.0,1250.0,64.0,64.0,GCN 1.1 Hawaii PRO,2560 x 1440,Yes,AMD,GDDR5,Radeon R9 290 Asus DirectCU II OC Edition,"
17-Jan-2014",4096x2160,Yes
928.0,190.0,2048.0,179.2,256.0,1400.0,30.0,32.0,GCN 1.2 Tonga PRO,1920 x 1080,Yes,AMD,GDDR5,Radeon R9 285 Sapphire ITX Compact OC 2GB Edition,"
02-Sep-2014",4096x2160,Yes
918.0,190.0,2048.0,176.0,256.0,1375.0,29.0,32.0,GCN 1.2 Tonga PRO,1920 x 1080,Yes,AMD,GDDR5,Radeon R9 285 XFX Double D 2GB Edition,"
02-Sep-2014",4096x2160,Yes
947.0,550.0,8192.0,640.0,512.0,1250.0,121.0,64.0,GCN 1.1 Hawaii PRO (x2),2560 x 1600,Yes,AMD,GDDR5,Radeon R9 290 Crossfire,"
05-Nov-2013",4096x2160,Yes
918.0,190.0,2048.0,176.0,256.0,1375.0,29.0,32.0,GCN 1.2 Tonga PRO,1920 x 1080,Yes,AMD,GDDR5,Radeon R9 285 Sapphire Dual-X 2GB Edition,"
02-Sep-2014",4096x2160,Yes
947.0,275.0,4096.0,320.0,512.0,1250.0,61.0,64.0,GCN 1.1 Hawaii PRO,2560 x 1440,Yes,AMD,GDDR5,Radeon R9 290,"
05-Nov-2013",4096x2160,Yes
918.0,190.0,2048.0,176.0,256.0,1375.0,29.0,32.0,GCN 1.2 Tonga PRO,1920 x 1080,Yes,AMD,GDDR5,Radeon R9 285 Sapphire ITX Compact 2GB Edition,"
02-Sep-2014",4096x2160,Yes
965.0,190.0,2048.0,179.2,256.0,1400.0,31.0,32.0,GCN 1.2 Tonga PRO,1920 x 1080,Yes,AMD,GDDR5,Radeon R9 285 Sapphire Dual-X OC 2GB Edition,"
01-Sep-2014",4096x2160,Yes
945.0,190.0,2048.0,176.0,256.0,1375.0,30.0,32.0,GCN 1.2 Tonga PRO,1920 x 1080,Yes,AMD,GDDR5,Radeon R9 285 Club3D royalQueen 2GB Edition,"
02-Sep-2014",4096x2160,Yes
945.0,190.0,2048.0,176.0,256.0,1375.0,30.0,32.0,GCN 1.2 Tonga PRO,1920 x 1080,Yes,AMD,GDDR5,Radeon R9 285 PowerColor TurboDuo OC 2GB Edition,"
02-Sep-2014",4096x2160,Yes
973.0,190.0,2048.0,179.2,256.0,1400.0,31.0,32.0,GCN 1.2 Tonga PRO,1920 x 1080,Yes,AMD,GDDR5,Radeon R9 285 MSI Gaming 2GB Edition,"
02-Sep-2014",4096x2160,Yes
954.0,190.0,2048.0,179.2,256.0,1400.0,31.0,32.0,GCN 1.2 Tonga PRO,1920 x 1080,Yes,AMD,GDDR5,Radeon R9 285 Asus Strix OC 2GB Edition,"
02-Sep-2014",4096x2160,Yes
918.0,190.0,2048.0,176.0,256.0,1375.0,29.0,32.0,GCN 1.2 Tonga PRO,1920 x 1080,Yes,AMD,GDDR5,Radeon R9 285 2GB,"
02-Sep-2014",4096x2160,Yes
850.0,250.0,3072.0,288.0,384.0,1500.0,32.0,32.0,GCN 1.0 Tahiti XTL,1920 x 1080,Yes,AMD,GDDR5,Radeon R9 280X XFX Double D 3GB Edition,"
08-Oct-2013",4096x2160,Yes
1000.0,250.0,3072.0,297.6,384.0,1550.0,35.0,32.0,GCN 1.0 Tahiti XTL,1920 x 1080,Yes,AMD,GDDR5,Radeon R9 280X XFX Double D Black Edition,"
09-Oct-2013",4096x2160,Yes
973.0,190.0,2048.0,179.2,256.0,1400.0,31.0,32.0,GCN 1.2 Tonga PRO,1920 x 1080,Yes,AMD,GDDR5,Radeon R9 285 Gigabyte WindForce 2X OC 2GB Edition,"
02-Sep-2014",4096x2160,Yes
850.0,250.0,3072.0,288.0,384.0,1500.0,32.0,32.0,GCN 1.0 Tahiti XTL,1920 x 1080,Yes,AMD,GDDR5,Radeon R9 280X VisionTek 3GB Edition,"
08-Oct-2013",4096x2160,Yes
950.0,500.0,6144.0,595.2,384.0,1550.0,68.0,32.0,GCN 1.1 Tahiti XTL (x2),2560 x 1440,Yes,AMD,GDDR5,Radeon R9 280X Sapphire Vapor-X 3GB OC Edition Crossfire,"
08-Oct-2013",4096x2160,Yes
1020.0,250.0,3072.0,288.0,384.0,1500.0,35.0,32.0,GCN 1.0 Tahiti XTL,1920 x 1080,Yes,AMD,GDDR5,Radeon R9 280X Sapphire TRI-X OC 3GB Edition,"
20-Dec-2013",4096x2160,Yes
1000.0,250.0,3072.0,288.0,384.0,1500.0,35.0,32.0,GCN 1.0 Tahiti XTL,1920 x 1080,Yes,AMD,GDDR5,Radeon R9 280X Sapphire Vapor-X 3GB TRI-X OC Edition,"
01-Mar-2014",4096x2160,Yes
1100.0,250.0,3072.0,307.2,384.0,1600.0,37.0,32.0,GCN 1.0 Tahiti XTL,1920 x 1080,Yes,AMD,GDDR5,Radeon R9 280X Sapphire Toxic 3GB OC Edition,"
08-Oct-2013",4096x2160,Yes
1000.0,250.0,6144.0,288.0,384.0,1500.0,34.0,32.0,GCN 1.0 Tahiti XTL,1920 x 1080,Yes,AMD,GDDR5,Radeon R9 280X MSI Gaming 6GB Edition,"
08-Mar-2014",4096x2160,Yes
870.0,250.0,3072.0,288.0,384.0,1500.0,33.0,32.0,GCN 1.0 Tahiti XTL,1920 x 1080,Yes,AMD,GDDR5,Radeon R9 280X Sapphire Dual-X 3GB OC Edition,"
08-Oct-2013",4096x2160,Yes
950.0,250.0,3072.0,297.6,384.0,1550.0,34.0,32.0,GCN 1.0 Tahiti XTL,1920 x 1080,Yes,AMD,GDDR5,Radeon R9 280X Sapphire Vapor-X 3GB OC Edition,"
08-Oct-2013",4096x2160,Yes
1000.0,250.0,3072.0,288.0,384.0,1500.0,34.0,32.0,GCN 1.0 Tahiti XTL,1920 x 1080,Yes,AMD,GDDR5,Radeon R9 280X MSI Gaming 3GB Edition,"
08-Oct-2013",4096x2160,Yes
1000.0,250.0,3072.0,288.0,384.0,1500.0,34.0,32.0,GCN 1.0 Tahiti XTL,1920 x 1080,Yes,AMD,GDDR5,Radeon R9 280X HIS iPower IceQ X² Edition,"
08-Oct-2013",4096x2160,Yes
880.0,250.0,3072.0,288.0,384.0,1500.0,33.0,32.0,GCN 1.0 Tahiti XTL,1920 x 1080,Yes,AMD,GDDR5,Radeon R9 280X PowerColor TurboDuo 3GB OC Edition,"
05-Dec-2013",4096x2160,Yes
1000.0,250.0,3072.0,288.0,384.0,1500.0,35.0,32.0,GCN 1.0 Tahiti XTL,1920 x 1080,Yes,AMD,GDDR5,Radeon R9 280X Gigabyte 3GB OC Edition,"
09-Oct-2013",4096x2160,Yes
950.0,375.0,3072.0,307.2,384.0,1600.0,35.0,32.0,GCN 1.0 Tahiti XTL,1920 x 1080,Yes,AMD,GDDR5,Radeon R9 280X Matrix Platinum 3GB Edition,"
08-Oct-2013",4096x2160,Yes
1000.0,280.0,3072.0,288.0,384.0,1500.0,35.0,32.0,GCN 1.0 Tahiti XTL,1920 x 1080,Yes,AMD,GDDR5,Radeon R9 280X Club3D royalKing Edition,"
08-Oct-2013",4096x2160,Yes
950.0,550.0,6144.0,576.0,384.0,1500.0,64.0,32.0,GCN 1.1 Tahiti XTL (x2),1920 x 1080,Yes,AMD,GDDR5,Radeon R9 280X Crossfire,"
01-Oct-2013",4096x2160,Yes
970.0,250.0,3072.0,307.2,384.0,1600.0,34.0,32.0,GCN 1.0 Tahiti XTL,1920 x 1080,Yes,AMD,GDDR5,Radeon R9 280X DirectCU II TOP 3GB Edition,"
09-Oct-2013",4096x2160,Yes
925.0,280.0,3072.0,288.0,384.0,1500.0,32.0,32.0,GCN 1.0 Tahiti XTL,1920 x 1080,Yes,AMD,GDDR5,Radeon R9 280X Club3D royalQueen Edition,"
08-Oct-2013",4096x2160,Yes
850.0,250.0,3072.0,288.0,384.0,1500.0,32.0,32.0,GCN 1.0 Tahiti XTL,1920 x 1080,Yes,AMD,GDDR5,Radeon R9 280X Asus Matrix 3GB Edition,"
08-Oct-2013",4096x2160,Yes
933.0,200.0,3072.0,249.6,384.0,1300.0,32.0,32.0,GCN 1.0 Tahiti PRO2,1920 x 1080,Yes,AMD,GDDR5,Radeon R9 280 XFX Double D Black 3GB Edition,"
04-Mar-2014",4096x2160,Yes
855.0,200.0,3072.0,240.0,384.0,1250.0,31.0,32.0,GCN 1.0 Tahiti PRO2,1920 x 1080,Yes,AMD,GDDR5,Radeon R9 280 PowerColor TurboDuo OC 3GB Edition,"
04-Mar-2014",4096x2160,Yes
847.0,200.0,3072.0,240.0,384.0,1250.0,30.0,32.0,GCN 1.0 Tahiti PRO2,1920 x 1080,Yes,AMD,GDDR5,Radeon R9 280 HIS IceQ OC 3GB Edition,"
04-Mar-2014",4096x2160,Yes
950.0,225.0,3072.0,240.0,384.0,1250.0,34.0,32.0,GCN 1.0 Tahiti PRO2,1920 x 1080,Yes,AMD,GDDR5,Radeon R9 280 Gigabyte WindForce 3X OC 3GB Edition,"
17-Mar-2014",4096x2160,Yes
933.0,200.0,3072.0,240.0,384.0,1250.0,32.0,32.0,GCN 1.0 Tahiti PRO2,1920 x 1080,Yes,AMD,GDDR5,Radeon R9 280 MSI Gaming 3GB Edition,"
11-Mar-2014",4096x2160,Yes
855.0,200.0,3072.0,240.0,384.0,1250.0,31.0,32.0,GCN 1.0 Tahiti PRO2,1920 x 1080,Yes,AMD,GDDR5,Radeon R9 280 Club3D royalKing 3GB Edition,"
04-Mar-2014",4096x2160,Yes
874.0,200.0,3072.0,249.6,384.0,1300.0,31.0,32.0,GCN 1.0 Tahiti PRO2,1920 x 1080,Yes,AMD,GDDR5,Radeon R9 280 Asus DirectCU II TOP 3GB Edition,"
04-Mar-2014",4096x2160,Yes
850.0,200.0,3072.0,240.0,384.0,1250.0,30.0,32.0,GCN 1.0 Tahiti PRO2,1920 x 1080,Yes,AMD,GDDR5,Radeon R9 280 Sapphire Dual-X OC 3GB Edition,"
04-Mar-2014",4096x2160,Yes
850.0,250.0,3072.0,288.0,384.0,1500.0,32.0,32.0,GCN 1.0 Tahiti XTL,1920 x 1080,Yes,AMD,GDDR5,Radeon R9 280X,"
08-Oct-2013",4096x2160,Yes
887.625,400.0,6144.0,480.0,384.0,1250.0,60.0,32.0,GCN 1.1 Tahiti PRO2 (x2),2560 x 1600,Yes,AMD,GDDR5,Radeon R9 280 Crossfire,"
04-Mar-2014",4096x2160,Yes
1000.0,180.0,4096.0,179.2,256.0,1400.0,34.0,32.0,GCN 1.1 Curacao XT,1920 x 1080,Yes,AMD,GDDR5,Radeon R9 270X XFX Double D 4GB Edition,"
08-Oct-2013",4096x2160,Yes
1050.0,180.0,2048.0,185.6,256.0,1450.0,35.0,32.0,GCN 1.1 Curacao XT,1920 x 1080,Yes,AMD,GDDR5,Radeon R9 270X XFX Double D Black Edition,"
08-Oct-2013",4096x2160,Yes
1050.0,180.0,2048.0,185.6,256.0,1450.0,35.0,32.0,GCN 1.1 Curacao XT,1920 x 1080,Yes,AMD,GDDR5,Radeon R9 270X Sapphire Vapor-X 2GB OC Edition,"
08-Oct-2013",4096x2160,Yes
1030.0,180.0,2048.0,179.2,256.0,1400.0,35.0,32.0,GCN 1.1 Curacao XT,1920 x 1080,Yes,AMD,GDDR5,Radeon R9 270X VTX3D v2 2GB X-Edition,"
19-Dec-2013",4096x2160,Yes
1100.0,180.0,2048.0,192.0,256.0,1500.0,37.0,32.0,GCN 1.1 Curacao XT,1920 x 1080,Yes,AMD,GDDR5,Radeon R9 270X Sapphire Toxic 2GB OC Edition,"
08-Oct-2013",4096x2160,Yes
1020.0,180.0,4096.0,179.2,256.0,1400.0,34.0,32.0,GCN 1.1 Curacao XT,1920 x 1080,Yes,AMD,GDDR5,Radeon R9 270X Sapphire Dual-X 4GB OC Edition,"
08-Oct-2013",4096x2160,Yes
1020.0,180.0,2048.0,179.2,256.0,1400.0,34.0,32.0,GCN 1.1 Curacao XT,1920 x 1080,Yes,AMD,GDDR5,Radeon R9 270X Sapphire Dual-X 2GB OC Edition,"
08-Oct-2013",4096x2160,Yes
827.0,200.0,3072.0,240.0,384.0,1250.0,30.0,32.0,GCN 1.0 Tahiti PRO2,1920 x 1080,Yes,AMD,GDDR5,Radeon R9 280,"
04-Mar-2014",4096x2160,Yes
1100.0,180.0,2048.0,192.0,256.0,1500.0,37.0,32.0,GCN 1.1 Curacao XT,1920 x 1080,Yes,AMD,GDDR5,Radeon R9 270X Sapphire Black Diamond 2GB Edition,"
21-Apr-2014",4096x2160,Yes
1060.0,180.0,2048.0,182.4,256.0,1425.0,35.0,32.0,GCN 1.1 Curacao XT,1920 x 1080,Yes,AMD,GDDR5,Radeon R9 270X PowerColor PCS+ Edition,"
26-Nov-2013",4096x2160,Yes
1100.0,180.0,2048.0,179.2,256.0,1400.0,37.0,32.0,GCN 1.1 Curacao XT,1920 x 1080,Yes,AMD,GDDR5,Radeon R9 270X MSI Hawk Edition,"
09-Oct-2013",4096x2160,Yes
1030.0,180.0,2048.0,179.2,256.0,1400.0,35.0,32.0,GCN 1.1 Curacao XT,1920 x 1080,Yes,AMD,GDDR5,Radeon R9 270X PowerColor 2GB OC TurboDuo Edition,"
08-Oct-2013",4096x2160,Yes
1150.0,180.0,2048.0,179.2,256.0,1400.0,38.0,32.0,GCN 1.1 Curacao XT,1920 x 1080,Yes,AMD,GDDR5,Radeon R9 270X PowerColor Devil Edition,"
31-Oct-2013",4096x2160,Yes
1030.0,125.625,8192.0,358.4,256.0,1400.0,72.0,32.0,GCN 1.1 Curacao XT (x2),1920 x 1080,Yes,AMD,GDDR5,Radeon R9 270X MSI Gaming 4GB Edition Crossfire,"
09-Oct-2013",4096x2160,Yes
1030.0,180.0,4096.0,358.4,256.0,1400.0,72.0,32.0,GCN 1.1 Curacao XT (x2),1920 x 1080,Yes,AMD,GDDR5,Radeon R9 270X MSI Gaming 2GB Edition Crossfire,"
09-Oct-2013",4096x2160,Yes
1030.0,180.0,2048.0,179.2,256.0,1400.0,35.0,32.0,GCN 1.1 Curacao XT,1920 x 1080,Yes,AMD,GDDR5,Radeon R9 270X PowerColor 2GB OC Edition,"
08-Oct-2013",4096x2160,Yes
1030.0,180.0,2048.0,179.2,256.0,1400.0,35.0,32.0,GCN 1.1 Curacao XT,1920 x 1080,Yes,AMD,GDDR5,Radeon R9 270X MSI Gaming ITX 2GB Edition,"
06-May-2014",4096x2160,Yes
1100.0,180.0,2048.0,179.2,256.0,1400.0,36.0,32.0,GCN 1.1 Curacao XT,1920 x 1080,Yes,AMD,GDDR5,Radeon R9 270X HIS IceQ X2 Turbo Edition,"
09-Oct-2013",4096x2160,Yes
1050.0,180.0,8192.0,358.4,256.0,1400.0,70.0,32.0,GCN 1.1 Curacao XT (x2),1920 x 1080,Yes,AMD,GDDR5,Radeon R9 270X Gigabyte 4GB OC Edition Crossfire,"
09-Oct-2013",4096x2160,Yes
1030.0,180.0,2048.0,179.2,256.0,1400.0,36.0,32.0,GCN 1.1 Curacao XT,1920 x 1080,Yes,AMD,GDDR5,Radeon R9 270X MSI Gaming 2GB Edition,"
09-Oct-2013",4096x2160,Yes
1030.0,175.0,2048.0,179.2,256.0,1400.0,35.0,32.0,GCN 1.1 Curacao XT,1920 x 1080,Yes,AMD,GDDR5,Radeon R9 270X Club3D royalQueen Edition,"
08-Oct-2013",4096x2160,Yes
1050.0,180.0,4096.0,179.2,256.0,1400.0,35.0,32.0,GCN 1.1 Curacao XT,1920 x 1080,Yes,AMD,GDDR5,Radeon R9 270X Gigabyte 4GB OC Edition,"
09-Oct-2013",4096x2160,Yes
1050.0,180.0,2048.0,179.2,256.0,1400.0,35.0,32.0,GCN 1.1 Curacao XT,1920 x 1080,Yes,AMD,GDDR5,Radeon R9 270X Gigabyte 2GB OC Edition,"
09-Oct-2013",4096x2160,Yes
1000.0,180.0,2048.0,179.2,256.0,1400.0,34.0,32.0,GCN 1.1 Curacao XT,1920 x 1080,Yes,AMD,GDDR5,Radeon R9 270X,"
08-Oct-2013",4096x2160,Yes
1050.0,225.0,4096.0,179.2,256.0,1400.0,35.0,32.0,GCN 1.1 Curacao XT,1920 x 1080,Yes,AMD,GDDR5,Radeon R9 270X Asus DirectCU II 4GB Edition,"
09-Oct-2013",4096x2160,Yes
1000.0,360.0,4096.0,358.4,256.0,1400.0,67.0,32.0,GCN 1.1 Curacao XT (x2),1920 x 1080,Yes,AMD,GDDR5,Radeon R9 270X Crossfire,"
08-Oct-2013",4096x2160,Yes
900.0,150.0,2048.0,179.2,256.0,1400.0,30.0,32.0,GCN 1.1 Curacao PRO,1920 x 1080,Yes,AMD,GDDR5,Radeon R9 270 XFX Double D 2GB Edition,"
 13-Nov-2013",4096x2160,Yes
920.0,149.0,2048.0,179.2,256.0,1400.0,30.0,32.0,GCN 1.1 Curacao PRO,1920 x 1080,Yes,AMD,GDDR5,Radeon R9 270 Sapphire Dual-X 2GB OC Edition,"
13-Nov-2013",4096x2160,Yes
1030.0,180.0,4096.0,179.2,256.0,1400.0,36.0,32.0,GCN 1.1 Curacao XT,1920 x 1080,Yes,AMD,GDDR5,Radeon R9 270X MSI Gaming 4GB Edition,"
09-Oct-2013",4096x2160,Yes
930.0,152.125,2048.0,179.2,256.0,1400.0,31.0,32.0,GCN 1.1 Curacao PRO,1920 x 1080,Yes,AMD,GDDR5,Radeon R9 270 PowerColor 2GB OC Edition,"
13-Nov-2013",4096x2160,Yes
900.0,175.0,2048.0,179.2,256.0,1400.0,31.0,32.0,GCN 1.1 Curacao PRO,1920 x 1080,Yes,AMD,GDDR5,Radeon R9 270 MSI Gaming 2GB Edition,"
13-Nov-2013",4096x2160,Yes
900.0,150.0,2048.0,179.2,256.0,1400.0,30.0,32.0,GCN 1.0 Pitcairn PRO,1920 x 1080,Yes,AMD,GDDR5,Radeon R9 270 v2,"
13-Mar-2015",4096x2160,Yes
950.0,175.0,2048.0,179.2,256.0,1400.0,31.0,32.0,GCN 1.1 Curacao PRO,1920 x 1080,Yes,AMD,GDDR5,Radeon R9 270 DirectCU II OC Edition,"
13-Nov-2013",4096x2160,Yes
950.0,175.0,2048.0,179.2,256.0,1400.0,31.0,32.0,GCN 1.1 Curacao PRO,1920 x 1080,Yes,AMD,GDDR5,Radeon R9 270 HIS IceQ X² Turbo Edition,"
13-Nov-2013",4096x2160,Yes
925.0,150.0,2048.0,179.2,256.0,1400.0,30.0,32.0,GCN 1.1 Curacao PRO,1920 x 1080,Yes,AMD,GDDR5,Radeon R9 270 HIS iCooler 2GB Edition,"
13-Nov-2013",4096x2160,Yes
950.0,175.0,2048.0,179.2,256.0,1400.0,31.0,32.0,GCN 1.1 Curacao PRO,1920 x 1080,Yes,AMD,GDDR5,Radeon R9 270 Gigabyte WindForce 2X OC Edition,"
13-Nov-2013",4096x2160,Yes
900.0,300.0,4096.0,358.4,256.0,1400.0,59.0,32.0,GCN 1.1 Curacao PRO (x2),2560 x 1440,Yes,AMD,GDDR5,Radeon R9 270 Crossfire,"
13-Nov-2013",4096x2160,Yes
1070.0,180.0,2048.0,179.2,256.0,1400.0,36.0,32.0,GCN 1.1 Curacao XT,1920 x 1080,Yes,AMD,GDDR5,Radeon R9 270X DirectCU II TOP 2GB Edition,"
08-Oct-2013",4096x2160,Yes
900.0,150.0,2048.0,179.2,256.0,1400.0,30.0,32.0,GCN 1.1 Curacao PRO,1920 x 1080,Yes,AMD,GDDR5,Radeon R9 270 HIS IceQ XÂ² 2GB Edition,"
13-Nov-2013",4096x2160,Yes
930.0,300.0,4096.0,358.4,256.0,1400.0,61.0,32.0,GCN 1.1 Curacao PRO (x2),2560 x 1440,Yes,AMD,GDDR5,Radeon R9 270 Club3D 14Series Edition Crossfire,"
18-Dec-2013",4096x2160,Yes
930.0,146.0,2048.0,179.2,256.0,1400.0,31.0,32.0,GCN 1.1 Curacao PRO,1920 x 1080,Yes,AMD,GDDR5,Radeon R9 270 Club3D '14Series Edition,"
18-Dec-2013",4096x2160,Yes
930.0,55.5,2048.0,104.0,128.0,1625.0,15.0,16.0,GCN 1.0 Cape Verde PRX,1600 x 900,Yes,AMD,GDDR5,Radeon R9 255 (OEM),"
21-Dec-2013",4096x2160,Yes
1110.125,115.0,2048.0,104.0,128.0,1625.0,18.0,16.0,GCN 1.0 Bonaire XT,1600 x 900,Yes,AMD,GDDR5,Radeon R9 260 (OEM),"
21-Dec-2013",4096x2160,Yes
900.0,150.0,2048.0,179.2,256.0,1400.0,30.0,32.0,GCN 1.1 Curacao PRO,1920 x 1080,Yes,AMD,GDDR5,Radeon R9 270,"
13-Nov-2013",4096x2160,Yes
900.0,150.0,2048.0,179.2,256.0,1400.0,30.0,32.0,GCN 1.0 Pitcairn PRO,1920 x 1080,Yes,AMD,GDDR5,Radeon R7 265 Sapphire Dual-X 2GB Edition,"
13-Feb-2014",4096x2160,Yes
1008.0,150.0,2048.0,179.2,256.0,1400.0,33.0,32.0,GCN 1.0 Pitcairn PRO,1920 x 1080,Yes,AMD,GDDR5,Radeon R7 265 Gigabyte WindForce 2X OC 2GB Edition,"
18-Mar-2014",4096x2160,Yes
900.0,150.0,2048.0,179.2,256.0,1400.0,30.0,32.0,GCN 1.0 Pitcairn PRO,1920 x 1080,Yes,AMD,GDDR5,Radeon R7 265 Asus DirectCU II 2GB Edition,"
13-Feb-2014",4096x2160,Yes
935.0,300.0,4096.0,358.4,256.0,1400.0,59.0,32.0,Pitcairn PRO,1920 x 1080,Yes,AMD,GDDR5,Radeon R7 265 Crossfire,"
13-Feb-2014",4096x2160,Yes
930.0,150.0,2048.0,179.2,256.0,1400.0,31.0,32.0,GCN 1.0 Pitcairn PRO,1920 x 1080,Yes,AMD,GDDR5,Radeon R7 265 PowerColor TurboDuo OC 2GB Edition,"
19-Mar-2014",4096x2160,Yes
1100.0,115.0,2048.0,102.4,128.0,1600.0,18.0,16.0,GCN 1.1 Bonaire XTX,1600 x 900,Yes,AMD,GDDR5,Radeon R7 260X XFX Double D 2GB Edition,"
08-Oct-2013",4096x2160,Yes
930.0,146.0,2048.0,179.2,256.0,1400.0,31.0,32.0,GCN 1.1 Curacao PRO,1920 x 1080,Yes,AMD,GDDR5,Radeon R9 270 Club3D royalQueen Edition,"
13-Nov-2013",4096x2160,Yes
900.0,150.0,2048.0,179.2,256.0,1400.0,30.0,32.0,GCN 1.0 Pitcairn PRO,1920 x 1080,Yes,AMD,GDDR5,Radeon R7 265,"
13-Feb-2014",4096x2160,Yes
1160.0,115.0,2048.0,105.6,128.0,1650.0,19.0,16.0,GCN 1.1 Bonaire XTX,1600 x 900,Yes,AMD,GDDR5,Radeon R7 260X VisionTek OC 2GB Edition,"
08-Oct-2013",4096x2160,Yes
900.0,150.0,2048.0,179.2,256.0,1400.0,31.0,32.0,GCN 1.0 Pitcairn PRO,1920 x 1080,Yes,AMD,GDDR5,Radeon R7 265 MSI OC 2GB Edition,"
13-Feb-2014",4096x2160,Yes
1095.0,225.0,4128.0,1024.0,8192.0,500.0,67.0,64.0,GCN 1.3 Greenland XT,2560 x 1440,,ATI,HBM-2,Radeon RX 490 8GB [not released],"
01-Nov-2016",5760x2160,Yes
1250.0,150.0,3840.0,224.4,256.0,1750.0,80.0,64.0,GCN 1.3 Ellesmere XT,,,ATI,,Radeon RX 480X 8GB [not released],"
01-Nov-2016",4096x2160,Yes
1000.0,250.0,272.0,16.0,152.0,500.0,128.0,128.0,GCN 1.3 Polaris 10,,,ATI,,Radeon RX 490X 8GB [not released],"
01-Jun-2016",4096x2160,Yes
1120.0,150.0,8192.0,256.0,256.0,2000.0,41.0,32.0,GCN 1.3 Ellesmere XT,2560 x 1440,Yes,ATI,GDDR5,Radeon RX 480 XFX Triple X OC 8GB,"
29-Jun-2016",4096x2160,No
1000.0,85.0,2048.0,80.0,128.0,1250.0,16.0,16.0,GCN 1.1 Bonaire XT,1600 x 900,Yes,AMD,GDDR5,Radeon R7 260X v3 Sapphire 2GB Edition,"
05-Feb-2015",4096x3112,Yes
1120.0,150.0,8192.0,256.0,256.0,2000.0,43.0,32.0,GCN 1.3 Ellesmere XT,2560 x 1440,Yes,ATI,GDDR5,Radeon RX 480 XFX GTR Hard Swap Black Edition 8GB,"
29-Jul-2016",4096x2160,No
1120.0,150.0,4096.0,224.0,256.0,1750.0,41.0,32.0,GCN 1.3 Ellesmere XT,1920 x 1080,Yes,ATI,GDDR5,Radeon RX 480 XFX RS Hard Swap 4GB,"
29-Jun-2016",4096x2160,No
1120.0,150.0,8192.0,256.0,256.0,2000.0,41.0,32.0,GCN 1.3 Ellesmere XT,2560 x 1440,Yes,ATI,GDDR5,Radeon RX 480 XFX RS Hard Swap Triple X 8GB,"
29-Jul-2016",4096x2160,No
1150.0,175.0,272.0,16.0,152.0,500.0,166.0,128.0,GCN 1.3 Polaris 10,,,ATI,,Radeon RX 480X 4GB [not released],"
01-Nov-2016",4096x2160,Yes
1030.0,85.0,2048.0,80.0,128.0,1250.0,16.0,16.0,GCN 1.1 Bonaire XT,1600 x 900,Yes,AMD,GDDR5,Radeon R7 260X v3 PowerColor OC v4 2GB Edition,"
08-Oct-2013",4096x2160,Yes
1030.0,85.0,2048.0,80.0,128.0,1250.0,16.0,16.0,GCN 1.1 Bonaire XT,1600 x 900,Yes,AMD,GDDR5,Radeon R7 260X v3 PowerColor OC v3 2GB Edition,"
08-Oct-2013",4096x2160,Yes
1188.0,85.0,2048.0,80.0,128.0,1250.0,19.0,16.0,GCN 1.1 Bonaire XT,1600 x 900,Yes,AMD,GDDR5,Radeon R7 260X v3 Gigabyte OC Rev. 3.0 2GB Edition,"
05-Feb-2015",4096x3112,Yes
935.0,300.0,4096.0,358.4,256.0,1400.0,59.0,32.0,Pitcairn PRO,1920 x 1080,Yes,AMD,GDDR5,Radeon R7 265 Sapphire Dual-X 2GB Edition Crossfire,"
13-Feb-2014",4096x2160,Yes
1050.0,85.0,2048.0,80.0,128.0,1250.0,17.0,16.0,GCN 1.1 Bonaire XT,1600 x 900,Yes,AMD,GDDR5,Radeon R7 260X v3 MSI OC 2GB Edition,"
05-Feb-2015",4096x3112,Yes
1075.0,85.0,2048.0,80.0,128.0,1250.0,17.0,16.0,GCN 1.1 Bonaire XT,1600 x 900,Yes,AMD,GDDR5,Radeon R7 260X v3 Asus OC 2GB Edition,"
08-Oct-2013",4096x3112,Yes
1000.0,85.0,2048.0,80.0,128.0,1250.0,16.0,16.0,GCN 1.1 Bonaire XT,1600 x 900,Yes,AMD,GDDR5,Radeon R7 260X v3,"
05-Feb-2015",4096x3112,Yes
1075.0,105.0,1024.0,102.4,128.0,1600.0,17.0,16.0,GCN 1.1 Bonaire XT,1600 x 900,Yes,AMD,GDDR5,Radeon R7 260X v2 XFX Core 1GB Edition,"
08-Oct-2013",4096x2160,Yes
1075.0,105.0,2048.0,102.4,128.0,1600.0,17.0,16.0,GCN 1.1 Bonaire XT,1600 x 900,Yes,AMD,GDDR5,Radeon R7 260X v2 XFX Core 2GB Edition,"
08-Oct-2013",4096x2160,Yes
1050.0,105.0,2048.0,96.0,128.0,1500.0,17.0,16.0,GCN 1.1 Bonaire XT,1600 x 900,Yes,AMD,GDDR5,Radeon R7 260X v2 Sapphire OC 2GB Edition,"
20-Dec-2013",4096x2160,Yes
1050.0,105.0,2048.0,96.0,128.0,1500.0,17.0,16.0,GCN 1.1 Bonaire XT,1600 x 900,Yes,AMD,GDDR5,Radeon R7 260X v2 Sapphire iCafe Gaming OC 2GB Edition,"
28-Feb-2015",4096x2160,Yes
1175.0,105.0,2048.0,96.0,128.0,1500.0,19.0,16.0,GCN 1.1 Bonaire XT,1600 x 900,Yes,AMD,GDDR5,Radeon R7 260X v2 MSI OC v2 2GB Edition,"
08-Oct-2013",4096x2160,Yes
1050.0,105.0,2048.0,96.0,128.0,1500.0,17.0,16.0,GCN 1.1 Bonaire XT,1600 x 900,Yes,AMD,GDDR5,Radeon R7 260X v2 MSI OC v1 2GB Edition,"
08-Oct-2013",4096x2160,Yes
1050.0,105.0,1024.0,96.0,128.0,1500.0,17.0,16.0,GCN 1.1 Bonaire XT,1600 x 900,Yes,AMD,GDDR5,Radeon R7 260X v2 MSI OC 1GB Edition,"
08-Oct-2013",4096x2160,Yes
1075.0,105.0,1024.0,102.4,128.0,1600.0,17.0,16.0,GCN 1.1 Bonaire XT,1600 x 900,Yes,AMD,GDDR5,Radeon R7 260X v2 HIS iPower IceQ X² Turbo 1GB Edition,"
31-Oct-2013",4096x2160,Yes
1000.0,105.0,1024.0,96.0,128.0,1500.0,16.0,16.0,GCN 1.1 Bonaire XT,1600 x 900,Yes,AMD,GDDR5,Radeon R7 260X v2 MSI 1GB Edition,"
08-Oct-2013",4096x2160,Yes
1000.0,105.0,2048.0,96.0,128.0,1500.0,16.0,16.0,GCN 1.1 Bonaire XT,1600 x 900,Yes,AMD,GDDR5,Radeon R7 260X v2 HIS iPower IceQ X² 2GB Edition,"
09-Oct-2013",4096x2160,Yes
1030.0,105.0,1024.0,96.0,128.0,1500.0,16.0,16.0,GCN 1.1 Bonaire XT,1600 x 900,Yes,AMD,GDDR5,Radeon R7 260X v2 PowerColor OC 1GB Edition,"
08-Oct-2013",4096x2160,Yes
1100.0,105.0,2048.0,96.0,128.0,1500.0,18.0,16.0,GCN 1.1 Bonaire XT,1600 x 900,Yes,AMD,GDDR5,Radeon R7 260X v2 MSI OC 2GB Edition,"
08-Oct-2013",4096x2160,Yes
1050.0,105.0,1024.0,96.0,128.0,1500.0,17.0,16.0,GCN 1.1 Bonaire XT,1600 x 900,Yes,AMD,GDDR5,Radeon R7 260X v2 Sapphire OC 1GB Edition,"
26-Dec-2013",4096x2160,Yes
1000.0,105.0,2048.0,96.0,128.0,1500.0,16.0,16.0,GCN 1.1 Bonaire XT,1600 x 900,Yes,AMD,GDDR5,Radeon R7 260X v2 HIS iCooler 2GB Edition,"
08-Oct-2013",4096x2160,Yes
1000.0,105.0,1024.0,96.0,128.0,1500.0,16.0,16.0,GCN 1.1 Bonaire XT,1600 x 900,Yes,AMD,GDDR5,Radeon R7 260X v2 HIS iCooler 1GB Edition,"
31-Oct-2013",4096x2160,Yes
1075.0,105.0,1024.0,96.0,128.0,1500.0,17.0,16.0,GCN 1.1 Bonaire XT,1600 x 900,Yes,AMD,GDDR5,Radeon R7 260X v2 Gigabyte OC 1GB Edition,"
26-Dec-2013",4096x2160,Yes
1075.0,105.0,1024.0,102.4,128.0,1600.0,17.0,16.0,GCN 1.1 Bonaire XT,1600 x 900,Yes,AMD,GDDR5,Radeon R7 260X v2 Asus DirectCU II OC 1GB Edition,"
08-Oct-2013",4096x2160,Yes
1000.0,105.0,1024.0,96.0,128.0,1500.0,16.0,16.0,GCN 1.1 Bonaire XT,1600 x 900,Yes,AMD,GDDR5,Radeon R7 260X v2,"
08-Oct-2013",4096x2160,Yes
1160.0,115.0,2048.0,105.6,128.0,1650.0,19.0,16.0,GCN 1.1 Bonaire XTX,1600 x 900,Yes,AMD,GDDR5,Radeon R7 260X PowerColor TurboDuo OC 2GB Edition,"
08-Oct-2013",4096x2160,Yes
1100.0,115.0,2048.0,104.0,128.0,1625.0,18.0,16.0,GCN 1.1 Bonaire XTX,1600 x 900,Yes,AMD,GDDR5,Radeon R7 260X MSI 2GB Edition,"
08-Oct-2013",4096x2160,Yes
1188.0,115.0,2048.0,104.0,128.0,1625.0,19.0,16.0,GCN 1.1 Bonaire XTX,1600 x 900,Yes,AMD,GDDR5,Radeon R7 260X Gigabyte 2GB OC Rev. 2.0 Edition,"
09-Oct-2013",4096x2160,Yes
1188.0,115.0,2048.0,104.0,128.0,1625.0,19.0,16.0,GCN 1.1 Bonaire XTX,1600 x 900,Yes,AMD,GDDR5,Radeon R7 260X Gigabyte 2GB OC Rev. 1.0 Edition,"
09-Oct-2013",4096x2160,Yes
1150.0,120.0,2048.0,105.6,128.0,1650.0,18.0,16.0,GCN 1.1 Bonaire XTX,1600 x 900,Yes,AMD,GDDR5,Radeon R7 260X Sapphire 2GB OC Edition,"
08-Oct-2013",4096x2160,Yes
1188.0,115.0,2048.0,112.0,128.0,1750.0,19.0,16.0,GCN 1.1 Bonaire XTX,1600 x 900,Yes,AMD,GDDR5,Radeon R7 260X Asus DirectCU II OC Edition,"
08-Oct-2013",4096x2160,Yes
1175.0,115.0,2048.0,104.0,128.0,1625.0,19.0,16.0,GCN 1.1 Bonaire XTX,1600 x 900,Yes,AMD,GDDR5,Radeon R7 260X MSI 2GB OC Edition,"
08-Oct-2013",4096x2160,Yes
1160.0,105.0,2048.0,105.6,128.0,1650.0,19.0,16.0,GCN 1.1 Bonaire XTX,1600 x 900,Yes,AMD,GDDR5,Radeon R7 260X Club3D royalKing Edition,"
08-Oct-2013",4096x2160,Yes
1100.0,230.0,4096.0,208.0,128.0,1625.0,35.0,16.0,GCN 1.1 Bonaire XTX (x2),1920 x 1080,Yes,AMD,GDDR5,Radeon R7 260X Crossfire,"
01-Oct-2013",2560x1600,Yes
1100.0,115.0,2048.0,104.0,128.0,1625.0,18.0,16.0,GCN 1.1 Bonaire XTX,1600 x 900,Yes,AMD,GDDR5,Radeon R7 260X Asus DirectCU II 2GB Edition,"
08-Oct-2013",4096x2160,Yes
1100.0,115.0,2048.0,104.0,128.0,1625.0,18.0,16.0,GCN 1.1 Bonaire XTX,1600 x 900,Yes,AMD,GDDR5,Radeon R7 260X,"
08-Oct-2013",4096x2160,Yes
1120.0,150.0,8192.0,256.0,256.0,2000.0,42.0,32.0,GCN 1.3 Ellesmere XT,2560 x 1440,Yes,ATI,GDDR5,Radeon RX 480 XFX Black Edition 8GB,"
29-Jun-2016",4096x2160,No
1120.0,150.0,4096.0,224.0,256.0,1750.0,41.0,32.0,GCN 1.3 Ellesmere XT,1920 x 1080,Yes,ATI,GDDR5,Radeon RX 480 XFX 4GB,"
29-Jun-2016",4096x2160,No
1208.0,150.0,8192.0,256.0,256.0,2000.0,43.0,32.0,GCN 1.3 Ellesmere XT,2560 x 1440,Yes,ATI,GDDR5,Radeon RX 480 Sapphire Nitro+ 8GB,"
29-Jul-2016",3840x2160,No
1208.0,150.0,4096.0,224.0,256.0,1750.0,42.0,32.0,GCN 1.3 Ellesmere XT,1920 x 1080,Yes,ATI,GDDR5,Radeon RX 480 Sapphire NITRO+ 4GB,"
29-Jun-2016",4096x2160,No
1120.0,150.0,4096.0,224.0,256.0,1750.0,41.0,32.0,GCN 1.3 Ellesmere XT,1920 x 1080,Yes,ATI,GDDR5,Radeon RX 480 Sapphire 4GB,"
29-Jun-2016",4096x2160,No
1120.0,150.0,8192.0,256.0,256.0,2000.0,41.0,32.0,GCN 1.3 Ellesmere XT,2560 x 1440,Yes,ATI,GDDR5,Radeon RX 480 PowerColour 8GB,"
29-Jun-2016",7680x4320,No
1120.0,120.0,4096.0,224.0,256.0,1750.0,41.0,32.0,GCN 1.3 Ellesmere XT,1920 x 1080,Yes,ATI,GDDR5,Radeon RX 480 PowerColor Red Dragon 4GB,"
01-Jun-2016",4096x2160,No
1120.0,150.0,8192.0,256.0,256.0,2000.0,41.0,32.0,GCN 1.3 Ellesmere XT,2560 x 1440,Yes,ATI,GDDR5,Radeon RX 480 PowerColor Red Dragon 8GB,"
29-Jul-2016",7680x4320,No
1120.0,150.0,8192.0,256.0,256.0,2000.0,43.0,32.0,GCN 1.3 Ellesmere XT,2560 x 1440,Yes,ATI,GDDR5,Radeon RX 480 PowerColor Red Devil 8GB,"
29-Jul-2016",4096x2160,No
1120.0,150.0,8192.0,256.0,256.0,2000.0,41.0,32.0,GCN 1.3 Ellesmere XT,,Yes,ATI,GDDR5,Radeon RX 480 Sapphire 8GB,"
29-Jun-2016",7680x4320,No
1120.0,150.0,4096.0,224.0,256.0,1750.0,41.0,32.0,GCN 1.3 Ellesmere XT,1920 x 1080,Yes,ATI,GDDR5,Radeon RX 480 PowerColor 4GB,"
29-Jun-2016",4096x2160,No
1120.0,150.0,4096.0,224.0,256.0,1750.0,41.0,32.0,GCN 1.3 Ellesmere XT,1920 x 1080,Yes,ATI,GDDR5,Radeon RX 480 MSI GAMING 4G,"
29-Jun-2016",4096x2160,No
1120.0,150.0,8192.0,256.0,256.0,2000.0,41.0,32.0,GCN 1.3 Ellesmere XT,2560 x 1440,Yes,ATI,GDDR5,Radeon RX 480 MSI Gaming 8GB,"
15-Aug-2016",4096x2160,No
1120.0,150.0,4096.0,224.0,256.0,1750.0,42.0,32.0,GCN 1.3 Ellesmere XT,1920 x 1080,Yes,ATI,GDDR5,Radeon RX 480 MSI GAMING X 4G,"
29-Jun-2016",4096x2160,No
1120.0,150.0,8192.0,256.0,256.0,2000.0,42.0,32.0,GCN 1.3 Ellesmere XT,2560 x 1440,Yes,ATI,GDDR5,Radeon RX 480 MSI Gaming X 8GB,"
15-Aug-2016",4096x2160,No
1120.0,150.0,8192.0,256.0,256.0,2000.0,41.0,32.0,GCN 1.3 Ellesmere XT,2560 x 1440,Yes,ATI,GDDR5,Radeon RX 480 MSI Armor OC 8GB,"
Unknown Release Date",4096x2160,No
1120.0,120.0,4096.0,224.0,256.0,1750.0,41.0,32.0,GCN 1.3 Ellesmere XT,1920 x 1080,Yes,ATI,GDDR5,Radeon RX 480 MSI Armor OC 4GB,"
Unknown Release Date",4096x2160,No
1120.0,150.0,8192.0,256.0,256.0,2000.0,43.0,32.0,GCN 1.3 Ellesmere XT,2560 x 1440,Yes,ATI,GDDR5,Radeon RX 480 HIS IceQ X² Roaring Turbo GB,"
29-Jun-2016",5120x2160,No
1000.0,95.0,2048.0,96.0,128.0,1500.0,16.0,16.0,GCN 1.1 Bonaire PRO,1600 x 900,Yes,AMD,GDDR5,Radeon R7 260,"
17-Dec-2013",4096x2160,Yes
1120.0,150.0,8192.0,256.0,256.0,2000.0,41.0,32.0,GCN 1.3 Ellesmere XT,2560 x 1440,Yes,ATI,GDDR5,Radeon RX 480 MSI 8GB,"
29-Jun-2016",7680x4320,No
1120.0,120.0,4096.0,224.0,256.0,1750.0,41.0,32.0,GCN 1.3 Ellesmere XT,1920 x 1080,Yes,ATI,GDDR5,Radeon RX 480 MSI Armor 4GB,"
Unknown Release Date",4096x2160,No
1050.0,95.0,1024.0,96.0,128.0,1500.0,17.0,16.0,GCN 1.1 Bonaire PRO,1600 x 900,Yes,AMD,GDDR5,Radeon R7 260 MSI 1GB OC Edition,"
20-Jan-2014",4096x2160,Yes
1120.0,120.0,4096.0,224.0,256.0,1750.0,81.0,64.0,GCN 1.3 Ellesmere XT,1920 x 1080,Yes,ATI,GDDR5,Radeon RX 480 MSI 4GB,"
01-Jun-2016",4096x2160,No
950.0,80.0,1024.0,72.0,128.0,1125.0,15.0,16.0,GCN 1.0 Cape Verde XT,1600 x 900,Yes,AMD,GDDR5,Radeon R7 250X Sapphire 1GB Edition,"
13-Feb-2014",4096x2160,Yes
1120.0,150.0,8192.0,256.0,256.0,2000.0,43.0,32.0,GCN 1.3 Ellesmere XT,,Yes,ATI,GDDR5,Radeon RX 480 HIS IceQ X² Roaring Turbo 8GB,"
29-Jun-2016",4096x2160,No
1100.0,80.0,1024.0,83.2,128.0,1300.0,18.0,16.0,GCN 1.0 Cape Verde XT,1600 x 900,Yes,AMD,GDDR5,Radeon R7 250X Sapphire Vapor-X OC Edition,"
13-Feb-2014",4096x2160,Yes
1000.0,80.0,1024.0,72.0,128.0,1125.0,16.0,16.0,GCN 1.0 Cape Verde XT,1600 x 900,Yes,AMD,GDDR5,Radeon R7 250X PowerColor 1GB Edition,"
 13-Feb-2014",4096x2160,Yes
1050.0,80.0,1024.0,72.0,128.0,1125.0,17.0,16.0,GCN 1.0 Cape Verde XT,1600 x 900,Yes,AMD,GDDR5,Radeon R7 250X Gigabyte OC 1GB Edition,"
13-Feb-2014",4096x2160,Yes
950.0,83.0,1024.0,72.0,128.0,1125.0,15.0,16.0,GCN 1.0 Cape Verde XT,1600 x 900,Yes,AMD,GDDR5,Radeon R7 250X MSI 1GB Edition,"
13-Feb-2014",4096x2160,Yes
1000.0,80.0,1024.0,72.0,128.0,1125.0,16.0,16.0,GCN 1.0 Cape Verde XT,1600 x 900,Yes,AMD,GDDR5,Radeon R7 250X HIS iCooler 1GB Edition,"
13-Feb-2014",4096x2160,Yes
950.0,160.0,4096.0,144.0,128.0,1125.0,30.0,16.0,GCN 1.0 Cape Verde XT (x2),1600 x 900,Yes,AMD,GDDR5,Radeon R7 250X Crossfire,"
10-Feb-2014",4096x2160,Yes
1020.0,80.0,2048.0,72.0,128.0,1125.0,16.0,16.0,GCN 1.0 Cape Verde XT,1600 x 900,Yes,AMD,GDDR5,Radeon R7 250X Gigabyte OC 2GB Edition,"
13-Feb-2014",4096x2160,Yes
1000.0,80.0,1024.0,72.0,128.0,1125.0,16.0,16.0,GCN 1.0 Cape Verde XT,1600 x 900,Yes,AMD,GDDR5,Radeon R7 250X Asus 1GB Edition,"
13-Feb-2014",4096x2160,Yes
800.0,61.0,1024.0,72.0,128.0,1125.0,13.0,16.0,GCN 1.0 Cape Verde PRO,1600 x 900,Yes,AMD,GDDR5,Radeon R7 250E Club3D Low Profile 1GB Edition,"
20-Dec-2013",4096x2160,Yes
800.0,75.0,1024.0,72.0,128.0,1125.0,13.0,16.0,GCN 1.0 Cape Verde PRO,1600 x 900,Yes,AMD,GDDR5,Radeon R7 250E Sapphire Ultimate 1GB Edition,"
20-Dec-2013",4096x2160,Yes
800.0,55.0,1024.0,72.0,128.0,1125.0,13.0,16.0,GCN 1.0 Cape Verde PRO,1600 x 900,Yes,AMD,GDDR5,Radeon R7 250E,"
20-Dec-2013",4096x2160,Yes
1020.0,80.0,2048.0,73.6,128.0,1150.0,16.0,16.0,GCN 1.0 Cape Verde XT,1600 x 900,Yes,AMD,GDDR5,Radeon R7 250X Asus 2GB Edition,"
13-Feb-2014",4096x2160,Yes
1000.0,65.0,2048.0,25.6,128.0,800.0,8.0,8.0,GCN 1.1 Oland XT,1366 x 768,Yes,AMD,DDR3,Radeon R7 250 v2 XFX 2GB Edition,"
09-Oct-2013",2560x1600,No
950.0,80.0,2048.0,72.0,128.0,1125.0,15.0,16.0,GCN 1.0 Cape Verde XT,1600 x 900,Yes,AMD,GDDR5,Radeon R7 250X,"
10-Feb-2014",4096x2160,Yes
1000.0,65.0,2048.0,28.8,128.0,900.0,8.0,8.0,GCN 1.1 Oland XT,1366 x 768,Yes,AMD,DDR3,Radeon R7 250 v2 Sapphire 2GB Edition,"
09-Oct-2013",2560x1600,No
1050.0,65.0,2048.0,28.8,128.0,900.0,9.0,8.0,GCN 1.1 Oland XT,1366 x 768,Yes,AMD,DDR3,Radeon R7 250 v2 MSI OC 2GB Edition,"
11-Oct-2013",2560x1600,No
1000.0,65.0,1024.0,25.6,128.0,800.0,8.0,8.0,GCN 1.1 Oland XT,1366 x 768,Yes,AMD,DDR3,Radeon R7 250 v2 XFX Core 1GB Edition,"
09-Oct-2013",2560x1600,Yes
1000.0,65.0,2048.0,28.8,128.0,900.0,8.0,8.0,GCN 1.1 Oland XT,1366 x 768,Yes,AMD,DDR3,Radeon R7 250 v2 HIS 2GB Edition,"
09-Oct-2013",2560x1600,No
1120.0,150.0,8192.0,256.0,256.0,2000.0,41.0,32.0,GCN 1.3 Ellesmere XT,2560 x 1440,Yes,ATI,GDDR5,Radeon RX 480 HIS IceQ X² Roaring OC GB,"
29-Jun-2016",5120x2880,No
1000.0,48.0,2048.0,28.8,128.0,900.0,8.0,8.0,GCN 1.1 Oland XT,1366 x 768,Yes,AMD,DDR3,Radeon R7 250 v2 Club3D 2GB Edition,"
09-Oct-2013",2560x1600,No
1000.0,65.0,2048.0,28.8,128.0,900.0,8.0,8.0,GCN 1.1 Oland XT,1366 x 768,Yes,AMD,DDR3,Radeon R7 250 v2 2GB,"
08-Oct-2013",2560x1600,No
1120.0,150.0,8192.0,256.0,256.0,2000.0,41.0,32.0,GCN 1.3 Ellesmere XT,2560 x 1440,Yes,ATI,GDDR5,Radeon RX 480 Gigabyte Windforce 8GB,"
29-Jun-2016",7680x4320,No
1120.0,150.0,8192.0,256.0,256.0,2000.0,41.0,32.0,GCN 1.3 Ellesmere XT,,Yes,ATI,GDDR5,Radeon RX 480 HIS IceQ X2 Roaring OC 8GB,"
29-Jun-2016",5120x2880,No
1120.0,150.0,8192.0,256.0,256.0,2000.0,41.0,32.0,GCN 1.3 Ellesmere XT,2560 x 1440,Yes,ATI,GDDR5,Radeon RX 480 HIS 8GB,"
29-Jun-2016",7680x4320,No
1120.0,150.0,4096.0,224.0,256.0,1750.0,41.0,32.0,GCN 1.3 Ellesmere XT,1920 x 1080,Yes,ATI,GDDR5,Radeon RX 480 Gigabyte Windforce 4GB,"
29-Jun-2016",4096x2160,No
1120.0,150.0,8192.0,256.0,256.0,2000.0,41.0,32.0,GCN 1.3 Ellesmere XT,2560 x 1440,Yes,ATI,GDDR5,Radeon RX 480 Gigabyte G1 Gaming 8GB,"
29-Jun-2016",7680x4320,No
1120.0,120.0,4096.0,224.0,256.0,1750.0,41.0,32.0,GCN 1.3 Ellesmere XT,1920 x 1080,Yes,ATI,GDDR5,Radeon RX 480 Gigabyte G1 Gaming 4GB,"
01-Jun-2016",4096x2160,No
1120.0,150.0,8192.0,256.0,256.0,2000.0,41.0,32.0,GCN 1.3 Ellesmere XT,2560 x 1440,Yes,ATI,GDDR5,Radeon RX 480 Gigabyte 8GB,"
29-Jun-2016",7680x4320,No
1120.0,150.0,4096.0,224.0,256.0,1750.0,41.0,32.0,GCN 1.3 Ellesmere XT,1920 x 1080,Yes,ATI,GDDR5,Radeon RX 480 GIGABYTE G1 Gaming 4GB,"
29-Jun-2016",4096x2160,No
1120.0,150.0,4096.0,224.0,256.0,1750.0,41.0,32.0,GCN 1.3 Ellesmere XT,,Yes,ATI,GDDR5,Radeon RX 480 ASUS DUAL OC 4GB,"
29-Jun-2016",4096x2160,No
1120.0,150.0,8192.0,256.0,256.0,2000.0,41.0,32.0,GCN 1.3 Ellesmere XT,2560 x 1440,Yes,ATI,GDDR5,Radeon RX 480 Asus 8GB,"
29-Jun-2016",7680x4320,No
1120.0,150.0,8192.0,256.0,256.0,2000.0,41.0,32.0,GCN 1.3 Ellesmere XT,2560 x 1440,Yes,ATI,GDDR5,Radeon RX 480 Armor 8GB,"
Unknown Release Date",7680x4320,No
1120.0,150.0,8192.0,256.0,256.0,2000.0,41.0,32.0,GCN 1.3 Ellesmere XT,2560 x 1440,Yes,ATI,GDDR5,Radeon RX 480 Asus ROG Strix Gaming 8GB,"
29-Jun-2016",7680x4320,No
1120.0,150.0,8192.0,256.0,256.0,2000.0,43.0,32.0,GCN 1.3 Ellesmere XT,2560 x 1440,Yes,ATI,GDDR5,Radeon RX 480 Asus ROG Strix OC 8GB,"
29-Jun-2016",7680x4320,No
1120.0,300.0,16384.0,512.0,256.0,2000.0,81.0,32.0,GCN 1.3 Ellesmere XT (x2),2560 x 1600,Yes,ATI,GDDR5,Radeon RX 480 8GB Crossfire,"
29-Jun-2016",4096x2160,Yes
1120.0,150.0,8192.0,256.0,256.0,2000.0,41.0,32.0,GCN 1.3 Ellesmere XT,2560 x 1440,Yes,ATI,GDDR5,Radeon RX 480 8GB,"
29-Jun-2016",4096x2160,Yes
1120.0,150.0,8192.0,256.0,256.0,2000.0,41.0,32.0,GCN 1.3 Ellesmere XT,2560 x 1440,Yes,ATI,GDDR5,Radeon RX 480 Diamond 8GB,"
29-Jun-2016",7680x4320,No
926.0,120.0,4096.0,224.0,256.0,1750.0,41.0,32.0,GCN 1.3 Ellesmere PRO,1920 x 1080,Yes,ATI,GDDR5,Radeon RX 470 XFX RS Black Limited Edition 4GB,"
04-Aug-2016",4096x2160,No
1120.0,120.0,4096.0,224.0,256.0,1750.0,41.0,32.0,GCN 1.3 Ellesmere XT,1920 x 1080,Yes,ATI,GDDR5,Radeon RX 480 4GB,"
01-Jun-2016",4096x2160,Yes
926.0,120.0,4096.0,224.0,256.0,1750.0,59.0,48.0,GCN 1.3 Ellesmere PRO,1920 x 1080,Yes,ATI,GDDR5,Radeon RX 470 XFX RS Triple X 4GB,"
04-Aug-2016",4096x2160,Yes
1000.0,65.0,1024.0,73.6,128.0,1150.0,8.0,8.0,GCN 1.1 Oland XT,1600 x 900,Yes,AMD,GDDR5,Radeon R7 250 Sapphire 1GB Edition,"
08-Oct-2013",2560x1600,No
1050.0,75.0,1024.0,73.6,128.0,1150.0,9.0,8.0,GCN 1.1 Oland XT,1600 x 900,Yes,AMD,GDDR5,Radeon R7 250 PowerColor OC 1GB Edition,"
08-Oct-2013",2560x1600,No
926.0,120.0,4096.0,211.2,256.0,1650.0,59.0,48.0,GCN 1.3 Ellesmere PRO,1920 x 1080,Yes,ATI,GDDR5,Radeon RX 470 XFX Single Fan Triple X 4GB,"
04-Aug-2016",4096x2160,Yes
926.0,120.0,4096.0,224.0,256.0,1750.0,60.0,48.0,GCN 1.3 Ellesmere PRO,1920 x 1080,Yes,ATI,GDDR5,Radeon RX 470 XFX RS Black Edition 4GB,"
04-Aug-2016",4096x2160,Yes
1000.0,130.0,2048.0,147.2,128.0,1150.0,17.0,8.0,GCN 1.1 Oland XT (x2),1920 x 1080,Yes,AMD,GDDR5,Radeon R7 250 Sapphire 1GB Edition Crossfire,"
08-Oct-2013",2560x1600,Yes
1000.0,65.0,2048.0,73.6,128.0,1150.0,8.0,8.0,GCN 1.1 Oland XT,1600 x 900,Yes,AMD,GDDR5,Radeon R7 250 HIS IceQ Boost Clock 2GB Edition,"
08-Oct-2013",2560x1600,Yes
1050.0,65.0,1024.0,73.6,128.0,1150.0,9.0,8.0,GCN 1.1 Oland XT,1600 x 900,Yes,AMD,GDDR5,Radeon R7 250 Gigabyte OC 1GB Edition,"
09-Oct-2013",2560x1600,No
1000.0,65.0,1024.0,73.6,128.0,1150.0,8.0,8.0,GCN 1.1 Oland XT,1600 x 900,Yes,AMD,GDDR5,Radeon R7 250 Asus 1GB Edition,"
08-Oct-2013",2560x1600,No
1000.0,65.0,1024.0,73.6,128.0,1150.0,8.0,8.0,GCN 1.1 Oland XT,1600 x 900,Yes,AMD,GDDR5,Radeon R7 250 HIS iCooler 1GB Edition,"
09-Oct-2013",2560x1600,No
1000.0,65.0,2048.0,73.6,128.0,1150.0,8.0,8.0,GCN 1.1 Oland XT,1600 x 900,Yes,AMD,GDDR5,Radeon R7 250 2GB,"
08-Oct-2013",2560x1600,Yes
1000.0,65.0,1024.0,73.6,128.0,1150.0,8.0,8.0,GCN 1.1 Oland XT,1600 x 900,Yes,AMD,GDDR5,Radeon R7 250 Diamond 1GB Edition,"
08-Oct-2013",2560x1600,No
1000.0,130.0,2048.0,147.2,128.0,1150.0,17.0,8.0,GCN 1.1 Oland XT (x2),1920 x 1080,Yes,AMD,GDDR5,Radeon R7 250 1GB Crossfire,"
08-Oct-2013",2560x1600,Yes
1000.0,65.0,1024.0,73.6,128.0,1150.0,8.0,8.0,GCN 1.1 Oland XT,1600 x 900,Yes,AMD,GDDR5,Radeon R7 250 1GB,"
08-Oct-2013",2560x1600,No
730.0,35.0,4096.0,21.3,128.0,667.0,6.0,8.0,GCN 1.1 Oland PRO,1366 x 768,Yes,AMD,DDR3,Radeon R7 240 XFX Core Low Profile 4GB Edition,"
08-Oct-2013",4096x2160,No
1050.0,65.0,2048.0,73.6,128.0,1150.0,9.0,8.0,GCN 1.1 Oland XT,1600 x 900,Yes,AMD,GDDR5,Radeon R7 250 Gigabyte OC 2GB Edition,"
09-Oct-2013",2560x1600,Yes
730.0,35.0,2048.0,25.6,128.0,800.0,6.0,8.0,GCN 1.1 Oland PRO,1366 x 768,Yes,AMD,DDR3,Radeon R7 240 XFX Low Profile 2GB Edition,"
08-Oct-2013",4096x2160,No
1000.0,59.0,1024.0,73.6,128.0,1150.0,9.0,8.0,GCN 1.1 Oland XT,1600 x 900,Yes,AMD,GDDR5,Radeon R7 250 MSI OC 1GB Edition,"
11-Oct-2013",2560x1600,No
730.0,30.0,1024.0,73.6,128.0,1150.0,6.0,8.0,GCN 1.1 Oland PRO,1600 x 900,Yes,AMD,GDDR5,Radeon R7 240 v2 Sapphire 1GB Edition,"
08-Oct-2013",4096x2160,No
730.0,30.0,2048.0,72.0,128.0,1125.0,6.0,8.0,GCN 1.1 Oland PRO,1600 x 900,Yes,AMD,GDDR5,Radeon R7 240 v2 2GB,"
08-Oct-2013",4096x2160,No
730.0,30.0,2048.0,73.6,128.0,1150.0,6.0,8.0,GCN 1.1 Oland PRO,1600 x 900,Yes,AMD,GDDR5,Radeon R7 240 v2 HIS iCooler Boost Clock 2GB Edition,"
09-Oct-2013",4096x2160,Yes
730.0,30.0,1024.0,72.0,128.0,1125.0,6.0,8.0,GCN 1.1 Oland PRO,1600 x 900,Yes,AMD,GDDR5,Radeon R7 240 v2 1GB,"
08-Oct-2013",4096x2160,No
730.0,35.0,1024.0,28.8,128.0,900.0,6.0,8.0,GCN 1.1 Oland PRO,1366 x 768,Yes,AMD,DDR3,Radeon R7 240 Sapphire 4GB Edition,"
08-Oct-2013",4096x2160,No
730.0,35.0,1024.0,28.8,128.0,900.0,6.0,8.0,GCN 1.1 Oland PRO,1366 x 768,Yes,AMD,DDR3,Radeon R7 240 Sapphire 1GB Edition,"
08-Oct-2013",4096x2160,No
926.0,120.0,4096.0,224.0,256.0,1750.0,39.0,32.0,GCN 1.3 Ellesmere PRO,1920 x 1080,Yes,ATI,GDDR5,Radeon RX 470 Sapphire Platinum Edition 4GB,"
04-Aug-2016",4096x2160,No
750.0,30.0,2048.0,28.8,128.0,900.0,6.0,8.0,GCN 1.1 Oland PRO,1366 x 768,Yes,AMD,DDR3,Radeon R7 240 PowerColor OC V2 2GB Edition,"
08-Oct-2013",4096x2160,No
1121.0,120.0,8192.0,256.0,256.0,2000.0,40.0,32.0,GCN 1.3 Ellesmere PRO,1920 x 1080,Yes,ATI,GDDR5,Radeon RX 470 Sapphire Nitro+ 8GB,"
04-Aug-2016",4096x2160,No
1143.0,120.0,4096.0,224.0,256.0,1750.0,40.0,32.0,GCN 1.3 Ellesmere PRO,1920 x 1080,Yes,ATI,GDDR5,Radeon RX 470 Sapphire Nitro+ 4GB,"
04-Aug-2016",4096x2160,No
926.0,120.0,4096.0,224.0,256.0,1750.0,41.0,32.0,GCN 1.3 Ellesmere PRO,1920 x 1080,Yes,ATI,GDDR5,Radeon RX 470 PowerColor Red Devil 4GB,"
04-Aug-2016",4096x2160,No
926.0,110.0,4096.0,211.2,256.0,1650.0,40.0,32.0,GCN 1.3 Ellesmere PRO,1920 x 1080,Yes,ATI,GDDR5,Radeon RX 470 MSI Gaming X 4GB,"
04-Aug-2016",4096x2160,No
926.0,120.0,4096.0,211.2,256.0,1650.0,39.0,32.0,GCN 1.3 Ellesmere PRO,1920 x 1080,Yes,ATI,GDDR5,Radeon RX 470 PowerColour Red Dragon 4GB,"
04-Aug-2016",4096x2160,No
926.0,110.0,4096.0,211.2,256.0,1650.0,39.0,32.0,GCN 1.3 Ellesmere PRO,1920 x 1080,Yes,ATI,GDDR5,Radeon RX 470 MSI Gaming 4GB,"
04-Aug-2016",4096x2160,No
926.0,110.0,8192.0,211.2,256.0,1650.0,40.0,32.0,GCN 1.3 Ellesmere PRO,1920 x 1080,Yes,ATI,GDDR5,Radeon RX 470 MSI Gaming X 8GB,"
04-Aug-2016",4096x2160,No
926.0,120.0,4096.0,211.2,256.0,1650.0,40.0,32.0,GCN 1.3 Ellesmere PRO,1920 x 1080,Yes,ATI,GDDR5,Radeon RX 470 HIS IceQ X2 Turbo 4GB,"
04-Aug-2016",4096x2160,No
926.0,110.0,4608.0,211.2,256.0,1650.0,39.0,32.0,GCN 1.3 Ellesmere PRO,1920 x 1080,,ATI,GDDR5,Radeon RX 470 MSI Gaming 8GB,"
04-Aug-2016",4096x2160,Yes
926.0,120.0,4096.0,211.2,256.0,1650.0,40.0,32.0,GCN 1.3 Ellesmere PRO,1920 x 1080,Yes,ATI,GDDR5,Radeon RX 470 HIS IceQ X2 OC 4GB,"
04-Aug-2016",4096x2160,Yes
926.0,120.0,4096.0,211.2,256.0,1650.0,39.0,32.0,GCN 1.3 Ellesmere PRO,1920 x 1080,Yes,ATI,GDDR5,Radeon RX 470 ASUS ROG Strix Gaming 4GB,"
04-Aug-2016",4096x2160,No
926.0,120.0,4096.0,211.2,256.0,1650.0,39.0,32.0,GCN 1.3 Ellesmere PRO,1920 x 1080,Yes,ATI,GDDR5,Radeon RX 470 4GB,"
04-Aug-2016",4096x2160,Yes
1090.0,75.0,4096.0,112.0,128.0,1750.0,19.0,16.0,GCN 1.3 Baffin XT,1600 x 900,Yes,ATI,GDDR5,Radeon RX 460 VisionTek Overclocked Edition 4GB,"
28-Jul-2016",5120x2880,No
1090.0,75.0,4096.0,112.0,128.0,1750.0,20.0,16.0,GCN 1.3 Baffin XT,1600 x 900,Yes,ATI,GDDR5,Radeon RX 460 XFX 4GB Twin Fan,"
08-Aug-2016",7680x4320,No
1133.125,75.0,2048.0,112.0,128.0,1750.0,19.0,16.0,GCN 1.3 Baffin PRO,1600 x 900,Yes,ATI,GDDR5,Radeon RX 460 XFX Black Wolf 2GB,"
08-Aug-2016",7680x4320,Yes
926.0,120.0,4096.0,211.2,256.0,1650.0,41.0,32.0,GCN 1.3 Ellesmere PRO,1920 x 1080,Yes,ATI,GDDR5,Radeon RX 470 Asus ROG Strix Gaming OC 4GB,"
04-Aug-2016",4096x2160,No
1090.0,75.0,4096.0,112.0,128.0,1750.0,20.0,16.0,GCN 1.3 Baffin XT,1600 x 900,Yes,ATI,GDDR5,Radeon RX 460 XFX 4GB Single Fan,"
08-Aug-2016",7680x4320,No
1090.0,75.0,2048.0,112.0,128.0,1750.0,20.0,16.0,GCN 1.3 Baffin XT,1600 x 900,Yes,ATI,GDDR5,Radeon RX 460 XFX 2GB Single Fan,"
08-Aug-2016",7680x4320,No
926.0,120.0,4096.0,211.2,256.0,1650.0,39.0,32.0,GCN 1.3 Ellesmere PRO,1920 x 1080,Yes,ATI,GDDR5,Radeon RX 470 GIGABYTE G1 4GB,"
04-Aug-2016",4096x2160,No
1090.0,150.0,2048.0,112.0,128.0,1750.0,20.0,16.0,GCN 1.3 Baffin XT,1600 x 900,Yes,ATI,GDDR5,Radeon RX 460 XFX 2GB Twin Fan,"
28-Jul-2016",4096x2160,No
1090.0,75.0,2048.0,112.0,128.0,1750.0,19.0,16.0,GCN 1.3 Baffin XT,1600 x 900,Yes,ATI,GDDR5,Radeon RX 460 Sapphire Nitro 2G D5,"
08-Aug-2016",7680x4320,No
1090.0,75.0,4096.0,112.0,128.0,1750.0,19.0,16.0,GCN 1.3 Baffin XT,1600 x 900,Yes,ATI,GDDR5,Radeon RX 460 MSI OC 4GB,"
08-Aug-2016",5120x2880,No
1133.125,75.0,2048.0,112.0,128.0,1750.0,19.0,16.0,GCN 1.3 Baffin PRO,1600 x 900,Yes,ATI,GDDR5,Radeon RX 460 MSI OC 2GB,"
08-Aug-2016",7680x4320,No
1090.0,150.0,4096.0,112.0,128.0,1750.0,20.0,16.0,GCN 1.3 Baffin XT,1600 x 900,Yes,ATI,GDDR5,Radeon RX 460 Sapphire Nitro 4G D5,"
28-Jul-2016",7680x4320,No
1133.125,75.0,2048.0,112.0,128.0,1750.0,19.0,16.0,GCN 1.3 Baffin PRO,1600 x 900,Yes,ATI,GDDR5,Radeon RX 460 Gigabyte WindForce 2GB,"
 08-Aug-2016",7680x4320,No
1133.125,75.0,2048.0,112.0,128.0,1750.0,20.0,16.0,GCN 1.3 Baffin PRO,1600 x 900,Yes,ATI,GDDR5,Radeon RX 460 HIS iCooler OC 2GB,"
08-Aug-2016",7680x4320,No
1090.0,75.0,4096.0,112.0,128.0,1750.0,19.0,16.0,GCN 1.3 Baffin XT,1600 x 900,Yes,ATI,,Radeon RX 460 Gigabyte Windforce 2X OC 4GB,"
08-Aug-2016",5120x2880,No
1133.125,75.0,2048.0,112.0,32.0,1750.0,20.0,4.0,GCN 1.3 Baffin PRO,1600 x 900,Yes,ATI,GDDR5,Radeon RX 460 Dataland X-Serial 4GB,"
28-Jul-2016",7680x4320,Yes
1133.125,75.0,2048.0,112.0,128.0,1750.0,19.0,16.0,GCN 1.3 Baffin PRO,1600 x 900,Yes,ATI,GDDR5,Radeon RX 460 PowerColor Red Dragon 2GB,"
08-Aug-2016",5120x2880,No
1090.0,75.0,4096.0,112.0,128.0,1750.0,20.0,16.0,GCN 1.3 Baffin XT,1600 x 900,Yes,ATI,GDDR5,Radeon RX 460 HIS iCooler OC 4GB,"
08-Aug-2016",5120x2880,No
1090.0,75.0,4096.0,112.0,128.0,1750.0,20.0,16.0,GCN 1.3 Baffin XT,1600 x 900,Yes,ATI,GDDR5,Radeon RX 460 Asus ROG Strix Gaming OC 4GB,"
08-Aug-2016",5120x2880,No
1100.625,75.0,4096.0,112.0,128.0,1750.0,19.0,16.0,GCN 1.3 Baffin PRO,1600 x 900,Yes,ATI,GDDR5,Radeon RX 460 Asus ROG Strix Gaming 4GB,"
08-Aug-2016",7680x4320,No
1133.125,75.0,2048.0,112.0,128.0,1750.0,20.0,16.0,GCN 1.3 Baffin PRO,1600 x 900,Yes,ATI,GDDR5,Radeon RX 460 ASUS DUAL OC 2GB,"
08-Aug-2016",7680x4320,No
1090.0,75.0,4096.0,112.0,128.0,1750.0,19.0,16.0,GCN 1.3 Baffin XT,1600 x 900,Yes,ATI,GDDR5,Radeon RX 460 PowerColor Red Dragon 4GB,"
08-Aug-2016",5120x2880,No
1133.125,75.0,2048.0,112.0,128.0,1750.0,19.0,16.0,GCN 1.3 Baffin PRO,1600 x 900,Yes,ATI,GDDR5,Radeon RX 460 ASUS DUAL 2GB,"
08-Aug-2016",7680x4320,No
750.0,30.0,2048.0,28.8,128.0,900.0,6.0,8.0,GCN 1.1 Oland PRO,1366 x 768,Yes,AMD,DDR3,Radeon R7 240 PowerColor OC 2GB Edition,"
08-Oct-2013",4096x2160,No
1090.0,75.0,2624.0,112.0,128.0,1750.0,19.0,16.0,GCN 1.3 Baffin PRO,1600 x 900,,ATI,,Radeon RX 460 2GB,"
08-Aug-2016",7680x4320,No
760.0,35.0,2048.0,28.8,128.0,900.0,6.0,8.0,GCN 1.1 Oland PRO,1366 x 768,Yes,AMD,DDR3,Radeon R7 240 MSI OC 2GB Edition,"
16-Oct-2013",4096x2160,No
1090.0,75.0,2624.0,112.0,128.0,1750.0,19.0,16.0,GCN 1.3 Baffin XT,1600 x 900,,ATI,,Radeon RX 460 4GB,"
08-Aug-2016",5120x2880,Yes
730.0,35.0,2048.0,28.8,128.0,900.0,6.0,8.0,GCN 1.1 Oland PRO,1366 x 768,Yes,AMD,DDR3,Radeon R7 240 Asus Low Profile 2GB Edition,"
08-Oct-2013",4096x2160,No
730.0,30.0,2048.0,28.8,128.0,900.0,6.0,8.0,GCN 1.1 Oland PRO,1366 x 768,Yes,AMD,DDR3,Radeon R7 240 2GB,"
08-Oct-2013",4096x2160,No
780.0,30.0,2048.0,28.8,128.0,900.0,7.0,8.0,GCN 1.1 Oland PRO,1366 x 768,Yes,AMD,DDR3,Radeon R7 240 Gigabyte OC 2GB Edition,"
09-Oct-2013",4096x2160,No
730.0,35.0,4096.0,28.8,128.0,900.0,6.0,8.0,GCN 1.1 Oland PRO,1366 x 768,Yes,AMD,DDR3,Radeon R7 240 MSI Low Profile 4GB Edition,"
16-Oct-2013",4096x2160,No
770.0,35.0,4096.0,28.8,128.0,900.0,7.0,8.0,GCN 1.1 Oland PRO,1366 x 768,Yes,AMD,DDR3,Radeon R7 240 Asus Low Profile OC 4GB Edition,"
08-Oct-2013",4096x2160,No
730.0,30.0,1024.0,25.6,128.0,800.0,6.0,8.0,GCN 1.1 Oland PRO,1366 x 768,Yes,AMD,DDR3,Radeon R7 240 Asus 1GB Edition,"
08-Oct-2013",4096x2160,No
730.0,35.0,2048.0,28.8,128.0,900.0,6.0,8.0,GCN 1.1 Oland PRO,1366 x 768,Yes,AMD,DDR3,Radeon R7 240 MSI Low Profile 2GB Edition,"
16-Oct-2013",4096x2160,No
775.0,35.0,1024.0,14.4,64.0,900.0,3.0,4.0,Terascale 2 Caicos XT,1024 x 768,Yes,AMD,DDR3,Radeon R5 235,"
21-Dec-2013",2560x1600,No
875.0,37.0,1024.0,14.4,64.0,900.0,4.0,4.0,Terascale 2 Caicos XT,1366 x 768,Yes,AMD,DDR3,Radeon R5 235X,"
21-Dec-2013",2560x1600,No
625.0,19.0,1024.0,12.8,64.0,800.0,3.0,4.0,Terascale 2 Caicos PRO-L,1024 x 768,Yes,AMD,DDR3,Radeon R5 230 Sapphire Flex 1GB Edition,"
03-Apr-2014",2560x1600,No
625.0,19.0,2048.0,10.7,64.0,667.0,3.0,4.0,Terascale 2 Caicos PRO-L,1024 x 768,Yes,AMD,DDR3,Radeon R5 230 Sapphire 2GB Edition,"
03-Apr-2014",2560x1600,No
625.0,19.0,1024.0,10.7,64.0,667.0,3.0,4.0,Terascale 2 Caicos PRO-L,1024 x 768,Yes,AMD,DDR3,Radeon R5 230 Sapphire 1GB Edition,"
03-Apr-2014",2560x1600,No
625.0,19.0,2048.0,8.0,64.0,500.0,3.0,4.0,Terascale 2 Caicos PRO-L,1024 x 768,Yes,AMD,DDR3,Radeon R5 230 MSI 2GB Edition,"
03-Apr-2014",2560x1600,No
625.0,19.0,1024.0,8.0,64.0,500.0,3.0,4.0,Terascale 2 Caicos PRO-L,1024 x 768,Yes,AMD,DDR3,Radeon R5 230 MSI 1GB Edition,"
03-Apr-2014",2560x1600,No
625.0,19.0,2048.0,8.0,64.0,500.0,3.0,4.0,Terascale 2 Caicos PRO-L,1024 x 768,Yes,AMD,DDR3,Radeon R5 230 HIS Silence 2GB Edition,"
03-Apr-2014",2560x1600,No
625.0,19.0,1024.0,10.7,64.0,667.0,3.0,4.0,Terascale 2 Caicos PRO-L,1024 x 768,Yes,AMD,DDR3,Radeon R5 230 PowerColor 1GB Edition,"
03-Apr-2014",2560x1600,No
650.0,19.0,2048.0,9.6,64.0,600.0,3.0,4.0,Terascale 2 Caicos PRO-L,1024 x 768,Yes,AMD,DDR3,Radeon R5 230 Asus Silent 2GB Edition,"
03-Apr-2014",2560x1600,No
625.0,19.0,1024.0,8.5,64.0,533.0,3.0,4.0,Terascale 2 Caicos PRO-L,1024 x 768,Yes,AMD,DDR3,Radeon R5 230,"
03-Apr-2014",2560x1600,No
625.0,19.0,1024.0,8.5,64.0,533.0,3.0,4.0,Terascale 2 Caicos PRO-L,1024 x 768,Yes,AMD,DDR3,Radeon R5 230 Gigabyte 1GB Edition,"
03-Apr-2014",2560x1600,No
870.125,250.0,32000.0,512.0,256.0,2000.0,80.0,32.0,GCN 1.3 Polaris 20 XTX,3840 x 2160,Yes,ATI,GDDR5,Radeon Pro Duo 32GB,"
25-Apr-2017",7680x4320,Yes
447.125,60.125,256.0,69.1,256.0,1080.0,5.75,5.875,R480,,Yes,AMD,GDDR3,Radeon X850 XT,"
01-Dec-2004",2048x1536,No
625.0,19.0,1024.0,9.6,64.0,600.0,3.0,4.0,Terascale 2 Caicos PRO-L,1024 x 768,Yes,AMD,DDR3,Radeon R5 230 Asus Silent 1GB Edition,"
03-Apr-2014",2560x1600,No
447.125,60.125,256.0,69.1,256.0,1080.0,5.75,5.875,R480,,Yes,AMD,GDDR3,Radeon X850 Series,"
01-Dec-2004",2048x1536,No
572.75,53.125,256.0,64.0,256.0,1000.0,4.875,6.5,R423,,Yes,AMD,GDDR3,Radeon X800 XT,"
01-Dec-2004",2048x1536,No
825.0,30.0,1024.0,16.0,64.0,1000.0,7.0,8.0,GCN 1.1 Oland XT,1366 x 768,Yes,AMD,GDDR3,Radeon R5 240 v1,"
21-Apr-2013",4096x2160,No
650.0,19.0,1024.0,8.5,64.0,533.0,3.0,4.0,Terascale Cedar PRO,1024 x 768,Yes,AMD,DDR3,Radeon R5 220,"
21-Dec-2013",2560x1600,No
605.875,64.375,256.0,71.7,256.0,1120.0,3.75,4.25,R423,,Yes,AMD,GDDR3,Radeon X800 XT Platinum,"
02-Jan-2004",2048x1536,No
415.25,57.875,256.0,62.7,256.0,980.0,5.25,6.375,R480,,Yes,AMD,GDDR3,Radeon X800 GTO,"
15-Nov-2005",2048x1536,No
631.625,79.25,256.0,51.2,256.0,800.0,6.125,10.5,R420,,Yes,AMD,GDDR3,Radeon X800 SE,"
16-Oct-2004",2048x1536,No
626.0,117.125,256.0,125.4,512.0,980.0,11.375,17.375,R430,,Yes,AMD,GDDR3,Radeon X800 XL,"
01-Dec-2004",2048x1536,No
720.125,35.875,128.0,9.6,128.0,600.0,1.75,4.25,RV380,,Yes,AMD,DDR,Radeon X600 Series,"
21-Jun-2004",2048x1536,No
527.5,29.75,128.0,6.4,128.0,400.0,1.75,4.25,RV370,,Yes,AMD,DDR,Radeon X300 Series,"
01-Jun-2004",1600x1200,No
369.125,89.125,256.0,57.6,256.0,900.0,8.375,13.125,R423,,Yes,AMD,GDDR3,Radeon X800 Pro,"
05-May-2004",2048x1536,No
602.5,33.125,256.0,8.0,128.0,500.0,22.375,19.75,RV370,,Yes,AMD,DDR,Radeon X550 Series,"
21-Jun-2005",2048x1536,No
415.25,57.875,256.0,62.7,256.0,980.0,5.25,6.375,R480,,Yes,AMD,GDDR3,Radeon X800 GT,"
01-Sep-2005",2048x1536,No
902.875,295.0,8192.0,256.0,512.0,500.0,99.0,16.0,Vega 10 XTX,3840 x 2160,Yes,AMD,HBM-2,Radeon RX Vega 64 Air 8GB,"
30-Jul-2017",7680x4320,Yes
1090.0,75.0,4096.0,112.0,128.0,1750.0,20.0,16.0,GCN 1.3 Baffin XT,1600 x 900,Yes,ATI,,Radeon RX 460 HIS Slim-iCooler OC 4GB,"
29-Nov-2016",5120x2880,No
670.125,21.125,128.0,11.2,128.0,700.0,1.75,4.25,RV410,,Yes,AMD,DDR,Radeon X700 Series,"
02-Jan-2004",2048x1536,No
1277.25,150.0,8192.0,256.0,128.0,2000.0,44.0,16.0,GCN 1.3 Polaris 20 XTX,2560 x 1440,Yes,AMD,GDDR5,Radeon RX 580 XFX GTS XXX 8GB,"
18-Apr-2017",4096x2160,Yes
454.625,14.375,16.0,1.0,64.0,130.0,2.375,4.0,,,Yes,AMD,DDR,Rage 128 Ultra 16MB,"
01-Aug-1998",1600x1200,No
1277.25,150.0,8192.0,256.0,128.0,2000.0,46.0,16.0,GCN 1.3 Polaris 20 XTX,2560 x 1440,Yes,AMD,GDDR5,Radeon RX 580 XFX GTS Black 8GB,"
18-Apr-2017",4096x2160,Yes
1126.75,150.0,4096.0,224.0,128.0,1750.0,44.0,16.0,GCN 1.3 Polaris 20 XTX,2560 x 1440,Yes,AMD,GDDR5,Radeon RX 580 XFX GTS XXX 4GB,"
18-Apr-2017",4096x2160,Yes
451.25,46.25,32.0,2.3,128.0,143.0,1.75,4.25,,,Yes,AMD,DDR,Rage 128 Pro,"
01-Aug-1999",,No
1277.25,150.0,8192.0,256.0,128.0,2000.0,45.0,16.0,GCN 1.3 Polaris 20 XTX,2560 x 1440,Yes,AMD,GDDR5,Radeon RX 580 XFX GTS Black Core 8GB,"
18-Apr-2017",4096x2160,Yes
1277.25,150.0,8192.0,256.0,128.0,2000.0,46.0,16.0,GCN 1.3 Polaris 20 XTX,2560 x 1440,Yes,AMD,GDDR5,Radeon RX 580 XFX GTR Black 8GB,"
18-Apr-2017",4096x2160,Yes
1277.25,150.0,8192.0,256.0,128.0,2000.0,44.0,16.0,GCN 1.3 Polaris 20 XTX,2560 x 1440,Yes,AMD,GDDR5,Radeon RX 580 XFX GTR XXX 8GB,"
18-Apr-2017",4096x2160,Yes
1277.25,150.0,8192.0,256.0,128.0,2000.0,44.0,16.0,GCN 1.3 Polaris 20 XTX,2560 x 1440,Yes,AMD,GDDR5,Radeon RX 580 Sapphire Pulse 8GB,"
18-Apr-2017",4096x2160,Yes
1277.25,150.0,8192.0,256.0,128.0,2000.0,44.0,16.0,GCN 1.3 Polaris 20 XTX,2560 x 1440,Yes,AMD,GDDR5,Radeon RX 580 VisionTek OC 8GB,"
18-Apr-2017",4096x2160,Yes
1166.5,150.0,8192.0,224.0,128.0,1750.0,44.0,16.0,GCN 1.3 Polaris 20 XTX,2560 x 1440,Yes,AMD,GDDR5,Radeon RX 580 Sapphire Pulse 4GB,"
18-Apr-2017",4096x2160,Yes
1277.25,150.0,8192.0,256.0,128.0,2000.0,46.0,16.0,GCN 1.3 Polaris 20 XTX,2560 x 1440,Yes,AMD,GDDR5,Radeon RX 580 XFX GTR-S Black 8GB,"
18-Apr-2017",4096x2160,Yes
1166.5,150.0,8192.0,224.0,128.0,1750.0,45.0,16.0,GCN 1.3 Polaris 20 XTX,2560 x 1440,Yes,AMD,GDDR5,Radeon RX 580 Sapphire Nitro+ 4GB,"
18-Apr-2017",4096x2160,Yes
1277.25,150.0,8192.0,256.0,128.0,2000.0,46.0,16.0,GCN 1.3 Polaris 20 XTX,2560 x 1440,Yes,AMD,GDDR5,Radeon RX 580 Sapphire Nitro+ Limited 8GB,"
18-Apr-2017",4096x2160,Yes
1126.75,150.0,4096.0,224.0,128.0,1750.0,43.0,16.0,GCN 1.3 Polaris 20 XTX,2560 x 1440,Yes,AMD,GDDR5,Radeon RX 580 PowerColor Red Dragon 4GB,"
18-Apr-2017",4096x2160,Yes
1277.25,150.0,8192.0,256.0,128.0,2000.0,43.0,16.0,GCN 1.3 Polaris 20 XTX,2560 x 1440,Yes,AMD,GDDR5,Radeon RX 580 PowerColor Red Dragon 8GB,"
18-Apr-2017",4096x2160,Yes
1277.25,150.0,8192.0,256.0,128.0,2000.0,46.0,16.0,GCN 1.3 Polaris 20 XTX,2560 x 1440,Yes,AMD,GDDR5,Radeon RX 580 PowerColor Red Devil Golden Sample 8GB,"
18-Apr-2017",4096x2160,Yes
1277.25,150.0,8192.0,256.0,128.0,2000.0,46.0,16.0,GCN 1.3 Polaris 20 XTX,2560 x 1440,Yes,AMD,GDDR5,Radeon RX 580 MSI Gaming X+ 8GB,"
18-Apr-2017",4096x2160,Yes
1277.25,150.0,8192.0,256.0,128.0,2000.0,45.0,16.0,GCN 1.3 Polaris 20 XTX,2560 x 1440,Yes,AMD,GDDR5,Radeon RX 580 Sapphire Nitro+ 8GB,"
18-Apr-2017",4096x2160,Yes
1126.75,150.0,4096.0,224.0,128.0,1750.0,45.0,16.0,GCN 1.3 Polaris 20 XTX,2560 x 1440,Yes,AMD,GDDR5,Radeon RX 580 MSI Gaming X 4GB,"
18-Apr-2017",4096x2160,Yes
1277.25,150.0,8192.0,256.0,128.0,2000.0,45.0,16.0,GCN 1.3 Polaris 20 XTX,2560 x 1440,Yes,AMD,GDDR5,Radeon RX 580 MSI Gaming X 8GB,"
18-Apr-2017",4096x2160,Yes
1277.25,150.0,8192.0,256.0,128.0,2000.0,44.0,16.0,GCN 1.3 Polaris 20 XTX,2560 x 1440,Yes,AMD,GDDR5,Radeon RX 580 PowerColor Red Devil 8GB,"
18-Apr-2017",4096x2160,Yes
1126.75,150.0,4096.0,224.0,128.0,1750.0,44.0,16.0,GCN 1.3 Polaris 20 XTX,2560 x 1440,Yes,AMD,GDDR5,Radeon RX 580 MSI Armor OC 4GB,"
18-Apr-2017",4096x2160,Yes
1277.25,150.0,8192.0,256.0,128.0,2000.0,44.0,16.0,GCN 1.3 Polaris 20 XTX,2560 x 1440,Yes,AMD,GDDR5,Radeon RX 580 MSI Armor OC 8GB,"
18-Apr-2017",4096x2160,Yes
1126.75,150.0,4096.0,224.0,128.0,1750.0,43.0,16.0,GCN 1.3 Polaris 20 XTX,2560 x 1440,Yes,AMD,GDDR5,Radeon RX 580 MSI Armor 4GB,"
18-Apr-2017",4096x2160,Yes
1277.25,150.0,8192.0,256.0,128.0,2000.0,46.0,16.0,GCN 1.3 Polaris 20 XTX,2560 x 1440,Yes,AMD,GDDR5,Radeon RX 580 HIS IceQ X2 Roaring Turbo 8GB,"
18-Apr-2017",4096x2160,Yes
1277.25,150.0,8192.0,256.0,128.0,2000.0,43.0,16.0,GCN 1.3 Polaris 20 XTX,2560 x 1440,Yes,AMD,GDDR5,Radeon RX 580 MSI Armor 8GB,"
18-Apr-2017",4096x2160,Yes
1277.25,150.0,8192.0,256.0,128.0,2000.0,43.0,16.0,GCN 1.3 Polaris 20 XTX,2560 x 1440,Yes,AMD,GDDR5,Radeon RX 580 Gigabyte Gaming 8GB,"
18-Apr-2017",4096x2160,Yes
1277.25,150.0,8192.0,256.0,128.0,2000.0,45.0,16.0,GCN 1.3 Polaris 20 XTX,2560 x 1440,Yes,AMD,GDDR5,Radeon RX 580 HIS IceQ X2 Turbo 8GB,"
18-Apr-2017",4096x2160,Yes
1126.75,150.0,4096.0,224.0,128.0,1750.0,44.0,16.0,GCN 1.3 Polaris 20 XTX,2560 x 1440,Yes,AMD,GDDR5,Radeon RX 580 HIS IceQ X2 OC 4GB,"
18-Apr-2017",4096x2160,Yes
1126.75,150.0,4096.0,224.0,128.0,1750.0,43.0,16.0,GCN 1.3 Polaris 20 XTX,2560 x 1440,Yes,AMD,GDDR5,Radeon RX 580 Gigabyte Gaming 4GB,"
18-Apr-2017",4096x2160,Yes
1277.25,150.0,8192.0,256.0,128.0,2000.0,46.0,16.0,GCN 1.3 Polaris 20 XTX,2560 x 1440,Yes,AMD,GDDR5,Radeon RX 580 Gigabyte Aorus XTR 8GB,"
18-Apr-2017",4096x2160,Yes
1277.25,150.0,8192.0,256.0,128.0,2000.0,44.0,16.0,GCN 1.3 Polaris 20 XTX,2560 x 1440,Yes,AMD,GDDR5,Radeon RX 580 HIS IceQ X2 OC 8GB,"
18-Apr-2017",4096x2160,Yes
1126.75,150.0,4096.0,224.0,128.0,1750.0,44.0,16.0,GCN 1.3 Polaris 20 XTX,2560 x 1440,Yes,AMD,GDDR5,Radeon RX 580 Gigabyte Aorus 4GB,"
18-Apr-2017",4096x2160,Yes
1277.25,150.0,8192.0,256.0,128.0,2000.0,44.0,16.0,GCN 1.3 Polaris 20 XTX,2560 x 1440,Yes,AMD,GDDR5,Radeon RX 580 Asus ROG Strix Gaming OC 8GB,"
18-Apr-2017",4096x2160,Yes
1277.25,150.0,8192.0,256.0,128.0,2000.0,43.0,16.0,GCN 1.3 Polaris 20 XTX,2560 x 1440,Yes,AMD,GDDR5,Radeon RX 580 Asus Dual 8GB,"
18-Apr-2017",4096x2160,Yes
1277.25,150.0,8192.0,256.0,128.0,2000.0,44.0,16.0,GCN 1.3 Polaris 20 XTX,2560 x 1440,Yes,AMD,GDDR5,Radeon RX 580 Asus ROG Strix Gaming 8GB,"
18-Apr-2017",4096x2160,Yes
1277.25,150.0,8192.0,256.0,128.0,2000.0,44.0,16.0,GCN 1.3 Polaris 20 XTX,2560 x 1440,Yes,AMD,GDDR5,Radeon RX 580 Gigabyte Aorus 8GB,"
18-Apr-2017",4096x2160,Yes
1277.25,150.0,8192.0,256.0,128.0,2000.0,46.0,16.0,GCN 1.3 Polaris 20 XTX,2560 x 1440,Yes,AMD,GDDR5,Radeon RX 580 Asus ROG Strix TOP 8GB,"
18-Apr-2017",4096x2160,Yes
1126.75,150.0,4096.0,224.0,128.0,1750.0,43.0,16.0,GCN 1.3 Polaris 20 XTX,2560 x 1440,Yes,AMD,GDDR5,Radeon RX 580 4GB,"
18-Apr-2017",4096x2160,Yes
1166.5,195.0,8192.0,224.0,128.0,1750.0,43.0,16.0,GCN 1.3 Polaris 20 XL,1920 x 1080,Yes,AMD,GDDR5,Radeon RX 570 Sapphire Nitro+ 8GB,"
18-Apr-2017",4096x2160,Yes
1172.0,195.0,4096.0,224.0,128.0,1750.0,43.0,16.0,GCN 1.3 Polaris 20 XL,1920 x 1080,Yes,AMD,GDDR5,Radeon RX 570 Sapphire Nitro+ 4GB,"
18-Apr-2017",4096x2160,Yes
1152.375,120.0,4096.0,224.0,128.0,1750.0,41.0,16.0,GCN 1.3 Polaris 20 XL,1920 x 1080,Yes,AMD,GDDR5,Radeon RX 570 Sapphire Pulse 4GB,"
18-Apr-2017",4096x2160,Yes
1277.25,150.0,8192.0,256.0,128.0,2000.0,43.0,16.0,GCN 1.3 Polaris 20 XTX,2560 x 1440,Yes,AMD,GDDR5,Radeon RX 580 8GB,"
18-Apr-2017",4096x2160,Yes
1152.375,120.0,4096.0,224.0,128.0,1750.0,41.0,16.0,GCN 1.3 Polaris 20 XL,1920 x 1080,Yes,AMD,GDDR5,Radeon RX 570 MSI Gaming X 4GB,"
18-Apr-2017",4096x2160,Yes
1166.5,120.0,8192.0,224.0,128.0,1750.0,41.0,16.0,GCN 1.3 Polaris 20 XL,1920 x 1080,Yes,AMD,GDDR5,Radeon RX 570 MSI Gaming X 8GB,"
18-Apr-2017",4096x2160,Yes
1144.5,120.0,4096.0,224.0,128.0,1750.0,40.0,16.0,GCN 1.3 Polaris 20 XL,1920 x 1080,Yes,AMD,GDDR5,Radeon RX 570 PowerColor Red Dragon 4GB,"
18-Apr-2017",4096x2160,Yes
1166.625,120.0,4096.0,224.0,128.0,1750.0,42.0,16.0,GCN 1.3 Polaris 20 XL,1920 x 1080,Yes,AMD,GDDR5,Radeon RX 570 PowerColor Red Devil 4GB,"
18-Apr-2017",4096x2160,Yes
1144.5,120.0,4096.0,224.0,128.0,1750.0,40.0,16.0,GCN 1.3 Polaris 20 XL,1920 x 1080,Yes,AMD,GDDR5,Radeon RX 570 Sapphire Pulse ITX 4GB,"
18-Apr-2017",4096x2160,Yes
1144.5,120.0,4096.0,224.0,128.0,1750.0,40.0,16.0,GCN 1.3 Polaris 20 XL,1920 x 1080,Yes,AMD,GDDR5,Radeon RX 570 MSI Gaming 4GB,"
18-Apr-2017",4096x2160,Yes
1166.5,120.0,8192.0,224.0,128.0,1750.0,40.0,16.0,GCN 1.3 Polaris 20 XL,1920 x 1080,Yes,AMD,GDDR5,Radeon RX 570 MSI Gaming 8GB,"
18-Apr-2017",4096x2160,Yes
1166.5,120.0,8192.0,224.0,128.0,1750.0,41.0,16.0,GCN 1.3 Polaris 20 XL,1920 x 1080,Yes,AMD,GDDR5,Radeon RX 570 MSI Armor OC 8GB,"
18-Apr-2017",4096x2160,Yes
1152.375,120.0,4096.0,224.0,128.0,1750.0,41.0,16.0,GCN 1.3 Polaris 20 XL,1920 x 1080,Yes,AMD,GDDR5,Radeon RX 570 MSI Armor OC 4GB,"
18-Apr-2017",4096x2160,Yes
1166.5,120.0,8192.0,224.0,128.0,1750.0,40.0,16.0,GCN 1.3 Polaris 20 XL,1920 x 1080,Yes,AMD,GDDR5,Radeon RX 570 MSI Armor 8GB,"
18-Apr-2017",4096x2160,Yes
1144.5,120.0,4096.0,224.0,128.0,1750.0,40.0,16.0,GCN 1.3 Polaris 20 XL,1920 x 1080,Yes,AMD,GDDR5,Radeon RX 570 HIS IceQ X2 OC 4GB,"
18-Apr-2017",4096x2160,Yes
1166.625,120.0,4096.0,224.0,128.0,1750.0,42.0,16.0,GCN 1.3 Polaris 20 XL,1920 x 1080,Yes,AMD,GDDR5,Radeon RX 570 Dataland X-Serial 4GB,"
18-Apr-2017",4096x2160,Yes
1152.375,120.0,4096.0,224.0,128.0,1750.0,41.0,16.0,GCN 1.3 Polaris 20 XL,1920 x 1080,Yes,AMD,GDDR5,Radeon RX 570 Gigabyte Aorus 4GB,"
18-Apr-2017",7680x4320,Yes
1144.5,120.0,4096.0,224.0,128.0,1750.0,40.0,16.0,GCN 1.3 Polaris 20 XL,1920 x 1080,Yes,AMD,GDDR5,Radeon RX 570 MSI Armor 4GB,"
18-Apr-2017",4096x2160,Yes
1144.5,120.0,4096.0,224.0,128.0,1750.0,40.0,16.0,GCN 1.3 Polaris 20 XL,1920 x 1080,Yes,AMD,GDDR5,Radeon RX 570 Gigabyte Gaming 4GB,"
18-Apr-2017",4096x2160,Yes
1166.625,120.0,4096.0,224.0,128.0,1750.0,42.0,16.0,GCN 1.3 Polaris 20 XL,1920 x 1080,Yes,AMD,GDDR5,Radeon RX 570 Asus ROG Strix Gaming OC 4GB,"
18-Apr-2017",4096x2160,Yes
1144.5,120.0,4096.0,224.0,128.0,1750.0,40.0,16.0,GCN 1.3 Polaris 20 XL,1920 x 1080,Yes,AMD,GDDR5,Radeon RX 570 Asus ROG Strix Gaming 4GB,"
18-Apr-2017",4096x2160,Yes
1152.375,120.0,4096.0,224.0,128.0,1750.0,41.0,16.0,GCN 1.3 Polaris 20 XL,1920 x 1080,Yes,AMD,GDDR5,Radeon RX 570 Asus Expedition OC 4GB,"
18-Apr-2017",4096x2160,Yes
1166.5,120.0,8192.0,224.0,128.0,1750.0,40.0,16.0,GCN 1.3 Polaris 20 XL,1920 x 1080,Yes,AMD,GDDR5,Radeon RX 570 8GB,"
18-Apr-2017",4096x2160,Yes
1144.5,120.0,4096.0,224.0,128.0,1750.0,40.0,16.0,GCN 1.3 Polaris 20 XL,1920 x 1080,Yes,AMD,GDDR5,Radeon RX 570 4GB,"
18-Apr-2017",4096x2160,Yes
1144.5,120.0,4096.0,224.0,128.0,1750.0,40.0,16.0,GCN 1.3 Polaris 20 XL,1920 x 1080,Yes,AMD,GDDR5,Radeon RX 570 Asus Expedition 4GB,"
18-Apr-2017",4096x2160,Yes
1175.0,80.0,4096.0,112.0,128.0,1750.0,20.0,16.0,GCN 1.3 Baffin XT,1600 x 900,Yes,AMD,GDDR5,Radeon RX 560 Yeston Gaea 4GB,"
18-Apr-2017",5120x2880,No
1175.0,80.0,4096.0,112.0,128.0,1750.0,21.0,16.0,GCN 1.3 Baffin XT,1600 x 900,Yes,AMD,GDDR5,Radeon RX 560 XFX Single Fan OC 4GB,"
18-Apr-2017",5120x2880,No
1132.5,75.0,2048.0,112.0,128.0,1750.0,19.0,16.0,Polaris 10,1600 x 900,Yes,AMD,,Radeon RX 560D 2GB,"
05-Jul-2017",7680x4320,No
1175.0,80.0,2048.0,112.0,128.0,1750.0,21.0,16.0,GCN 1.3 Baffin XT,1600 x 900,Yes,AMD,GDDR5,Radeon RX 560 XFX Double Dissipation OC 2GB,"
18-Apr-2017",5120x2880,No
1175.0,80.0,2048.0,112.0,128.0,1750.0,21.0,16.0,GCN 1.3 Baffin XT,1600 x 900,Yes,AMD,GDDR5,Radeon RX 560 XFX Single Fan OC 2GB,"
18-Apr-2017",5120x2880,No
1175.0,80.0,4096.0,112.0,128.0,1750.0,21.0,16.0,GCN 1.3 Baffin XT,1920 x 1080,Yes,AMD,GDDR5,Radeon RX 560 XFX Double Dissipation OC 4GB,"
18-Apr-2017",5120x2880,No
1175.0,80.0,2048.0,112.0,128.0,1750.0,21.0,16.0,GCN 1.3 Baffin XT,1600 x 900,Yes,AMD,GDDR5,Radeon RX 560 VisionTek Overclocked 2GB,"
18-Apr-2017",5120x2880,No
1175.0,80.0,2048.0,112.0,128.0,1750.0,20.0,16.0,GCN 1.3 Baffin XT,1600 x 900,Yes,AMD,GDDR5,Radeon RX 560 Sapphire Pulse OC 2GB,"
18-Apr-2017",5120x2880,No
1175.0,80.0,2048.0,112.0,128.0,1750.0,21.0,16.0,GCN 1.3 Baffin XT,1600 x 900,Yes,AMD,GDDR5,Radeon RX 560 XFX Slim Single Slot 2GB,"
18-Apr-2017",5120x2880,No
1175.0,80.0,4096.0,112.0,128.0,1750.0,21.0,16.0,GCN 1.3 Baffin XT,1600 x 900,Yes,AMD,GDDR5,Radeon RX 560 Sapphire Pulse OC 4GB,"
18-Apr-2017",5120x2880,No
1175.0,45.0,4096.0,112.0,128.0,1750.0,19.0,16.0,GCN 1.3 Baffin XT,1600 x 900,Yes,AMD,GDDR5,Radeon RX 560 Sapphire Pulse 4GB,"
18-Apr-2017",5120x2880,No
1175.0,80.0,4096.0,112.0,128.0,1750.0,21.0,16.0,GCN 1.3 Baffin XT,1600 x 900,Yes,AMD,GDDR5,Radeon RX 560 PowerColor Red Dragon OC 4GB,"
18-Apr-2017",5120x2880,No
1180.0,80.0,2048.0,112.0,128.0,1750.0,20.0,16.0,GCN 1.3 Baffin XT,1600 x 900,Yes,AMD,GDDR5,Radeon RX 560 PowerColor Red Dragon OC 2GB,"
18-Apr-2017",5120x2880,No
1175.0,80.0,4096.0,112.0,128.0,1750.0,19.0,16.0,GCN 1.3 Baffin XT,1600 x 900,Yes,AMD,GDDR5,Radeon RX 560 Sapphire Pulse Mining 4GB,"
18-Apr-2017",5120x2880,No
1180.0,80.0,4096.0,112.0,128.0,1750.0,20.0,16.0,GCN 1.3 Baffin XT,1600 x 900,Yes,AMD,GDDR5,Radeon RX 560 Kuroutoshikou 4GB,"
18-Apr-2017",5120x2880,No
1180.0,80.0,2048.0,112.0,128.0,1750.0,20.0,16.0,GCN 1.3 Baffin XT,1600 x 900,Yes,AMD,GDDR5,Radeon RX 560 PowerColor Red Dragon OC V3 2GB,"
18-Apr-2017",5120x2880,No
1175.0,80.0,2048.0,112.0,128.0,1750.0,21.0,16.0,GCN 1.3 Baffin XT,1600 x 900,Yes,AMD,GDDR5,Radeon RX 560 HIS iCooler OC 2GB,"
18-Apr-2017",5120x2880,No
1175.0,80.0,2048.0,112.0,128.0,1750.0,19.0,16.0,GCN 1.3 Baffin XT,1600 x 900,Yes,AMD,GDDR5,Radeon RX 560 HIS Green iCooler OC 2GB,"
18-Apr-2017",5120x2880,No
1180.0,80.0,4096.0,112.0,128.0,1750.0,20.0,16.0,GCN 1.3 Baffin XT,1600 x 900,Yes,AMD,GDDR5,Radeon RX 560 PowerColor Red Dragon V3 4GB,"
18-Apr-2017",5120x2880,No
1175.0,80.0,4096.0,112.0,128.0,1750.0,19.0,16.0,GCN 1.3 Baffin XT,1600 x 900,Yes,AMD,GDDR5,Radeon RX 560 HIS Green iCooler OC 4GB,"
18-Apr-2017",5120x2880,No
1175.0,80.0,2048.0,112.0,128.0,1750.0,21.0,16.0,GCN 1.3 Baffin XT,1600 x 900,Yes,AMD,GDDR5,Radeon RX 560 MSI Aero ITX OC 2GB,"
18-Apr-2017",5120x2880,No
1180.0,75.0,4096.0,112.0,128.0,1750.0,20.0,16.0,GCN 1.3 Baffin XT,1600 x 900,Yes,AMD,GDDR5,Radeon RX 560 Dataland X-Serial War 4GB,"
18-Apr-2017",5120x2880,No
1175.0,80.0,4096.0,112.0,128.0,1750.0,20.0,16.0,GCN 1.3 Baffin XT,1600 x 900,Yes,AMD,GDDR5,Radeon RX 560 Gigabyte Gaming OC 4GB,"
18-Apr-2017",5120x2880,No
1175.0,80.0,4096.0,112.0,128.0,1750.0,21.0,16.0,GCN 1.3 Baffin XT,1600 x 900,Yes,AMD,GDDR5,Radeon RX 560 MSI Aero ITX OC 4GB,"
18-Apr-2017",5120x2880,No
1175.0,80.0,2048.0,112.0,128.0,1750.0,21.0,16.0,GCN 1.3 Baffin XT,1600 x 900,Yes,AMD,GDDR5,Radeon RX 560 Gigabyte Gaming OC 2GB,"
18-Apr-2017",5120x2880,No
1175.0,75.0,4096.0,112.0,128.0,1750.0,21.0,16.0,GCN 1.3 Baffin XT,1600 x 900,Yes,AMD,GDDR5,Radeon RX 560 Dataland X-Serial God of War 4GB,"
18-Apr-2017",5120x2880,No
1175.0,75.0,4096.0,112.0,128.0,1750.0,20.0,16.0,GCN 1.3 Baffin XT,1920 x 1080,Yes,AMD,GDDR5,Radeon RX 560 Asus ROG Strix Gaming 4GB,"
18-Apr-2017",5120x2880,No
1180.0,80.0,2048.0,112.0,128.0,1750.0,20.0,16.0,GCN 1.3 Baffin XT,1600 x 900,Yes,AMD,GDDR5,Radeon RX 560 Dataland X-Serial War 2GB,"
18-Apr-2017",5120x2880,No
1175.0,75.0,4096.0,112.0,128.0,1750.0,20.0,16.0,GCN 1.3 Baffin XT,1600 x 900,Yes,AMD,GDDR5,Radeon RX 560 Asus ROG Strix Gaming OC 4GB,"
18-Apr-2017",5120x2880,No
1175.0,80.0,2048.0,112.0,128.0,1750.0,21.0,16.0,GCN 1.3 Baffin XT,1600 x 900,Yes,AMD,GDDR5,Radeon RX 560 Dataland X-Serial God of War 2GB,"
18-Apr-2017",5120x2880,No
1175.0,75.0,4096.0,112.0,128.0,1750.0,20.0,16.0,GCN 1.3 Baffin XT,1600 x 900,Yes,AMD,GDDR5,Radeon RX 560 Asus Dual Fan OC 4GB,"
18-Apr-2017",5120x2880,No
1175.0,75.0,4096.0,112.0,128.0,1750.0,20.0,16.0,GCN 1.3 Baffin XT,1600 x 900,Yes,AMD,GDDR5,Radeon RX 560 Asus Dual Fan 4GB,"
18-Apr-2017",5120x2880,No
1175.0,80.0,4096.0,112.0,128.0,1750.0,20.0,16.0,GCN 1.3 Baffin XT,1600 x 900,Yes,AMD,GDDR5,Radeon RX 560 4GB,"
18-Apr-2017",5120x2880,No
1175.0,80.0,2048.0,112.0,128.0,1750.0,20.0,16.0,GCN 1.3 Baffin XT,1600 x 900,Yes,AMD,GDDR5,Radeon RX 560 2GB,"
18-Apr-2017",5120x2880,No
1175.0,75.0,2048.0,112.0,128.0,1750.0,20.0,16.0,GCN 1.3 Baffin XT,1600 x 900,Yes,AMD,GDDR5,Radeon RX 560 Asus Dual Fan OC 2GB,"
18-Apr-2017",5120x2880,No
1175.0,75.0,2048.0,112.0,128.0,1750.0,20.0,16.0,GCN 1.3 Baffin XT,1600 x 900,Yes,AMD,GDDR5,Radeon RX 560 Asus Dual Fan 2GB,"
18-Apr-2017",5120x2880,No
1090.0,75.0,4096.0,112.0,128.0,1750.0,19.0,16.0,GCN 1.3 Baffin XT,1600 x 900,Yes,AMD,,Radeon RX 550 4GB [not released],"
18-Apr-2017",5120x2880,No
1090.0,75.0,2048.0,112.0,128.0,1750.0,19.0,16.0,GCN 1.3 Baffin XT,1600 x 900,Yes,AMD,,Radeon RX 550 2GB [not released],"
18-Apr-2017",5120x2880,No
400.0,24.875,288.0,3.2,64.0,400.0,1.0,2.0,RS482,800 x 600,No,AMD,DDR,Radeon Xpress 1150,"
01-Jun-2006",2048x1536,No
786.25,66.0,512.0,44.2,256.0,690.0,6.75,13.0,RV570,,Yes,AMD,GDDR3,Radeon X1950 Pro,"
01-Oct-2006",2560x1600,Yes
676.0,125.0,512.0,64.0,256.0,1000.0,10.875,16.0,R580+,,Yes,AMD,GDDR4,Radeon X1950 XTX,"
07-Oct-2006",,Yes
609.375,96.0,512.0,57.6,256.0,900.0,9.75,16.0,R580+,,Yes,AMD,GDDR3,Radeon X1950 XT,"
17-Oct-2006",,Yes
325.0,18.875,128.0,26.137500000000003,128.0,800.125,1.625,4.0,,,Yes,AMD,DDR2,Radeon Xpress 1100 128mb,"
01-May-2006",2048x1536,No
621.875,135.0,512.0,49.6,256.0,775.0,8.75,14.0,R580,,Yes,AMD,GDDR3,Radeon X1900 XTX,"
01-Jan-2006",,Yes
761.25,57.0,256.0,38.4,256.0,600.0,3.875,8.75,RV570,,Yes,AMD,GDDR3,Radeon X1950 GT,"
29-Jan-2007",,Yes
572.75,53.125,256.0,64.0,256.0,1000.0,4.875,6.5,RV570 - R580+,,Yes,AMD,GDDR3,Radeon X1950 Series,"
02-Jan-2006",2560x1600,Yes
769.125,100.0,256.0,46.4,256.0,725.0,5.875,11.5,R580,,Yes,AMD,GDDR3,Radeon X1900 XT,"
01-Jan-2006",,Yes
572.75,53.125,256.0,64.0,256.0,1000.0,4.875,6.5,R580,,Yes,AMD,GDDR3,Radeon X1900 Series,"
02-Jan-2006",2560x1600,Yes
761.25,75.0,256.0,42.2,256.0,660.0,3.5,7.5,R580,,Yes,AMD,GDDR3,Radeon X1900 GT Rev. 2,"
01-Oct-2006",,Yes
633.75,70.0,256.0,64.0,256.0,500.0,3.875,8.5,R520,,Yes,AMD,GDDR5,Radeon X1800 XL,"
01-Oct-2005",,Yes
381.25,42.0,512.0,25.6,128.0,800.0,1.5,5.375,RV530,,Yes,AMD,GDDR3,Radeon X1650 SE,"
02-Jan-2007",2048x1536,Yes
639.25,109.375,256.0,44.8,256.0,700.0,5.25,10.0,R520,,Yes,AMD,GDDR3,Radeon X1800 Series 256MB,"
02-Jan-2005",2560x1600,Yes
786.25,113.0,512.0,44.8,256.0,700.0,7.875,14.125,R520,,Yes,AMD,GDDR3,Radeon X1800 XT,"
01-Oct-2005",,Yes
545.0,48.0,256.0,31.7,256.0,495.0,3.25,7.0,R520,,Yes,AMD,GDDR3,Radeon X1800 GTO,"
01-Mar-2006",,Yes
761.25,75.0,256.0,38.4,256.0,600.0,4.125,8.75,R580,,Yes,AMD,GDDR3,Radeon X1900 GT,"
01-May-2006",,Yes
631.375,44.0,256.0,22.4,128.0,700.0,2.625,5.25,RV535,,Yes,AMD,GDDR3,Radeon X1650 PRO,"
23-Aug-2006",,Yes
560.125,48.0,512.0,31.7,256.0,495.0,3.75,8.0,R520,,Yes,AMD,GDDR3,Radeon X1800 GTO²,"
01-Mar-2006",,Yes
761.25,55.0,256.0,22.4,128.0,700.0,2.625,5.25,RV560,,Yes,AMD,GDDR3,Radeon X1650 XT,"
30-Oct-2010",,Yes
527.5,31.0,128.0,12.8,128.0,400.0,1.75,4.25,RV560,,Yes,AMD,GDDR3,Radeon X1650 GT,"
01-May-2007",,Yes
550.75,27.0,512.0,12.8,128.0,400.0,2.625,5.25,RV516 XT,,Yes,AMD,DDR2,Radeon X1600,"
01-Jan-2007",2048x1536,Yes
631.375,42.0,256.0,22.1,128.0,690.0,2.625,5.25,RV530,,Yes,AMD,GDDR3,Radeon X1600 XT,"
01-Oct-2005",,Yes
527.5,24.75,256.0,6.4,64.0,400.0,2.0,3.75,RV530,,Yes,AMD,DDR2,Radeon X1650 PowerColor 256MB Edition,"
01-Feb-2007",2560x1600,Yes
550.75,41.0,512.0,12.5,128.0,390.0,2.625,5.25,RV530,,Yes,AMD,GDDR3,Radeon X1600 Pro 512MB,"
01-Oct-2005",2048x1536,Yes
451.25,22.0,256.0,12.8,128.0,400.0,2.0,4.25,RV530,,Yes,AMD,DDR2,Radeon X1300 XT,"
12-Aug-2006",,No
451.25,31.0,256.0,6.4,128.0,400.0,2.5,5.25,RV516,,Yes,AMD,DDR,Radeon X1300 PRO,"
01-Nov-2006",,No
451.25,24.0,256.0,10.7,128.0,333.0,3.0,8.0,RV410,,Yes,AMD,DDR2,Radeon X1050 256MB,"
01-Dec-2006",,No
543.75,32.0,1344.0,21.925,64.0,663.625,2.625,3.5,RS690C,,No,AMD,DDR2,Radeon X1200 128mb,"
28-Feb-2007",2048x1536,No
619.375,14.0,458.0,106.46249999999999,64.0,632.125,3.5,5.0,,,No,AMD,DDR2,Radeon X1270,"
01-Feb-2007",2048x1536,No
454.625,24.0,128.0,1.6,64.0,200.0,2.25,4.0,RV410,,Yes,AMD,DDR,Radeon X1050 XT,"
07-Dec-2006",,No
454.625,17.25,64.0,2.0,64.0,250.0,2.375,4.0,RV515 LE,,Yes,AMD,DDR,Radeon X1300 LE,"
05-Oct-2005",,No
946.893927125506,125.59870550161813,2872.7689216342933,138.2429223744292,205.35645933014354,1175.6555589215388,34.965408805031444,26.821827057182706,Eaglelake,,No,Intel,DDR3,Intel Q43 Express Chipset,"
01-Aug-2008",,No
486.25,22.75,256.0,4.0,128.0,250.0,1.75,4.25,RV515,,Yes,AMD,DDR,Radeon X1300 256MB,"
01-Dec-2005",2048x1536,No
449.125,24.0,128.0,5.3,64.0,333.0,2.0,4.0,RV370,,Yes,AMD,DDR2,Radeon X1050,"
07-Dec-2006",2560x1600,No
591.75,24.0,1248.0,15.1,112.0,461.375,4.125,8.5,Eaglelake,,No,Intel,,Intel G45 Express Chipset,"
01-Jun-2008",,No
822.875,25.0,1696.0,20.6,80.0,900.875,6.875,8.0,Eaglelake,,No,Intel,DDR3,Intel G41 Express Chipset,"
01-Sep-2008",,No
631.25,19.0,1344.0,16.925,72.0,733.25,3.375,4.5,Bearlake-B,,No,Intel,DDR3,Intel G33 Express Chipset,"
01-Jun-2007",1600x900,No
591.75,24.0,1248.0,15.1,112.0,461.375,4.125,8.5,Eaglelake,,No,Intel,DDR3,Intel G43 Express Chipset,"
01-Aug-2008",,No
716.875,13.0,496.0,107.8625,64.0,689.75,3.125,4.125,Springdale,,No,Intel,DDR,Intel 865G,"
01-May-2003",1280x1024,No
602.875,17.0,992.0,20.050000000000004,104.0,750.125,4.125,6.0,Bearlake-B,,No,Intel,DDR3,Intel G31 Express Chipset,"
01-Aug-2007",,No
946.893927125506,125.59870550161813,2872.7689216342933,138.2429223744292,205.35645933014354,1175.6555589215388,34.965408805031444,26.821827057182706,Eaglelake,,No,Intel,DDR3,Intel B43 Express Chipset,"
01-Dec-2008",,No
346.875,28.0,680.0,30.924999999999997,128.0,873.0,2.625,4.75,Broadwater,,No,Intel,DDR3,Intel G35 Express Chipset,"
01-Aug-2007",,No
602.875,17.0,992.0,20.050000000000004,104.0,750.125,4.125,6.0,,,,Intel,,Intel 82915G,"
01-Jun-2004",,No
528.25,6.0,190.0,1.1,64.0,133.0,2.375,4.0,Brookdale,,No,Intel,DDR,Intel 82845G,"
01-May-2002",,No
946.893927125506,125.59870550161813,2872.7689216342933,138.2429223744292,205.35645933014354,1175.6555589215388,34.965408805031444,26.821827057182706,Lakeport-G,,No,Intel,,Intel 82945G,"
01-May-2005",,No
513.875,17.375,64.0,2.175,104.0,167.0,1.0,4.0,,,Yes,Intel,,Intel 845GV,"
01-Oct-2002",,No
451.25,27.0,256.0,12.8,128.0,400.0,2.25,4.75,RV516,,Yes,AMD,DDR2,Radeon X1550,"
08-Jan-2007",2048x1536,Yes
793.375,45.0,1152.0,32.5125,176.0,944.125,7.125,11.125,,,No,Intel,,Intel GMA HD,"
25-Jan-2010",1600x1200,No
946.893927125506,125.59870550161813,2872.7689216342933,138.2429223744292,205.35645933014354,1175.6555589215388,34.965408805031444,26.821827057182706,,,No,Intel,,Intel GMA X3100,"
09-May-2007",1600x1200,No
575.0,84.0,760.0,25.6,128.0,800.0,3.0,2.0,Haswell,1366 x 768,No,Intel,DDR3,Intel HD Graphics P4600,"
01-Jun-2013",2560x1600,No
602.875,17.0,992.0,20.050000000000004,104.0,750.125,4.125,6.0,Bearlake,,No,Intel,,Intel GMA 3100,"
30-Jun-2007",2048x1536,No
575.0,86.0,760.0,25.6,128.0,800.0,3.0,2.0,Haswell,1366 x 768,No,Intel,DDR3,Intel HD Graphics P4700,"
01-Jun-2013",2560x1600,No
337.5,44.375,656.0,25.6,128.0,800.0,1.0,2.0,Ivy Bridge,,No,Intel,DDR3,Intel HD Graphics P4000,"
01-Mar-2012",,No
387.5,45.0,568.0,25.6,128.0,800.0,1.0,1.0,Ivy Bridge,1366 x 768,No,Intel,DDR3,Intel HD Graphics Desktop (Ivy Bridge),"
01-Oct-2012",2560x1600,No
720.125,38.5,847.0,21.3,128.0,667.0,1.0,1.0,Sandy Bridge,1366 x 768,No,Intel,DDR3,Intel HD Graphics P3000,"
01-Apr-2011",,No
350.0,47.0,632.0,34.1,128.0,1067.0,4.0,4.0,Skylake GT1,1366 x 768,No,Intel,DDR4,Intel HD Graphics 510 Desktop,"
01-Sep-2015",4096x2160,No
802.5,65.0,536.0,25.6,128.0,800.0,1.0,1.0,Sandy Bridge,1366 x 768,No,Intel,DDR3,Intel HD Graphics Desktop (Sandy Bridge),"
01-May-2011",2560x1600,No
350.0,15.0,536.0,34.1,128.0,1066.0,3.0,3.0,Skylake GT2,1366 x 768,Yes,Intel,DDR4,Intel HD Graphics 610,"
01-Jan-2017",,No
565.125,10.0,623.0,21.3,128.0,667.0,1.0,1.0,Ivy Bridge: Bay Trail,1024 x 768,No,Intel,DDR3,Intel HD Graphics Desktop (Bay Trail),"
11-Sep-2013",2560x1600,No
350.0,91.0,472.0,34.1,128.0,1067.0,9.0,8.0,Skylake GT2,1366 x 768,No,Intel,DDR4,Intel HD Graphics 530 Desktop,"
05-Aug-2015",4096x2160,No
400.0,88.0,632.0,25.6,128.0,800.0,3.0,2.0,Haswell GT2-MB,1366 x 768,No,Intel,DDR3,Intel HD Graphics 4600 Desktop,"
03-Jun-2013",2560x1600,No
716.625,37.375,712.0,25.6,128.0,800.0,10.375,22.0,Haswell: GT1,,No,Intel,DDR3,Intel HD Graphics 4400 Desktop,"
05-Jun-2013",2560x1600,No
307.5,20.0,680.0,25.6,128.0,800.0,2.0,2.0,Haswell,1366 x 768,No,Intel,DDR3,Intel HD Graphics 4200 Desktop,"
01-Jul-2013",2560x1600,No
250.0,4.0,632.0,25.6,128.0,800.0,3.0,2.0,Haswell,1366 x 768,No,Intel,DDR3,Intel HD Graphics Desktop (Haswell),"
01-Jun-2013",2560x1600,No
650.0,77.0,760.0,25.6,128.0,800.0,5.0,4.0,Ivy Bridge GT2,1024 x 768,No,Intel,DDR3,Intel HD Graphics 4000 Desktop,"
23-Mar-2012",2560x1600,No
602.625,17.625,480.0,12.8,64.0,800.0,1.0,1.0,Ivy Bridge,1024 x 768,No,Intel,DDR3,Intel HD Graphics 2500 Desktop,"
01-Apr-2012",,No
850.0,95.0,719.0,21.3,128.0,667.0,3.0,2.0,Sandy Bridge GT2,1024 x 768,No,Intel,DDR3,Intel HD Graphics 3000 Desktop,"
01-Feb-2011",2560x1600,No
946.893927125506,125.59870550161813,2872.7689216342933,138.2429223744292,205.35645933014354,1175.6555589215388,34.965408805031444,26.821827057182706,Alviso,,No,Intel,,Intel 915GM/GMS,"
01-Mar-2003",1600x1200,No
946.893927125506,125.59870550161813,2872.7689216342933,138.2429223744292,205.35645933014354,1175.6555589215388,34.965408805031444,26.821827057182706,Calistoga,,No,Intel,,Intel 945GM Express Family,"
01-Mar-2005",1600x1200,No
946.893927125506,125.59870550161813,2872.7689216342933,138.2429223744292,205.35645933014354,1175.6555589215388,34.965408805031444,26.821827057182706,Lakeport,,No,Intel,,Intel 945 Express Family,"
01-Mar-2005",1600x1200,No
350.0,47.0,632.0,34.1,128.0,1067.0,8.0,8.0,Skylake GT2-S0,1366 x 768,No,Intel,DDR4,HD i3 6100,"
01-Sep-2015",4096x2160,No
850.0,95.0,719.0,21.3,128.0,667.0,1.0,1.0,Sandy Bridge GT1,1024 x 768,No,Intel,DDR3,Intel HD Graphics 2000 Desktop,"
01-Feb-2011",2560x1600,No
350.0,47.0,632.0,34.1,128.0,1067.0,9.0,8.0,Skylake GT2-S0,1366 x 768,No,Intel,DDR4,HD i3 6300,"
01-Sep-2015",4096x2160,No
522.0,25.875,736.0,6.4,64.0,400.0,2.25,3.75,,,No,Intel,DDR2,Intel GMA 3000,"
01-Jul-2006",,No
642.375,45.5,1024.0,10.7,64.0,667.0,2.375,4.0,Clarkdale,,No,Intel,DDR3,HD i3 560,"
30-May-2010",2560x1600,No
642.375,45.5,1024.0,10.7,64.0,667.0,2.375,4.0,Clarkdale,,No,Intel,DDR3,HD i3 540,"
30-Mar-2010",2560x1600,No
350.0,47.0,632.0,34.1,128.0,1067.0,9.0,8.0,Skylake GT2-S0,1366 x 768,No,Intel,DDR4,HD i3 6320,"
01-Sep-2015",4096x2160,No
725.0,35.875,1584.0,21.3,128.0,667.0,6.125,4.0,Sandy Bridge,,No,Intel,DDR3,HD i3 2130,"
04-Sep-2011",2560x1600,No
642.375,45.5,1024.0,10.7,64.0,667.0,2.375,4.0,Clarkdale,,No,Intel,DDR3,HD i3 550,"
30-May-2010",2560x1600,No
642.375,45.5,1024.0,10.7,64.0,667.0,2.375,4.0,Sandy Bridge,,No,Intel,DDR3,HD i3 2125,"
04-Sep-2011",2560x1600,No
642.375,45.5,1024.0,10.7,64.0,667.0,2.375,4.0,Clarkdale,,No,Intel,DDR3,HD i3 530,"
30-Mar-2010",2560x1600,No
669.125,35.0,1088.0,10.7,64.0,667.0,3.375,4.25,Sandy Bridge,,No,Intel,DDR3,HD i3 2100T,"
30-Mar-2011",2560x1600,No
727.875,35.625,1144.0,17.1,128.0,533.0,3.125,5.125,Sandy Bridge,,No,Intel,DDR3,Intel HD Pentium G630T,"
01-Sep-2011",,No
713.5,65.0,992.0,10.7,64.0,667.0,3.375,4.25,Sandy Bridge,,No,Intel,DDR3,HD i3 2120,"
20-Feb-2011",2560x1600,No
642.375,45.5,1024.0,10.7,64.0,667.0,2.375,4.0,Sandy Bridge,,No,Intel,DDR3,Intel HD Pentium G840,"
22-May-2011",,No
854.875,65.0,1391.0,21.3,128.0,667.0,4.0,3.375,Sandy Bridge,,No,Intel,DDR3,HD i3 2100,"
30-Mar-2011",2560x1600,No
713.5,65.0,992.0,10.7,64.0,667.0,3.375,4.25,Sandy Bridge,,No,Intel,DDR3,HD i3 2105,"
30-Mar-2011",2560x1600,No
727.875,35.625,1144.0,17.1,128.0,533.0,3.125,5.125,Sandy Bridge,,No,Intel,DDR3,Intel HD Pentium G620T,"
01-May-2011",,No
350.0,35.0,632.0,34.1,128.0,1067.0,8.0,8.0,Skylake GT2-S0,1366 x 768,No,Intel,DDR4,HD i3 6300T,"
01-Sep-2015",4096x2160,No
727.875,35.625,1144.0,17.1,128.0,533.0,3.125,5.125,Sandy Bridge,,No,Intel,DDR3,Intel HD Pentium G630,"
01-Sep-2011",,No
350.0,65.0,536.0,34.1,128.0,1067.0,9.0,8.0,Skylake GT2-R0,1366 x 768,No,Intel,DDR4,HD i7 6700,"
01-Sep-2015",4096x2160,No
350.0,91.0,472.0,34.1,128.0,1067.0,9.0,8.0,Skylake GT2-R0,1366 x 768,No,Intel,DDR4,HD i7 6700K,"
05-Aug-2015",4096x2160,No
350.0,35.0,632.0,34.1,128.0,1067.0,9.0,8.0,Skylake GT2-R0,1366 x 768,No,Intel,DDR4,HD i7 6700T,"
01-Sep-2015",4096x2160,No
650.0,77.0,760.0,25.6,128.0,800.0,5.0,4.0,Ivy Bridge GT2,1024 x 768,No,Intel,DDR3,HD i7 3770T,"
29-Apr-2012",2560x1600,No
350.0,88.0,632.0,25.6,128.0,800.0,3.0,2.0,Haswell GT2-MB,1366 x 768,No,Intel,DDR3,HD i7 4790K,"
22-Jun-2014",2560x1600,No
650.0,77.0,760.0,25.6,128.0,800.0,5.0,4.0,Ivy Bridge GT2,1024 x 768,No,Intel,DDR3,HD i7 3770K,"
29-Apr-2012",2560x1600,No
650.0,77.0,760.0,25.6,128.0,800.0,5.0,4.0,Ivy Bridge GT2,1024 x 768,No,Intel,DDR3,HD i7 3770S,"
29-Apr-2012",2560x1600,No
850.0,95.0,719.0,21.3,128.0,667.0,1.0,1.0,Sandy Bridge GT1,1024 x 768,No,Intel,DDR3,HD i7 2600,"
09-Jan-2011",2560x1600,No
650.0,77.0,760.0,25.6,128.0,800.0,5.0,4.0,Ivy Bridge GT2,1024 x 768,No,Intel,DDR3,HD i7 3770,"
29-Apr-2012",2560x1600,No
850.0,95.0,719.0,21.3,128.0,667.0,3.0,2.0,Sandy Bridge GT2,1024 x 768,No,Intel,DDR3,HD i7 2600K,"
09-Jan-2011",2560x1600,No
850.0,95.0,719.0,21.3,128.0,667.0,3.0,2.0,Sandy Bridge GT2,1024 x 768,No,Intel,DDR3,HD i7 2700K,"
23-Oct-2011",2560x1600,No
658.75,8.0,1544.0,25.6,128.0,800.0,5.0,10.0,Ivy Bridge,,No,Intel,DDR3,HD i3 3220,"
01-Sep-2012",2560x1600,No
350.0,35.0,632.0,34.1,128.0,1067.0,4.0,4.0,Skylake GT1,1366 x 768,No,Intel,DDR4,Intel HD Pentium G4400T,"
01-Sep-2015",4096x2160,No
850.0,95.0,719.0,21.3,128.0,667.0,1.0,1.0,Sandy Bridge GT1,1024 x 768,No,Intel,DDR3,HD i7 2600S,"
09-Jan-2011",2560x1600,No
350.0,47.0,632.0,34.1,128.0,1067.0,4.0,4.0,Skylake GT1,1366 x 768,No,Intel,DDR4,Intel HD Pentium G4400,"
01-Sep-2015",4096x2160,No
350.0,47.0,632.0,34.1,128.0,1067.0,8.0,8.0,Skylake GT2,1366 x 768,No,Intel,DDR4,Intel HD Pentium G4500,"
01-Sep-2015",4096x2160,No
731.25,55.0,975.0,21.3,128.0,667.0,1.0,2.0,Ivy Bridge,1024 x 768,No,Intel,DDR3,Intel HD Pentium G1620,"
22-Jan-2013",,No
350.0,65.0,536.0,34.1,128.0,1067.0,4.0,4.0,Skylake GT1,1366 x 768,No,Intel,DDR4,HD i5 6402P,"
27-Dec-2015",4096x2160,No
713.5,73.0,872.0,10.7,64.0,667.0,3.375,4.25,Clarkdale,,No,Intel,DDR3,HD i5 670,"
30-Mar-2010",,No
713.5,73.0,872.0,10.7,64.0,667.0,3.375,4.25,Clarkdale,,No,Intel,DDR3,HD i5 680,"
30-May-2010",,No
350.0,65.0,536.0,34.1,128.0,1067.0,9.0,8.0,Skylake GT2-R0,1366 x 768,No,Intel,DDR4,HD i5 6600T,"
01-Sep-2015",4096x2160,No
350.0,65.0,536.0,34.1,128.0,1067.0,9.0,8.0,Skylake GT2-R0,1366 x 768,No,Intel,DDR4,HD i5 6600,"
01-Sep-2015",4096x2160,No
350.0,91.0,472.0,34.1,128.0,1067.0,9.0,8.0,Skylake GT2-R0,1366 x 768,No,Intel,DDR4,HD i5 6600K,"
05-Aug-2015",4096x2160,No
779.125,87.0,808.0,10.7,64.0,667.0,3.375,4.25,Clarkdale,,No,Intel,DDR3,HD i5 661,"
30-Mar-2010",,No
350.0,35.0,632.0,34.1,128.0,1067.0,9.0,8.0,Skylake GT2-R0,1366 x 768,No,Intel,DDR4,HD i5 6500T,"
01-Sep-2015",4096x2160,No
713.5,73.0,872.0,10.7,64.0,667.0,3.375,4.25,Clarkdale,,No,Intel,DDR3,HD i5 655K,"
30-Mar-2010",,No
713.5,73.0,872.0,10.7,64.0,667.0,3.375,4.25,Clarkdale,,No,Intel,DDR3,HD i5 660,"
30-Mar-2010",,No
350.0,35.0,632.0,34.1,128.0,1067.0,8.0,8.0,Skylake GT2-R0,1366 x 768,No,Intel,DDR4,HD i5 6400T,"
01-Sep-2015",4096x2160,No
350.0,65.0,536.0,34.1,128.0,1067.0,8.0,8.0,Skylake GT2-R0,1366 x 768,No,Intel,DDR4,HD i5 6400,"
01-Sep-2015",4096x2160,No
350.0,65.0,536.0,34.1,128.0,1067.0,8.0,8.0,Skylake GT2-R0,1366 x 768,No,Intel,DDR4,HD i5 6500,"
01-Sep-2015",4096x2160,No
791.625,95.0,808.0,10.7,64.0,667.0,3.375,4.5,Sandy Bridge,,No,Intel,DDR3,HD i5 2500,"
30-Mar-2011",,No
621.875,17.375,736.0,12.8,64.0,800.0,3.25,4.5,Ivy Bridge,,No,Intel,DDR3,HD i5 3550,"
01-Apr-2012",,No
791.625,95.0,808.0,10.7,64.0,667.0,3.375,4.5,Sandy Bridge,,No,Intel,DDR3,HD i5 2400,"
30-Mar-2011",,No
791.625,95.0,808.0,10.7,64.0,667.0,3.375,4.5,Sandy Bridge,,No,Intel,DDR3,HD i5 2310,"
30-May-2011",,No
642.375,45.5,1024.0,10.7,64.0,667.0,2.375,4.0,Sandy Bridge,,No,Intel,DDR3,HD i5 2320,"
04-Sep-2011",2560x1600,No
621.875,17.375,736.0,12.8,64.0,800.0,3.25,4.5,Ivy Bridge,,Yes,Intel,DDR3,HD i5 3570k,"
29-Apr-2012",2560x1600,No
300.0,65.0,128.0,14.9,128.0,933.0,2.0,2.0,Broadwell GT3e,1366 x 768,No,Intel,eDRAM,Iris Pro Graphics 6200 Desktop,"
02-Jun-2015",2560x1600,No
791.625,95.0,808.0,10.7,64.0,667.0,3.375,4.5,Sandy Bridge,,No,Intel,DDR3,HD i5 2300,"
30-Mar-2011",,No
511.875,28.0,568.0,25.6,128.0,800.0,2.0,4.0,Haswell: GT3e,1366 x 768,No,Intel,DDR3,Iris Pro Graphics 5200 Desktop,"
03-Jun-2013",2560x1600,No
713.5,65.0,992.0,10.7,64.0,667.0,3.375,4.25,Sandy Bridge,,No,Intel,DDR3,HD i5 2405S,"
30-May-2011",,No
350.0,54.0,632.0,34.1,128.0,1067.0,4.0,4.0,Skylake GT1,1366 x 768,No,Intel,DDR4,HD i3 6308P,"
27-Dec-2015",4096x2160,No
713.5,65.0,992.0,10.7,64.0,667.0,3.375,4.25,Sandy Bridge,,No,Intel,DDR3,HD i5 2400S,"
30-Mar-2011",,No
713.5,73.0,872.0,10.7,64.0,667.0,3.375,4.25,Clarkdale,,No,Intel,DDR3,HD i5 650,"
30-Mar-2010",,No
791.625,95.0,808.0,10.7,64.0,667.0,3.375,4.5,Sandy Bridge,,No,Intel,DDR3,HD i5 2500K,"
30-Mar-2011",,No
511.875,28.0,568.0,25.6,128.0,800.0,2.0,4.0,Haswell: GT3,1366 x 768,No,Intel,DDR3,Iris Graphics 5100 Desktop,"
29-Apr-2013",2560x1600,No
950.0,375.0,6144.0,576.0,384.0,1500.0,64.0,32.0,GCN 1.0 Malta,2560 x 1600,Yes,AMD,GDDR5,Radeon HD 7990,"
23-Apr-2013",2560x1600,Yes
925.0,500.0,6144.0,264.0,192.0,1375.0,30.0,16.0,GCN 1.0 Tahiti XT (x2),1920 x 1080,Yes,AMD,GDDR5,Radeon HD 7970 X2 Devil 13,"
30-Jul-2012",4096x2160,Yes
950.0,375.0,6144.0,576.0,384.0,1500.0,64.0,32.0,GCN 1.0 Malta,2560 x 1600,Yes,AMD,GDDR5,Radeon HD 8990 (OEM),"
24-Apr-2013",2560x1600,Yes
491.25,40.0,512.0,11.2,64.0,700.0,2.0,4.0,G98,,Yes,Nvidia,GDDR3,Quadro NVS 420,"
20-Jan-2009",2560x1600,No
830.0,245.625,4096.0,320.0,512.0,1250.0,53.0,64.0,Terascale 3 Antilles,1920 x 1080,Yes,AMD,GDDR5,Radeon HD 6990 Gigabyte 4GB Edition,"
01-Mar-2011",2560x1600,Yes
540.625,19.0,1024.0,6.4,64.0,400.0,3.0,4.0,Terascale 2 Cedar PRO,1024 x 768,Yes,AMD,DDR3,Radeon HD 5450 1024MB,"
04-Feb-2010",2560x1600,Yes
1000.0,230.0,3072.0,273.6,384.0,1425.0,32.0,32.0,GCN 1.0 Tahiti XT,1920 x 1080,Yes,AMD,GDDR5,Radeon HD 7970 XFX Black Edition,"
30-Jan-2012",4096x2160,Yes
550.0,20.0,512.0,14.0,64.0,875.0,2.375,4.0,Fermi GF119,,Yes,Nvidia,DDR3,Quadro NVS 310 PNY Low Profile Edition,"
01-Jun-2012",2560x1600,No
667.125,189.0,4096.0,102.4,512.0,800.0,23.25,25.0,GT200GL,,Yes,Nvidia,GDDR3,Quadro FX 5800,"
11-Nov-2008",2560x1600,Yes
491.25,35.0,512.0,11.2,64.0,700.0,2.0,4.0,G98,,Yes,Nvidia,GDDR3,Quadro NVS 450,"
01-Apr-2011",2560x1600,No
574.0,600.0,12288.0,288.0,384.0,750.0,55.0,48.0,Fermi GF100 (x2),1920 x 1080,Yes,Nvidia,GDDR5,Quadro Plex 7000,"
25-Jul-2011",2560x1600,Yes
1057.5,63.375,7168.0,248.0,128.0,1484.625,9.0,13.0,MCP68S,,No,Nvidia,DDR2,GeForce 7025 nForce 630a,"
01-Sep-2007",1920x1440,No
832.5,385.0,2048.0,256.0,256.0,1000.0,38.0,16.0,G92 (x4),1920 x 1080,Yes,Nvidia,GDDR3,GeForce 9800 GX2 SLI,"
01-Mar-2008",2560x1600,Yes
902.0,225.0,12288.0,288.4,384.0,1502.0,36.0,40.0,Kepler GK110,2560 x 1600,Yes,Nvidia,GDDR5,Quadro K6000,"
23-Jul-2013",4096x2160,Yes
773.0,120.0,8192.0,192.3,256.0,1502.0,43.0,56.0,Maxwell GM204-200-A1,2560 x 1440,Yes,Nvidia,GDDR5,Quadro M4000,"
29-Jun-2015",4096x2160,No
640.0,32.75,16.0,800.0,64.0,100.0,2.375,4.0,NV6,,Yes,Nvidia,DDR,Vanta LT,"
01-Mar-2000",,No
902.0,150.0,8192.0,192.0,384.0,1000.0,43.0,48.0,Kepler GK110,1920 x 1080,Yes,Nvidia,GDDR5,Quadro K5200,"
22-Jul-2014",4096x2160,Yes
706.0,122.0,4096.0,172.8,256.0,1350.0,23.0,32.0,Kepler GK104,1920 x 1080,Yes,Nvidia,GDDR5,Quadro K5000,"
01-Aug-2012",4096x2160,Yes
667.0,45.0,1024.0,28.8,128.0,900.0,11.0,16.0,Maxwell GM107,1366 x 768,Yes,Nvidia,DDR3,Quadro K620,"
22-Jul-2014",4096x2160,No
706.0,108.0,4096.0,172.8,256.0,1350.0,23.0,32.0,Kepler GK104,1920 x 1080,Yes,Nvidia,GDDR5,Quadro K4200,"
22-Jul-2014",4096x2160,Yes
667.0,68.0,4096.0,80.0,128.0,1250.0,11.0,16.0,Maxwell GM107,1600 x 900,Yes,Nvidia,GDDR5,Quadro K2200,"
22-Jul-2014",4096x2160,No
876.0,41.0,1024.0,29.0,128.0,905.0,14.0,16.0,Kepler GK107-301-A2,1366 x 768,Yes,Nvidia,DDR3,Quadro K600 PNY 1GB Edition,"
01-Mar-2013",4096x2160,No
876.0,41.0,1024.0,29.0,128.0,905.0,14.0,16.0,Kepler GK107-301-A2,1366 x 768,Yes,Nvidia,DDR3,Quadro K600,"
01-Mar-2013",4096x2160,No
876.0,41.0,1024.0,28.8,128.0,900.0,14.0,16.0,Kepler GK107-301-A2,1366 x 768,Yes,Nvidia,DDR3,Quadro K420,"
22-Jul-2014",4096x2160,No
658.375,150.0,1536.0,76.8,384.0,800.0,16.375,24.0,D10U-20,,Yes,Nvidia,GDDR3,Quadro CX,"
30-Oct-2008",2560x1600,Yes
574.0,204.0,6144.0,143.4,384.0,747.0,28.0,48.0,Fermi GF100,1920 x 1080,Yes,Nvidia,GDDR5,Quadro 6000,"
10-Dec-2010",2560x1600,Yes
669.875,142.0,2048.0,89.9,256.0,702.0,15.0,32.0,Fermi GF100-100-KD,1920 x 1080,Yes,Nvidia,GDDR5,Quadro 4000,"
02-Nov-2010",2560x1600,No
576.875,40.0,1024.0,25.6,128.0,800.0,2.125,8.0,GF108GL,,Yes,Nvidia,DDR3,Quadro 600,"
01-Oct-2010",2560x1600,No
625.0,62.0,1024.0,41.6,128.0,650.0,10.0,16.0,Fermi GF106-875-A1,1600 x 900,Yes,Nvidia,GDDR5,Quadro 2000D,"
05-Oct-2011",2560x1600,Yes
706.0,38.0,512.0,14.3,64.0,891.0,2.75,4.0,Kepler GK107,,Yes,Nvidia,DDR3,Quadro 410,"
07-Aug-2012",4096x2160,No
610.125,32.0,512.0,12.8,64.0,800.0,2.25,3.625,GT216GL,,Yes,Nvidia,DDR3,Quadro 400,"
01-Jul-2011",2560x1600,No
963.75,20.0,1696.0,8.5,64.0,1066.0,2.0,4.0,MCP79MX,1024 x 768,No,Nvidia,DDR,ION LE,"
03-Jun-2008",2560x1600,No
738.0,141.0,512.0,70.4,256.0,1100.0,12.0,16.0,Tesla G92-420-B1,1366 x 768,Yes,Nvidia,GDDR3,GeForce 9800 GTX+,"
16-Jan-2009",2560x1600,Yes
796.375,197.0,1024.0,128.0,256.0,1000.0,19.0,16.0,G92 (x2),1920 x 1080,Yes,Nvidia,GDDR3,GeForce 9800 GX2,"
01-Mar-2008",2560x1600,Yes
625.0,62.0,1024.0,41.6,128.0,650.0,10.0,16.0,Fermi GF106-875-A1,1600 x 900,Yes,Nvidia,GDDR5,Quadro 2000,"
24-Dec-2010",2560x1600,No
513.0,152.0,2560.0,120.0,320.0,750.0,21.0,40.0,Fermi GF100-850-A3,1920 x 1080,Yes,Nvidia,GDDR5,Quadro 5000,"
23-Feb-2011",2560x1600,Yes
612.0,172.0,768.0,103.7,384.0,1080.0,15.0,24.0,Tesla G80,1680 x 1050,Yes,Nvidia,GDDR3,GeForce 8800 Ultra,"
01-May-2007",2560x1600,Yes
600.0,200.0,2048.0,115.2,512.0,900.0,19.0,32.0,Tesla G92-270-A2 (x2),1600 x 900,Yes,Nvidia,GDDR3,GeForce 9800 GT 1GB SLI,"
21-Jul-2008",2560x1600,No
550.0,75.0,512.0,57.6,256.0,900.0,9.0,16.0,Tesla G92-270-A2,1366 x 768,Yes,Nvidia,GDDR3,GeForce 9800 GT Green Edition,"
15-Mar-2009",2560x1600,Yes
893.75,280.0,1024.0,140.8,256.0,1100.0,22.0,16.0,G92 (x2),1366 x 768,Yes,Nvidia,DDR3,GeForce 9800 GTX SLI,"
01-Apr-2008",2560x1600,Yes
675.0,140.0,512.0,70.4,256.0,1100.0,11.0,16.0,Tesla G92-420-A2,1366 x 768,Yes,Nvidia,GDDR3,GeForce 9800 GTX,"
28-Mar-2008",2560x1600,Yes
600.0,105.0,512.0,57.6,256.0,900.0,10.0,16.0,Tesla G92-270-A2,1366 x 768,Yes,Nvidia,GDDR3,GeForce 9800 GT,"
21-Jul-2008",2560x1600,Yes
600.0,50.0,512.0,25.6,256.0,400.0,10.0,16.0,Tesla G94-300-A1,1366 x 768,Yes,Nvidia,GDDR3,GeForce 9600 GT Asus Magic HDMI 512MB Edition,"
01-Feb-2008",2560x1600,Yes
600.0,105.0,1024.0,57.6,256.0,900.0,10.0,16.0,Tesla G92-270-A2,1366 x 768,Yes,Nvidia,GDDR3,GeForce 9800 GT 1GB,"
21-Jul-2008",2560x1600,Yes
581.25,84.0,768.0,38.4,192.0,800.0,7.0,12.0,G92,1366 x 768,Yes,Nvidia,GDDR3,GeForce 9600 GSO EVGA Dual-Slot 768MB Edition,"
01-May-2008",2560x1600,No
650.0,95.0,512.0,57.6,256.0,900.0,10.0,16.0,Tesla G94-300-A1,1366 x 768,Yes,Nvidia,GDDR3,GeForce 9600 GT 512MB,"
01-Feb-2008",2560x1600,Yes
609.375,90.0,512.0,43.2,192.0,900.0,8.0,12.0,G92,1366 x 768,Yes,Nvidia,GDDR3,GeForce 9600 GSO 512MB,"
01-Oct-2008",2560x1600,Yes
381.25,50.0,512.0,25.6,128.0,800.0,4.0,8.0,Tesla G96C,1024 x 768,Yes,Nvidia,GDDR3,GeForce 9500 GT,"
29-Jul-2008",2560x1600,Yes
581.25,84.0,384.0,38.4,192.0,800.0,7.0,12.0,G92,1280 x 720,Yes,Nvidia,GDDR3,GeForce 9600 GSO,"
01-May-2008",2560x1600,Yes
535.0,26.25,768.0,24.0,192.0,500.0,6.0,12.0,G94a,1280 x 720,Yes,Nvidia,DDR2,GeForce 9600 GS,"
01-May-2008",2560x1600,Yes
697.0,35.5,512.0,16.0,128.0,500.0,22.25,19.75,G96,,Yes,Nvidia,DDR2,GeForce 9500 GS,"
01-Jul-2008",2560x1600,Yes
946.893927125506,125.59870550161813,2872.7689216342933,138.2429223744292,205.35645933014354,1175.6555589215388,34.965408805031444,26.821827057182706,,,Yes,Nvidia,,GeForce 9480,"
01-Aug-2008",2560x1600,Yes
650.0,95.0,1024.0,57.6,256.0,900.0,10.0,16.0,Tesla G94-300-A1,1440 x 900,Yes,Nvidia,GDDR3,GeForce 9600 GT 1GB,"
21-Feb-2008",2560x1600,Yes
542.375,50.0,1024.0,12.8,128.0,400.0,3.25,5.75,G96a/b,,Yes,Nvidia,DDR2,GeForce 9400 GT 1GB,"
26-Aug-2008",2560x1600,Yes
541.375,22.25,512.0,8.0,64.0,500.0,2.0,4.0,G98,,Yes,Nvidia,DDR2,GeForce 9300 GS,"
01-Jun-2008",2560x1600,No
605.625,12.0,384.0,11.125,88.0,595.75,2.0,4.0,MCP7A-U,,No,Nvidia,,GeForce 9400,"
01-Oct-2008",2560x1600,Yes
546.75,24.375,480.0,9.0,80.0,645.625,2.0,4.0,MCP79MX,,No,Nvidia,,GeForce 9300,"
01-Oct-2008",2560x1600,Yes
691.375,39.75,480.0,16.6,96.0,595.875,2.5,4.0,,,Yes,Nvidia,,GeForce 9200,"
02-Jan-2008",2560x1600,Yes
690.375,110.0,1024.0,76.8,256.0,600.0,16.0,16.0,G71,,Yes,Nvidia,GDDR3,GeForce 7950 GX2,"
01-Jun-2006",2560x1600,Yes
541.375,22.25,512.0,8.0,64.0,500.0,2.0,4.0,G98,,Yes,Nvidia,DDR2,GeForce 9300 GE,"
01-Jun-2008",2560x1600,Yes
544.5,50.0,512.0,12.8,128.0,400.0,2.0,4.0,G96a/b,1024 x 768,Yes,Nvidia,DDR2,GeForce 9400 GT,"
27-Aug-2008",2560x1600,Yes
786.25,65.0,512.0,44.8,256.0,700.0,13.0,24.0,G71,,Yes,Nvidia,GDDR3,GeForce 7950 GT,"
06-Aug-2006",2560x1600,Yes
606.25,84.0,512.0,51.2,256.0,800.0,7.125,11.5,G71,,Yes,Nvidia,GDDR3,GeForce 7900 GTX,"
01-Mar-2006",2560x1600,No
631.375,49.0,256.0,42.2,256.0,660.0,3.5,7.5,G71,,Yes,Nvidia,GDDR3,GeForce 7900 GS,"
01-Sep-2006",2560x1600,No
631.375,49.0,256.0,42.2,256.0,660.0,7.0,16.0,G71,1024 x 768,Yes,Nvidia,GDDR3,GeForce 7900 GT,"
01-Mar-2006",2560x1600,Yes
609.375,108.0,512.0,54.4,256.0,850.0,10.0,16.0,G70,,Yes,Nvidia,GDDR3,GeForce 7800 GTX,"
01-Jun-2005",2560x1600,No
540.125,40.0,544.0,10.450000000000001,88.0,486.5,2.0,4.0,C78,,Yes,Nvidia,,GeForce 9100,"
02-Apr-2007",2560x1600,Yes
786.25,81.0,512.0,42.2,256.0,660.0,4.75,9.125,G71,,Yes,Nvidia,GDDR3,GeForce 7900 GTO,"
01-Sep-2006",2560x1600,No
631.375,40.0,256.0,22.4,128.0,700.0,2.625,5.25,G73,,Yes,Nvidia,GDDR3,GeForce 7600 GT 256MB,"
01-Mar-2006",2560x1600,No
633.75,65.0,256.0,32.0,256.0,500.0,3.875,8.5,G70,,Yes,Nvidia,GDDR3,GeForce 7800 GT,"
01-Aug-2005",2560x1600,No
527.5,31.0,128.0,12.8,128.0,400.0,1.75,4.25,,,Yes,Nvidia,DDR2,GeForce 7650 GS,"
22-Mar-2006",2560x1600,No
631.375,49.0,256.0,38.4,256.0,600.0,4.125,9.5,G70,,Yes,Nvidia,GDDR3,GeForce 7800 GS,"
01-Feb-2006",2560x1600,No
451.25,27.0,256.0,12.8,128.0,400.0,2.25,4.75,G73,,Yes,Nvidia,DDR2,GeForce 7600 GS,"
 01-Mar-2006",2560x1600,Yes
225.0,27.0,256.0,25.6,128.0,800.0,1.75,5.75,G73,,Yes,Nvidia,DDR2,GeForce 7600 GS Asus Silent Edition,"
01-Jul-2006",2048x1536,Yes
522.0,16.375,304.0,6.4,64.0,400.0,1.0,2.0,G72,,Yes,Nvidia,DDR2,GeForce 7300 SE/7200 GS,"
22-Jan-2006",,No
454.625,23.0,256.0,6.4,64.0,400.0,2.0,3.75,G72,,Yes,Nvidia,DDR2,GeForce 7300 GS 256MB,"
01-Jan-2006",2560x1600,No
448.75,25.5,256.0,5.2,64.0,324.0,2.0,4.0,G72,,Yes,Nvidia,DDR2,GeForce 7500 LE,"
22-Mar-2006",2560x1600,Yes
448.75,23.0,256.0,5.3,64.0,333.0,2.25,4.5,G72,,Yes,Nvidia,DDR2,GeForce 7300 LE,"
01-Mar-2006",2560x1600,Yes
451.25,24.0,256.0,10.4,128.0,325.0,2.0,4.75,G73,,Yes,Nvidia,DDR2,GeForce 7300 GT,"
01-May-2006",2560x1600,Yes
454.625,24.375,256.0,4.8,64.0,300.0,2.25,4.0,MCP76,,Yes,Nvidia,DDR2,GeForce 7100,"
01-Sep-2007",2560x1600,No
522.0,23.625,272.0,5.3,64.0,334.0,2.25,4.0,MCP76,,No,Nvidia,DDR2,GeForce 7050,"
01-Sep-2007",2560x1600,No
1057.5,63.375,7168.0,248.0,128.0,1484.625,9.0,13.0,MCP68V,,No,Nvidia,DDR2,GeForce 7050 PV nForce 630a,"
30-Sep-2007",,No
513.0,143.0,640.0,63.4,320.0,792.0,10.0,20.0,Tesla G80,1440 x 900,Yes,Nvidia,GDDR3,GeForce 8800 GTS 640MB,"
01-Nov-2006",2560x1600,Yes
527.5,17.625,128.0,2.8,64.0,350.0,1.875,3.5,NV44,,Yes,Nvidia,GDDR2,GeForce 7100 GS Inno3D 128MB Edition,"
01-Jan-2005",2048x1536,No
575.0,158.0,768.0,86.4,384.0,900.0,14.0,24.0,Tesla G80,1680 x 1050,Yes,Nvidia,GDDR3,GeForce 8800 GTX 768MB,"
01-Nov-2006",2560x1600,Yes
596.25,23.875,256.0,4.3,64.0,533.0,2.125,4.0,NV44,,Yes,Nvidia,GDDR2,GeForce 7100 GS Inno3D 256MB Edition,"
01-Jan-2005",2048x1536,No
604.25,12.0,640.0,12.3375,72.0,729.125,3.25,5.5,GT218,,No,Nvidia,,ION,"
10-Jan-2010",2560x1600,No
650.0,135.0,512.0,51.2,256.0,800.0,10.0,16.0,Tesla G92,1366 x 768,Yes,Nvidia,GDDR3,GeForce 8800 GTS 512MB,"
01-Dec-2007",2560x1600,Yes
513.0,143.0,320.0,63.4,320.0,792.0,10.0,20.0,Tesla G80-100-K0-A2,,Yes,Nvidia,GDDR3,GeForce 8800 GTS,"
01-Feb-2007",2560x1600,Yes
672.375,270.0,1024.0,102.4,256.0,800.0,21.0,16.0,G92 (x2),1366 x 768,Yes,Nvidia,GDDR3,GeForce 8800 GTS 512MB SLI,"
01-Dec-2007",2560x1600,Yes
576.0,143.0,640.0,72.0,320.0,900.0,12.0,20.0,Tesla G80,1440 x 900,Yes,Nvidia,GDDR3,GeForce 8800 GTS EVGA SSC 640MB Edition,"
01-Nov-2006",2560x1600,No
600.0,105.0,512.0,57.6,256.0,900.0,10.0,16.0,Tesla G92-270-A2,1366 x 768,Yes,Nvidia,GDDR3,GeForce 8800 GT,"
29-Oct-2007",2560x1600,Yes
540.0,47.0,512.0,12.8,128.0,400.0,4.0,8.0,Tesla G84,1024 x 768,Yes,Nvidia,GDDR3,GeForce 8600 GT Inno3D 512MB GDDR2,"
01-Jun-2007",2560x1600,Yes
675.0,75.0,512.0,32.0,128.0,1000.0,5.0,8.0,Tesla G84,1280 x 720,Yes,Nvidia,GDDR3,GeForce 8600 GTS 512MB,"
01-Apr-2007",2560x1600,Yes
675.0,75.0,256.0,32.0,128.0,1000.0,5.0,8.0,Tesla G84,1280 x 720,Yes,Nvidia,GDDR3,GeForce 8600 GTS 256MB,"
01-Apr-2007",2560x1600,Yes
581.25,105.0,384.0,38.4,192.0,800.0,7.0,12.0,G92,1280 x 720,Yes,Nvidia,GDDR3,GeForce 8800 GS,"
01-Jan-2008",2560x1600,Yes
540.0,75.0,512.0,12.8,128.0,400.0,4.0,8.0,Tesla G84,1024 x 768,Yes,Nvidia,GDDR3,GeForce 8600 GT Asus Magic 512MB DDR2,"
01-Apr-2007",2560x1600,Yes
540.0,47.0,256.0,22.4,128.0,700.0,4.0,8.0,Tesla G84,1024 x 768,Yes,Nvidia,GDDR3,GeForce 8600 GT,"
01-Apr-2007",2560x1600,Yes
540.0,47.375,1024.0,12.8,128.0,400.0,4.0,8.0,Tesla G84,1024 x 768,Yes,Nvidia,GDDR3,GeForce 8600 GT Inno3D 1GB GDDR2,"
01-Jun-2007",2560x1600,Yes
540.0,35.125,256.0,12.8,128.0,400.0,4.0,8.0,Tesla G84,1024 x 768,Yes,Nvidia,GDDR3,GeForce 8600 GT Inno3D 256MB GDDR2,"
01-Jun-2007",2560x1600,Yes
640.0,42.625,256.0,27.2,128.0,850.0,5.0,8.0,Tesla G84,1024 x 768,Yes,Nvidia,GDDR3,GeForce 8600 GT 256MB DDR3 Fatal1ty Edition,"
01-Jun-2007",2560x1600,Yes
540.0,46.0,512.0,22.4,128.0,700.0,4.0,8.0,Tesla G84,1024 x 768,Yes,Nvidia,GDDR3,GeForce 8600 GT 512MB GDDR3,"
01-Apr-2007",2560x1600,Yes
460.0,30.0,1024.0,12.8,128.0,400.0,2.0,4.0,Tesla G86,1024 x 768,Yes,Nvidia,DDR2,GeForce 8500 GT Inno3D 1GB Edition,"
01-May-2007",2560x1600,Yes
450.0,30.0,256.0,12.8,128.0,400.0,2.0,4.0,Tesla G86,1024 x 768,Yes,Nvidia,DDR2,GeForce 8500 GT,"
01-Apr-2007",2560x1600,Yes
451.25,47.0,256.0,12.8,128.0,400.0,4.0,8.0,G84,1024 x 768,Yes,Nvidia,DDR2,GeForce 8600 GS,"
01-Apr-2007",2560x1600,Yes
520.0,40.0,1024.0,9.6,64.0,600.0,2.0,4.0,Tesla GT218,1024 x 768,Yes,Nvidia,DDR3,GeForce 8400 GS Rev. 4 EVGA 1GB Edition,"
17-Apr-2007",2560x1600,No
520.0,40.0,512.0,8.0,64.0,500.0,2.0,4.0,Tesla GT218,1024 x 768,Yes,Nvidia,DDR3,GeForce 8400 GS Rev. 4,"
17-Apr-2007",2560x1600,No
620.0,51.875,528.0,12.075,64.0,691.875,2.0,4.0,MCP78,800 x 600,No,Nvidia,DDR2,GeForce 8300,"
02-Jan-2008",2560x1600,Yes
520.0,25.0,512.0,6.4,64.0,400.0,2.0,4.0,Tesla GT218,1024 x 768,Yes,Nvidia,DDR2,GeForce 8400 GS Rev. 3,"
12-Jul-2010",2560x1600,No
563.75,41.5,1088.0,57.60000000000001,160.0,800.0,2.0,4.0,MCP78,800 x 600,No,Nvidia,DDR2,GeForce 8200,"
02-Jan-2008",1920x1440,Yes
450.0,18.0,256.0,6.4,64.0,400.0,2.0,4.0,Tesla G86,800 x 600,Yes,Nvidia,DDR2,GeForce 8400 GS,"
17-Apr-2007",2048x1536,No
450.0,40.0,512.0,12.8,64.0,800.0,2.0,4.0,Tesla G86,800 x 600,Yes,Nvidia,DDR2,GeForce 8300 GS,"
01-Jul-2007",2560x1600,Yes
451.25,28.125,32.0,2.9,128.0,183.0,1.75,4.25,NV5,,Yes,Nvidia,DDR,Riva TNT2 Ultra,"
15-Mar-1999",,No
563.75,41.5,1088.0,57.60000000000001,160.0,800.0,2.0,4.0,MCP78,800 x 600,No,Nvidia,DDR2,GeForce 8100 nForce 720a,"
17-Apr-2007",1920x1440,Yes
567.0,25.0,512.0,6.4,64.0,400.0,5.0,8.0,Tesla G98,1024 x 768,Yes,Nvidia,DDR2,GeForce 8400 GS Rev. 2,"
01-Dec-2007",2560x1600,No
454.625,15.0,32.0,1.2,64.0,150.0,2.375,4.0,NV6,,Yes,Nvidia,DDR,Riva TNT2 M64,"
01-Oct-1999",,No
451.25,27.0,32.0,2.4,128.0,150.0,1.75,4.25,NV5,,Yes,Nvidia,DDR,Riva TNT2,"
15-Mar-1999",,No
451.25,39.125,32.0,2.7,128.0,166.0,1.75,4.25,NV5,,Yes,Nvidia,DDR,Riva TNT2 Pro,"
12-Oct-1999",,No
626.5,18.0,512.0,12.6,64.0,790.0,2.75,4.0,GT218,,Yes,Nvidia,DDR3,Quadro NVS 300,"
01-Dec-2010",2560x1600,No
550.0,20.0,512.0,14.0,64.0,875.0,2.0,4.0,Fermi GF119,,Yes,Nvidia,DDR3,Quadro NVS 310,"
01-Jun-2012",2560x1600,No
451.25,37.5,16.0,1.8,128.0,110.0,1.75,4.25,NV4,,Yes,Nvidia,DDR,Riva TNT,"
23-Mar-1998",,No
559.25,23.0,256.0,11.2,64.0,700.0,2.0,4.0,G98,,Yes,Nvidia,GDDR3,Quadro NVS 295,"
07-May-2009",2560x1600,No
458.75,21.0,256.0,6.4,64.0,400.0,2.0,4.0,G86,1024 x 768,Yes,Nvidia,DDR2,Quadro NVS 290,"
04-Oct-2007",2560x1600,No
1019.625,750.0,8192.0,640.0,512.0,1250.0,106.0,64.0,Terascale 2 Antilles (x2),1920 x 1080,Yes,AMD,GDDR5,Radeon HD 6990 Crossfire,"
01-Mar-2011",2560x1600,Yes
451.25,18.0,128.0,4.4,128.0,275.0,1.0,2.0,NV44 A2,,Yes,Nvidia,DDR,Quadro NVS 285,"
06-Jun-2006",1920x1200,No
318.75,13.25,64.0,22.9125,128.0,850.25,1.75,4.0,NV34GL,,Yes,Nvidia,DDR,Quadro NVS 280,"
01-Apr-2004",,No
830.0,375.0,4096.0,320.0,256.0,1250.0,53.0,32.0,Terascale 3 Antilles,1920 x 1080,Yes,AMD,GDDR5,Radeon HD 6990,"
08-Mar-2011",2560x1600,Yes
830.0,375.0,4096.0,320.0,512.0,1250.0,53.0,64.0,Terascale 3 Antilles,1920 x 1080,Yes,AMD,GDDR5,Radeon HD 6990 Asus Edition,"
01-Mar-2011",2560x1600,Yes
522.0,20.125,172.0,101.06250000000001,64.0,125.0,2.25,4.0,NV6,,No,Nvidia,,Vanta 16MB,"
22-Mar-1999",1600x1280,No
900.0,250.0,2048.0,179.2,256.0,1400.0,29.0,32.0,Terascale 3 Cayman XT,1920 x 1080,Yes,AMD,GDDR5,Radeon HD 6970 XXX Edition,"
01-Dec-2010",2560x1600,Yes
880.0,250.0,2048.0,176.0,256.0,1375.0,28.0,32.0,Terascale 3 Cayman XT,1920 x 1080,Yes,AMD,GDDR5,Radeon HD 6970 Sapphire Edition,"
01-Dec-2011",2560x1600,Yes
880.0,250.0,2048.0,176.0,256.0,1375.0,28.0,32.0,Terascale 3 Cayman XT,1920 x 1080,Yes,AMD,GDDR5,Radeon HD 6970 MSI Edition,"
01-Dec-2010",2560x1600,Yes
880.0,250.0,2048.0,176.0,256.0,1375.0,28.0,32.0,Terascale 3 Cayman XT,1920 x 1080,Yes,AMD,GDDR5,Radeon HD 6970 Sapphire Dual Fan 2GB Edition,"
26-Sep-2011",2560x1600,Yes
940.0,250.0,2048.0,176.0,256.0,1375.0,30.0,32.0,Terascale 3 Cayman XT,1920 x 1080,Yes,AMD,GDDR5,Radeon HD 6970 Lightning Edition,"
01-Dec-2010",2560x1600,Yes
880.0,250.0,2048.0,176.0,256.0,1375.0,28.0,32.0,Terascale 3 Cayman XT,1920 x 1080,Yes,AMD,GDDR5,Radeon HD 6970 PowerColor 2GB Edition,"
14-Dec-2010",2560x1600,Yes
880.0,250.0,2048.0,176.0,256.0,1375.0,28.0,32.0,Terascale 3 Cayman XT,1920 x 1080,Yes,AMD,GDDR5,Radeon HD 6970 HIS IceQ 2GB Edition,"
14-Dec-2010",2560x1600,Yes
880.0,550.0,2048.0,352.0,256.0,1375.0,56.0,32.0,Terascale 3 Cayman XT (x2),1920 x 1080,Yes,AMD,GDDR5,Radeon HD 6970 CrossFire,"
15-Dec-2010",2560x1600,Yes
880.0,250.0,2048.0,176.0,256.0,1375.0,28.0,32.0,Terascale 3 Cayman XT,1920 x 1080,Yes,AMD,GDDR5,Radeon HD 6970,"
14-Dec-2010",2560x1600,Yes
890.0,250.0,2048.0,176.0,256.0,1375.0,28.0,32.0,Terascale 3 Cayman XT,1920 x 1080,Yes,AMD,GDDR5,Radeon HD 6970 Asus Edition,"
01-Dec-2010",2560x1600,Yes
800.0,200.0,2048.0,160.0,256.0,1250.0,26.0,32.0,Terascale 3 Cayman Pro,1920 x 1080,Yes,AMD,GDDR5,Radeon HD 6950 XFX 2GB Edition,"
14-Dec-2010",2560x1600,Yes
800.0,200.0,2048.0,160.0,256.0,1250.0,26.0,32.0,Terascale 3 Cayman Pro,1920 x 1080,Yes,AMD,GDDR5,Radeon HD 6950 Sapphire 2GB Edition,"
01-Dec-2010",2560x1600,Yes
800.0,162.5,2048.0,160.0,256.0,1250.0,26.0,32.0,Terascale 3 Cayman Pro,1920 x 1080,Yes,AMD,GDDR5,Radeon HD 6950 Twin Frozr III Power Edition,"
01-Oct-2010",2560x1600,Yes
800.0,139.375,1024.0,160.0,256.0,1250.0,26.0,32.0,Terascale 3 Cayman Pro,1920 x 1080,Yes,AMD,GDDR5,Radeon HD 6950 Sapphire 1GB Edition,"
01-Oct-2011",2560x1600,Yes
800.0,200.0,2048.0,160.0,256.0,1250.0,26.0,32.0,Terascale 3 Cayman Pro,1920 x 1080,Yes,AMD,GDDR5,Radeon HD 6950 PowerColor 2GB Edition,"
01-Dec-2010",2560x1600,Yes
800.0,162.5,2048.0,160.0,256.0,1250.0,26.0,32.0,Terascale 3 Cayman Pro,1920 x 1080,Yes,AMD,GDDR5,Radeon HD 6950 XFX Dual-Fan 2GB Edition,"
01-Oct-2010",2560x1600,Yes
800.0,200.0,1024.0,160.0,256.0,1250.0,26.0,32.0,Terascale 3 Cayman Pro,1920 x 1080,Yes,AMD,GDDR5,Radeon HD 6950 PowerColor 1GB Edition,"
01-Dec-2010",2560x1600,Yes
942.5,400.0,4096.0,320.0,256.0,1250.0,51.0,32.0,Cayman Pro,1920 x 1080,Yes,AMD,GDDR5,Radeon HD 6950 Crossfire,"
01-Oct-2010",2560x1600,Yes
840.0,144.0,2048.0,163.8,256.0,1280.0,27.0,32.0,Terascale 3 Cayman Pro,1920 x 1080,Yes,AMD,GDDR5,Radeon HD 6950 IceQ X Turbo 2GB Edition,"
01-Jun-2011",2560x1600,Yes
870.0,200.0,1024.0,160.0,256.0,1250.0,28.0,32.0,Terascale 3 Cayman Pro,1920 x 1080,Yes,AMD,GDDR5,Radeon HD 6950 Gigabyte WindForce 3X OC 1GB Edition,"
20-Dec-2010",2560x1600,Yes
925.0,177.875,1024.0,134.4,256.0,1050.0,30.0,32.0,Terascale 2 Barts XT,1920 x 1080,Yes,AMD,GDDR5,Radeon HD 6870 XFX DD XXX Edition,"
01-Nov-2011",2560x1600,Yes
870.5,262.75,2048.0,268.8,256.0,1050.0,58.0,32.0,Barts XT,1920 x 1080,Yes,AMD,GDDR5,Radeon HD 6870 PowerColor X2 Edition,"
01-Jul-2011",2560x1600,Yes
900.0,150.0,2048.0,134.4,256.0,1050.0,29.0,32.0,Terascale 2 Barts XT,1920 x 1080,Yes,AMD,GDDR5,Radeon HD 6870 XFX 2GB Edition,"
01-Oct-2010",2560x1600,Yes
900.0,169.5,1024.0,134.4,256.0,1050.0,29.0,32.0,Terascale 2 Barts XT,1920 x 1080,Yes,AMD,GDDR5,Radeon HD 6870 XFX 1GB Core Edition,"
01-Oct-2010",2560x1600,Yes
930.0,174.125,1024.0,134.4,256.0,1050.0,30.0,32.0,Terascale 2 Barts XT,1920 x 1080,Yes,AMD,GDDR5,Radeon HD 6870 MSI Hawk 1GB Edition,"
01-Feb-2011",2560x1600,Yes
920.0,251.0,1024.0,134.4,256.0,1050.0,29.0,32.0,Terascale 2 Barts XT,1920 x 1080,Yes,AMD,GDDR5,Radeon HD 6870 Sapphire Dirt3 Edition,"
01-Oct-2010",2560x1600,Yes
800.0,200.0,2048.0,160.0,256.0,1250.0,26.0,32.0,Terascale 3 Cayman Pro,1920 x 1080,Yes,AMD,GDDR5,Radeon HD 6950,"
15-Dec-2010",2560x1600,Yes
900.0,169.5,1024.0,134.4,256.0,1050.0,29.0,32.0,Terascale 2 Barts XT,1920 x 1080,Yes,AMD,GDDR5,Radeon HD 6870 IceQ X Edition,"
01-Mar-2011",2560x1600,Yes
900.0,169.5,1024.0,134.4,256.0,1050.0,29.0,32.0,Terascale 2 Barts XT,1920 x 1080,Yes,AMD,GDDR5,Radeon HD 6870 PowerColor 1GB Edition,"
01-Nov-2011",2560x1600,Yes
940.0,151.0,1024.0,147.2,256.0,1150.0,30.0,32.0,Terascale 2 Barts XT,1920 x 1080,Yes,AMD,GDDR5,Radeon HD 6870 XFX Black Edition,"
01-Oct-2010",2560x1600,Yes
915.0,225.0,1024.0,134.4,256.0,1050.0,29.0,32.0,Terascale 2 Barts XT,1920 x 1080,Yes,AMD,GDDR5,Radeon HD 6870 DirectCU 1GB Edition,"
01-Jan-2011",2560x1600,Yes
900.0,302.0,2048.0,268.8,256.0,1050.0,58.0,32.0,Terascale 2 Barts XT (x2),1920 x 1080,Yes,AMD,GDDR5,Radeon HD 6870 Crossfire,"
01-Oct-2010",2560x1600,Yes
915.0,251.0,1024.0,134.4,256.0,1050.0,29.0,32.0,Terascale 2 Barts XT,1920 x 1080,Yes,AMD,GDDR5,Radeon HD 6870 Gigabyte OC Edition,"
01-Oct-2010",2560x1600,Yes
775.0,150.875,1024.0,128.0,256.0,1000.0,25.0,32.0,Terascale 2 Barts Pro,1680 x 1050,Yes,AMD,GDDR5,Radeon HD 6850 XFX,"
01-Oct-2010",2560x1600,Yes
800.0,137.0,1024.0,134.4,256.0,1050.0,26.0,32.0,Terascale 2 Barts Pro,1680 x 1050,Yes,AMD,GDDR5,Radeon HD 6850 XFX Black Edition,"
01-Oct-2010",2560x1600,Yes
800.0,137.0,1024.0,134.4,256.0,1050.0,26.0,32.0,Terascale 2 Barts Pro,1680 x 1050,Yes,AMD,GDDR5,Radeon HD 6850 VTX3D 1GB X-Edition,"
01-Sep-2011",2560x1600,Yes
775.0,150.875,1024.0,128.0,256.0,1000.0,25.0,32.0,Terascale 2 Barts Pro,1680 x 1050,Yes,AMD,GDDR5,Radeon HD 6850 Sapphire 1GB Edition,"
01-Oct-2010",2560x1600,Yes
900.0,151.0,1024.0,134.4,256.0,1050.0,29.0,32.0,Terascale 2 Barts XT,1920 x 1080,Yes,AMD,GDDR5,Radeon HD 6870,"
22-Oct-2010",2560x1600,Yes
820.0,134.75,1024.0,140.8,256.0,1100.0,26.0,32.0,Terascale 2 Barts Pro,1680 x 1050,Yes,AMD,GDDR5,Radeon HD 6850 Toxic 1GB Edition,"
01-Dec-2011",2560x1600,Yes
775.0,127.0,1024.0,128.0,256.0,1000.0,25.0,32.0,Terascale 2 Barts Pro,1680 x 1050,Yes,AMD,GDDR5,Radeon HD 6850 PowerColor Edition,"
01-Nov-2010",2560x1600,Yes
860.0,142.0,1024.0,140.8,256.0,1100.0,28.0,32.0,Terascale 2 Barts Pro,1680 x 1050,Yes,AMD,GDDR5,Radeon HD 6850 MSI OC Power Edition,"
01-Oct-2010",2560x1600,Yes
800.0,142.75,1024.0,128.0,256.0,1000.0,26.0,32.0,Terascale 2 Barts Pro,1680 x 1050,Yes,AMD,GDDR5,Radeon HD 6850 MSI OC 8cm PWM Fan Edition,"
01-Oct-2010",2560x1600,Yes
820.0,134.75,1024.0,140.8,256.0,1100.0,26.0,32.0,Terascale 2 Barts Pro,1680 x 1050,Yes,AMD,GDDR5,Radeon HD 6850 IceQ X Turbo Edition,"
07-Mar-2011",2560x1600,Yes
820.0,136.875,1024.0,134.4,256.0,1050.0,26.0,32.0,Terascale 2 Barts Pro,1680 x 1050,Yes,AMD,GDDR5,Radeon HD 6850 MSI OC 9cm PWM Fan Edition,"
01-Oct-2010",2560x1600,Yes
775.0,150.875,1024.0,128.0,256.0,1000.0,25.0,32.0,Terascale 2 Barts Pro,1680 x 1050,Yes,AMD,GDDR5,Radeon HD 6850 IceQ X Edition,"
01-Mar-2011",2560x1600,Yes
820.0,136.875,1024.0,134.4,256.0,1050.0,26.0,32.0,Terascale 2 Barts Pro,1680 x 1050,Yes,AMD,GDDR5,Radeon HD 6850 GigaByte Edition,"
22-Oct-2010",2560x1600,Yes
790.0,147.625,1024.0,128.0,256.0,1000.0,25.0,32.0,Terascale 2 Barts Pro,1680 x 1050,Yes,AMD,GDDR5,Radeon HD 6850 DirectCU Edition,"
01-Oct-2010",2560x1600,Yes
846.125,262.375,2048.0,256.0,256.0,1000.0,50.0,32.0,Barts Pro,1920 x 1080,Yes,AMD,GDDR5,Radeon HD 6850 Crossfire,"
01-Oct-2010",2560x1600,Yes
820.0,1.0,1024.0,140.8,256.0,1100.0,26.0,32.0,Terascale 2 Barts Pro,1680 x 1050,Yes,AMD,GDDR5,Radeon HD 6850 Club-3D OC Edition,"
19-Nov-2010",2560x1600,Yes
775.0,127.0,1024.0,128.0,256.0,1000.0,25.0,32.0,Terascale 2 Barts Pro,1680 x 1050,Yes,AMD,GDDR5,Radeon HD 6850,"
22-Oct-2010",2560x1600,Yes
840.0,110.875,1024.0,134.4,256.0,1050.0,13.0,16.0,Terascale 2 Barts LE,1600 x 900,Yes,AMD,GDDR5,Radeon HD 6790 XFX 1GB Edition,"
01-Apr-2011",2560x1600,Yes
840.0,110.875,1024.0,134.4,256.0,1050.0,13.0,16.0,Terascale 2 Barts LE,1600 x 900,Yes,AMD,GDDR5,Radeon HD 6790 PowerColor 1GB Edition,"
01-Apr-2011",2560x1600,Yes
900.0,128.875,1024.0,140.8,256.0,1100.0,14.0,16.0,Terascale 2 Barts LE,1600 x 900,Yes,AMD,GDDR5,Radeon HD 6790 IceQ X Turbo 1GB Edition,"
01-Apr-2011",2560x1600,Yes
850.0,99.375,1024.0,76.8,128.0,1200.0,14.0,16.0,Terascale 2 Juniper XT,1600 x 900,Yes,AMD,GDDR5,Radeon HD 6770 XFX 1GB GDDR5 Core Edition,"
01-Jan-2011",2560x1600,Yes
840.0,150.0,1024.0,134.4,256.0,1050.0,13.0,16.0,Terascale 2 Barts LE,1600 x 900,Yes,AMD,GDDR5,Radeon HD 6790,"
04-Apr-2011",2560x1600,Yes
850.0,108.0,1024.0,76.8,128.0,1200.0,14.0,16.0,Terascale 2 Juniper XT,1600 x 900,Yes,AMD,GDDR5,Radeon HD 6770 PowerColor 1GB Edition,"
21-Jan-2011",2560x1600,Yes
850.0,108.0,1024.0,76.8,128.0,1200.0,14.0,16.0,Terascale 2 Juniper XT,1600 x 900,Yes,AMD,GDDR5,Radeon HD 6770 Sapphire 1GB Edition,"
18-Apr-2011",2560x1600,Yes
800.0,45.25,1024.0,70.4,128.0,1100.0,13.0,16.0,Terascale 2 Juniper XT,1600 x 900,Yes,AMD,GDDR5,Radeon HD 6770 MSI MD 1GB,"
01-Oct-2010",2560x1600,Yes
850.0,108.0,1024.0,76.8,128.0,1200.0,14.0,16.0,Terascale 2 Juniper XT,1600 x 900,Yes,AMD,GDDR5,Radeon HD 6770 Asus DirectCU 1GB Edition,"
21-Jan-2011",2560x1600,Yes
1007.375,206.0,2048.0,153.6,128.0,1200.0,27.0,16.0,Juniper XT,1600 x 900,Yes,AMD,GDDR5,Radeon HD 6770 Crossfire,"
01-Jan-2011",2560x1600,Yes
850.0,108.0,1024.0,76.8,128.0,1200.0,14.0,16.0,Terascale 2 Juniper XT,1600 x 900,Yes,AMD,GDDR5,Radeon HD 6770 Asus 1GB Edition,"
21-Jan-2011",2560x1600,Yes
850.0,108.0,1024.0,76.8,128.0,1200.0,14.0,16.0,Terascale 2 Juniper XT,1600 x 900,Yes,AMD,GDDR5,Radeon HD 6770,"
21-Jan-2011",2560x1600,Yes
700.0,86.0,2048.0,25.6,128.0,800.0,11.0,16.0,Terascale 2 Juniper PRO,1366 x 768,Yes,AMD,DDR3,Radeon HD 6750 v2,"
21-Jan-2011",2560x1600,Yes
700.0,86.0,1024.0,73.6,128.0,1150.0,11.0,16.0,Terascale 2 Juniper PRO,1600 x 900,Yes,AMD,GDDR5,Radeon HD 6750 PowerColor SCS3 Dirt3 1GB Edition,"
01-Apr-2011",2560x1600,Yes
700.0,86.0,1024.0,25.6,128.0,800.0,11.0,16.0,Terascale 2 Juniper PRO,1366 x 768,Yes,AMD,DDR3,Radeon HD 6750 v2 PowerColor 1GB Edition,"
01-Dec-2011",2560x1600,Yes
700.0,86.0,1024.0,64.0,128.0,1000.0,11.0,16.0,Terascale 2 Juniper PRO,1600 x 900,Yes,AMD,GDDR5,Radeon HD 6750 PowerColor 1GB Edition,"
01-Apr-2011",2560x1600,Yes
700.0,86.0,2048.0,21.3,128.0,667.0,11.0,16.0,Terascale 2 Juniper PRO,1366 x 768,Yes,AMD,DDR3,Radeon HD 6750 v2 PowerColor 2GB Edition,"
01-Dec-2011",2560x1600,Yes
700.0,86.0,1024.0,73.6,128.0,1150.0,11.0,16.0,Terascale 2 Juniper PRO,1600 x 900,Yes,AMD,GDDR5,Radeon HD 6750,"
21-Jan-2011",2560x1600,Yes
700.0,86.0,1024.0,73.6,128.0,1150.0,11.0,16.0,Terascale 2 Juniper PRO,1600 x 900,Yes,AMD,GDDR5,Radeon HD 6750 PowerColor Low Profile Dirt3 1GB Edition,"
01-Apr-2011",2560x1600,Yes
800.0,66.0,1024.0,64.0,128.0,1000.0,6.0,8.0,Terascale 2 Turks XT,1600 x 900,Yes,AMD,GDDR5,Radeon HD 6670 XFX Core 1GB Edition,"
19-Apr-2011",2560x1600,Yes
820.0,66.0,1024.0,28.8,128.0,900.0,7.0,8.0,Terascale 2 Turks XT,1366 x 768,Yes,AMD,DDR3,Radeon HD 6670 v2 Gigabyte OC 1GB Edition,"
19-Apr-2011",2560x1600,Yes
740.0,86.0,1024.0,76.8,128.0,1200.0,12.0,16.0,Terascale 2 Juniper PRO,1600 x 900,Yes,AMD,GDDR5,Radeon HD 6750 Gigabyte OC 1GB Edition,"
01-Mar-2011",2560x1600,Yes
800.0,66.0,2048.0,21.3,128.0,667.0,6.0,8.0,Terascale 2 Turks XT,1366 x 768,Yes,AMD,DDR3,Radeon HD 6670 v2 MSI 2GB Edition,"
19-Apr-2011",2560x1600,Yes
800.0,66.0,1024.0,25.6,128.0,800.0,6.0,8.0,Terascale 2 Turks XT,1366 x 768,Yes,AMD,DDR3,Radeon HD 6670 v2 HIS Fan 1GB Edition,"
19-Apr-2011",2560x1600,Yes
800.0,66.0,2048.0,19.2,128.0,600.0,6.0,8.0,Terascale 2 Turks XT,1366 x 768,Yes,AMD,DDR3,Radeon HD 6670 v2 Diamond 2GB Edition,"
19-Apr-2011",2560x1600,Yes
800.0,66.0,2048.0,25.6,128.0,800.0,6.0,8.0,Terascale 2 Turks XT,1366 x 768,Yes,AMD,DDR3,Radeon HD 6670 v2 Gigabyte 2GB Edition,"
19-Apr-2011",2560x1600,Yes
800.0,66.0,1024.0,25.6,128.0,800.0,6.0,8.0,Terascale 2 Turks XT,1366 x 768,Yes,AMD,DDR3,Radeon HD 6670 v2 Sapphire 1GB Edition,"
19-Apr-2011",2560x1600,Yes
800.0,66.0,1024.0,64.0,128.0,1000.0,6.0,8.0,Terascale 2 Turks XT,1600 x 900,Yes,AMD,GDDR5,Radeon HD 6670 Sapphire Ultimate 1GB Edition,"
19-Apr-2011",2560x1600,Yes
800.0,66.0,1024.0,25.6,128.0,800.0,6.0,8.0,Terascale 2 Turks XT,1366 x 768,Yes,AMD,DDR3,Radeon HD 6670 v2 Gigabyte 1GB Edition,"
19-Apr-2011",2560x1600,Yes
800.0,66.0,1024.0,64.0,128.0,1000.0,6.0,8.0,Terascale 2 Turks XT,1600 x 900,Yes,AMD,GDDR5,Radeon HD 6670 Sapphire 1GB Edition,"
19-Apr-2011",2560x1600,Yes
800.0,66.0,2048.0,25.6,128.0,800.0,6.0,8.0,Terascale 2 Turks XT,1366 x 768,Yes,AMD,DDR3,Radeon HD 6670 v2,"
19-Apr-2011",2560x1600,Yes
800.0,66.0,1024.0,64.0,128.0,1000.0,6.0,8.0,Terascale 2 Turks XT,1600 x 900,Yes,AMD,GDDR5,Radeon HD 6670 HIS Fan 1GB Edition,"
19-Apr-2011",2560x1600,Yes
800.0,66.0,1024.0,64.0,128.0,1000.0,6.0,8.0,Terascale 2 Turks XT,1600 x 900,Yes,AMD,GDDR5,Radeon HD 6670 MSI Dual Fan 1GB Edition,"
19-Apr-2011",2560x1600,Yes
800.0,66.0,1024.0,64.0,128.0,1000.0,6.0,8.0,Terascale 2 Turks XT,1600 x 900,Yes,AMD,GDDR5,Radeon HD 6670 MSI Single Fan 1GB Edition,"
19-Apr-2011",2560x1600,Yes
650.0,44.0,1024.0,20.8,128.0,650.0,5.0,8.0,Terascale 2 Turks PRO-L,1366 x 768,Yes,AMD,DDR3,Radeon HD 6570 v2 XFX Silent 1GB Edition,"
15-Nov-2011",2560x1600,Yes
650.0,44.0,1024.0,21.3,128.0,667.0,5.0,8.0,Terascale 2 Turks PRO-L,1366 x 768,Yes,AMD,DDR3,Radeon HD 6570 v2 Sapphire Hyper Memory 1GB Edition,"
19-Apr-2011",2560x1600,Yes
650.0,44.0,2048.0,16.0,128.0,500.0,5.0,8.0,Terascale 2 Turks PRO-L,1366 x 768,Yes,AMD,DDR3,Radeon HD 6570 v2 PowerColor 2GB Edition,"
19-Apr-2011",2560x1600,No
800.0,66.0,1024.0,64.0,128.0,1000.0,6.0,8.0,Terascale 2 Turks XT,1600 x 900,Yes,AMD,GDDR5,Radeon HD 6670,"
19-Apr-2011",2560x1600,Yes
650.0,44.0,1024.0,28.8,128.0,900.0,5.0,8.0,Terascale 2 Turks PRO-L,1366 x 768,Yes,AMD,DDR3,Radeon HD 6570 v2 MSI Single Fan 1GB Edition,"
19-Sep-2011",2560x1600,Yes
810.0,66.0,1024.0,64.0,128.0,1000.0,6.0,8.0,Terascale 2 Turks XT,1600 x 900,Yes,AMD,GDDR5,Radeon HD 6670 Asus 1GB Edition,"
19-Apr-2011",2560x1600,Yes
650.0,44.0,1024.0,16.0,128.0,500.0,5.0,8.0,Terascale 2 Turks PRO-L,1366 x 768,Yes,AMD,DDR3,Radeon HD 6570 v2 PowerColor 1GB Edition,"
19-Apr-2011",2560x1600,Yes
650.0,44.0,1024.0,25.6,128.0,800.0,5.0,8.0,Terascale 2 Turks PRO-L,1366 x 768,Yes,AMD,DDR3,Radeon HD 6570 v2 Sapphire 1GB Edition,"
19-Apr-2011",2560x1600,Yes
650.0,44.0,1024.0,21.3,128.0,667.0,5.0,8.0,Terascale 2 Turks PRO-L,1366 x 768,Yes,AMD,DDR3,Radeon HD 6570 v2 MSI Dual Fan 1GB Edition,"
19-Sep-2011",2560x1600,Yes
650.0,44.0,1024.0,28.8,128.0,900.0,5.0,8.0,Terascale 2 Turks PRO-L,1366 x 768,Yes,AMD,DDR3,Radeon HD 6570 v2,"
07-Feb-2011",2560x1600,Yes
650.0,44.0,4096.0,25.6,128.0,800.0,5.0,8.0,Terascale 2 Turks PRO-L,1366 x 768,Yes,AMD,DDR3,Radeon HD 6570 v2 Sapphire 4GB Edition,"
19-Apr-2011",2560x1600,Yes
650.0,18.0,2048.0,9.3,64.0,580.0,3.0,4.0,Terascale 2 Caicos XT,1024 x 768,Yes,AMD,GDDR3,Radeon HD 6450 v4,"
05-Apr-2012",2560x1600,No
625.0,25.0,1024.0,8.5,64.0,533.0,3.0,4.0,Terascale 2 Caicos PRO,1024 x 768,Yes,AMD,DDR3,Radeon HD 6450A,"
07-Apr-2011",2560x1600,No
625.0,18.0,1024.0,12.8,64.0,800.0,3.0,4.0,Terascale 2 Caicos PRO,1024 x 768,Yes,AMD,GDDR3,Radeon HD 6450 v3 Sapphire FleX 1GB Edition,"
19-Apr-2011",2560x1600,No
625.0,18.0,2048.0,10.7,64.0,667.0,3.0,4.0,Terascale 2 Caicos PRO,1024 x 768,Yes,AMD,GDDR3,Radeon HD 6450 v3 MSI Low Profile 2GB Edition,"
19-Apr-2011",2560x1600,No
675.0,18.0,1024.0,12.8,64.0,800.0,3.0,4.0,Terascale 2 Caicos PRO,1024 x 768,Yes,AMD,GDDR3,Radeon HD 6450 v3 Gigabyte OC 1GB Edition,"
17-Apr-2011",2560x1600,No
625.0,18.0,2048.0,10.7,64.0,667.0,3.0,4.0,Terascale 2 Caicos PRO,1024 x 768,Yes,AMD,GDDR3,Radeon HD 6450 v3 Sapphire 2GB Edition,"
19-Apr-2011",2560x1600,No
625.0,18.0,512.0,8.5,64.0,533.0,3.0,4.0,Terascale 2 Caicos PRO,1024 x 768,Yes,AMD,GDDR3,Radeon HD 6450 v3,"
07-Feb-2011",2560x1600,No
750.0,18.0,512.0,25.6,64.0,800.0,3.0,4.0,Terascale 2 Caicos PRO,1366 x 768,Yes,AMD,GDDR5,Radeon HD 6450 Sapphire OC 512MB Edition,"
07-Apr-2011",2560x1600,No
750.0,18.0,512.0,28.8,64.0,900.0,3.0,4.0,Terascale 2 Caicos XT,1366 x 768,Yes,AMD,GDDR5,Radeon HD 6450 v2,"
07-Apr-2011",2560x1600,No
625.0,18.0,512.0,25.6,64.0,800.0,3.0,4.0,Terascale 2 Caicos PRO,1366 x 768,Yes,AMD,GDDR5,Radeon HD 6450,"
07-Apr-2011",2560x1600,No
625.0,18.0,1024.0,9.6,64.0,600.0,3.0,4.0,Terascale 2 Caicos PRO,1024 x 768,Yes,AMD,GDDR3,Radeon HD 6450 v3 Asus Low Profile Silent 2GB Edition,"
25-Aug-2011",2560x1600,No
650.0,19.0,512.0,12.8,64.0,800.0,3.0,4.0,Terascale Cedar PRO,1024 x 768,Yes,AMD,GDDR3,Radeon HD 6350,"
07-Feb-2011",2560x1600,Yes
325.0,40.0,512.0,25.6,128.0,800.0,1.625,5.75,G96,,Yes,Nvidia,GDDR3,Quadro FX 580,"
09-Apr-2009",2560x1600,No
650.0,60.0,1024.0,64.0,128.0,1000.0,5.0,8.0,Terascale 2 Turks PRO,1600 x 900,Yes,AMD,GDDR5,Radeon HD 6570,"
19-Apr-2011",2560x1600,Yes
704.625,171.0,1536.0,76.8,384.0,800.0,16.375,24.0,G80GL,,Yes,Nvidia,GDDR3,Quadro FX 5600,"
03-May-2007",2560x1600,No
625.0,18.0,1024.0,10.7,64.0,667.0,3.0,4.0,Terascale 2 Caicos PRO,1024 x 768,Yes,AMD,GDDR3,Radeon HD 6450 v3 MSI Low Profile 1GB Edition,"
19-Apr-2011",2560x1600,No
650.0,19.0,1024.0,12.8,64.0,800.0,3.0,4.0,Terascale Cedar LE,1024 x 768,Yes,AMD,GDDR3,Radeon HD 6290,"
04-Dec-2011",2560x1600,No
664.125,96.0,1024.0,36.8,256.0,575.0,9.125,13.5,G71GL,,Yes,Nvidia,GDDR3,Quadro FX 5500,"
20-Apr-2006",2560x1600,No
843.75,109.0,512.0,36.8,256.0,575.0,24.125,23.125,G70GL,,Yes,Nvidia,GDDR3,Quadro FX 4500,"
28-Jul-2005",2560x1600,No
622.625,28.0,512.0,12.8,64.0,800.0,2.25,3.625,GT218GL,,Yes,Nvidia,DDR3,Quadro FX 380 LP,"
30-Dec-2009",2560x1600,No
648.625,108.0,1024.0,51.2,256.0,800.0,11.625,19.0,G200GL,,Yes,Nvidia,GDDR3,Quadro FX 3800,"
30-Mar-2009",2560x1600,Yes
631.375,34.0,256.0,22.4,128.0,700.0,2.625,5.25,G96,,Yes,Nvidia,GDDR3,Quadro FX 380,"
31-Mar-2009",2560x1600,No
606.25,78.0,512.0,51.2,256.0,800.0,7.125,11.5,G92,,Yes,Nvidia,GDDR3,Quadro FX 3700,"
08-Jan-2008",2560x1600,No
670.125,30.0,128.0,19.2,128.0,600.0,1.875,4.25,G73 GL,800 x 600,Yes,Nvidia,GDDR3,Quadro FX 560,"
20-Apr-2006",,No
761.25,80.0,256.0,42.2,256.0,660.0,3.375,7.25,G71GL,,Yes,Nvidia,GDDR3,Quadro FX 3500,"
20-Apr-2006",2560x1600,Yes
673.625,134.0,768.0,67.2,384.0,700.0,6.375,11.5,G80GL,,Yes,Nvidia,GDDR3,Quadro FX 4600,"
05-Mar-2007",2560x1600,No
602.5,101.0,256.0,28.8,256.0,450.0,24.0,23.0,NV45GL,,Yes,Nvidia,GDDR3,Quadro FX 3400,"
28-Jun-2004",2560x1600,No
585.25,83.0,256.0,64.0,256.0,1000.0,5.5,6.375,NV41 GL,,Yes,Nvidia,GDDR3,Quadro FX 3450,"
01-Jul-2005",,No
550.75,42.0,512.0,12.8,128.0,400.0,2.625,5.25,G84GL,,Yes,Nvidia,DDR2,Quadro FX 1700,"
12-Sep-2007",2560x1600,No
451.25,38.0,256.0,12.8,128.0,400.0,2.5,5.25,G84 GL,,Yes,Nvidia,DDR2,Quadro FX 570,"
12-Jan-2007",2560x1600,No
527.5,70.0,128.0,9.6,256.0,300.0,1.5,3.75,NV41GL,,Yes,Nvidia,DDR,Quadro FX 1400,"
09-Aug-2004",2560x1600,Yes
381.25,59.0,768.0,38.4,192.0,800.0,2.875,4.0,G94,,Yes,Nvidia,GDDR3,Quadro FX 1800,"
19-Nov-2011",2560x1600,No
625.0,18.0,1024.0,10.7,64.0,667.0,3.0,4.0,Terascale 2 Caicos PRO,1024 x 768,Yes,AMD,GDDR3,Radeon HD 6450 v3 Sapphire 1GB Edition,"
19-Apr-2011",2560x1600,No
617.5,60.125,256.0,13.6,256.0,425.0,3.0,6.5,NV35GL,,Yes,Nvidia,DDR,Quadro FX 3000,"
22-Jul-2003",2560x1600,No
527.5,55.0,128.0,8.8,256.0,275.0,1.5,3.75,NV38GL,,Yes,Nvidia,DDR,Quadro FX 1300,"
28-Jun-2004",2560x1600,No
451.25,22.125,128.0,9.6,128.0,300.0,1.75,4.25,NV30GL,,Yes,Nvidia,DDR2,Quadro FX 1000,"
21-Jan-2003",2560x1600,No
527.5,18.375,128.0,5.2,128.0,325.0,1.625,4.25,NV30GL,,Yes,Nvidia,DDR,Quadro FX 1100,"
03-Dec-2003",2560x1600,No
859.625,294.0,4096.0,256.0,256.0,1000.0,46.0,32.0,Hemlock XT,1920 x 1080,Yes,AMD,GDDR5,Radeon HD 5970 Eyefinity,"
18-Nov-2009",2560x1600,Yes
900.0,188.0,1024.0,153.6,256.0,1200.0,29.0,32.0,Terascale 2 Cypress XT,1920 x 1080,Yes,AMD,GDDR5,Radeon HD 5870 MSI Lightning Edition,"
23-Feb-2010",2560x1600,Yes
685.875,294.0,1664.0,256.0,512.0,1000.0,46.0,64.0,Hemlock XT,1920 x 1080,Yes,AMD,GDDR5,Radeon HD 5970,"
18-Nov-2009",2560x1600,Yes
527.5,31.0,128.0,12.8,128.0,400.0,1.75,4.25,NV30GL,,Yes,Nvidia,DDR2,Quadro FX 2000,"
01-Jan-2003",,No
938.5,588.0,4096.0,512.0,512.0,1000.0,93.0,64.0,Hemlock XT,1920 x 1080,Yes,AMD,GDDR5,Radeon HD 5970 Crossfire,"
01-Nov-2009",2560x1600,Yes
1010.0,350.0,2048.0,307.2,256.0,1200.0,54.0,32.0,Evergreen Cypress XT,1920 x 1080,Yes,AMD,GDDR5,Radeon HD 5870 Crossfire,"
18-Sep-2009",2560x1600,Yes
761.25,65.0,256.0,40.0,256.0,625.0,3.875,9.0,G71GL,,Yes,Nvidia,GDDR3,Quadro FX 1500,"
20-Apr-2006",2560x1600,No
850.0,300.0,1024.0,153.6,256.0,1200.0,27.0,32.0,Terascale 2 Cypress XT,1920 x 1080,Yes,AMD,GDDR5,Radeon HD 5870 Asus v2 1GB Edition,"
12-May-2010",2560x1600,Yes
850.0,195.0,2048.0,153.6,256.0,1200.0,27.0,32.0,Terascale 2 Cypress XT,1920 x 1080,Yes,AMD,GDDR5,Radeon HD 5870 2048MB,"
01-Sep-2009",2560x1600,Yes
765.0,151.0,1024.0,144.0,256.0,1125.0,24.0,32.0,Terascale 2 Cypress PRO,1920 x 1080,Yes,AMD,GDDR5,Radeon HD 5850 XFX Black 1GB Edition,"
13-Apr-2010",2560x1600,Yes
760.0,151.0,1024.0,134.4,256.0,1050.0,24.0,32.0,Terascale 2 Cypress PRO,1920 x 1080,Yes,AMD,GDDR5,Radeon HD 5850 PowerColor PCS+ 1GB Edition,"
01-Jan-2010",2560x1600,Yes
735.0,162.625,1024.0,134.4,256.0,1050.0,24.0,32.0,Terascale 2 Cypress PRO,1920 x 1080,Yes,AMD,GDDR5,Radeon HD 5850 Sapphire Vapor-X 1GB Edition,"
30-Sep-2009",2560x1600,Yes
658.375,150.0,1536.0,76.8,384.0,800.0,16.375,24.0,GT200b GL,,Yes,Nvidia,GDDR3,Quadro FX 4800,"
08-Nov-2011",2560x1600,No
725.0,151.0,1024.0,128.0,256.0,1000.0,23.0,32.0,Terascale 2 Cypress PRO,1920 x 1080,Yes,AMD,GDDR5,Radeon HD 5850 MSI Twin Frozr II 1GB Edition,"
30-Sep-2009",2560x1600,Yes
850.0,188.0,1024.0,153.6,256.0,1200.0,27.0,32.0,Terascale 2 Cypress XT,1920 x 1080,Yes,AMD,GDDR5,Radeon HD 5870 1024MB,"
23-Sep-2009",2560x1600,Yes
795.375,175.0,1024.0,128.0,256.0,1000.0,13.0,16.0,Evergreen Cypress LE,1920 x 1080,Yes,AMD,GDDR5,Radeon HD 5830,"
01-Feb-2010",2560x1600,Yes
860.0,108.0,1024.0,76.8,128.0,1200.0,14.0,16.0,Terascale 2 Juniper XT,1600 x 900,Yes,AMD,GDDR5,Radeon HD 5770 Sapphire Vapor-X Edition,"
13-Oct-2009",2560x1600,Yes
843.5,300.0,2048.0,256.0,256.0,1000.0,54.0,32.0,Evergreen Cypress PRO,1920 x 1080,Yes,AMD,GDDR5,Radeon HD 5850 Crossfire,"
18-Sep-2009",2560x1600,Yes
765.0,151.0,1024.0,128.0,256.0,1000.0,24.0,32.0,Terascale 2 Cypress PRO,1920 x 1080,Yes,AMD,GDDR5,Radeon HD 5850 Gigabyte OC 1GB Edition,"
01-Apr-2010",2560x1600,Yes
1007.375,206.0,2048.0,153.6,128.0,1200.0,27.0,16.0,Juniper XT,1600 x 900,Yes,AMD,GDDR5,Radeon HD 5770 Crossfire,"
01-Oct-2009",2560x1600,Yes
725.0,185.0,2048.0,128.0,256.0,1000.0,23.0,32.0,Terascale 2 Cypress PRO,1920 x 1080,Yes,AMD,GDDR5,Radeon HD 5850 2048MB,"
30-Sep-2009",2560x1600,Yes
850.0,108.0,1024.0,76.8,128.0,1200.0,14.0,16.0,Terascale 2 Juniper XT,1600 x 900,Yes,AMD,GDDR5,Radeon HD 5770 Sapphire 1GB Edition,"
13-Oct-2009",2560x1600,Yes
765.0,151.0,1024.0,144.0,256.0,1125.0,24.0,32.0,Terascale 2 Cypress PRO,1920 x 1080,Yes,AMD,GDDR5,Radeon HD 5850 HIS iCooler V Turbo 1GB Edition,"
30-Sep-2009",2560x1600,Yes
725.0,151.0,1024.0,128.0,256.0,1000.0,23.0,32.0,Terascale 2 Cypress PRO,1920 x 1080,Yes,AMD,GDDR5,Radeon HD 5850 1024MB,"
30-Sep-2009",2560x1600,Yes
850.0,99.375,1024.0,76.8,128.0,1200.0,14.0,16.0,Terascale 2 Juniper XT,1600 x 900,Yes,AMD,GDDR5,Radeon HD 5770 Club 3D Edition,"
01-Nov-2009",2560x1600,Yes
850.0,150.0,1024.0,76.8,128.0,1200.0,14.0,16.0,Terascale 2 Juniper XT,1600 x 900,Yes,AMD,GDDR5,Radeon HD 5770 Asus v2 Edition,"
01-Nov-2009",2560x1600,Yes
875.0,44.0,1024.0,76.8,128.0,1200.0,14.0,16.0,Terascale 2 Juniper XT,1600 x 900,Yes,AMD,GDDR5,Radeon HD 5770 MSI Hawk Edition,"
16-Dec-2009",2560x1600,Yes
850.0,108.0,512.0,76.8,128.0,1200.0,14.0,16.0,Terascale 2 Juniper XT,1600 x 900,Yes,AMD,GDDR5,Radeon HD 5770 512MB,"
01-Oct-2009",2560x1600,Yes
725.0,152.75,1024.0,128.0,256.0,1000.0,23.0,32.0,Terascale 2 Cypress PRO,1920 x 1080,Yes,AMD,GDDR5,Radeon HD 5850 PowerColor 1GB Edition,"
01-Sep-2010",2560x1600,Yes
854.375,44.0,1024.0,153.6,128.0,1200.0,27.0,16.0,Evergreen Juniper XT,1600 x 900,Yes,AMD,GDDR5,Radeon HD 5770 Club 3D Edition CrossFire,"
01-Nov-2009",2560x1600,Yes
775.0,46.875,1024.0,64.0,128.0,1000.0,6.0,8.0,Terascale 2 Redwood XT,1440 x 900,Yes,AMD,GDDR5,Radeon HD 5670 Sapphire 1GB GDDR5,"
01-Dec-2009",2560x1600,Yes
509.625,86.0,512.0,73.6,128.0,1150.0,11.0,16.0,Evergreen Juniper PRO,1600 x 900,Yes,AMD,GDDR5,Radeon HD 5750 512MB,"
01-Oct-2009",2560x1600,Yes
800.0,44.0,1024.0,60.8,128.0,950.0,6.0,8.0,Terascale 2 Redwood XT,1440 x 900,Yes,AMD,GDDR5,Radeon HD 5670 MSI 1GB OC Edition,"
01-Jan-2010",2560x1600,Yes
876.25,86.0,1024.0,73.6,128.0,1150.0,11.0,16.0,Evergreen Juniper PRO,1600 x 900,Yes,AMD,GDDR5,Radeon HD 5750 1024MB,"
01-Oct-2009",2560x1600,Yes
850.0,108.0,1024.0,76.8,128.0,1200.0,14.0,16.0,Terascale 2 Juniper XT,1600 x 900,Yes,AMD,GDDR5,Radeon HD 5770 1024MB,"
01-Oct-2009",2560x1600,Yes
950.0,44.0,1024.0,64.0,128.0,1000.0,8.0,8.0,Terascale 2 Redwood XT,1440 x 900,Yes,AMD,GDDR5,Radeon HD 5670 Gigabyte 1GB OC Edition,"
01-Jan-2010",2560x1600,Yes
768.75,64.0,1024.0,25.6,128.0,800.0,6.0,8.0,Evergreen Redwood XT,1366 x 768,Yes,AMD,DDR3,Radeon HD 5670 1GB DDR3,"
01-Jan-2010",2560x1600,Yes
548.125,45.375,1024.0,25.6,128.0,800.0,5.0,8.0,Evergreen Redwood PRO,1366 x 768,Yes,AMD,DDR3,Radeon HD 5570 XFX 1GB Edition,"
01-Feb-2010",2560x1600,Yes
775.0,64.0,1024.0,64.0,128.0,1000.0,6.0,8.0,Terascale 2 Redwood XT,1440 x 900,Yes,AMD,GDDR5,Radeon HD 5670 1024MB,"
14-Jan-2010",2560x1600,Yes
775.0,64.0,1024.0,64.0,128.0,1000.0,6.0,8.0,Terascale 2 Redwood XT,1440 x 900,Yes,AMD,GDDR5,Radeon HD 5670 Asus 1GB Edition,"
14-Jan-2010",2560x1600,Yes
768.75,64.0,1024.0,25.6,128.0,800.0,6.0,8.0,Evergreen Redwood XT,1366 x 768,Yes,AMD,DDR3,Radeon HD 5670 1GB DDR3 Sapphire Edition,"
14-Jan-2010",2560x1600,Yes
300.0,39.0,512.0,28.8,128.0,900.0,5.0,8.0,Evergreen Redwood PRO,1366 x 768,Yes,AMD,DDR3,Radeon HD 5570 512MB,"
09-Feb-2010",2560x1600,Yes
778.75,44.25,2048.0,25.6,128.0,800.0,5.0,8.0,Evergreen Redwood PRO,1366 x 768,Yes,AMD,DDR3,Radeon HD 5570 XFX Eyefinity X 2GB Edition,"
01-Jul-2010",2560x1600,Yes
622.5,61.0,512.0,64.0,128.0,1000.0,6.0,8.0,Evergreen Redwood XT,1440 x 900,Yes,AMD,GDDR5,Radeon HD 5670 512MB,"
14-Jan-2010",2560x1600,Yes
775.0,46.875,1024.0,64.0,128.0,1000.0,6.0,8.0,Terascale 2 Redwood XT,1440 x 900,Yes,AMD,GDDR5,Radeon HD 5670 Diamond 1GB GDDR5,"
01-Feb-2010",2560x1600,Yes
706.25,42.0,1024.0,28.8,128.0,900.0,5.0,8.0,Evergreen Redwood PRO,1366 x 768,Yes,AMD,DDR3,Radeon HD 5570 1024MB,"
09-Feb-2010",2560x1600,Yes
642.375,66.625,1024.0,10.7,64.0,667.0,3.0,4.0,Terascale 2 Cedar PRO,1024 x 768,Yes,AMD,DDR3,Radeon HD 5450 Sapphire 1GB DDR3 Edition,"
01-Aug-2012",2560x1600,Yes
554.625,20.75,1024.0,7.2,64.0,450.0,3.0,4.0,Terascale 2 Cedar PRO,1024 x 768,Yes,AMD,DDR3,Radeon HD 5450 Asus Silent 1GB Edition,"
01-Mar-2010",2560x1600,Yes
458.75,19.0,256.0,6.4,64.0,400.0,3.0,4.0,Terascale 2 Cedar PRO,1024 x 768,Yes,AMD,DDR3,Radeon HD 5450 256MB,"
04-Feb-2010",2560x1600,Yes
718.75,39.0,1024.0,64.0,128.0,1000.0,4.0,8.0,Evergreen Redwood LE,1366 x 768,Yes,AMD,GDDR5,Radeon HD 5550 1024MB,"
09-Feb-2010",2560x1600,Yes
530.0,39.0,512.0,64.0,128.0,1000.0,4.0,8.0,Evergreen Redwood LE,1366 x 768,Yes,AMD,GDDR5,Radeon HD 5550 512MB,"
09-Feb-2010",2560x1600,Yes
925.0,300.0,3072.0,264.0,384.0,1375.0,30.0,32.0,GCN 1.0 Tahiti XT,1920 x 1080,Yes,AMD,GDDR5,Radeon HD 7970 VTX3D 3GB Edition,"
01-Feb-2012",4096x2160,Yes
610.125,20.875,512.0,12.8,64.0,800.0,3.0,4.0,Terascale 2 Cedar PRO,1024 x 768,Yes,AMD,DDR3,Radeon HD 5450 Gigabyte OC 512MB Edition,"
01-Aug-2012",2560x1600,Yes
955.0,254.25,3072.0,264.0,384.0,1375.0,31.0,32.0,GCN 1.0 Tahiti XT,1920 x 1080,Yes,AMD,GDDR5,Radeon HD 7970 PowerColor OC Edition,"
01-Feb-2012",4096x2160,Yes
620.0,40.0,2048.0,6.4,64.0,400.0,3.0,4.0,Terascale 2 Cedar PRO,1024 x 768,Yes,AMD,DDR3,Radeon HD 5450 2GB,"
04-Feb-2010",2560x1600,Yes
1050.0,250.0,3072.0,273.6,384.0,1425.0,34.0,32.0,GCN 1.0 Tahiti XT,1920 x 1080,Yes,AMD,GDDR5,Radeon HD 7970 VTX3D X 3GB Edition,"
09-Jan-2012",4096x2160,Yes
533.25,20.0,512.0,6.4,64.0,400.0,3.0,4.0,Terascale 2 Cedar PRO,1024 x 768,Yes,AMD,DDR3,Radeon HD 5450 512MB,"
04-Feb-2010",2560x1600,Yes
950.0,230.0,3072.0,273.6,384.0,1425.0,30.0,32.0,GCN 1.0 Tahiti XT,1920 x 1080,Yes,AMD,GDDR5,Radeon HD 7970 OC Sapphire Edition,"
01-Mar-2012",4096x2160,Yes
1100.0,200.75,3072.0,273.6,384.0,1425.0,35.0,32.0,GCN 1.0 Tahiti XT,1920 x 1080,Yes,AMD,GDDR5,Radeon HD 7970 PCS+ VORTEXII Edition,"
01-Apr-2012",4096x2160,Yes
1050.0,250.0,3072.0,273.6,384.0,1425.0,34.0,32.0,GCN 1.0 Tahiti XT,1920 x 1080,Yes,AMD,GDDR5,Radeon HD 7970 PowerColor LCS 3GB Edition,"
01-Jan-2012",4096x2160,Yes
1080.0,198.25,3072.0,264.0,384.0,1375.0,35.0,32.0,GCN 1.0 Tahiti XT,1920 x 1080,Yes,AMD,GDDR5,Radeon HD 7970 GigaByte SOC Edition,"
01-Jun-2012",4096x2160,Yes
1010.0,225.5,3072.0,264.0,384.0,1375.0,32.0,32.0,GCN 1.0 Tahiti XT,1920 x 1080,Yes,AMD,GDDR5,Radeon HD 7970 MSI OC Edition,"
01-Feb-2012",4096x2160,Yes
1100.0,265.0,6144.0,288.0,384.0,1500.0,37.0,32.0,GCN 1.0 Tahiti XT2,1920 x 1080,Yes,AMD,GDDR5,Radeon HD 7970 GHz Toxic 6GB Edition,"
01-Aug-2012",4096x2160,Yes
925.0,230.5,3072.0,264.0,384.0,1375.0,30.0,32.0,GCN 1.0 Tahiti XT,1920 x 1080,Yes,AMD,GDDR5,Radeon HD 7970 HIS IceQ X² Edition,"
01-May-2012",4096x2160,Yes
1000.0,253.75,3072.0,288.0,384.0,1500.0,35.0,32.0,GCN 1.0 Tahiti XT2,1920 x 1080,Yes,AMD,GDDR5,Radeon HD 7970 GHz Vapor-X 3GB,"
01-Aug-2012",4096x2160,Yes
1050.0,260.0,3072.0,288.0,384.0,1500.0,35.0,32.0,GCN 1.0 Tahiti XT2,1920 x 1080,Yes,AMD,GDDR5,Radeon HD 7970 GHz XFX Double D Edition,"
01-Sep-2012",4096x2160,Yes
1050.0,199.625,6144.0,288.0,384.0,1500.0,35.0,32.0,GCN 1.0 Tahiti XT2,1920 x 1080,Yes,AMD,GDDR5,Radeon HD 7970 GHz Vapor-X 6GB Edition,"
01-Aug-2012",4096x2160,Yes
1000.0,230.0,3072.0,264.0,384.0,1375.0,32.0,32.0,GCN 1.0 Tahiti XT,1920 x 1080,Yes,AMD,GDDR5,Radeon HD 7970 OC GigaByte Edition,"
12-Jan-2012",4096x2160,Yes
1050.0,260.0,3072.0,288.0,384.0,1500.0,35.0,32.0,GCN 1.0 Tahiti XT2,1920 x 1080,Yes,AMD,GDDR5,Radeon HD 7970 GHz WindForce 3X OC Edition,"
01-Oct-2012",4096x2160,Yes
1000.0,253.75,3072.0,288.0,384.0,1500.0,34.0,32.0,GCN 1.0 Tahiti XT2,1920 x 1080,Yes,AMD,GDDR5,Radeon HD 7970 GHz HIS IceQ 3GB Edition,"
01-Aug-2012",4096x2160,Yes
1070.0,300.0,3072.0,288.0,384.0,1500.0,37.0,32.0,GCN 1.0 Tahiti XT2,1920 x 1080,Yes,AMD,GDDR5,Radeon HD 7970 GHz MSI Lightning BE 3GB Edition,"
05-Mar-2013",4096x2160,Yes
1000.0,250.0,3072.0,288.0,384.0,1500.0,34.0,32.0,GCN 1.0 Tahiti XT2,1920 x 1080,Yes,AMD,GDDR5,Radeon HD 7970 GHz Edition,"
22-Jun-2012",4096x2160,Yes
1070.0,230.0,3072.0,268.8,384.0,1400.0,34.0,32.0,GCN 1.0 Tahiti XT,1920 x 1080,Yes,AMD,GDDR5,Radeon HD 7970 Lightning Edition,"
01-Feb-2012",4096x2160,Yes
1000.0,300.0,3072.0,268.8,384.0,1400.0,32.0,32.0,GCN 1.0 Tahiti XT,1920 x 1080,Yes,AMD,GDDR5,Radeon HD 7970 DirectCU II TOP Edition,"
01-Feb-2012",4096x2160,Yes
925.0,230.5,3072.0,264.0,384.0,1375.0,30.0,32.0,GCN 1.0 Tahiti XT,1920 x 1080,Yes,AMD,GDDR5,Radeon HD 7970 DirectCU II Edition,"
01-Feb-2012",4096x2160,Yes
1050.0,250.0,3072.0,288.0,384.0,1500.0,35.0,32.0,GCN 1.0 Tahiti XT2,1920 x 1080,Yes,AMD,GDDR5,Radeon HD 7970 Club3D royalAce Edition,"
01-Sep-2012",4096x2160,Yes
925.0,300.0,3072.0,264.0,384.0,1375.0,30.0,32.0,GCN 1.0 Tahiti XT,1920 x 1080,Yes,AMD,GDDR5,Radeon HD 7970 Asus Edition,"
01-Feb-2012",4096x2160,Yes
925.0,250.0,3072.0,264.0,384.0,1375.0,30.0,32.0,GCN 1.0 Tahiti XT,1920 x 1080,Yes,AMD,GDDR5,Radeon HD 7970,"
29-Dec-2011",4096x2160,Yes
1050.0,500.0,6144.0,633.6,384.0,1650.0,70.0,32.0,GCN 1.0 Malta,2560 x 1600,Yes,AMD,GDDR5,Radeon HD 7970 Asus ARES II Edition,"
01-Jan-2013",2560x1600,Yes
1050.0,300.0,3072.0,316.8,384.0,1650.0,35.0,32.0,GCN 1.0 Tahiti XT2,1920 x 1080,Yes,AMD,GDDR5,Radeon HD 7970 GHz Matrix Platinum Edition,"
01-Oct-2012",4096x2160,Yes
925.0,460.0,6144.0,528.0,384.0,1375.0,59.0,32.0,GCN 1.0 Tahiti XT (x2),1920 x 1080,Yes,AMD,GDDR5,Radeon HD 7970 Crossfire,"
01-Jan-2012",4096x2160,Yes
900.0,198.125,3072.0,240.0,384.0,1250.0,29.0,32.0,GCN 1.0 Tahiti PRO,1920 x 1080,Yes,AMD,GDDR5,Radeon HD 7950 Sapphire OC 3GB Edition,"
03-Jan-2012",4096x2160,Yes
900.0,198.125,3072.0,240.0,384.0,1250.0,29.0,32.0,GCN 1.0 Tahiti PRO,1920 x 1080,Yes,AMD,GDDR5,Radeon HD 7950 Vapor-X OC Edition,"
01-Aug-2012",4096x2160,Yes
900.0,198.125,3072.0,240.0,384.0,1250.0,32.0,32.0,GCN 1.0 Tahiti PRO2,1920 x 1080,Yes,AMD,GDDR5,Radeon HD 7950 WindForce Boost Edition,"
01-Oct-2012",4096x2160,Yes
950.0,201.25,3072.0,240.0,384.0,1250.0,30.0,32.0,GCN 1.0 Tahiti PRO,1920 x 1080,Yes,AMD,GDDR5,Radeon HD 7950 Sapphire OC 3GB 950MHz Edition,"
03-May-2012",4096x2160,Yes
880.0,198.125,3072.0,240.0,384.0,1250.0,30.0,32.0,GCN 1.0 Tahiti PRO2,1920 x 1080,Yes,AMD,GDDR5,Radeon HD 7950 VTX3D 3GB Boost X-Edition,"
01-Aug-2012",4096x2160,Yes
880.0,198.125,3072.0,240.0,384.0,1250.0,28.0,32.0,GCN 1.0 Tahiti PRO,1920 x 1080,Yes,AMD,GDDR5,Radeon HD 7950 PowerColor PCS+ Edition,"
01-Jan-2012",4096x2160,Yes
860.0,200.0,3072.0,240.0,384.0,1250.0,28.0,32.0,GCN 1.0 Tahiti PRO,1920 x 1080,Yes,AMD,GDDR5,Radeon HD 7950 Sapphire FleX 3GB Edition,"
15-Feb-2012",4096x2160,Yes
850.0,196.875,3072.0,240.0,384.0,1250.0,30.0,32.0,GCN 1.0 Tahiti PRO2,1920 x 1080,Yes,AMD,GDDR5,Radeon HD 7950 Sapphire 3GB Boost Edition,"
01-Aug-2012",4096x2160,Yes
880.0,198.125,3072.0,240.0,384.0,1250.0,28.0,32.0,GCN 1.0 Tahiti PRO,1920 x 1080,Yes,AMD,GDDR5,Radeon HD 7950 MSI TwinFrozr Edition,"
01-Feb-2012",4096x2160,Yes
882.5,271.375,6144.0,480.0,384.0,1250.0,61.0,32.0,GCN 1.1 Tahiti PRO2 (x2),2560 x 1600,Yes,AMD,GDDR5,Radeon HD 7950 MSI TwinFrozr Boost Edition Crossfire,"
10-Oct-2012",4096x2160,Yes
830.0,196.875,3072.0,240.0,384.0,1250.0,27.0,32.0,GCN 1.0 Tahiti PRO,1920 x 1080,Yes,AMD,GDDR5,Radeon HD 7950 MSI OC Black Edition,"
10-Oct-2012",4096x2160,Yes
880.0,200.0,3072.0,240.0,384.0,1250.0,31.0,32.0,GCN 1.0 Tahiti PRO2,1920 x 1080,Yes,AMD,GDDR5,Radeon HD 7950 MSI TwinFrozr Boost Edition,"
10-Oct-2012",4096x2160,Yes
925.0,200.0,3072.0,264.0,384.0,1375.0,30.0,32.0,GCN 1.0 Tahiti PRO,1920 x 1080,Yes,AMD,GDDR5,Radeon HD 7950 XFX Double D 3GB Edition,"
05-Apr-2012",4096x2160,Yes
800.0,196.875,3072.0,240.0,384.0,1250.0,26.0,32.0,GCN 1.0 Tahiti PRO,1920 x 1080,Yes,AMD,GDDR5,Radeon HD 7950 IceQ 3GB Edition,"
01-Aug-2012",4096x2160,Yes
900.0,160.0,3072.0,240.0,384.0,1250.0,29.0,32.0,GCN 1.0 Tahiti PRO,1920 x 1080,Yes,AMD,GDDR5,Radeon HD 7950 IceQ Turbo 3GB Edition,"
01-Aug-2012",4096x2160,Yes
800.0,196.875,3072.0,240.0,384.0,1250.0,26.0,32.0,GCN 1.0 Tahiti PRO,1920 x 1080,Yes,AMD,GDDR5,Radeon HD 7950 Double D Edition,"
01-Jan-2012",4096x2160,Yes
860.0,265.25,6144.0,480.0,384.0,1250.0,55.0,32.0,GCN 1.0 Tahiti PRO (x2),2560 x 1600,Yes,AMD,GDDR5,Radeon HD 7950 Gigabyte WindForce Edition Crossfire,"
01-Jun-2012",4096x2160,Yes
860.0,196.875,3072.0,240.0,384.0,1250.0,28.0,32.0,GCN 1.0 Tahiti PRO,1920 x 1080,Yes,AMD,GDDR5,Radeon HD 7950 Gigabyte WindForce Edition,"
01-Jun-2012",4096x2160,Yes
900.0,230.5,3072.0,264.0,384.0,1375.0,29.0,32.0,GCN 1.0 Tahiti PRO,1920 x 1080,Yes,AMD,GDDR5,Radeon HD 7950 Double D Black Edition,"
01-Jan-2012",4096x2160,Yes
900.0,225.0,3072.0,240.0,384.0,1250.0,29.0,32.0,GCN 1.0 Tahiti PRO,1920 x 1080,Yes,AMD,GDDR5,Radeon HD 7950 DirectCU II TOP Edition,"
02-Feb-2012",4096x2160,Yes
800.0,360.0,6144.0,480.0,384.0,1250.0,51.0,32.0,GCN 1.0 Tahiti PRO (x2),1920 x 1080,Yes,AMD,GDDR5,Radeon HD 7950 Crossfire,"
01-Jan-2012",4096x2160,Yes
850.0,200.0,3072.0,240.0,384.0,1250.0,27.0,32.0,GCN 1.0 Tahiti PRO,1920 x 1080,Yes,AMD,GDDR5,Radeon HD 7950 Club3D royalKing Edition,"
01-Nov-2012",4096x2160,Yes
850.0,265.25,6144.0,480.0,384.0,1250.0,59.0,32.0,GCN 1.0 Tahiti PRO2 (x2),2560 x 1600,Yes,AMD,GDDR5,Radeon HD 7950 Boost Edition Crossfire,"
01-Aug-2012",4096x2160,Yes
800.0,540.0,9216.0,720.0,384.0,1250.0,77.0,32.0,GCN 1.0 Tahiti PRO (x3),1920 x 1080,Yes,AMD,GDDR5,Radeon HD 7950 3-way Crossfire,"
01-Jan-2012",4096x2160,Yes
850.0,200.0,3072.0,240.0,384.0,1250.0,30.0,32.0,GCN 1.0 Tahiti PRO2,1920 x 1080,Yes,AMD,GDDR5,Radeon HD 7950 Boost Edition,"
22-Jul-2012",4096x2160,Yes
900.0,225.0,3072.0,240.0,384.0,1250.0,29.0,32.0,GCN 1.0 Tahiti PRO,1920 x 1080,Yes,AMD,GDDR5,Radeon HD 7950 Asus DirectCU II TOP 3GB Edition,"
31-Jan-2012",4096x2160,Yes
925.0,173.75,2048.0,192.0,256.0,1500.0,30.0,32.0,GCN 1.0 Tahiti LE,1920 x 1080,Yes,AMD,GDDR5,Radeon HD 7870 XT Sapphire Edition,"
01-Oct-2012",4096x2160,Yes
925.0,185.0,2048.0,192.0,256.0,1500.0,31.0,32.0,GCN 1.0 Tahiti LE,1920 x 1080,Yes,AMD,GDDR5,Radeon HD 7870 XT PowerColor Myst. Edition,"
22-Nov-2012",4096x2160,Yes
800.0,200.0,3072.0,240.0,384.0,1250.0,26.0,32.0,GCN 1.0 Tahiti PRO,1920 x 1080,Yes,AMD,GDDR5,Radeon HD 7950,"
31-Jan-2012",4096x2160,Yes
925.0,350.0,4096.0,384.0,256.0,1500.0,59.0,32.0,GCN 1.0 Tahiti LE (x2),1920 x 1080,Yes,AMD,GDDR5,Radeon HD 7870 XT Crossfire,"
01-Nov-2012",4096x2160,Yes
925.0,185.0,2048.0,192.0,256.0,1500.0,30.0,32.0,GCN 1.0 Tahiti LE,1920 x 1080,Yes,AMD,GDDR5,Radeon HD 7870 XT,"
01-Nov-2012",4096x2160,Yes
1000.0,153.125,2048.0,153.6,256.0,1200.0,32.0,32.0,GCN 1.0 Pitcairn XT,1920 x 1080,Yes,AMD,GDDR5,Radeon HD 7870 XFX Core Edition,"
01-Mar-2012",4096x2160,Yes
1050.0,230.25,4096.0,320.0,256.0,1250.0,67.0,32.0,GCN 1.0 Pitcairn XT (x2),1920 x 1080,Yes,AMD,GDDR5,Radeon HD 7870 Sapphire GHz OC Edition CrossFire,"
25-Jun-2012",4096x2160,Yes
1050.0,153.125,2048.0,153.6,256.0,1200.0,34.0,32.0,GCN 1.0 Pitcairn XT,1920 x 1080,Yes,AMD,GDDR5,Radeon HD 7870 Twin Frozr III OC 2GB Edition,"
01-Feb-2012",4096x2160,Yes
1100.0,175.0,2048.0,156.8,256.0,1225.0,35.0,32.0,GCN 1.0 Pitcairn XT,1920 x 1080,Yes,AMD,GDDR5,Radeon HD 7870 PowerColor PCS+ 2GB Edition,"
05-Mar-2012",4096x2160,Yes
1000.0,175.0,2048.0,153.6,256.0,1200.0,32.0,32.0,GCN 1.0 Pitcairn XT,1920 x 1080,Yes,AMD,GDDR5,Radeon HD 7870 Sapphire GHz 2GB Edition,"
05-Mar-2012",4096x2160,Yes
1050.0,150.0,2048.0,160.0,256.0,1250.0,34.0,32.0,GCN 1.0 Pitcairn XT,1920 x 1080,Yes,AMD,GDDR5,Radeon HD 7870 Sapphire GHz OC Edition,"
25-Jun-2012",4096x2160,Yes
1150.0,133.125,2048.0,160.0,256.0,1250.0,37.0,32.0,GCN 1.0 Pitcairn XT,1920 x 1080,Yes,AMD,GDDR5,Radeon HD 7870 PCS+ Vortex II Edition,"
01-Sep-2012",4096x2160,Yes
1100.0,133.125,2048.0,160.0,256.0,1250.0,35.0,32.0,GCN 1.0 Pitcairn XT,1920 x 1080,Yes,AMD,GDDR5,Radeon HD 7870 PowerColor Devil Edition,"
01-May-2012",4096x2160,Yes
1050.0,153.125,2048.0,153.6,256.0,1200.0,34.0,32.0,GCN 1.0 Pitcairn XT,1920 x 1080,Yes,AMD,GDDR5,Radeon HD 7870 MSI OC Edition,"
01-Feb-2012",4096x2160,Yes
1100.0,133.125,2048.0,160.0,256.0,1250.0,35.0,32.0,GCN 1.0 Pitcairn XT,1920 x 1080,Yes,AMD,GDDR5,Radeon HD 7870 HIS IceQ X Turbo Edition,"
01-Apr-2012",4096x2160,Yes
1030.0,153.125,2048.0,153.6,256.0,1200.0,33.0,32.0,GCN 1.0 Pitcairn XT,1920 x 1080,Yes,AMD,GDDR5,Radeon HD 7870 PowerColor OC Edition,"
01-Jun-2012",4096x2160,Yes
1100.0,133.125,2048.0,153.6,256.0,1200.0,35.0,32.0,GCN 1.0 Pitcairn XT,1920 x 1080,Yes,AMD,GDDR5,Radeon HD 7870 MSI Hawk Edition,"
01-Feb-2012",4096x2160,Yes
1100.0,133.125,2048.0,153.6,256.0,1200.0,35.0,32.0,GCN 1.0 Pitcairn XT,1920 x 1080,Yes,AMD,GDDR5,Radeon HD 7870 HIS IceQ Turbo Edition,"
01-Apr-2012",4096x2160,Yes
1100.0,175.0,2048.0,153.6,256.0,1200.0,35.0,32.0,GCN 1.0 Pitcairn XT,1920 x 1080,Yes,AMD,GDDR5,Radeon HD 7870 Gigabyte OC Edition,"
01-May-2012",4096x2160,Yes
1000.0,153.125,2048.0,153.6,256.0,1200.0,32.0,32.0,GCN 1.0 Pitcairn XT,1920 x 1080,Yes,AMD,GDDR5,Radeon HD 7870 HIS IceQ Edition,"
01-Apr-2012",4096x2160,Yes
1010.0,153.125,2048.0,154.9,256.0,1210.0,32.0,32.0,GCN 1.0 Pitcairn XT,1920 x 1080,Yes,AMD,GDDR5,Radeon HD 7870 DirectCU II 2GB Edition,"
01-Jun-2012",4096x2160,Yes
1000.0,153.125,2048.0,153.6,256.0,1200.0,32.0,32.0,GCN 1.0 Pitcairn XT,1920 x 1080,Yes,AMD,GDDR5,Radeon HD 7870 Double D Edition,"
01-Aug-2012",4096x2160,Yes
1100.0,175.0,2048.0,153.6,256.0,1200.0,35.0,32.0,GCN 1.0 Pitcairn XT,1920 x 1080,Yes,AMD,GDDR5,Radeon HD 7870 DirectCU II TOP v2 Edition,"
01-May-2012",4096x2160,Yes
1000.0,350.0,4096.0,307.2,256.0,1200.0,64.0,32.0,GCN 1.0 Pitcairn XT (x2),1920 x 1080,Yes,AMD,GDDR5,Radeon HD 7870 Crossfire,"
01-Mar-2012",4096x2160,Yes
1050.0,150.0,2048.0,160.0,256.0,1250.0,34.0,32.0,GCN 1.0 Pitcairn XT,1920 x 1080,Yes,AMD,GDDR5,Radeon HD 7870 Double D Black Edition,"
01-Aug-2012",4096x2160,Yes
1000.0,175.0,2048.0,153.6,256.0,1200.0,32.0,32.0,GCN 1.0 Pitcairn XT,1920 x 1080,Yes,AMD,GDDR5,Radeon HD 7870,"
05-Mar-2012",4096x2160,Yes
1000.0,175.0,2048.0,153.6,256.0,1200.0,32.0,32.0,GCN 1.0 Pitcairn XT,1920 x 1080,Yes,AMD,GDDR5,Radeon HD 7870 Club3D royalQueen 2GB Edition,"
05-Mar-2012",4096x2160,Yes
1000.0,175.0,2048.0,153.6,256.0,1200.0,32.0,32.0,GCN 1.0 Pitcairn XT,1920 x 1080,Yes,AMD,GDDR5,Radeon HD 7870 Club3D jokerCard 2GB Edition,"
05-Mar-2012",4096x2160,Yes
860.0,161.375,1024.0,160.0,256.0,1250.0,28.0,32.0,GCN 1.0 Pitcairn PRO,1920 x 1080,Yes,AMD,GDDR5,Radeon HD 7850 XFX Core Edition,"
01-Mar-2012",4096x2160,Yes
975.0,157.5,2048.0,160.0,256.0,1250.0,31.0,32.0,GCN 1.0 Pitcairn PRO,1920 x 1080,Yes,AMD,GDDR5,Radeon HD 7850 XFX DD Black Edition,"
01-Jun-2012",4096x2160,Yes
975.0,108.75,1024.0,153.6,256.0,1200.0,31.0,32.0,GCN 1.0 Pitcairn PRO,1920 x 1080,Yes,AMD,GDDR5,Radeon HD 7850 XFX Ultra OC Edition,"
01-Jun-2012",4096x2160,Yes
860.0,139.375,2048.0,160.0,256.0,1250.0,28.0,32.0,GCN 1.0 Pitcairn PRO,1920 x 1080,Yes,AMD,GDDR5,Radeon HD 7850 XFX Core 2GB Edition,"
01-Mar-2012",4096x2160,Yes
1000.0,175.0,2048.0,153.6,256.0,1200.0,32.0,32.0,GCN 1.0 Pitcairn XT,1920 x 1080,Yes,AMD,GDDR5,Radeon HD 7870 Club3D GHz Edition,"
01-Mar-2012",4096x2160,Yes
1000.0,107.5,1024.0,156.8,256.0,1225.0,32.0,32.0,GCN 1.0 Pitcairn PRO,1920 x 1080,Yes,AMD,GDDR5,Radeon HD 7850 VTX3D X-Edition,"
01-Jun-2012",4096x2160,Yes
900.0,118.75,2048.0,153.6,256.0,1200.0,29.0,32.0,GCN 1.0 Pitcairn PRO,1920 x 1080,Yes,AMD,GDDR5,Radeon HD 7850 Twin Frozr III OC,"
01-Feb-2012",4096x2160,Yes
860.0,130.0,2048.0,153.6,256.0,1200.0,28.0,32.0,GCN 1.0 Pitcairn PRO,1920 x 1080,Yes,AMD,GDDR5,Radeon HD 7850 VisionTek 2GB Edition,"
12-May-2012",4096x2160,Yes
920.0,130.0,2048.0,160.0,256.0,1250.0,29.0,32.0,GCN 1.0 Pitcairn PRO,1920 x 1080,Yes,AMD,GDDR5,Radeon HD 7850 Sapphire OC Edition,"
14-Mar-2012",4096x2160,Yes
1000.0,153.125,2048.0,153.6,256.0,1200.0,32.0,32.0,GCN 1.0 Pitcairn PRO,1920 x 1080,Yes,AMD,GDDR5,Radeon HD 7850 HIS IceQ 2GB Turbo Edition,"
01-Dec-2012",4096x2160,Yes
950.0,141.875,2048.0,153.6,256.0,1200.0,30.0,32.0,GCN 1.0 Pitcairn PRO,1920 x 1080,Yes,AMD,GDDR5,Radeon HD 7850 MSI Power Edition 2GB OC,"
01-May-2012",4096x2160,Yes
900.0,151.75,1024.0,153.6,256.0,1200.0,29.0,32.0,GCN 1.0 Pitcairn PRO,1920 x 1080,Yes,AMD,GDDR5,Radeon HD 7850 MSI OC 1GB Edition,"
01-Feb-2012",4096x2160,Yes
1000.0,168.75,2048.0,156.8,256.0,1225.0,32.0,32.0,GCN 1.0 Pitcairn PRO,1920 x 1080,Yes,AMD,GDDR5,Radeon HD 7850 PowerColor PCS+ 2GB Edition,"
01-May-2012",4096x2160,Yes
1000.0,165.625,2048.0,160.0,256.0,1250.0,32.0,32.0,GCN 1.0 Pitcairn PRO,1920 x 1080,Yes,AMD,GDDR5,Radeon HD 7850 HIS IceQ X Turbo X Edition,"
01-Mar-2012",4096x2160,Yes
975.0,130.0,2048.0,153.6,256.0,1200.0,31.0,32.0,GCN 1.0 Pitcairn PRO,1920 x 1080,Yes,AMD,GDDR5,Radeon HD 7850 Gigabyte OC Edition,"
01-Feb-2012",4096x2160,Yes
900.0,118.75,2048.0,153.6,256.0,1200.0,29.0,32.0,GCN 1.0 Pitcairn PRO,1920 x 1080,Yes,AMD,GDDR5,Radeon HD 7850 MSI OC 2GB Edition,"
01-Feb-2012",4096x2160,Yes
900.0,151.75,1024.0,153.6,256.0,1200.0,29.0,32.0,GCN 1.0 Pitcairn PRO,1920 x 1080,Yes,AMD,GDDR5,Radeon HD 7850 Gigabyte OC 1GB Edition,"
01-Feb-2012",4096x2160,Yes
860.0,130.0,2048.0,153.6,256.0,1200.0,28.0,32.0,GCN 1.0 Pitcairn PRO,1920 x 1080,Yes,AMD,GDDR5,Radeon HD 7850 HIS Fan 2GB Edition,"
06-Mar-2012",4096x2160,Yes
860.0,130.0,2048.0,153.6,256.0,1200.0,28.0,32.0,GCN 1.0 Pitcairn PRO,1920 x 1080,Yes,AMD,GDDR5,Radeon HD 7850 Club3D royalQueen Edition,"
01-Feb-2012",4096x2160,Yes
975.0,157.5,2048.0,160.0,256.0,1250.0,31.0,32.0,GCN 1.0 Pitcairn PRO,1920 x 1080,Yes,AMD,GDDR5,Radeon HD 7850 Direct CU II TOP,"
01-Jun-2012",4096x2160,Yes
1000.0,150.0,2048.0,153.6,256.0,1200.0,32.0,32.0,GCN 1.0 Pitcairn PRO,1920 x 1080,Yes,AMD,GDDR5,Radeon HD 7850 Club3D royalAce Edition,"
01-Sep-2012",4096x2160,Yes
860.0,260.0,4096.0,307.2,256.0,1200.0,55.0,32.0,GCN 1.0 Pitcairn PRO (x2),1920 x 1080,Yes,AMD,GDDR5,Radeon HD 7850 Crossfire,"
01-Mar-2012",4096x2160,Yes
870.0,126.875,2048.0,154.9,256.0,1210.0,28.0,32.0,GCN 1.0 Pitcairn PRO,1920 x 1080,Yes,AMD,GDDR5,Radeon HD 7850 Direct CU II,"
01-Jun-2012",4096x2160,Yes
860.0,130.0,1024.0,153.6,256.0,1200.0,28.0,32.0,GCN 1.0 Pitcairn PRO,1920 x 1080,Yes,AMD,GDDR5,Radeon HD 7850 Club3D royalQueen 1GB Edition,"
01-Feb-2012",4096x2160,Yes
910.0,130.0,2048.0,153.6,256.0,1200.0,29.0,32.0,GCN 1.0 Pitcairn PRO,1920 x 1080,Yes,AMD,GDDR5,Radeon HD 7850 Club3D royalKing Edition,"
01-Feb-2012",4096x2160,Yes
860.0,126.875,2048.0,153.6,256.0,1200.0,28.0,32.0,GCN 1.0 Pitcairn PRO,1920 x 1080,Yes,AMD,GDDR5,Radeon HD 7850 2GB PowerColor v2 Edition,"
01-May-2012",4096x2160,Yes
860.0,126.875,2048.0,153.6,256.0,1200.0,28.0,32.0,GCN 1.0 Pitcairn PRO,1920 x 1080,Yes,AMD,GDDR5,Radeon HD 7850 2GB Sapphire Edition,"
01-Aug-2012",4096x2160,Yes
860.0,161.375,1024.0,160.0,256.0,1250.0,28.0,32.0,GCN 1.0 Pitcairn PRO,1920 x 1080,Yes,AMD,GDDR5,Radeon HD 7850 1GB Sapphire Edition,"
01-Aug-2012",4096x2160,Yes
860.0,130.0,2048.0,153.6,256.0,1200.0,28.0,32.0,GCN 1.0 Pitcairn PRO,1920 x 1080,Yes,AMD,GDDR5,Radeon HD 7850,"
19-Mar-2012",4096x2160,Yes
1038.125,44.0,1024.0,102.4,128.0,1600.0,16.0,16.0,GCN 1.0 Bonaire XT,1600 x 900,Yes,AMD,GDDR5,Radeon HD 7790 VTX3D X-Edition,"
01-Mar-2013",2560x1600,Yes
1059.375,54.25,2048.0,102.4,128.0,1600.0,17.0,16.0,GCN 1.0 Bonaire XT,1600 x 900,Yes,AMD,GDDR5,Radeon HD 7790 VTX3D X-Edition v2,"
01-Mar-2013",2560x1600,Yes
1031.875,55.625,1024.0,96.0,128.0,1500.0,17.0,16.0,GCN 1.0 Bonaire XT,1600 x 900,Yes,AMD,GDDR5,Radeon HD 7790 MSI 1GB OC Edition,"
22-Mar-2013",2560x1600,Yes
1059.375,54.25,2048.0,102.4,128.0,1600.0,17.0,16.0,GCN 1.0 Bonaire XT,1600 x 900,Yes,AMD,GDDR5,Radeon HD 7790 VTX3D VChamp Edition,"
01-Mar-2013",2560x1600,Yes
1053.75,93.75,2048.0,96.0,128.0,1500.0,17.0,16.0,GCN 1.0 Bonaire XT,1600 x 900,Yes,AMD,GDDR5,Radeon HD 7790 Gigabyte 2GB OC Edition,"
22-Mar-2013",2560x1600,Yes
1059.375,54.25,2048.0,102.4,128.0,1600.0,17.0,16.0,GCN 1.0 Bonaire XT,1600 x 900,Yes,AMD,GDDR5,Radeon HD 7790 Sapphire OC Edition,"
01-Mar-2013",2560x1600,Yes
1031.875,55.625,1024.0,96.0,128.0,1500.0,17.0,16.0,GCN 1.0 Bonaire XT,1600 x 900,Yes,AMD,GDDR5,Radeon HD 7790 PowerColor TurboDuo Edition,"
01-Mar-2013",2560x1600,Yes
1056.25,65.625,1024.0,102.4,128.0,1600.0,17.0,16.0,GCN 1.0 Bonaire XT,1600 x 900,Yes,AMD,GDDR5,Radeon HD 7790 Sapphire Dual-X OC Edition,"
01-Mar-2013",2560x1600,Yes
1059.375,54.25,2048.0,102.4,128.0,1600.0,17.0,16.0,GCN 1.0 Bonaire XT,1600 x 900,Yes,AMD,GDDR5,Radeon HD 7790 DirectCU II OC 2GB Edition,"
22-Mar-2013",2560x1600,Yes
1031.875,55.625,1024.0,96.0,128.0,1500.0,17.0,16.0,GCN 1.0 Bonaire XT,1600 x 900,Yes,AMD,GDDR5,Radeon HD 7790 Gigabyte 1GB OC Edition,"
22-Mar-2013",2560x1600,Yes
1056.25,65.625,1024.0,102.4,128.0,1600.0,17.0,16.0,GCN 1.0 Bonaire XT,1600 x 900,Yes,AMD,GDDR5,Radeon HD 7790 DirectCU II OC Edition,"
22-Mar-2013",2560x1600,Yes
1000.0,80.0,1024.0,72.0,128.0,1125.0,16.0,16.0,GCN 1.0 Cape Verde XT,1600 x 900,Yes,AMD,GDDR5,Radeon HD 7770 XFX Double Dissipation 1GB Edition,"
31-Mar-2012",4096x2160,Yes
1095.0,44.0,1024.0,79.7,128.0,1245.0,18.0,16.0,GCN 1.0 Cape Verde XT,1600 x 900,Yes,AMD,GDDR5,Radeon HD 7770 XFX Ultra OC Edition,"
01-May-2012",4096x2160,Yes
1031.875,85.0,1024.0,96.0,128.0,1500.0,16.0,16.0,GCN 1.0 Bonaire XT,1600 x 900,Yes,AMD,GDDR5,Radeon HD 7790,"
22-Mar-2013",2560x1600,Yes
1000.0,51.125,1024.0,72.0,128.0,1125.0,16.0,16.0,GCN 1.0 Cape Verde XT,1600 x 900,Yes,AMD,GDDR5,Radeon HD 7770 XFX Core 1GB Edition,"
01-Feb-2012",4096x2160,Yes
1000.0,170.0,2048.0,192.0,128.0,1500.0,32.0,16.0,GCN 1.0 Bonaire XT (x2),1600 x 900,Yes,AMD,GDDR5,Radeon HD 7790 Crossfire,"
22-Mar-2013",2560x1600,Yes
1150.0,80.0,1024.0,80.0,128.0,1250.0,18.0,16.0,GCN 1.0 Cape Verde XT,1600 x 900,Yes,AMD,GDDR5,Radeon HD 7770 Sapphire GHz OC Edition,"
16-Feb-2012",4096x2160,Yes
1041.875,54.25,2048.0,102.4,128.0,1600.0,16.0,16.0,GCN 1.0 Bonaire XT,1600 x 900,Yes,AMD,GDDR5,Radeon HD 7790 Club3D 13 Series Edition,"
01-Mar-2013",2560x1600,Yes
1150.0,45.875,1024.0,80.0,128.0,1250.0,18.0,16.0,GCN 1.0 Cape Verde XT,1600 x 900,Yes,AMD,GDDR5,Radeon HD 7770 VTX3D X-Edition,"
01-Jun-2012",4096x2160,Yes
1100.0,51.125,1024.0,83.2,128.0,1300.0,18.0,16.0,GCN 1.0 Cape Verde XT,1600 x 900,Yes,AMD,GDDR5,Radeon HD 7770 Vapor-X GHz OC Edition,"
01-Aug-2012",4096x2160,Yes
1000.0,80.0,1024.0,72.0,128.0,1125.0,16.0,16.0,GCN 1.0 Cape Verde XT,1600 x 900,Yes,AMD,GDDR5,Radeon HD 7770 Sapphire Edition,"
01-Feb-2012",4096x2160,Yes
1100.0,44.0,1024.0,72.0,128.0,1125.0,18.0,16.0,GCN 1.0 Cape Verde XT,1600 x 900,Yes,AMD,GDDR5,Radeon HD 7770 MSI Power Edition,"
01-Feb-2012",4096x2160,Yes
1000.0,51.125,1024.0,72.0,128.0,1125.0,16.0,16.0,GCN 1.0 Cape Verde XT,1600 x 900,Yes,AMD,GDDR5,Radeon HD 7770 Sapphire Flex GHz Edition,"
01-Aug-2012",4096x2160,Yes
1000.0,51.125,1024.0,72.0,128.0,1125.0,16.0,16.0,GCN 1.0 Cape Verde XT,1600 x 900,Yes,AMD,GDDR5,Radeon HD 7770 PowerColor GHz Edition,"
01-Feb-2012",4096x2160,Yes
1000.0,150.0,1024.0,72.0,128.0,1125.0,16.0,16.0,GCN 1.0 Cape Verde XT,1600 x 900,Yes,AMD,GDDR5,Radeon HD 7770 MSI PMD1 Edition,"
01-Feb-2012",4096x2160,Yes
1150.0,44.0,1024.0,72.0,128.0,1125.0,18.0,16.0,GCN 1.0 Cape Verde XT,1600 x 900,Yes,AMD,GDDR5,Radeon HD 7770 PowerColor PCS+ Edition,"
01-Mar-2012",4096x2160,Yes
1000.0,51.125,1024.0,72.0,128.0,1125.0,16.0,16.0,GCN 1.0 Cape Verde XT,1600 x 900,Yes,AMD,GDDR5,Radeon HD 7770 iCooler 1GB Edition,"
01-Apr-2012",4096x2160,Yes
1020.0,54.625,1024.0,73.6,128.0,1150.0,16.0,16.0,GCN 1.0 Cape Verde XT,1600 x 900,Yes,AMD,GDDR5,Radeon HD 7770 MSI 2PM OC Edition,"
02-Jan-2012",4096x2160,Yes
1050.0,52.5,1024.0,72.0,128.0,1125.0,17.0,16.0,GCN 1.0 Cape Verde XT,1600 x 900,Yes,AMD,GDDR5,Radeon HD 7770 Gigabyte OC rev. 2.0 Edition,"
01-Dec-2012",4096x2160,Yes
1100.0,50.625,1024.0,80.0,128.0,1250.0,18.0,16.0,GCN 1.0 Cape Verde XT,1600 x 900,Yes,AMD,GDDR5,Radeon HD 7770 Gigabyte OC Edition,"
01-Jun-2012",4096x2160,Yes
1120.0,44.0,1024.0,73.6,128.0,1150.0,18.0,16.0,GCN 1.0 Cape Verde XT,1600 x 900,Yes,AMD,GDDR5,Radeon HD 7770 Direct CU II TOP Edition,"
01-Jun-2012",4096x2160,Yes
1020.0,150.0,1024.0,73.6,128.0,1150.0,16.0,16.0,GCN 1.0 Cape Verde XT,1600 x 900,Yes,AMD,GDDR5,Radeon HD 7770 DirectCU II V2 Edition,"
01-Jun-2012",4096x2160,Yes
1000.0,51.125,1024.0,72.0,128.0,1125.0,16.0,16.0,GCN 1.0 Cape Verde XT,1600 x 900,Yes,AMD,GDDR5,Radeon HD 7770 Ghost Thermal Edition,"
01-Feb-2012",4096x2160,Yes
1120.0,44.0,1024.0,83.2,128.0,1300.0,18.0,16.0,GCN 1.0 Cape Verde XT,1600 x 900,Yes,AMD,GDDR5,Radeon HD 7770 BE Super Overclock Edition,"
01-Feb-2012",4096x2160,Yes
1020.0,150.0,2048.0,73.6,128.0,1150.0,16.0,16.0,GCN 1.0 Cape Verde XT,1600 x 900,Yes,AMD,GDDR5,Radeon HD 7770 Asus GHz Edition,"
01-Jun-2012",4096x2160,Yes
1000.0,80.0,2048.0,72.0,128.0,1125.0,16.0,16.0,GCN 1.0 Cape Verde XT,1600 x 900,Yes,AMD,GDDR5,Radeon HD 7770 2GB GHz Edition,"
15-Feb-2012",4096x2160,Yes
800.0,56.5,1024.0,72.0,128.0,1125.0,13.0,16.0,GCN 1.0 Cape Verde PRO,1600 x 900,Yes,AMD,GDDR5,Radeon HD 7750 XFX Core Edition,"
01-Feb-2012",4096x2160,Yes
1000.0,160.0,2048.0,144.0,128.0,1125.0,32.0,16.0,GCN 1.0 Cape Verde XT (x2),1600 x 900,Yes,AMD,GDDR5,Radeon HD 7770 Crossfire,"
01-Feb-2012",4096x2160,Yes
800.0,56.5,1024.0,72.0,128.0,1125.0,13.0,16.0,GCN 1.0 Cape Verde PRO,1600 x 900,Yes,AMD,GDDR5,Radeon HD 7750 VTX3D 1GB GDDR5 Edition,"
01-Feb-2012",4096x2160,Yes
800.0,46.75,2048.0,25.6,128.0,800.0,13.0,16.0,GCN 1.0 Cape Verde PRO,,Yes,AMD,DDR3,Radeon HD 7750 Sapphire 2GB DDR3 Edition,"
01-Aug-2012",4096x2160,Yes
800.0,56.5,1024.0,72.0,128.0,1125.0,13.0,16.0,GCN 1.0 Cape Verde PRO,1600 x 900,Yes,AMD,GDDR5,Radeon HD 7750 Sapphire Low Profile,"
01-Aug-2012",4096x2160,Yes
800.0,55.0,1024.0,72.0,128.0,1125.0,13.0,16.0,GCN 1.0 Cape Verde PRO,1600 x 900,Yes,AMD,GDDR5,Radeon HD 7750 Sapphire Ultimate,"
01-Feb-2012",4096x2160,Yes
1000.0,80.0,1024.0,72.0,128.0,1125.0,16.0,16.0,GCN 1.0 Cape Verde XT,1600 x 900,Yes,AMD,GDDR5,Radeon HD 7770 1GB GDDR5,"
15-Feb-2012",4096x2160,Yes
800.0,55.0,1024.0,72.0,128.0,1125.0,13.0,16.0,GCN 1.0 Cape Verde PRO,1600 x 900,Yes,AMD,GDDR5,Radeon HD 7750 Sapphire 1GB GDDR5 Edition,"
01-Aug-2012",4096x2160,Yes
800.0,29.0,1024.0,25.6,128.0,800.0,13.0,16.0,GCN 1.0 Cape Verde PRO,,Yes,AMD,DDR3,Radeon HD 7750 VTX3D 1GB DDR3 Edition,"
01-Oct-2012",4096x2160,Yes
800.0,56.5,1024.0,72.0,128.0,1125.0,13.0,16.0,GCN 1.0 Cape Verde PRO,1600 x 900,Yes,AMD,GDDR5,Radeon HD 7750 PowerColor 1GB Edition,"
01-May-2012",4096x2160,Yes
800.0,34.0,4096.0,25.6,128.0,800.0,13.0,16.0,GCN 1.0 Cape Verde PRO,,Yes,AMD,DDR3,Radeon HD 7750 PowerColor 4GB DDR3 Edition,"
12-Dec-2012",4096x2160,Yes
830.0,44.0,1024.0,72.0,128.0,1125.0,13.0,16.0,GCN 1.0 Cape Verde PRO,1600 x 900,Yes,AMD,GDDR5,Radeon HD 7750 MSI PMD1 OC Edition,"
01-Feb-2012",4096x2160,Yes
800.0,46.75,2048.0,25.6,128.0,800.0,13.0,16.0,GCN 1.0 Cape Verde PRO,,Yes,AMD,DDR3,Radeon HD 7750 MSI PMD 2GB DDR3 Edition,"
01-Aug-2012",4096x2160,Yes
900.0,44.0,1024.0,72.0,128.0,1125.0,14.0,16.0,GCN 1.0 Cape Verde PRO,1600 x 900,Yes,AMD,GDDR5,Radeon HD 7750 MSI OC Power Edition,"
01-May-2012",4096x2160,Yes
800.0,55.0,1024.0,72.0,128.0,1125.0,13.0,16.0,GCN 1.0 Cape Verde PRO,1600 x 900,Yes,AMD,GDDR5,Radeon HD 7750 HIS iCooler Dual Fan 1GB Edition,"
15-Feb-2012",4096x2160,Yes
830.0,44.0,1024.0,72.0,128.0,1125.0,13.0,16.0,GCN 1.0 Cape Verde PRO,1600 x 900,Yes,AMD,GDDR5,Radeon HD 7750 MSI OC Edition,"
01-Aug-2012",4096x2160,Yes
880.0,44.0,1024.0,72.0,128.0,1125.0,14.0,16.0,GCN 1.0 Cape Verde PRO,1600 x 900,Yes,AMD,GDDR5,Radeon HD 7750 Gigabyte 1GB OC Edition,"
01-Feb-2012",4096x2160,Yes
850.0,45.5,2048.0,25.6,128.0,800.0,14.0,16.0,GCN 1.0 Cape Verde PRO,,Yes,AMD,DDR3,Radeon HD 7750 Gigabyte OC 2GB DDR3 Edition,"
01-Oct-2012",4096x2160,Yes
800.0,61.0,1024.0,72.0,128.0,1125.0,13.0,16.0,GCN 1.0 Cape Verde PRO,1600 x 900,Yes,AMD,GDDR5,Radeon HD 7750 Club3D Low Profile Edition,"
01-Aug-2012",4096x2160,Yes
800.0,110.0,2048.0,144.0,128.0,1125.0,26.0,16.0,GCN 1.0 Cape Verde PRO (x2),1600 x 900,Yes,AMD,GDDR5,Radeon HD 7750 Crossfire,"
01-Feb-2012",4096x2160,Yes
800.0,55.0,1024.0,72.0,128.0,1125.0,13.0,16.0,GCN 1.0 Cape Verde PRO,1600 x 900,Yes,AMD,GDDR5,Radeon HD 7750 1GB GDDR5,"
15-Feb-2012",4096x2160,Yes
900.0,44.0,1024.0,72.0,128.0,1125.0,14.0,16.0,GCN 1.0 Cape Verde PRO,1600 x 900,Yes,AMD,GDDR5,Radeon HD 7750 Double D Black Edition,"
01-Jun-2012",4096x2160,Yes
800.0,47.0,1024.0,28.8,128.0,900.0,6.0,8.0,GCN 1.0 Cape Verde LE,1366 x 768,Yes,AMD,DDR3,Radeon HD 7730 v2 Sapphire 1GB Edition,"
10-May-2013",4096x2160,Yes
820.0,44.0,1024.0,73.6,128.0,1150.0,13.0,16.0,GCN 1.0 Cape Verde PRO,1600 x 900,Yes,AMD,GDDR5,Radeon HD 7750 Asus 1GB Edition,"
01-Feb-2012",4096x2160,Yes
800.0,47.0,4096.0,20.8,128.0,650.0,6.0,8.0,GCN 1.0 Cape Verde LE,1366 x 768,Yes,AMD,DDR3,Radeon HD 7730 v2 XFX Core 4GB Edition,"
11-Jul-2013",4096x2160,No
800.0,47.0,2048.0,28.8,128.0,900.0,6.0,8.0,GCN 1.0 Cape Verde LE,1366 x 768,Yes,AMD,DDR3,Radeon HD 7730 v2 Sapphire 2GB Edition,"
10-May-2013",4096x2160,Yes
800.0,47.0,2048.0,25.6,128.0,800.0,6.0,8.0,GCN 1.0 Cape Verde LE,1366 x 768,Yes,AMD,DDR3,Radeon HD 7730 v2 PowerColor 2GB Edition,"
24-Jul-2013",4096x2160,Yes
840.0,150.0,1024.0,134.4,256.0,1050.0,27.0,32.0,Terascale 2 Barts LE,1600 x 900,Yes,AMD,GDDR5,Radeon HD 7720,"
31-Mar-2013",2560x1600,Yes
800.0,47.0,2048.0,28.8,128.0,900.0,6.0,8.0,GCN 1.0 Cape Verde LE,1366 x 768,Yes,AMD,DDR3,Radeon HD 7730 v2,"
01-May-2013",4096x2160,Yes
687.75,33.0,1024.0,28.8,128.0,900.0,5.0,8.0,Turks XT,,Yes,AMD,DDR3,Radeon HD 7650A,"
01-Jan-2012",2560x1600,Yes
728.125,45.0,1024.0,64.0,128.0,1000.0,5.0,8.0,Turks XT,,Yes,AMD,GDDR5,Radeon HD 7670A,"
01-Jan-2012",2560x1600,Yes
900.0,75.0,1024.0,73.6,128.0,1150.0,14.0,16.0,GCN 1.0 Cape Verde PRO,1600 x 900,Yes,AMD,GDDR5,Radeon HD 7750 Asus TOP 1GB Edition,"
01-Feb-2012",4096x2160,Yes
800.0,47.0,1024.0,72.0,128.0,1125.0,6.0,8.0,GCN 1.0 Cape Verde LE,1600 x 900,Yes,AMD,GDDR5,Radeon HD 7730,"
01-May-2013",4096x2160,Yes
800.0,66.0,2048.0,25.6,128.0,800.0,6.0,8.0,Terascale 2 Turks XT,1366 x 768,Yes,AMD,DDR3,Radeon HD 7670 v2,"
05-Jan-2012",2560x1600,No
650.0,60.0,1024.0,51.2,128.0,800.0,5.0,8.0,Terascale 2 Turks PRO,1600 x 900,Yes,AMD,GDDR5,Radeon HD 7570,"
05-Jan-2012",2560x1600,Yes
800.0,66.0,1024.0,64.0,128.0,1000.0,6.0,8.0,Terascale 2 Turks XT,1600 x 900,Yes,AMD,GDDR5,Radeon HD 7670,"
05-Jan-2012",2560x1600,Yes
650.0,60.0,1024.0,25.6,128.0,800.0,5.0,8.0,Terascale 2 Turks PRO-L,1366 x 768,Yes,AMD,DDR3,Radeon HD 7570 v2 Pegatron 1GB Edition,"
05-Jan-2012",2560x1600,No
650.0,44.0,1024.0,28.8,128.0,900.0,5.0,8.0,Terascale 2 Turks PRO-L,1366 x 768,Yes,AMD,DDR3,Radeon HD 7570 v2,"
05-Jan-2012",2560x1600,No
750.0,18.0,512.0,28.8,64.0,900.0,3.0,4.0,Terascale 2 Caicos XT,1366 x 768,Yes,AMD,GDDR5,Radeon HD 7470,"
05-Jan-2012",2560x1600,No
657.125,18.0,1024.0,12.8,64.0,800.0,6.0,8.0,Redwood,,Yes,AMD,DDR3,Radeon HD 7470A,"
01-Jan-2012",2560x1600,No
650.0,19.0,512.0,12.8,64.0,800.0,3.0,4.0,Terascale Cedar PRO,1024 x 768,Yes,AMD,GDDR3,Radeon HD 7350,"
05-Jan-2012",2560x1600,No
707.75,25.0,480.0,12.8,64.0,800.0,3.0,4.0,Caicos,,No,AMD,DDR3,Radeon HD 7450A,"
01-Jan-2012",2560x1600,No
625.0,18.0,512.0,8.5,64.0,533.0,3.0,4.0,Terascale 2 Caicos PRO,1024 x 768,Yes,AMD,GDDR3,Radeon HD 7450,"
05-Jan-2012",2560x1600,No
900.0,150.0,2048.0,179.2,256.0,1400.0,30.0,32.0,GCN 1.1 Curacao PRO,1920 x 1080,Yes,AMD,GDDR5,Radeon HD 8860 (OEM),"
08-Jan-2013",4096x2160,Yes
1000.0,175.0,2048.0,153.6,256.0,1200.0,24.0,24.0,GCN 1.0 Pitcairn XT,1920 x 1080,Yes,AMD,GDDR5,Radeon HD 8870 (OEM),"
08-Jan-2013",4096x2160,Yes
1031.875,85.0,1024.0,96.0,128.0,1500.0,16.0,16.0,GCN 1.0 Bonaire XT,1600 x 900,Yes,AMD,GDDR5,Radeon HD 8770 (OEM),"
02-Sep-2013",2560x1600,Yes
925.0,250.0,3072.0,264.0,384.0,1375.0,30.0,32.0,GCN 1.0 Tahiti XT,1920 x 1080,Yes,AMD,GDDR5,Radeon HD 8970 (OEM),"
08-Jan-2013",4096x2160,Yes
863.625,200.0,3072.0,240.0,384.0,1250.0,30.0,32.0,GCN 1.1 Tahiti PRO2,1920 x 1080,Yes,AMD,GDDR5,Radeon HD 8950 (OEM),"
08-Jan-2013",4096x2160,Yes
800.0,55.0,2048.0,72.0,128.0,1125.0,13.0,16.0,GCN 1.0 Cape Verde PRO,1600 x 900,Yes,AMD,GDDR5,Radeon HD 8740 (OEM),"
05-Sep-2013",4096x2160,Yes
1000.0,80.0,2048.0,72.0,128.0,1125.0,16.0,16.0,GCN 1.0 Cape Verde XT,1600 x 900,Yes,AMD,GDDR5,Radeon HD 8760 (OEM),"
08-Jan-2013",4096x2160,Yes
1000.0,75.0,2048.0,73.6,128.0,1150.0,8.0,8.0,GCN 1.1 Oland XT,1600 x 900,Yes,AMD,GDDR5,Radeon HD 8670 (OEM),"
08-Jan-2013",2560x1600,Yes
625.0,18.0,512.0,8.5,64.0,533.0,3.0,4.0,Terascale 2 Caicos PRO,1024 x 768,Yes,AMD,DDR3,Radeon HD 8450 (OEM),"
08-Jan-2013",2560x1600,No
750.0,18.0,512.0,28.8,64.0,900.0,3.0,4.0,Terascale 2 Caicos XT,1366 x 768,Yes,AMD,GDDR5,Radeon HD 8470 (OEM),"
08-Jan-2013",2560x1600,No
650.0,25.0,512.0,12.8,64.0,800.0,3.0,4.0,Terascale Cedar PRO,1024 x 768,Yes,AMD,DDR3,Radeon HD 8350 (OEM),"
08-Jan-2013",2560x1600,No
730.0,30.0,2048.0,28.8,128.0,900.0,6.0,8.0,GCN 1.1 Oland PRO,1366 x 768,Yes,AMD,DDR3,Radeon HD 8570 (OEM),"
08-Jan-2013",4096x2160,No
496.25,46.0,256.0,11.2,256.0,350.0,2.625,5.5,NV40/NV41,,Yes,Nvidia,DDR,GeForce 6800 XT,"
02-Jan-2005",2560x1600,Yes
848.75,124.0,256.0,35.2,256.0,550.0,24.375,24.0,NV40/NV45,,Yes,Nvidia,GDDR3,GeForce 6800 Ultra,"
01-Mar-2005",2560x1600,Yes
490.0,74.0,256.0,15.2,256.0,475.0,2.0,4.0,NV38,1024 x 768,Yes,Nvidia,DDR,GeForce FX 5950 Ultra,"
23-Oct-2003",2048x1536,No
527.5,29.75,128.0,5.1,128.0,320.0,1.75,4.25,NV28,,Yes,Nvidia,DDR,GeForce4 Ti 4800,"
20-Jan-2003",,No
451.25,39.125,32.0,2.7,128.0,166.0,1.75,4.25,NV10,,Yes,Nvidia,DDR,GeForce 256,"
31-Aug-1999",,No
440.0,35.0,128.0,11.2,256.0,350.0,2.0,4.0,NV35,,Yes,Nvidia,DDR,GeForce FX 5900XT,"
01-Dec-2003",2048x1536,No
527.5,39.0,128.0,11.2,256.0,350.0,1.625,3.75,NV40/NV41,,Yes,Nvidia,DDR,GeForce 6800 Series 128MB,"
01-Apr-2004",2560x1600,No
874.0,29.0,1024.0,13.2,64.0,825.0,3.0,4.0,Fermi GF119-300-A1,1366 x 768,Yes,Nvidia,DDR3,GeForce GT 705,"
27-Mar-2014",4096x2160,No
451.25,42.25,128.0,4.4,128.0,275.0,1.0,4.0,NV28,,Yes,Nvidia,DDR,GeForce4 Ti 4800 SE,"
20-Jan-2003",,No
607.0,365.0,3072.0,327.9,384.0,854.0,58.0,48.0,Fermi GF110,2560 x 1600,Yes,Nvidia,GDDR5,GeForce GTX 590 Zotac Edition,"
01-Mar-2011",2560x1600,Yes
576.0,289.0,1792.0,225.8,448.0,1008.0,32.0,28.0,Tesla G200-400-B3 (x2),1920 x 1080,Yes,Nvidia,GDDR3,GeForce GTX 295 EVGA CO-OP 1792MB Edition,"
15-Jun-2009",2560x1600,Yes
701.0,500.0,3072.0,354.8,384.0,924.0,67.0,48.0,Fermi GF100-375-A3 (x2),1920 x 1080,Yes,Nvidia,GDDR5,GeForce GTX 480 SLI,"
01-Mar-2010",2560x1600,Yes
451.25,30.0,128.0,4.0,128.0,250.0,1.75,4.25,NV20,,Yes,Nvidia,DDR,GeForce 3 Ti 500,"
01-Oct-2001",,No
490.0,75.0,256.0,16.3,128.0,510.0,8.0,16.0,G92b,,Yes,Nvidia,DDR2,GeForce GT 330,"
01-Feb-2010",2560x1600,No
600.0,289.0,1792.0,235.9,448.0,1053.0,34.0,28.0,Tesla G200-400-B3 (x2),1920 x 1080,Yes,Nvidia,GDDR3,GeForce GTX 295 EVGA CO-OP Hydro Copper 1792MB Edition,"
15-Jun-2009",2560x1600,Yes
774.0,69.0,1024.0,54.4,128.0,850.0,4.0,8.0,GT215,,Yes,Nvidia,GDDR5,GeForce GT 340,"
01-Feb-2010",2560x1600,No
915.0,600.0,8192.0,769.0,512.0,1502.0,130.0,64.0,Kepler GK104-355-A2 (x2),5760 x 1600,Yes,Nvidia,GDDR5,GeForce GTX 690 SLI,"
03-May-2012",4096x2160,Yes
533.25,31.0,512.0,6.4,64.0,400.0,2.0,4.0,GT218,,Yes,Nvidia,DDR2,GeForce 310 512MB,"
01-Nov-2009",2560x1600,No
610.125,33.0,512.0,12.6,64.0,790.0,4.0,8.0,GT216,,Yes,Nvidia,DDR3,GeForce 315 512MB,"
01-Feb-2010",2560x1600,No
578.125,43.0,1024.0,25.3,128.0,790.0,4.0,8.0,GT215,,Yes,Nvidia,GDDR3,GeForce GT 320,"
01-Feb-2010",2560x1600,Yes
1006.0,195.0,4096.0,192.3,256.0,1502.0,34.0,32.0,Kepler GK104-400-A2,1920 x 1080,Yes,Nvidia,GDDR5,GeForce GTX 680 Zotac 4GB Edition,"
01-May-2012",4096x2160,Yes
915.0,300.0,4096.0,384.0,256.0,1500.0,65.0,32.0,Kepler GK104-355-A2,2560 x 1440,Yes,Nvidia,GDDR5,GeForce GTX 690,"
03-May-2012",4096x2160,Yes
915.0,385.0,4096.0,384.5,512.0,1502.0,65.0,64.0,Kepler GK104-355-A2,2560 x 1440,Yes,Nvidia,GDDR5,GeForce GTX 690 Asus 4GB Edition,"
01-May-2012",4096x2160,Yes
1216.0,200.0,4096.0,225.5,256.0,1762.0,84.0,64.0,Maxwell GM204-400-A1,2560 x 1440,Yes,Nvidia,GDDR5,GeForce GTX 980 Zotac AMP! Omega Core 4GB Edition,"
01-Jul-2015",5120x3200,Yes
1110.0,184.625,2048.0,211.5,256.0,1652.0,38.0,32.0,Kepler GK104-400-A2,1920 x 1080,Yes,Nvidia,GDDR5,GeForce GTX 680 Zotac AMP Edition,"
01-Apr-2012",4096x2160,Yes
1006.0,195.0,4096.0,192.3,256.0,1502.0,34.0,32.0,Kepler GK104-400-A2,1920 x 1080,Yes,Nvidia,GDDR5,GeForce GTX 680 WinFast 4GB Edition,"
01-Mar-2012",4096x2160,Yes
1006.0,780.0,8192.0,769.0,256.0,1502.0,135.0,32.0,Kepler GK104-400-A2 (x4),1920 x 1080,Yes,Nvidia,GDDR5,GeForce GTX 680 Quad SLI,"
01-Mar-2012",4096x2160,Yes
993.0,238.375,4096.0,384.5,512.0,1502.0,67.0,64.0,Kepler GK104-355-A2,2560 x 1440,Yes,Nvidia,GDDR5,GeForce GTX 690 Hydro Copper Signature Edition,"
01-Sep-2012",4096x2160,Yes
1084.0,185.0,2048.0,201.6,256.0,1575.0,37.0,32.0,Kepler GK104-400-A2,1920 x 1080,Yes,Nvidia,GDDR5,GeForce GTX 680 Phantom 2GB Edition,"
01-Apr-2012",4096x2160,Yes
1058.0,195.0,2048.0,192.3,256.0,1502.0,36.0,32.0,Kepler GK104-400-A2,1920 x 1080,Yes,Nvidia,GDDR5,GeForce GTX 680 Twin Frozr OC Edition,"
13-Apr-2012",4096x2160,Yes
1006.0,195.0,4096.0,192.3,256.0,1502.0,34.0,32.0,Kepler GK104-400-A2,1920 x 1080,Yes,Nvidia,GDDR5,GeForce GTX 680 PNY XLR8 Enthusiast 4GB Edition,"
23-Apr-2012",4096x2160,Yes
1006.0,195.0,4096.0,192.3,256.0,1502.0,34.0,32.0,Kepler GK104-400-A2,1920 x 1080,Yes,Nvidia,GDDR5,GeForce GTX 680 Phantom 4GB Edition,"
01-Jun-2012",4096x2160,Yes
1084.0,215.0,2048.0,201.6,256.0,1575.0,37.0,32.0,Kepler GK104-400-A2,1920 x 1080,Yes,Nvidia,GDDR5,GeForce GTX 680 Palit Jetstream 2GB Edition,"
01-Apr-2012",4096x2160,Yes
1006.0,215.0,4096.0,192.3,256.0,1502.0,34.0,32.0,Kepler GK104-400-A2,1920 x 1080,Yes,Nvidia,GDDR5,GeForce GTX 680 Palit Jetstream 4GB Edition,"
01-Apr-2012",4096x2160,Yes
1480.0,220.0,11264.0,484.4,88.0,1376.0,139.0,22.0,Pascal P102,3840 x 2160,Yes,Nvidia,GDDR5X,GeForce GTX 1080 Ti Zotac Founders Edition 11GB,"
05-Mar-2017",7680x4320,Yes
968.0,390.0,4096.0,384.5,256.0,1502.0,68.0,32.0,Kepler GK104-400-A2 (x2),1920 x 1080,Yes,Nvidia,GDDR5,GeForce GTX 680 SLI,"
01-Mar-2012",4096x2160,Yes
1683.0,250.0,8192.0,320.3,256.0,1251.0,117.0,64.0,Pascal P104-400-A1,2560 x 1600,Yes,Nvidia,GDDR5X,GeForce GTX 1080 Zotac AMP 8GB Edition,"
27-Jun-2016",7680x4320,Yes
1645.0,220.0,11264.0,493.5,176.0,1402.0,155.0,44.0,Pascal P102,3840 x 2160,Yes,Nvidia,GDDR5X,GeForce GTX 1080 Ti Zotac AMP! Extreme,"
10-Mar-2017",7680x4320,Yes
1607.0,180.0,8192.0,320.3,256.0,1251.0,111.0,64.0,Pascal P104-400-A1,2560 x 1600,Yes,Nvidia,GDDR5X,GeForce GTX 1080 Zotac Founders 8GB Edition,"
27-May-2016",7680x4320,Yes
1771.0,250.0,8192.0,345.6,256.0,1350.0,122.0,64.0,Pascal P104-400-A1,2560 x 1600,Yes,Nvidia,GDDR5X,GeForce GTX 1080 Zotac AMP Extreme 8GB Edition,"
27-Jun-2016",7680x4320,Yes
1480.0,220.0,11264.0,484.4,88.0,1376.0,139.0,22.0,Pascal P102,3840 x 2160,Yes,Nvidia,GDDR5X,GeForce GTX 1080 Ti Zotac PGF Extreme OC,"
10-Mar-2017",7680x4320,Yes
576.0,289.0,1792.0,223.8,448.0,999.0,32.0,28.0,Tesla G200-400-B3 (x2),1920 x 1080,Yes,Nvidia,GDDR3,GeForce GTX 295 EVGA Red 1792MB Edition,"
08-Jan-2009",2560x1600,Yes
1480.0,220.0,11264.0,484.4,176.0,1376.0,152.0,48.0,Pascal P102,3840 x 2160,Yes,Nvidia,GDDR5X,GeForce GTX 1080 Ti SLI,"
05-Mar-2017",7680x3200,Yes
1569.0,220.0,11264.0,484.4,88.0,1376.0,148.0,22.0,Pascal P102,3840 x 2160,Yes,Nvidia,GDDR5X,GeForce GTX 1080 Ti Zotac AMP!,"
10-Mar-2017",7680x4320,Yes
1480.0,220.0,11264.0,484.4,88.0,1376.0,139.0,22.0,Pascal P102,3840 x 2160,Yes,Nvidia,GDDR5X,GeForce GTX 1080 Ti PNY Founders Edition 11GB,"
05-Mar-2017",7680x4320,Yes
1480.0,220.0,11264.0,484.4,88.0,1376.0,139.0,22.0,Pascal P102,3840 x 2160,Yes,Nvidia,GDDR5X,GeForce GTX 1080 Ti MSI Lightning X 11GB,"
05-Mar-2017",7680x4320,Yes
1506.0,250.0,11264.0,484.4,88.0,1376.0,143.0,22.0,Pascal P102,3840 x 2160,Yes,Nvidia,GDDR5X,GeForce GTX 1080 Ti MSI Gaming 11GB,"
05-Mar-2017",7680x4320,Yes
1569.0,220.0,11264.0,489.3,88.0,1390.0,148.0,22.0,Pascal P102,3840 x 2160,Yes,Nvidia,GDDR5X,GeForce GTX 1080 Ti MSI Sea Hawk X 11GB,"
05-Mar-2017",7680x4320,Yes
1480.0,220.0,11264.0,484.4,88.0,1376.0,139.0,22.0,Pascal P102,3840 x 2160,Yes,Nvidia,GDDR5X,GeForce GTX 1080 Ti Palit Founders Edition 11GB,"
05-Mar-2017",7680x4320,Yes
1480.0,220.0,11264.0,484.4,88.0,1376.0,139.0,22.0,Pascal P102,3840 x 2160,Yes,Nvidia,GDDR5X,GeForce GTX 1080 Ti MSI Gaming X 11GB,"
05-Mar-2017",7680x4320,Yes
1480.0,220.0,11264.0,484.4,88.0,1376.0,139.0,22.0,Pascal P102,3840 x 2160,Yes,Nvidia,GDDR5X,GeForce GTX 1080 Ti MSI Founders Edition 11GB,"
05-Mar-2017",7680x4320,Yes
1506.0,220.0,11264.0,484.4,88.0,1376.0,143.0,22.0,Pascal P102,3840 x 2160,Yes,Nvidia,GDDR5X,GeForce GTX 1080 Ti MSI Sea Hawk 11GB,"
05-Mar-2017",7680x4320,Yes
1480.0,220.0,11264.0,484.4,88.0,1376.0,139.0,22.0,Pascal P102,3840 x 2160,Yes,Nvidia,GDDR5X,GeForce GTX 1080 Ti MSI Armor 11GB Edition,"
05-Mar-2017",7680x4320,Yes
1531.0,250.0,11264.0,484.4,88.0,1376.0,145.0,22.0,Pascal P102,3840 x 2160,Yes,Nvidia,GDDR5X,GeForce GTX 1080 Ti MSI Armor OC 11GB,"
05-Mar-2017",7680x4320,Yes
1480.0,220.0,11264.0,484.4,88.0,1376.0,139.0,22.0,Pascal P102,3840 x 2160,Yes,Nvidia,GDDR5X,GeForce GTX 1080 Ti Kuroutoshikou Founders Edition 11GB,"
05-Mar-2017",7680x4320,Yes
1607.0,220.0,11264.0,502.0,352.0,1426.0,151.0,88.0,Pascal P102,3840 x 2160,Yes,Nvidia,GDDR5X,GeForce GTX 1080 Ti Inno3D iChiLL X3 Ultra 11GB,"
05-Mar-2017",7680x3200,Yes
1480.0,220.0,11264.0,484.4,88.0,1376.0,139.0,22.0,Pascal P102,3840 x 2160,Yes,Nvidia,GDDR5X,GeForce GTX 1080 Ti Manli F369G 11GB,"
22-Mar-2017",7680x4320,Yes
1569.0,220.0,11264.0,502.0,88.0,1426.0,148.0,22.0,Pascal P102,3840 x 2160,Yes,Nvidia,GDDR5X,GeForce GTX 1080 Ti Inno3D iChiLL X4 11GB,"
05-Mar-2017",7680x4320,Yes
1569.0,220.0,11264.0,502.0,352.0,1426.0,148.0,88.0,Pascal P102,3840 x 2160,Yes,Nvidia,GDDR5X,GeForce GTX 1080 Ti Inno3D iChiLL X3 11GB,"
05-Mar-2017",7680x3200,Yes
1480.0,220.0,11264.0,484.4,88.0,1376.0,139.0,22.0,Pascal P102,3840 x 2160,Yes,Nvidia,GDDR5X,GeForce GTX 1080 Ti KFA Founders Edition 11GB,"
05-Mar-2017",7680x4320,Yes
1480.0,220.0,11264.0,484.4,88.0,1376.0,139.0,22.0,Pascal P102,3840 x 2160,Yes,Nvidia,GDDR5X,GeForce GTX 1080 Ti Inno3D Founders Edition 11GB,"
05-Mar-2017",7680x4320,Yes
1531.0,220.0,11264.0,484.4,352.0,1376.0,145.0,88.0,Pascal P102,3840 x 2160,Yes,Nvidia,GDDR5X,GeForce GTX 1080 Ti Inno3D Gaming OC 11GB,"
05-Mar-2017",7680x4320,No
1480.0,220.0,11264.0,484.4,88.0,1376.0,139.0,22.0,Pascal P102,3840 x 2160,Yes,Nvidia,GDDR5X,GeForce GTX 1080 Ti Inno3D iChiLL Black 11GB,"
05-Mar-2017",7680x4320,Yes
1480.0,220.0,11264.0,484.4,88.0,1376.0,139.0,22.0,Pascal P102,3840 x 2160,Yes,Nvidia,GDDR5X,GeForce GTX 1080 Ti Gigabyte Founders Edition 11GB,"
05-Mar-2017",7680x4320,Yes
1607.0,220.0,11264.0,502.0,88.0,1426.0,151.0,22.0,Pascal P102,3840 x 2160,Yes,Nvidia,GDDR5X,GeForce GTX 1080 Ti Inno3D iChiLL X4 Ultra 11GB,"
10-Mar-2017",7680x4320,Yes
1480.0,250.0,11264.0,484.4,176.0,1376.0,139.0,44.0,Pascal P102,3840 x 2160,Yes,Nvidia,GDDR5X,GeForce GTX 1080 Ti MSI Aero 11GB,"
05-Mar-2017",7680x4320,Yes
1506.0,250.0,11264.0,484.4,176.0,1376.0,143.0,44.0,Pascal P102,3840 x 2160,Yes,Nvidia,GDDR5X,GeForce GTX 1080 Ti MSI Aero OC 11GB,"
05-Mar-2017",7680x4320,Yes
1607.0,220.0,11264.0,494.2,88.0,1404.0,151.0,22.0,Pascal P102,3840 x 2160,Yes,Nvidia,GDDR5X,GeForce GTX 1080 Ti Gigabyte AORUS Xtreme Edition 11GB,"
05-Mar-2017",7680x4320,Yes
1480.0,220.0,11264.0,484.4,352.0,1376.0,139.0,88.0,Pascal P102,3840 x 2160,Yes,Nvidia,GDDR5X,GeForce GTX 1080 Ti Galax Hall of Fame Edition 11GB,"
05-Mar-2017",7680x4320,Yes
1518.0,220.0,11264.0,484.4,88.0,1376.0,144.0,22.0,Pascal P102,3840 x 2160,Yes,Nvidia,GDDR5X,GeForce GTX 1080 Ti Gigabyte G1 Gaming 11GB,"
05-Mar-2017",7680x4320,Yes
1480.0,220.0,11264.0,484.4,352.0,1376.0,139.0,88.0,Pascal P102,3840 x 2160,Yes,Nvidia,GDDR5X,GeForce GTX 1080 Ti Galax Founders Edition 11GB,"
05-Mar-2017",7680x4320,No
1556.0,220.0,11264.0,484.4,88.0,1376.0,147.0,22.0,Pascal P102,3840 x 2160,Yes,Nvidia,GDDR5X,GeForce GTX 1080 Ti EVGA SC2 Gaming 11GB,"
05-Mar-2017",7680x4320,Yes
1556.0,220.0,11264.0,484.4,88.0,1376.0,147.0,22.0,Pascal P102,3840 x 2160,Yes,Nvidia,GDDR5X,GeForce GTX 1080 Ti EVGA SC Black Edition Gaming 11GB,"
05-Mar-2017",7680x4320,Yes
1480.0,220.0,11264.0,484.4,352.0,1376.0,139.0,88.0,Pascal P102,3840 x 2160,Yes,Nvidia,GDDR5X,GeForce GTX 1080 Ti Gainward Founders Edition 11GB,"
05-Mar-2017",7680x4320,No
1480.0,220.0,11264.0,484.4,88.0,1376.0,139.0,22.0,Pascal P102,3840 x 2160,Yes,Nvidia,GDDR5X,GeForce GTX 1080 Ti Colorful Founders Edition 11GB,"
05-Mar-2017",7680x4320,Yes
1480.0,220.0,11264.0,484.4,352.0,1376.0,139.0,88.0,Pascal P102,3840 x 2160,Yes,Nvidia,GDDR5X,GeForce GTX 1080 Ti EVGA Founders Edition 11GB,"
05-Mar-2017",7680x3200,No
1480.0,220.0,11264.0,484.4,88.0,1376.0,139.0,22.0,Pascal P102,3840 x 2160,Yes,Nvidia,GDDR5X,GeForce GTX 1080 Ti ELSA Founders Edition 11GB,"
05-Mar-2017",7680x4320,Yes
1569.0,220.0,11264.0,484.4,88.0,1376.0,148.0,22.0,Pascal P102,3840 x 2160,Yes,Nvidia,GDDR5X,GeForce GTX 1080 Ti EVGA FTW3 Gaming 11GB,"
05-Mar-2017",7680x4320,Yes
1480.0,220.0,11264.0,484.4,352.0,1376.0,139.0,88.0,Pascal P102,3840 x 2160,Yes,Nvidia,GDDR5X,GeForce GTX 1080 Ti ASUS Turbo 11GB,"
10-Mar-2017",7680x4320,No
1594.0,220.0,11264.0,488.6,352.0,1388.0,150.0,88.0,Pascal P102,3840 x 2160,Yes,Nvidia,GDDR5X,GeForce GTX 1080 Ti ASUS ROG STRIX OC 11GB,"
05-Mar-2017",7680x4320,Yes
1582.0,220.0,11264.0,488.6,352.0,1388.0,139.0,88.0,Pascal P102,3840 x 2160,Yes,Nvidia,GDDR5X,GeForce GTX 1080 Ti ASUS ROG STRIX 11GB,"
05-Mar-2017",7680x3200,Yes
1480.0,220.0,11264.0,484.4,352.0,1376.0,139.0,88.0,Pascal P102,3840 x 2160,Yes,Nvidia,GDDR5X,GeForce GTX 1080 Ti,"
05-Mar-2017",7680x4320,Yes
1480.0,220.0,11264.0,484.4,352.0,1376.0,139.0,88.0,Pascal P102,3840 x 2160,Yes,Nvidia,GDDR5X,GeForce GTX 1080 Ti ASUS Founders Edition 11GB,"
05-Mar-2017",7680x3200,No
1708.0,200.0,8192.0,320.3,256.0,1251.0,118.0,64.0,Pascal P104-400-A1,2560 x 1600,Yes,Nvidia,GDDR5X,GeForce GTX 1080 Palit Super JetStream 8GB Edition,"
27-May-2016",7680x4320,Yes
1607.0,180.0,8192.0,320.3,256.0,1251.0,111.0,64.0,Pascal P104-400-A1,2560 x 1600,Yes,Nvidia,GDDR5X,GeForce GTX 1080 PNY Founders 8GB Edition,"
27-May-2016",7680x4320,Yes
1607.0,180.0,8192.0,320.3,256.0,1251.0,111.0,64.0,Pascal P104-400-A1,2560 x 1600,Yes,Nvidia,GDDR5X,GeForce GTX 1080 Palit Founders 8GB Edition,"
27-May-2016",7680x4320,Yes
1607.0,360.0,16384.0,640.5,256.0,1251.0,222.0,64.0,Pascal P104-400-A1 (x2),3840 x 2160,Yes,Nvidia,GDDR5X,GeForce GTX 1080 SLI,"
27-May-2016",7680x4320,Yes
1607.0,180.0,8192.0,320.3,256.0,1251.0,111.0,64.0,Pascal P104-400-A1,2560 x 1600,Yes,Nvidia,GDDR5X,GeForce GTX 1080 MSI Armor 8GB Edition,"
27-May-2016",7680x4320,Yes
1607.0,180.0,8192.0,320.0,256.0,1250.0,111.0,64.0,Pascal P104-400-A1,2560 x 1600,Yes,Nvidia,GDDR5X,GeForce GTX 1080 MSI Founders 8GB Edition,"
27-May-2016",7680x4320,Yes
1708.0,180.0,8192.0,323.3,256.0,1263.0,118.0,64.0,Pascal P104-400-A1,2560 x 1600,Yes,Nvidia,GDDR5X,GeForce GTX 1080 MSI Gaming X 8GB Edition,"
27-May-2016",7680x4320,Yes
1607.0,180.0,8192.0,320.3,256.0,1251.0,111.0,64.0,Pascal P104-400-A1,2560 x 1600,Yes,Nvidia,GDDR5X,GeForce GTX 1080 Palit JetStream 8GB Edition,"
27-May-2016",7680x4320,Yes
1645.0,200.0,8192.0,320.3,256.0,1251.0,114.0,64.0,Pascal P104-400-A1,2560 x 1600,Yes,Nvidia,GDDR5X,GeForce GTX 1080 Palit GameRock 8GB Edition,"
27-May-2016",7680x4320,Yes
1657.0,180.0,8192.0,320.3,256.0,1251.0,115.0,64.0,Pascal P104-400-A1,2560 x 1600,Yes,Nvidia,GDDR5X,GeForce GTX 1080 MSI Armor OC 8GB Edition,"
27-May-2016",7680x4320,Yes
1480.0,220.0,11264.0,484.4,88.0,1376.0,139.0,22.0,Pascal P102,3840 x 2160,Yes,Nvidia,GDDR5X,GeForce GTX 1080 Ti Inno3D Twin X2 11GB,"
05-Mar-2017",7680x4320,Yes
1708.0,180.0,8192.0,323.3,256.0,1263.0,118.0,64.0,Pascal P104-400-A1,2560 x 1600,Yes,Nvidia,GDDR5X,GeForce GTX 1080 MSI Sea Hawk 8GB Edition,"
27-May-2016",7680x4320,Yes
1632.0,180.0,8192.0,320.3,256.0,1251.0,113.0,64.0,Pascal P104-400-A1,2560 x 1600,Yes,Nvidia,GDDR5X,GeForce GTX 1080 MSI Aero OC 8GB Edition,"
27-May-2016",7680x4320,Yes
1607.0,180.0,8192.0,320.3,256.0,1251.0,111.0,64.0,Pascal P104-400-A1,2560 x 1600,Yes,Nvidia,GDDR5X,GeForce GTX 1080 MSI Aero 8GB Edition,"
27-May-2016",7680x4320,Yes
1607.0,180.0,8192.0,320.0,256.0,1250.0,111.0,64.0,Pascal P104-400-A1,2560 x 1600,Yes,Nvidia,GDDR5X,GeForce GTX 1080 Gigabyte Founders 8GB Edition,"
27-May-2016",7680x4320,Yes
1695.0,180.0,8192.0,320.3,256.0,1251.0,117.0,64.0,Pascal P104-400-A1,2560 x 1600,Yes,Nvidia,GDDR5X,GeForce GTX 1080 Gigabyte G1 Gaming 8GB Edition,"
27-Jun-2016",7680x4320,Yes
1721.0,215.0,8192.0,320.3,256.0,1251.0,119.0,64.0,Pascal P104-400-A1,2560 x 1600,Yes,Nvidia,GDDR5X,GeForce GTX 1080 EVGA FTW ACX 3.0 8GB Edition,"
27-Jun-2016",7680x4320,Yes
1607.0,180.0,8192.0,320.3,256.0,1251.0,111.0,64.0,Pascal P104-400-A1,2560 x 1600,Yes,Nvidia,GDDR5X,GeForce GTX 1080 EVGA ACX 3.0 8GB Edition,"
27-May-2016",7680x4320,Yes
1708.0,180.0,8192.0,320.3,256.0,1251.0,118.0,64.0,Pascal P104-400-A1,2560 x 1600,Yes,Nvidia,GDDR5X,GeForce GTX 1080 Colorful iGame X-TOP 8GB,"
27-May-2016",7680x4320,Yes
1607.0,180.0,8192.0,320.3,256.0,1251.0,111.0,64.0,Pascal P104-400-A1,2560 x 1600,Yes,Nvidia,GDDR5X,GeForce GTX 1080 Inno3D Founders 8GB Edition,"
27-May-2016",7680x4320,Yes
1480.0,220.0,11264.0,484.4,352.0,1376.0,139.0,88.0,Pascal P102,3840 x 2160,Yes,Nvidia,GDDR5X,GeForce GTX 1080 Ti Gainward Founders Edition 11GB (China),"
 05-Mar-2017",7680x4320,No
1607.0,180.0,8192.0,320.3,256.0,1251.0,111.0,64.0,Pascal P104-400-A1,2560 x 1600,Yes,Nvidia,GDDR5X,GeForce GTX 1080 EVGA 8GB Edition,"
27-May-2016",7680x4320,Yes
1632.0,300.0,8192.0,320.3,256.0,1251.0,113.0,64.0,Pascal P104-400-A1,2560 x 1600,Yes,Nvidia,GDDR5X,GeForce GTX 1080 Asus ROG Strix Gaming 8GB,"
27-Jul-2016",7680x4320,No
1784.0,300.0,8192.0,320.3,256.0,1251.0,124.0,64.0,Pascal P104-400-A1,2560 x 1600,Yes,Nvidia,GDDR5X,GeForce GTX 1080 Asus ROG Strix Gaming OC 8GB Edition,"
27-May-2016",7680x4320,Yes
1708.0,180.0,8192.0,320.3,256.0,1251.0,118.0,64.0,Pascal P104-400-A1,2560 x 1600,Yes,Nvidia,GDDR5X,GeForce GTX 1080 EVGA SuperClocked ACX 3.0 8GB Edition,"
27-May-2016",7680x4320,Yes
1607.0,180.0,8192.0,320.3,256.0,1251.0,111.0,64.0,Pascal P104-400-A1,2560 x 1600,Yes,Nvidia,GDDR5X,GeForce GTX 1080 EVGA Founders 8GB Edition,"
27-May-2016",7680x4320,Yes
1607.0,180.0,8192.0,320.3,256.0,1251.0,111.0,64.0,Pascal P104-400-A1,2560 x 1600,Yes,Nvidia,GDDR5X,GeForce GTX 1080 Asus Founders 8GB Edition,"
27-May-2016",7680x4320,Yes
1506.0,150.0,8192.0,272.0,256.0,2125.0,108.0,64.0,Pascal P104-200-A1,2560 x 1600,Yes,Nvidia,GDDR5,GeForce GTX 1070 Palit JetStream,"
10-Jun-2016",7680x4320,No
1607.0,220.0,8192.0,256.3,256.0,2002.0,115.0,64.0,Pascal P104-200-A1,2560 x 1600,Yes,Nvidia,GDDR5,GeForce GTX 1070 Zotac AMP!,"
10-Jun-2016",7680x4320,No
1506.0,150.0,8192.0,256.3,128.0,2002.0,108.0,32.0,Pascal P104-200-A1,2560 x 1600,Yes,Nvidia,GDDR5,GeForce GTX 1070 SLI,"
10-Jun-2016",7680x4320,Yes
1607.0,150.0,8192.0,259.5,256.0,2027.0,115.0,64.0,Pascal P104-200-A1,2560 x 1600,Yes,Nvidia,GDDR5,GeForce GTX 1070 MSI Sea Hawk X 8GB Edition,"
10-Jun-2016",7680x4320,Yes
1670.0,150.0,8192.0,272.0,256.0,2125.0,120.0,64.0,Pascal P104-200-A1,2560 x 1600,Yes,Nvidia,GDDR5,GeForce GTX 1070 Palit GameRock Premium,"
10-Jun-2016",7680x4320,No
1607.0,150.0,8192.0,256.3,256.0,2002.0,115.0,64.0,Pascal P104-200-A1,2560 x 1600,Yes,Nvidia,GDDR5,GeForce GTX 1070 MSI Quick Silver OC 8GB,"
10-Jun-2016",7680x4320,Yes
1632.0,150.0,8192.0,262.7,256.0,2052.0,117.0,64.0,Pascal P104-200-A1,2560 x 1600,Yes,Nvidia,GDDR5,GeForce GTX 1070 Zotac AMP! Xtreme,"
10-Jun-2016",7680x4320,No
1607.0,180.0,8192.0,320.3,256.0,1251.0,111.0,64.0,Pascal P104-400-A1,2560 x 1600,Yes,Nvidia,GDDR5X,GeForce GTX 1080,"
27-May-2016",7680x4320,Yes
1657.0,150.0,8192.0,256.3,256.0,2002.0,119.0,64.0,Pascal P104-200-A1,2560 x 1600,Yes,Nvidia,GDDR5,GeForce GTX 1070 MSI Gaming Z 8GB,"
10-Jun-2016",7680x4320,Yes
1607.0,150.0,8192.0,259.5,256.0,2027.0,115.0,64.0,Pascal P104-200-A1,2560 x 1600,Yes,Nvidia,GDDR5,GeForce GTX 1070 MSI Gaming X 8GB Edition,"
10-Jun-2016",7680x4320,Yes
1632.0,150.0,8192.0,272.3,256.0,2127.0,117.0,64.0,Pascal P104-200-A1,2560 x 1600,Yes,Nvidia,GDDR5,GeForce GTX 1070 Palit Super JetStream,"
10-Jun-2016",7680x4320,No
1556.0,150.0,8192.0,256.3,256.0,2002.0,112.0,64.0,Pascal P104-200-A1,2560 x 1600,Yes,Nvidia,GDDR5,GeForce GTX 1070 MSI Armor OC 8GB Edition,"
10-Jun-2016",7680x4320,Yes
1506.0,150.0,8192.0,256.3,256.0,2002.0,108.0,64.0,Pascal P104-200-A1,2560 x 1600,Yes,Nvidia,GDDR5,GeForce GTX 1070 MSI Armor 8GB Edition,"
10-Jun-2016",7680x4320,Yes
1569.0,150.0,8192.0,256.3,256.0,2002.0,113.0,64.0,Pascal P104-200-A1,2560 x 1600,Yes,Nvidia,GDDR5,GeForce GTX 1070 Leadtek WinFast HURRICANE,"
10-Jun-2016",7680x4320,No
1695.0,150.0,8192.0,256.3,256.0,2002.0,121.0,64.0,Pascal P104-200-A1,2560 x 1600,Yes,Nvidia,GDDR5,GeForce GTX 1070 Gigabyte Xtreme Gaming,"
10-Jun-2016",7680x4320,No
1556.0,150.0,8192.0,256.3,256.0,2002.0,112.0,64.0,Pascal P104-200-A1,2560 x 1600,Yes,Nvidia,GDDR5,GeForce GTX 1070 Gigabyte Mini ITX OC 8GB,"
01-Jul-2016",7680x4320,No
1582.0,150.0,8192.0,256.3,256.0,2002.0,113.0,64.0,Pascal P104-200-A1,2560 x 1600,Yes,Nvidia,GDDR5,GeForce GTX 1070 Gigabyte Windforce OC,"
10-Jun-2016",7680x4320,No
1531.0,150.0,8192.0,256.3,256.0,2002.0,110.0,64.0,Pascal P104-200-A1,2560 x 1600,Yes,Nvidia,GDDR5,GeForce GTX 1070 MSI Aero OC 8GB Edition,"
10-Jun-2016",7680x4320,Yes
1506.0,150.0,8192.0,256.3,256.0,2002.0,108.0,64.0,Pascal P104-200-A1,2560 x 1600,Yes,Nvidia,GDDR5,GeForce GTX 1070 MSI Aero 8GB Edition,"
10-Jun-2016",7680x4320,Yes
1506.0,150.0,8192.0,256.3,256.0,2002.0,108.0,64.0,Pascal P104-200-A1,2560 x 1600,Yes,Nvidia,GDDR5,GeForce GTX 1070 Gigabyte Founders 8GB Edition,"
10-Jun-2016",7680x4320,Yes
1657.0,150.0,8192.0,256.3,256.0,2002.0,119.0,64.0,Pascal P104-200-A1,2560 x 1600,Yes,Nvidia,GDDR5,GeForce GTX 1070 Galax HOF Limited Edition 8GB,"
10-Jun-2016",7680x4320,Yes
1594.0,150.0,8192.0,256.3,256.0,2002.0,114.0,64.0,Pascal P104-200-A1,2560 x 1600,Yes,Nvidia,GDDR5,GeForce GTX 1070 Galax EXOC 8GB,"
10-Jun-2016",7680x4320,Yes
1506.0,150.0,8192.0,256.3,256.0,2002.0,108.0,64.0,Pascal P104-200-A1,2560 x 1600,Yes,Nvidia,GDDR5,GeForce GTX 1070 Galax Founders 8GB,"
10-Jun-2016",7680x4320,Yes
1518.0,150.0,8192.0,256.3,256.0,2002.0,109.0,64.0,Pascal P104-200-A1,2560 x 1600,Yes,Nvidia,GDDR5,GeForce GTX 1070 Galax EX 8GB,"
10-Jun-2016",7680x4320,Yes
1670.0,150.0,8192.0,272.3,256.0,2127.0,120.0,64.0,Pascal P104-200-A1,2560 x 1600,Yes,Nvidia,GDDR5,GeForce GTX 1070 Gainward Phoenix GLH,"
10-Jun-2016",7680x4320,No
1594.0,180.0,8192.0,256.3,256.0,2002.0,114.0,64.0,Pascal P104-200-A1,2560 x 1600,Yes,Nvidia,GDDR5,GeForce GTX 1070 EVGA SC GAMING ACX 3.0 8GB Edition,"
10-Jun-2016",7680x4320,Yes
1506.0,150.0,8192.0,256.3,256.0,2002.0,108.0,64.0,Pascal P104-200-A1,2560 x 1600,Yes,Nvidia,GDDR5,GeForce GTX 1070 EVGA Founders 8GB Edition,"
10-Jun-2016",7680x4320,Yes
1506.0,150.0,8192.0,256.3,256.0,2002.0,108.0,64.0,Pascal P104-200-A1,2560 x 1600,Yes,Nvidia,GDDR5,GeForce GTX 1070 EVGA ACX 3.0 8GB Edition,"
10-Jun-2016",7680x4320,Yes
1506.0,150.0,8192.0,256.3,256.0,2002.0,108.0,64.0,Pascal P104-200-A1,2560 x 1600,Yes,Nvidia,GDDR5,GeForce GTX 1070 Gainward,"
10-Jun-2016",7680x4320,No
1657.0,150.0,8192.0,256.3,256.0,2002.0,119.0,64.0,Pascal P104-200-A1,2560 x 1600,Yes,Nvidia,GDDR5,GeForce GTX 1070 Colorful iGame X-TOP 8GB,"
10-Jun-2016",7680x4320,No
1657.0,150.0,8192.0,256.3,256.0,2002.0,119.0,64.0,Pascal P104-200-A1,2560 x 1600,Yes,Nvidia,GDDR5,GeForce GTX 1070 Asus ROG Strix Gaming OC 8GB Edition,"
10-Jun-2016",7680x4320,Yes
1506.0,150.0,8192.0,256.3,256.0,2002.0,108.0,64.0,Pascal P104-200-A1,2560 x 1600,Yes,Nvidia,GDDR5,GeForce GTX 1070 MSI Founders 8GB Edition,"
10-Jun-2016",7680x4320,Yes
1620.0,150.0,8192.0,256.3,256.0,2002.0,117.0,64.0,Pascal P104-200-A1,2560 x 1600,Yes,Nvidia,GDDR5,GeForce GTX 1070 Gigabyte G1 Gaming 8GB Edition,"
10-Jun-2016",7680x4320,Yes
1531.0,150.0,8192.0,256.3,256.0,2002.0,110.0,64.0,Pascal P104-200-A1,2560 x 1600,Yes,Nvidia,GDDR5,GeForce GTX 1070 Asus Turbo,"
10-Jun-2016",7680x4320,No
1531.0,150.0,8192.0,256.3,256.0,2002.0,110.0,64.0,Pascal P104-200-A1,2560 x 1600,Yes,Nvidia,GDDR5,GeForce GTX 1070 Asus ROG Strix Gaming 8GB,"
10-Jun-2016",7680x4320,No
1506.0,150.0,8192.0,256.3,128.0,2002.0,108.0,32.0,Pascal P104-200-A1,2560 x 1600,Yes,Nvidia,GDDR5,GeForce GTX 1070 Asus Founders SLI,"
10-Jun-2016",7680x4320,Yes
1506.0,150.0,8192.0,256.3,256.0,2002.0,108.0,64.0,Pascal P104-200-A1,2560 x 1600,Yes,Nvidia,GDDR5,GeForce GTX 1070 Asus Founders,"
10-Jun-2016",7680x4320,Yes
1582.0,150.0,8192.0,256.3,256.0,2002.0,113.0,64.0,Pascal P104-200-A1,2560 x 1600,Yes,Nvidia,GDDR5,GeForce GTX 1070 Asus Dual,"
13-Jul-2016",7680x4320,No
1620.0,120.0,6144.0,192.2,192.0,2002.0,89.0,48.0,Pascal P106-400-A1,2560 x 1440,Yes,Nvidia,GDDR5,GeForce GTX 1060 Palit Super Jetstream 6GB,"
19-Jul-2016",7680x4320,No
1506.0,120.0,6144.0,192.2,192.0,2002.0,82.0,48.0,Pascal P106-400-A1,2560 x 1440,Yes,Nvidia,GDDR5,GeForce GTX 1060 Zotac Mini 6GB,"
19-Jul-2016",7680x4320,No
1506.0,120.0,6144.0,192.2,192.0,2002.0,82.0,48.0,Pascal P106-400-A1,2560 x 1440,Yes,Nvidia,GDDR5,GeForce GTX 1060 Palit Jetstream 6GB,"
19-Jul-2016",7680x4320,No
1193.125,120.0,3072.0,192.2,192.0,2002.0,84.0,48.0,Pascal P106-300-A1,1920 x 1080,Yes,Nvidia,GDDR5,GeForce GTX 1060 MSI OC 3GB,"
18-Aug-2016",7680x4320,No
1556.0,120.0,6144.0,192.2,192.0,2002.0,85.0,48.0,Pascal P106-400-A1,2560 x 1440,Yes,Nvidia,GDDR5,GeForce GTX 1060 Zotac AMP 6GB Edition,"
19-Jul-2016",7680x4320,No
1193.125,120.0,3072.0,192.2,192.0,2002.0,84.0,48.0,Pascal P106-300-A1,1920 x 1080,Yes,Nvidia,GDDR5,GeForce GTX 1060 MSI OCV1 3G,"
29-Aug-2016",7680x4320,No
1506.0,150.0,8192.0,256.3,256.0,2002.0,108.0,64.0,Pascal P104-200-A1,2560 x 1600,Yes,Nvidia,GDDR5,GeForce GTX 1070,"
10-Jun-2016",7680x4320,Yes
1193.125,120.0,3072.0,192.2,192.0,2002.0,86.0,48.0,Pascal P106-300-A1,1920 x 1080,Yes,Nvidia,GDDR5,GeForce GTX 1060 MSI Gaming X 3GB,"
18-Aug-2016",7680x4320,No
1569.0,120.0,6144.0,192.2,192.0,2002.0,86.0,48.0,Pascal P106-400-A1,2560 x 1440,Yes,Nvidia,GDDR5,GeForce GTX 1060 MSI Gaming X 6G Edition,"
19-Jul-2016",7680x4320,No
1518.0,120.0,6144.0,192.2,192.0,2002.0,83.0,48.0,Pascal P106-400-A1,2560 x 1440,Yes,Nvidia,GDDR5,GeForce GTX 1060 MSI Gaming 6GB,"
19-Jul-2016",7680x4320,No
1193.125,120.0,3072.0,192.2,192.0,2002.0,82.0,48.0,Pascal P106-300-A1,1920 x 1080,Yes,Nvidia,GDDR5,GeForce GTX 1060 MSI Armor V1 3G,"
18-Aug-2016",7680x4320,No
1193.125,120.0,3072.0,192.2,192.0,2002.0,83.0,48.0,Pascal P106-300-A1,1920 x 1080,Yes,Nvidia,GDDR5,GeForce GTX 1060 MSI Gaming 3GB,"
18-Aug-2016",7680x4320,No
1193.125,120.0,3072.0,192.2,192.0,2002.0,82.0,48.0,Pascal P106-300-A1,1920 x 1080,Yes,Nvidia,GDDR5,GeForce GTX 1060 Zotac Mini 3GB,"
18-Aug-2016",7680x4320,No
1544.0,120.0,6144.0,194.6,192.0,2027.0,84.0,48.0,Pascal P106-400-A1,2560 x 1440,Yes,Nvidia,GDDR5,GeForce GTX 1060 MSI Armor 6G OC,"
19-Jul-2016",7680x4320,No
1518.0,120.0,3456.0,192.2,192.0,2002.0,83.0,48.0,Pascal P106-400-A1,1920 x 1080,,Nvidia,GDDR5,GeForce GTX 1060 KFA2 OC 6GB,"
19-Jul-2016",7680x4320,No
1544.0,120.0,6144.0,194.6,192.0,2027.0,84.0,48.0,Pascal P106-400-A1,2560 x 1440,Yes,Nvidia,GDDR5,GeForce GTX 1060 MSI 6GT OC,"
19-Jul-2016",7680x4320,No
1193.125,120.0,3072.0,192.2,192.0,2002.0,84.0,48.0,Pascal P106-300-A1,1920 x 1080,Yes,Nvidia,GDDR5,GeForce GTX 1060 MSI Armor OCV1 3G,"
18-Aug-2016",7680x4320,No
1184.375,120.0,3072.0,197.0,192.0,2052.0,86.0,48.0,Pascal P106-300-A1,1920 x 1080,Yes,Nvidia,GDDR5,GeForce GTX 1060 Inno3D iChill X3 3GB,"
18-Aug-2016",7680x4320,No
1556.0,120.0,6144.0,192.2,192.0,2002.0,85.0,48.0,Pascal P106-400-A1,2560 x 1440,Yes,Nvidia,GDDR5,GeForce GTX 1060 KFA2 EX OC White 6GB,"
19-Jul-2016",7680x4320,No
1632.0,150.0,8192.0,272.3,256.0,2127.0,117.0,64.0,Pascal P104-200-A1,2560 x 1600,Yes,Nvidia,GDDR5,GeForce GTX 1070 Gainward Phoenix GS,"
10-Jun-2016",7680x4320,No
1569.0,120.0,6144.0,197.0,192.0,2052.0,86.0,48.0,Pascal P106-400-A1,2560 x 1440,Yes,Nvidia,GDDR5,GeForce GTX 1060 Inno3D iChill X3,"
19-Jul-2016",7680x4320,No
1569.0,130.0,6144.0,192.2,192.0,2002.0,86.0,48.0,Pascal P106-400-A1,2560 x 1440,Yes,Nvidia,GDDR5,GeForce GTX 1060 Inno3D Gaming OC 6GB,"
19-Jul-2016",7680x4320,No
1620.0,120.0,6144.0,192.2,192.0,2002.0,89.0,48.0,Pascal P106-400-A1,2560 x 1440,Yes,Nvidia,GDDR5,GeForce GTX 1060 Gigabyte Xtreme Gaming 6GB,"
19-Jul-2016",7680x4320,No
1544.0,120.0,6144.0,192.2,192.0,2002.0,84.0,48.0,Pascal P106-400-A1,2560 x 1440,Yes,Nvidia,GDDR5,GeForce GTX 1060 KFA2 EX OC Black 6GB,"
19-Jul-2016",7680x4320,No
1506.0,120.0,6144.0,192.2,192.0,2002.0,82.0,48.0,Pascal P106-400-A1,2560 x 1440,Yes,Nvidia,GDDR5,GeForce GTX 1060 Inno3D Compact 6GB,"
19-Jul-2016",7680x4320,No
1193.125,120.0,3072.0,192.2,192.0,2002.0,84.0,48.0,Pascal P106-300-A1,1920 x 1080,Yes,Nvidia,GDDR5,GeForce GTX 1060 Gigabyte Mini ITX OC 3GB,"
18-Aug-2016",7680x4320,No
1531.0,120.0,6144.0,192.2,192.0,2002.0,84.0,48.0,Pascal P106-400-A1,2560 x 1440,Yes,Nvidia,GDDR5,GeForce GTX 1060 Gigabyte Mini ITX OC 6GB,"
19-Jul-2016",7680x4320,No
1193.125,120.0,3072.0,192.2,192.0,2002.0,82.0,48.0,Pascal P106-300-A1,1920 x 1080,Yes,Nvidia,GDDR5,GeForce GTX 1060 Inno3D Compact 3GB,"
18-Aug-2016",7680x4320,No
1556.0,120.0,6144.0,192.2,192.0,2002.0,85.0,48.0,Pascal P106-400-A1,1920 x 1080,Yes,Nvidia,GDDR5,GeForce GTX 1060 Gigabyte Windforce 2X OC 6GB,"
19-Jul-2016",7680x4320,No
1594.0,120.0,6144.0,192.2,192.0,2002.0,87.0,48.0,Pascal P106-400-A1,2560 x 1440,Yes,Nvidia,GDDR5,GeForce GTX 1060 Gigabyte GTX G1 Gaming 6GB,"
19-Jul-2016",7680x4320,No
1193.125,120.0,3072.0,192.2,192.0,2002.0,85.0,48.0,Pascal P106-300-A1,1920 x 1080,Yes,Nvidia,GDDR5,GeForce GTX 1060 Gigabyte Windforce 2X OC 3GB,"
18-Aug-2016",7680x4320,No
1193.125,120.0,3072.0,192.2,192.0,2002.0,85.0,48.0,Pascal P106-300-A1,1920 x 1080,Yes,Nvidia,GDDR5,GeForce GTX 1060 Galax EX OC White 3GB,"
18-Aug-2016",7680x4320,No
1193.125,120.0,3072.0,192.2,192.0,2002.0,87.0,48.0,Pascal P106-300-A1,1920 x 1080,Yes,Nvidia,GDDR5,GeForce GTX 1060 Gigabyte G1 Gaming 3GB,"
18-Aug-2016",7680x4320,No
1518.0,120.0,3072.0,192.2,192.0,2002.0,83.0,48.0,Pascal P106-400-A1,1920 x 1080,Yes,Nvidia,GDDR5,GeForce GTX 1060 Galax OC 3GB,"
18-Aug-2016",7680x4320,No
1193.125,120.0,3072.0,192.2,192.0,2002.0,84.0,48.0,Pascal P106-300-A1,1920 x 1080,Yes,Nvidia,GDDR5,GeForce GTX 1060 Galax Gamer OC 3GB,"
18-Aug-2016",7680x4320,No
1620.0,120.0,6144.0,192.2,192.0,2002.0,89.0,48.0,Pascal P106-400-A1,2560 x 1440,Yes,Nvidia,GDDR5,GeForce GTX 1060 Gainward Phoenix GS 6GB,"
19-Jul-2016",7680x4320,No
1193.125,120.0,3072.0,192.2,192.0,2002.0,84.0,48.0,Pascal P106-300-A1,1920 x 1080,Yes,Nvidia,GDDR5,GeForce GTX 1060 Galax EX OC Black 3GB,"
18-Aug-2016",7680x4320,No
1193.125,120.0,3072.0,192.2,192.0,2002.0,88.0,48.0,Pascal P106-300-A1,1920 x 1080,Yes,Nvidia,GDDR5,GeForce GTX 1060 EVGA SC ACX 2.0 3GB,"
18-Aug-2016",7680x4320,No
1617.0,120.0,6144.0,192.2,192.0,2002.0,89.0,48.0,Pascal P106-400-A1,2560 x 1440,Yes,Nvidia,GDDR5,GeForce GTX 1060 EVGA SSC GAMING ACX 3.0 6GB,"
30-Aug-2016",7680x4320,No
1607.0,120.0,6144.0,192.2,192.0,2002.0,88.0,48.0,Pascal P106-400-A1,2560 x 1440,Yes,Nvidia,GDDR5,GeForce GTX 1060 EVGA SC GAMING 6GB,"
19-Jul-2016",7680x4320,No
1193.125,120.0,3072.0,192.2,192.0,2002.0,89.0,48.0,Pascal P106-300-A1,1920 x 1080,Yes,Nvidia,GDDR5,GeForce GTX 1060 EVGA FTW+ ACX 3.0 3GB,"
18-Aug-2016",7680x4320,No
1506.0,120.0,6144.0,192.2,192.0,2002.0,82.0,48.0,Pascal P106-400-A1,2560 x 1440,Yes,Nvidia,GDDR5,GeForce GTX 1060 EVGA ACX 2.0 6GB,"
19-Jul-2016",7680x4320,No
1506.0,120.0,6144.0,192.2,192.0,2002.0,82.0,48.0,Pascal P106-400-A1,2560 x 1440,Yes,Nvidia,GDDR5,GeForce GTX 1060 EVGA GAMING,"
19-Jul-2016",7680x4320,No
1645.0,120.0,6144.0,194.6,192.0,2027.0,90.0,48.0,Pascal P106-400-A1,2560 x 1440,Yes,Nvidia,GDDR5,GeForce GTX 1060 Asus ROG Strix Gaming OC 6GB Edition,"
19-Jul-2016",7680x4320,No
1637.0,140.0,6144.0,192.2,192.0,2002.0,90.0,48.0,Pascal P106-400-A1,2560 x 1440,Yes,Nvidia,GDDR5,GeForce GTX 1060 EVGA FTW GAMING ACX 3.0,"
30-Aug-2016",7680x4320,No
1570.0,120.0,6144.0,192.2,192.0,2002.0,86.0,48.0,Pascal P106-400-A1,2560 x 1440,Yes,Nvidia,GDDR5,GeForce GTX 1060 Asus Dual OC 6GB,"
19-Jul-2016",7680x4320,No
1193.125,120.0,3072.0,192.2,192.0,2002.0,82.0,48.0,Pascal P106-300-A1,1920 x 1080,Yes,Nvidia,GDDR5,GeForce GTX 1060 EVGA ACX 2.0 3GB,"
18-Aug-2016",7680x4320,No
1506.0,120.0,6144.0,192.2,192.0,2002.0,82.0,48.0,Pascal P106-400-A1,2560 x 1440,Yes,Nvidia,GDDR5,GeForce GTX 1060 Asus Turbo 6GB,"
19-Jul-2016",7680x4320,No
1506.0,120.0,6144.0,192.2,192.0,2002.0,82.0,48.0,Pascal P106-400-A1,2560 x 1440,Yes,Nvidia,GDDR5,GeForce GTX 1060,"
19-Jul-2016",7680x4320,No
1193.125,120.0,3072.0,192.2,192.0,2002.0,82.0,48.0,Pascal P106-300-A1,1920 x 1080,Yes,Nvidia,GDDR5,GeForce GTX 1060 Asus Dual 3GB,"
18-Aug-2016",7680x4320,No
1506.0,120.0,6144.0,192.2,192.0,2002.0,82.0,48.0,Pascal P106-400-A1,2560 x 1440,Yes,Nvidia,GDDR5,GeForce GTX 1060 Asus Dual 6GB,"
19-Jul-2016",7680x4320,No
1193.125,120.0,3072.0,192.2,192.0,2002.0,86.0,48.0,Pascal P106-300-A1,1920 x 1080,Yes,Nvidia,GDDR5,GeForce GTX 1060 Asus Dual OC 3GB,"
18-Aug-2016",7680x4320,No
1193.125,120.0,3072.0,192.2,192.0,2002.0,82.0,48.0,Pascal P106-300-A1,1920 x 1080,Yes,Nvidia,GDDR5,GeForce GTX 1060 3GB,"
18-Aug-2016",7680x4320,No
1354.0,75.0,2048.0,112.1,128.0,1752.0,47.0,32.0,Pascal P107,1600 x 900,Yes,Nvidia,GDDR5,GeForce GTX 1050 Zotac Mini 2GB,"
01-Nov-2016",7680x4320,No
1392.0,75.0,4096.0,112.1,128.0,1752.0,48.0,32.0,Pascal P107,1920 x 1080,Yes,Nvidia,GDDR5,GeForce GTX 1050 Ti Zotac OC Edition 4GB,"
18-Oct-2016",7680x4320,No
1303.0,75.0,4096.0,112.1,128.0,1752.0,45.0,32.0,Pascal P107,1920 x 1080,Yes,Nvidia,GDDR5,GeForce GTX 1050 Ti Zotac Mini 4GB,"
18-Oct-2016",7680x4320,No
1366.0,75.0,4096.0,112.1,128.0,1752.0,47.0,32.0,Pascal P107,1920 x 1080,Yes,Nvidia,GDDR5,GeForce GTX 1050 Ti PNY XLR8 Gaming Overclocked Edition 4GB,"
20-Oct-2016",7680x4320,No
1341.0,75.0,4096.0,112.1,128.0,1752.0,47.0,32.0,Pascal P107,1920 x 1080,Yes,Nvidia,GDDR5,GeForce GTX 1050 Ti MSI OC T 4GB,"
18-Oct-2016",7680x4320,No
1290.0,75.0,4096.0,112.1,128.0,1752.0,45.0,32.0,Pascal P107,1920 x 1080,Yes,Nvidia,GDDR5,GeForce GTX 1050 Ti Palit StormX 4GB,"
18-Oct-2016",7680x4320,No
1316.0,75.0,4096.0,112.1,128.0,1752.0,46.0,32.0,Pascal P107,1920 x 1080,Yes,Nvidia,GDDR5,GeForce GTX 1050 Ti MSI Gaming 4GB,"
18-Oct-2016",7680x4320,No
1303.0,75.0,4096.0,112.1,128.0,1752.0,45.0,32.0,Pascal P107,1920 x 1080,Yes,Nvidia,GDDR5,GeForce GTX 1050 Ti KFA2 OC 4GB,"
Unknown Release Date",7680x4320,No
1290.0,75.0,4096.0,112.1,128.0,1752.0,45.0,32.0,Pascal P107,1920 x 1080,Yes,Nvidia,GDDR5,GeForce GTX 1050 Ti PNY 4GB,"
20-Oct-2016",7680x4320,No
1290.0,75.0,4096.0,112.1,128.0,1752.0,45.0,32.0,Pascal P107,1920 x 1080,Yes,Nvidia,GDDR5,GeForce GTX 1050 Ti MSI 4GB,"
18-Oct-2016",7680x4320,No
1290.0,75.0,4096.0,112.1,128.0,1752.0,45.0,32.0,Pascal P107,1920 x 1080,Yes,Nvidia,GDDR5,GeForce GTX 1050 Ti Inno3D Twin X2 4GB,"
Unknown Release Date",7680x4320,No
1379.0,75.0,4096.0,112.1,128.0,1752.0,48.0,32.0,Pascal P107,1920 x 1080,Yes,Nvidia,GDDR5,GeForce GTX 1050 Ti MSI Gaming X 4GB,"
18-Oct-2016",7680x4320,No
1354.0,75.0,4096.0,112.1,128.0,1752.0,47.0,32.0,Pascal P107,1600 x 900,Yes,Nvidia,GDDR5,GeForce GTX 1050 Ti Gigabyte Windforce OC 4GB,"
Unknown Release Date",7680x4320,No
1290.0,75.0,4096.0,112.1,128.0,1752.0,45.0,32.0,Pascal P107,1920 x 1080,Yes,Nvidia,GDDR5,GeForce GTX 1050 Ti Inno3D 4GB,"
18-Oct-2016",7680x4320,No
1354.0,75.0,4096.0,112.1,128.0,1752.0,47.0,32.0,Pascal P107,1920 x 1080,Yes,Nvidia,GDDR5,GeForce GTX 1050 Ti Galax EXOC 4GB,"
18-Oct-2016",7680x4320,No
1341.0,75.0,4096.0,112.1,128.0,1752.0,47.0,32.0,Pascal P107,1920 x 1080,Yes,Nvidia,GDDR5,GeForce GTX 1050 Ti Gigabyte OC 4GB,"
Unknown Release Date",7680x4320,No
1316.0,75.0,4096.0,112.1,128.0,1752.0,46.0,32.0,Pascal P107,1920 x 1080,Yes,Nvidia,GDDR5,GeForce GTX 1050 Ti Gigabyte D5 4GB,"
18-Oct-2016",7680x4320,No
1392.0,75.0,4096.0,112.1,128.0,1752.0,48.0,32.0,Pascal P107,1920 x 1080,Yes,Nvidia,GDDR5,GeForce GTX 1050 Ti Gigabyte G1 Gaming 4GB,"
18-Oct-2016",7680x4320,No
1290.0,75.0,4096.0,112.1,128.0,1752.0,45.0,32.0,Pascal P107,1920 x 1080,Yes,Nvidia,GDDR5,GeForce GTX 1050 Ti Gainward 4GB,"
Unknown Release Date",7680x4320,No
1290.0,75.0,4096.0,112.1,128.0,1752.0,45.0,32.0,Pascal P107,1920 x 1080,Yes,Nvidia,GDDR5,GeForce GTX 1050 Ti Colorful iGame U-4G 4GB,"
25-Oct-2016",7680x4320,No
1290.0,75.0,4096.0,112.1,128.0,1752.0,45.0,32.0,Pascal P107,1920 x 1080,Yes,Nvidia,GDDR5,GeForce GTX 1050 Ti EVGA Gaming 4GB,"
Unknown Release Date",7680x4320,No
1341.0,75.0,4096.0,112.1,128.0,1752.0,47.0,32.0,Pascal P107,1920 x 1080,Yes,Nvidia,GDDR5,GeForce GTX 1050 Ti MSI OC 4GB,"
18-Oct-2016",7680x4320,No
1303.0,75.0,4096.0,112.1,128.0,1752.0,45.0,32.0,Pascal P107,1920 x 1080,Yes,Nvidia,GDDR5,GeForce GTX 1050 Ti Galax OC 4GB,"
Unknown Release Date",7680x4320,No
1366.0,75.0,4096.0,112.1,128.0,1752.0,47.0,32.0,Pascal P107,1920 x 1080,Yes,Nvidia,GDDR5,GeForce GTX 1050 Ti EVGA SSC Gaming ACX 3.0 4GB,"
Unknown Release Date",7680x4320,No
1290.0,75.0,4096.0,112.1,128.0,1752.0,45.0,32.0,Pascal P107,1920 x 1080,Yes,Nvidia,GDDR5,GeForce GTX 1050 Ti EVGA FTW DT GAMING ACX 3.0 4GB,"
18-Oct-2016",7680x4320,No
1379.0,75.0,4096.0,112.1,128.0,1752.0,48.0,32.0,Pascal P107,1920 x 1080,Yes,Nvidia,GDDR5,GeForce GTX 1050 Ti EVGA FTW Gaming ACX 3.0 4GB,"
Unknown Release Date",7680x4320,No
1392.0,75.0,4096.0,112.1,128.0,1752.0,48.0,32.0,Pascal P107,1920 x 1080,Yes,Nvidia,GDDR5,GeForce GTX 1050 Ti Asus ROG Strix Gaming OC 4GB,"
25-Oct-2016",7680x4320,No
1366.0,75.0,4096.0,112.1,128.0,1752.0,47.0,32.0,Pascal P107,1920 x 1080,Yes,Nvidia,GDDR5,GeForce GTX 1050 Ti Colorful iGame S-4G 4GB,"
25-Oct-2016",7680x4320,No
1354.0,75.0,4096.0,112.1,128.0,1752.0,47.0,32.0,Pascal P107,1920 x 1080,Yes,Nvidia,GDDR5,GeForce GTX 1050 Ti EVGA SC Gaming 4GB,"
Unknown Release Date",7680x4320,No
1290.0,75.0,4096.0,112.1,128.0,1752.0,45.0,32.0,Pascal P107,1920 x 1080,Yes,Nvidia,GDDR5,GeForce GTX 1050 Ti Asus Expedition 4GB,"
Unknown Release Date",7680x4320,No
1354.0,75.0,2048.0,112.1,128.0,1752.0,47.0,32.0,Pascal P107,1600 x 900,Yes,Nvidia,GDDR5,GeForce GTX 1050 Palit StormX 2GB,"
Unknown Release Date",7680x4320,No
1290.0,75.0,4096.0,112.1,128.0,1752.0,45.0,32.0,Pascal P107,1920 x 1080,Yes,Nvidia,GDDR5,GeForce GTX 1050 Ti Asus Dual 4GB,"
Unknown Release Date",7680x4320,No
1290.0,75.0,4096.0,112.1,128.0,1752.0,45.0,32.0,Pascal P107,1920 x 1080,Yes,Nvidia,GDDR5,GeForce GTX 1050 Ti 4GB,"
18-Oct-2016",7680x4320,No
1290.0,75.0,4096.0,112.1,128.0,1752.0,45.0,32.0,Pascal P107,1920 x 1080,Yes,Nvidia,GDDR5,GeForce GTX 1050 Ti Asus Pheonix 4GB,"
25-Oct-2016",7680x4320,No
1354.0,75.0,2048.0,112.1,128.0,1752.0,47.0,32.0,Pascal P107,1600 x 900,Yes,Nvidia,GDDR5,GeForce GTX 1050 PNY 2GB,"
20-Oct-2016",7680x4320,No
1404.0,75.0,2048.0,112.1,128.0,1752.0,49.0,32.0,Pascal P107,1600 x 900,Yes,Nvidia,GDDR5,GeForce GTX 1050 MSI OC T 2GB,"
01-Nov-2016",7680x4320,No
1379.0,75.0,2048.0,112.1,128.0,1752.0,48.0,32.0,Pascal P107,1600 x 900,Yes,Nvidia,GDDR5,GeForce GTX 1050 MSI Gaming 2GB,"
01-Nov-2016",7680x4320,No
1404.0,75.0,2048.0,112.1,128.0,1752.0,49.0,32.0,Pascal P107,1600 x 900,Yes,Nvidia,GDDR5,GeForce GTX 1050 MSI OC 2GB,"
01-Nov-2016",7680x4320,No
1442.0,75.0,2048.0,112.1,128.0,1752.0,50.0,32.0,Pascal P107,1600 x 900,Yes,Nvidia,GDDR5,GeForce GTX 1050 MSI Gaming X 2GB,"
01-Nov-2016",7680x4320,No
1366.0,75.0,2048.0,112.1,128.0,1752.0,47.0,32.0,Pascal P107,1600 x 900,Yes,Nvidia,GDDR5,GeForce GTX 1050 KFA2 OC 2GB,"
Unknown Release Date",7680x4320,No
1354.0,75.0,2048.0,112.1,128.0,1752.0,47.0,32.0,Pascal P107,1600 x 900,Yes,Nvidia,GDDR5,GeForce GTX 1050 MSI 2GB,"
01-Nov-2016",7680x4320,No
1354.0,75.0,2048.0,112.1,128.0,1752.0,47.0,32.0,Pascal P107,1600 x 900,Yes,Nvidia,GDDR5,GeForce GTX 1050 Inno3D Twin X2 2GB,"
Unknown Release Date",7680x4320,No
1404.0,75.0,2048.0,112.1,128.0,1752.0,49.0,32.0,Pascal P107,1600 x 900,Yes,Nvidia,GDDR5,GeForce GTX 1050 Gigabyte OC 2GB,"
01-Nov-2016",7680x4320,No
1379.0,75.0,2048.0,112.1,128.0,1752.0,48.0,32.0,Pascal P107,1600 x 900,Yes,Nvidia,GDDR5,GeForce GTX 1050 Gigabyte D5 2GB,"
01-Nov-2016",7680x4320,No
1366.0,75.0,2048.0,112.1,128.0,1752.0,47.0,32.0,Pascal P107,1600 x 900,Yes,Nvidia,GDDR5,GeForce GTX 1050 Galax OC 2GB,"
01-Nov-2016",7680x4320,No
1354.0,75.0,2048.0,112.1,128.0,1752.0,47.0,32.0,Pascal P107,1600 x 900,Yes,Nvidia,GDDR5,GeForce GTX 1050 Inno3D 2GB,"
Unknown Release Date",7680x4320,No
1417.0,75.0,2048.0,112.1,128.0,1752.0,49.0,32.0,Pascal P107,1600 x 900,Yes,Nvidia,GDDR5,GeForce GTX 1050 Gigabyte Windforce OC 2GB,"
Unknown Release Date",7680x4320,No
1442.0,75.0,2048.0,112.1,128.0,1752.0,50.0,32.0,Pascal P107,1600 x 900,Yes,Nvidia,GDDR5,GeForce GTX 1050 Gigabyte G1 Gaming 2GB,"
Unknown Release Date",7680x4320,No
1417.0,75.0,2048.0,112.1,128.0,1752.0,49.0,32.0,Pascal P107,1600 x 900,Yes,Nvidia,GDDR5,GeForce GTX 1050 Galax EXOC 2GB,"
01-Nov-2016",7680x4320,No
1354.0,75.0,2048.0,112.1,128.0,1752.0,47.0,32.0,Pascal P107,1600 x 900,Yes,Nvidia,GDDR5,GeForce GTX 1050 FTW DT Gaming ACX 3.0 2GB,"
Unknown Release Date",7680x4320,No
1354.0,75.0,2048.0,112.1,128.0,1752.0,47.0,32.0,Pascal P107,1600 x 900,Yes,Nvidia,GDDR5,GeForce GTX 1050 Gainward 2GB,"
Unknown Release Date",7680x4320,No
1430.0,75.0,2048.0,112.1,128.0,1752.0,49.0,32.0,Pascal P107,1600 x 900,Yes,Nvidia,GDDR5,GeForce GTX 1050 EVGA SSC Gaming ACX 3.0 2GB,"
Unknown Release Date",7680x4320,No
1354.0,75.0,2048.0,112.1,128.0,1752.0,47.0,32.0,Pascal P107,1600 x 900,Yes,Nvidia,GDDR5,GeForce GTX 1050 EVGA Gaming 2GB,"
Unknown Release Date",7680x4320,No
1442.0,75.0,2048.0,112.1,128.0,1752.0,50.0,32.0,Pascal P107,1600 x 900,Yes,Nvidia,GDDR5,GeForce GTX 1050 Colorful iGame U-2G 2GB,"
25-Oct-2016",7680x4320,No
1417.0,75.0,2048.0,112.1,128.0,1752.0,49.0,32.0,Pascal P107,1600 x 900,Yes,Nvidia,GDDR5,GeForce GTX 1050 EVGA SC Gaming 2GB,"
Unknown Release Date",7680x4320,No
1110.0,178.75,2048.0,192.3,256.0,1502.0,38.0,32.0,Kepler GK104-400-A2,1920 x 1080,Yes,Nvidia,GDDR5,GeForce GTX 680 KFA2 LTD OC 2GB Edition,"
01-Aug-2012",4096x2160,Yes
1354.0,75.0,2048.0,112.1,128.0,1752.0,47.0,32.0,Pascal P107,1600 x 900,Yes,Nvidia,GDDR5,GeForce GTX 1050,"
01-Nov-2016",7680x4320,Yes
1012.75,30.0,2048.0,32.0,64.0,1000.0,24.0,16.0,Pascal,1920 x 1080,Yes,Nvidia,GDDR5,GeForce GT 1030,"
17-May-2017",3840x2160,No
1442.0,75.0,2048.0,112.1,128.0,1752.0,50.0,32.0,Pascal P107,1600 x 900,Yes,Nvidia,GDDR5,GeForce GTX 1050 EVGA FTW Gaming ACX 3.0 2GB,"
Unknown Release Date",7680x4320,No
1100.0,178.75,2048.0,192.3,256.0,1502.0,38.0,32.0,Kepler GK104-400-A2,1920 x 1080,Yes,Nvidia,GDDR5,GeForce GTX 680 Lightning Edition,"
01-Jun-2012",4096x2160,Yes
1071.0,176.25,2048.0,192.3,256.0,1502.0,36.0,32.0,Kepler GK104-400-A2,1920 x 1080,Yes,Nvidia,GDDR5,GeForce GTX 680 Gigabyte OC Edition,"
01-Apr-2012",4096x2160,Yes
1006.0,195.0,2048.0,192.3,256.0,1502.0,34.0,32.0,Kepler GK104-400-A2,1920 x 1080,Yes,Nvidia,GDDR5,GeForce GTX 680 KFA2 2GB Edition,"
01-Mar-2012",4096x2160,Yes
1006.0,195.0,4096.0,192.3,256.0,1502.0,34.0,32.0,Kepler GK104-400-A2,1920 x 1080,Yes,Nvidia,GDDR5,GeForce GTX 680 Inno3D HerculeZ 2000 4GB Edition,"
07-Nov-2012",4096x2160,Yes
1137.0,182.5,2048.0,198.4,256.0,1550.0,38.0,32.0,Kepler GK104-400-A2,1920 x 1080,Yes,Nvidia,GDDR5,GeForce GTX 680 Gigabyte SO 2GB Edition,"
01-Aug-2012",4096x2160,Yes
1150.0,195.0,2048.0,201.6,256.0,1575.0,39.0,32.0,Kepler GK104-400-A2,1920 x 1080,Yes,Nvidia,GDDR5,GeForce GTX 680 Hydro Copper Edition,"
01-Mar-2012",4096x2160,Yes
1110.0,195.0,4096.0,192.3,256.0,1502.0,38.0,32.0,Kepler GK104-400-A2,1920 x 1080,Yes,Nvidia,GDDR5,GeForce GTX 680 Galaxy Edition,"
01-May-2012",4096x2160,Yes
1202.0,195.0,2048.0,192.3,256.0,1502.0,41.0,32.0,Kepler GK104-400-A2,1920 x 1080,Yes,Nvidia,GDDR5,GeForce GTX 680 Galaxy 2GB SOC Edition,"
01-Oct-2012",4096x2160,Yes
1110.0,195.0,2048.0,192.3,256.0,1502.0,38.0,32.0,Kepler GK104-400-A2,1920 x 1080,Yes,Nvidia,GDDR5,GeForce GTX 680 Galaxy 2GB OC Edition,"
01-Feb-2012",4096x2160,Yes
1084.0,195.0,4096.0,192.3,256.0,1502.0,35.0,32.0,Kepler GK104-400-A2,1920 x 1080,Yes,Nvidia,GDDR5,GeForce GTX 680 FTW 4GB Edition,"
01-May-2012",4096x2160,Yes
1006.0,195.0,4096.0,192.3,256.0,1502.0,34.0,32.0,Kepler GK104-400-A2,1920 x 1080,Yes,Nvidia,GDDR5,GeForce GTX 680 Gainward 2GB Edition,"
22-May-2012",4096x2160,Yes
1071.0,180.0,4096.0,192.3,256.0,1502.0,36.0,32.0,Kepler GK104-400-A2,1920 x 1080,Yes,Nvidia,GDDR5,GeForce GTX 680 Gigabyte OC 4GB Edition,"
01-Apr-2012",4096x2160,Yes
1097.0,195.0,2048.0,198.7,256.0,1552.0,37.0,32.0,Kepler GK104-400-A2,1920 x 1080,Yes,Nvidia,GDDR5,GeForce GTX 680 EVGA SC Signature 2 Edition,"
01-Dec-2012",4096x2160,Yes
1110.0,178.75,2048.0,192.3,256.0,1502.0,38.0,32.0,Kepler GK104-400-A2,1920 x 1080,Yes,Nvidia,GDDR5,GeForce GTX 680 EXO 2GB Edition,"
01-Sep-2012",4096x2160,Yes
1058.0,195.0,2048.0,198.7,256.0,1552.0,36.0,32.0,Kepler GK104-400-A2,1920 x 1080,Yes,Nvidia,GDDR5,GeForce GTX 680 EVGA SC Edition,"
22-Mar-2012",4096x2160,Yes
1084.0,195.0,2048.0,192.3,256.0,1502.0,37.0,32.0,Kepler GK104-400-A2,1920 x 1080,Yes,Nvidia,GDDR5,GeForce GTX 680 EVGA SC Signature+ Edition,"
01-May-2012",4096x2160,Yes
1084.0,195.0,2048.0,198.7,256.0,1552.0,37.0,32.0,Kepler GK104-400-A2,1920 x 1080,Yes,Nvidia,GDDR5,GeForce GTX 680 EVGA SC Signature Edition,"
01-May-2012",4096x2160,Yes
1111.0,176.25,4096.0,192.3,256.0,1502.0,38.0,32.0,Kepler GK104-400-A2,1920 x 1080,Yes,Nvidia,GDDR5,GeForce GTX 680 EVGA Classified Edition,"
01-Feb-2012",4096x2160,Yes
1110.0,176.25,4096.0,192.3,256.0,1502.0,38.0,32.0,Kepler GK104-400-A2,1920 x 1080,Yes,Nvidia,GDDR5,GeForce GTX 680 EX OC 4GB Edition,"
01-Aug-2012",4096x2160,Yes
1006.0,225.0,4096.0,192.3,256.0,1502.0,34.0,32.0,Kepler GK104-400-A2,1920 x 1080,Yes,Nvidia,GDDR5,GeForce GTX 680 Asus DirectCU II 4GB Edition,"
07-Nov-2012",4096x2160,Yes
1006.0,195.0,2048.0,192.3,256.0,1502.0,34.0,32.0,Kepler GK104-400-A2,1920 x 1080,Yes,Nvidia,GDDR5,GeForce GTX 680,"
22-Mar-2012",4096x2160,Yes
928.0,176.25,4096.0,192.3,256.0,1502.0,32.0,32.0,Kepler GK104-325-A2,1920 x 1080,Yes,Nvidia,GDDR5,GeForce GTX 670 Zotac 4GB OC Edition,"
01-Feb-2012",4096x2160,Yes
1137.0,178.75,2048.0,192.3,256.0,1502.0,38.0,32.0,Kepler GK104-400-A2,1920 x 1080,Yes,Nvidia,GDDR5,GeForce GTX 680 Direct CU II TOP,"
01-May-2012",4096x2160,Yes
1098.0,184.625,2048.0,211.5,256.0,1652.0,38.0,32.0,Kepler GK104-325-A2,1920 x 1080,Yes,Nvidia,GDDR5,GeForce GTX 670 Zotac AMP Edition,"
01-May-2012",4096x2160,Yes
1058.0,173.125,2048.0,192.3,256.0,1502.0,36.0,32.0,Kepler GK104-400-A2,1920 x 1080,Yes,Nvidia,GDDR5,GeForce GTX 680 Asus OC 2GB Edition,"
01-May-2012",4096x2160,Yes
915.0,340.0,4096.0,384.5,256.0,1502.0,63.0,32.0,Kepler GK104-325-A2 (x2),1920 x 1080,Yes,Nvidia,GDDR5,GeForce GTX 670 SLI,"
01-May-2012",4096x2160,Yes
915.0,170.0,2048.0,192.3,256.0,1502.0,31.0,32.0,Kepler GK104-325-A2,1920 x 1080,Yes,Nvidia,GDDR5,GeForce GTX 670 Palit 2GB Edition,"
10-May-2012",4096x2160,Yes
967.0,171.25,2048.0,192.3,256.0,1502.0,33.0,32.0,Kepler GK104-325-A2,1920 x 1080,Yes,Nvidia,GDDR5,GeForce GTX 670 SC 2GB Edition,"
01-May-2012",4096x2160,Yes
915.0,170.0,2048.0,192.3,256.0,1502.0,31.0,32.0,Kepler GK104-325-A2,1920 x 1080,Yes,Nvidia,GDDR5,GeForce GTX 670 PNY 2GB Edition,"
01-May-2012",4096x2160,Yes
1006.0,185.0,2048.0,195.5,256.0,1527.0,35.0,32.0,Kepler GK104-325-A2,1920 x 1080,Yes,Nvidia,GDDR5,GeForce GTX 670 Jetstream 2GB Edition,"
01-May-2012",4096x2160,Yes
980.0,180.0,4096.0,192.3,256.0,1502.0,34.0,32.0,Kepler GK104-325-A2,1920 x 1080,Yes,Nvidia,GDDR5,GeForce GTX 670 Gigabyte 3xWindForce 4GB Edition,"
01-May-2012",4096x2160,Yes
965.0,170.0,2048.0,192.3,256.0,1502.0,33.0,32.0,Kepler GK104-325-A2,1920 x 1080,Yes,Nvidia,GDDR5,GeForce GTX 670 MSI OC Edition,"
01-May-2012",4096x2160,Yes
980.0,180.0,2048.0,192.3,256.0,1502.0,34.0,32.0,Kepler GK104-325-A2,1920 x 1080,Yes,Nvidia,GDDR5,GeForce GTX 670 Gigabyte 3xWindForce Edition,"
01-May-2012",4096x2160,Yes
1006.0,173.75,2048.0,195.5,256.0,1527.0,35.0,32.0,Kepler GK104-325-A2,1920 x 1080,Yes,Nvidia,GDDR5,GeForce GTX 670 Gainward Phantom Edition,"
01-May-2012",4096x2160,Yes
941.0,173.75,2048.0,192.3,256.0,1502.0,33.0,32.0,Kepler GK104-325-A2,1920 x 1080,Yes,Nvidia,GDDR5,GeForce GTX 670 Gigabyte 2xWindForce Edition,"
01-May-2012",4096x2160,Yes
1006.0,170.0,2048.0,192.3,256.0,1502.0,35.0,32.0,Kepler GK104-325-A2,1920 x 1080,Yes,Nvidia,GDDR5,GeForce GTX 670 Galaxy GC 2GB Edition,"
01-May-2012",4096x2160,Yes
967.0,170.0,4096.0,192.3,256.0,1502.0,33.0,32.0,Kepler GK104-325-A2,1920 x 1080,Yes,Nvidia,GDDR5,GeForce GTX 670 SC+ 4GB Edition,"
01-May-2012",4096x2160,Yes
1006.0,170.0,4096.0,192.3,256.0,1502.0,35.0,32.0,Kepler GK104-325-A2,1920 x 1080,Yes,Nvidia,GDDR5,GeForce GTX 670 Galaxy GC 4GB Edition,"
01-May-2012",4096x2160,Yes
1006.0,225.0,2048.0,198.7,256.0,1552.0,32.0,32.0,Kepler GK104-325-A2,1920 x 1080,Yes,Nvidia,GDDR5,GeForce GTX 670 FTW 2GB,"
01-May-2012",4096x2160,Yes
1006.0,170.0,2048.0,198.7,256.0,1552.0,35.0,32.0,Kepler GK104-325-A2,1920 x 1080,Yes,Nvidia,GDDR5,GeForce GTX 670 FTW SIG2 2GB Edition,"
01-Dec-2012",4096x2160,Yes
1006.0,170.0,4096.0,192.3,256.0,1502.0,35.0,32.0,Kepler GK104-325-A2,1920 x 1080,Yes,Nvidia,GDDR5,GeForce GTX 670 EVGA FTW+ 4GB Edition,"
01-May-2012",4096x2160,Yes
915.0,170.0,2048.0,192.3,256.0,1502.0,31.0,32.0,Kepler GK104-325-A2,1920 x 1080,Yes,Nvidia,GDDR5,GeForce GTX 670 Gainward 2GB Edition,"
01-May-2012",4096x2160,Yes
1019.0,175.0,2048.0,192.3,256.0,1502.0,35.0,32.0,Kepler GK104-325-A2,1920 x 1080,Yes,Nvidia,GDDR5,GeForce GTX 670 MSI Power Edition,"
01-Jun-2012",4096x2160,Yes
941.0,170.0,2048.0,192.3,256.0,1502.0,33.0,32.0,Kepler GK104-325-A2,1920 x 1080,Yes,Nvidia,GDDR5,GeForce GTX 670 FTW 2GB LE Edition,"
01-May-2012",4096x2160,Yes
1006.0,450.0,4096.0,397.3,256.0,1552.0,64.0,32.0,Kepler GK104-325-A2 (x2),1920 x 1080,Yes,Nvidia,GDDR5,GeForce GTX 670 FTW 2GB Edition SLI,"
01-May-2012",4096x2160,Yes
1058.0,173.125,2048.0,192.3,256.0,1502.0,36.0,32.0,Kepler GK104-325-A2,1920 x 1080,Yes,Nvidia,GDDR5,GeForce GTX 670 DirectCU II Top Edition,"
01-May-2012",4096x2160,Yes
915.0,170.0,2048.0,192.3,256.0,1502.0,31.0,32.0,Kepler GK104-325-A2,1920 x 1080,Yes,Nvidia,GDDR5,GeForce GTX 670 EVGA 2GB Edition,"
01-May-2012",4096x2160,Yes
980.0,174.375,2048.0,192.3,256.0,1502.0,34.0,32.0,Kepler GK104-325-A2,1920 x 1080,Yes,Nvidia,GDDR5,GeForce GTX 670 DirectCU II OC Edition,"
01-May-2012",4096x2160,Yes
928.0,173.75,2048.0,192.3,256.0,1502.0,32.0,32.0,Kepler GK104-325-A2,1920 x 1080,Yes,Nvidia,GDDR5,GeForce GTX 670 DirectCU II Mini Edition,"
01-Apr-2013",4096x2160,Yes
1006.0,340.0,4096.0,384.5,512.0,1502.0,69.0,64.0,Kepler GK104-325-A2 (x2),1920 x 1080,Yes,Nvidia,GDDR5,GeForce GTX 670 EVGA FTW+ 4GB Edition SLI,"
01-May-2012",4096x2160,No
915.0,170.0,4096.0,192.3,256.0,1502.0,31.0,32.0,Kepler GK104-325-A2,1920 x 1080,Yes,Nvidia,GDDR5,GeForce GTX 670 Asus DirectCU II 4GB Edition,"
21-Aug-2012",4096x2160,Yes
915.0,170.0,2048.0,192.3,256.0,1502.0,31.0,32.0,Kepler GK104-325-A2,1920 x 1080,Yes,Nvidia,GDDR5,GeForce GTX 670,"
10-May-2012",4096x2160,Yes
993.0,140.0,2048.0,144.2,192.0,1502.0,25.0,24.0,Kepler GK106-400-A1,1920 x 1080,Yes,Nvidia,GDDR5,GeForce GTX 660 Zotac Synergy Edition,"
01-Sep-2012",4096x2160,Yes
993.0,140.5,2048.0,144.2,192.0,1502.0,25.0,24.0,Kepler GK106-400-A1,1920 x 1080,Yes,Nvidia,GDDR5,GeForce GTX 660 Zotac Edition,"
01-Sep-2012",4096x2160,Yes
1046.0,82.125,2048.0,158.6,192.0,1652.0,27.0,24.0,Kepler GK106-400-A1,1920 x 1080,Yes,Nvidia,GDDR5,GeForce GTX 660 Zotac AMP Edition,"
01-Sep-2012",4096x2160,Yes
993.0,140.0,2048.0,144.2,192.0,1502.0,25.0,24.0,Kepler GK106-450-A1,1920 x 1080,Yes,Nvidia,GDDR5,GeForce GTX 660 v2,"
13-Sep-2014",4096x2160,Yes
1033.0,210.625,4096.0,288.4,192.0,1502.0,53.0,24.0,Kepler GK106-400-A1 (x2),1920 x 1080,Yes,Nvidia,GDDR5,GeForce GTX 660 Twin Frozr OC Edition SLI,"
01-Sep-2012",4096x2160,Yes
915.0,173.75,2048.0,192.3,256.0,1502.0,31.0,32.0,Kepler GK104-325-A2,1920 x 1080,Yes,Nvidia,GDDR5,GeForce GTX 670 DirectCU II Edition,"
01-May-2012",4096x2160,Yes
1033.0,147.5,2048.0,144.2,192.0,1502.0,26.0,24.0,Kepler GK106-400-A1,1920 x 1080,Yes,Nvidia,GDDR5,GeForce GTX 660 WindForce 2X OC Edition,"
01-Sep-2012",4096x2160,Yes
980.0,140.5,2048.0,144.2,192.0,1502.0,25.0,24.0,Kepler GK106-400-A1,1920 x 1080,Yes,Nvidia,GDDR5,GeForce GTX 660 Twin Frozr Edition,"
01-Sep-2012",4096x2160,Yes
1033.0,147.5,2048.0,144.2,192.0,1502.0,26.0,24.0,Kepler GK106-400-A1,1920 x 1080,Yes,Nvidia,GDDR5,GeForce GTX 660 Twin Frozr OC Edition,"
01-Sep-2012",4096x2160,Yes
928.0,150.0,2048.0,144.2,192.0,1502.0,24.0,24.0,Kepler GK104-300-KD-A2,1920 x 1080,Yes,Nvidia,GDDR5,GeForce GTX 660 Ti Zotac Edition,"
01-Aug-2012",4096x2160,Yes
1098.0,82.75,2048.0,158.6,192.0,1652.0,28.0,24.0,Kepler GK104-300-KD-A2,1920 x 1080,Yes,Nvidia,GDDR5,GeForce GTX 660 Ti Zotac AMP Extreme Edition,"
01-Sep-2012",4096x2160,Yes
1033.0,72.0,2048.0,158.6,192.0,1652.0,27.0,24.0,Kepler GK104-300-KD-A2,1920 x 1080,Yes,Nvidia,GDDR5,GeForce GTX 660 Ti Zotac AMP Edition,"
01-Aug-2012",4096x2160,Yes
1032.0,150.0,2048.0,144.2,192.0,1502.0,27.0,24.0,Kepler GK104-300-KD-A2,1920 x 1080,Yes,Nvidia,GDDR5,GeForce GTX 660 Ti WindForce 2X OC Edition,"
16-Aug-2012",4096x2160,Yes
967.0,150.0,3072.0,144.2,192.0,1502.0,25.0,24.0,Kepler GK104-300-KD-A2,1920 x 1080,Yes,Nvidia,GDDR5,GeForce GTX 660 Ti Twin Frozr 3GB Edition,"
01-Aug-2012",4096x2160,Yes
980.0,150.0,3072.0,144.2,192.0,1502.0,25.0,24.0,Kepler GK104-300-KD-A2,1920 x 1080,Yes,Nvidia,GDDR5,GeForce GTX 660 Ti SC+ 3GB w/Backplate,"
01-Sep-2012",4096x2160,Yes
915.0,300.0,4096.0,288.4,192.0,1502.0,47.0,24.0,Kepler GK104-200-KD-A2 (x2),1920 x 1080,Yes,Nvidia,GDDR5,GeForce GTX 660 Ti SLI,"
01-Aug-2012",4096x2160,Yes
1019.0,146.25,2048.0,144.2,192.0,1502.0,26.0,24.0,Kepler GK104-300-KD-A2,1920 x 1080,Yes,Nvidia,GDDR5,GeForce GTX 660 Ti Power OC Edition,"
01-Aug-2012",4096x2160,Yes
915.0,190.0,2048.0,144.2,192.0,1502.0,24.0,24.0,Kepler GK104-300-KD-A2,1920 x 1080,Yes,Nvidia,GDDR5,GeForce GTX 660 Ti Power Edition,"
01-Aug-2012",4096x2160,Yes
915.0,150.0,2048.0,144.2,192.0,1502.0,24.0,24.0,Kepler GK104-300-KD-A2,1920 x 1080,Yes,Nvidia,GDDR5,GeForce GTX 660 Ti PNY Edition,"
01-Aug-2012",4096x2160,Yes
1019.0,300.0,4096.0,288.4,192.0,1502.0,53.0,24.0,Kepler GK104,1920 x 1080,Yes,Nvidia,GDDR5,GeForce GTX 660 Ti Power OC Edition SLI,"
01-Aug-2012",4096x2160,Yes
1033.0,150.0,2048.0,144.2,192.0,1502.0,26.0,24.0,Kepler GK104-300-KD-A2,1920 x 1080,Yes,Nvidia,GDDR5,GeForce GTX 660 Ti MSI Gaming OC Edition,"
01-Aug-2012",4096x2160,Yes
1006.0,150.0,3072.0,144.2,192.0,1502.0,26.0,24.0,Kepler GK104-300-KD-A2,1920 x 1080,Yes,Nvidia,GDDR5,GeForce GTX 660 Ti KFA² EX OC 3GB Edition,"
16-Aug-2012",4096x2160,Yes
941.0,172.5,2048.0,144.2,192.0,1502.0,24.0,24.0,Kepler GK104-300-KD-A2,1920 x 1080,Yes,Nvidia,GDDR5,GeForce GTX 660 Ti MSI OC v1 Edition,"
01-Oct-2012",4096x2160,Yes
1006.0,150.0,2048.0,144.2,192.0,1502.0,26.0,24.0,Kepler GK104-300-KD-A2,1920 x 1080,Yes,Nvidia,GDDR5,GeForce GTX 660 Ti KFA² EX OC 2GB Edition,"
16-Aug-2012",4096x2160,Yes
915.0,150.0,2048.0,144.2,192.0,1502.0,24.0,24.0,Kepler GK104-300-KD-A2,1920 x 1080,Yes,Nvidia,GDDR5,GeForce GTX 660 Ti Inno3D Edition,"
01-Aug-2012",4096x2160,Yes
1006.0,160.0,2048.0,146.6,192.0,1527.0,26.0,24.0,Kepler GK104-300-KD-A2,1920 x 1080,Yes,Nvidia,GDDR5,GeForce GTX 660 Ti JetStream Edition,"
01-Aug-2012",4096x2160,Yes
1032.0,300.0,4096.0,288.4,192.0,1502.0,53.0,24.0,Kepler GK104-300-KD-A2 (x2),2560 x 1440,Yes,Nvidia,GDDR5,GeForce GTX 660 Ti Gigabyte WindForce 2X OC 2GB Edition SLI,"
16-Aug-2012",4096x2160,Yes
1006.0,150.0,3072.0,144.2,192.0,1502.0,26.0,24.0,Kepler GK104-300-KD-A2,1920 x 1080,Yes,Nvidia,GDDR5,GeForce GTX 660 Ti GC 3GB Edition,"
01-Aug-2012",4096x2160,Yes
1032.0,150.0,3072.0,144.2,192.0,1502.0,27.0,24.0,Kepler GK104-300-KD-A2,1920 x 1080,Yes,Nvidia,GDDR5,GeForce GTX 660 Ti Gigabyte OC 3GB Edition,"
01-Aug-2012",4096x2160,Yes
915.0,156.5,2048.0,144.2,192.0,1502.0,24.0,24.0,Kepler GK104-300-KD-A2,1920 x 1080,Yes,Nvidia,GDDR5,GeForce GTX 660 Ti Gainward Edition,"
01-Aug-2012",4096x2160,Yes
1006.0,145.0,2048.0,146.6,192.0,1527.0,26.0,24.0,Kepler GK104-300-KD-A2,1920 x 1080,Yes,Nvidia,GDDR5,GeForce GTX 660 Ti Gainward Phantom Edition,"
01-Aug-2012",4096x2160,Yes
1046.0,150.0,2048.0,144.2,192.0,1502.0,27.0,24.0,Kepler GK104-300-KD-A2,1920 x 1080,Yes,Nvidia,GDDR5,GeForce GTX 660 Ti FTW Signature 2 Edition,"
01-Sep-2012",4096x2160,Yes
1006.0,150.0,2048.0,144.2,192.0,1502.0,26.0,24.0,Kepler GK104-300-KD-A2,1920 x 1080,Yes,Nvidia,GDDR5,GeForce GTX 660 Ti GC 2GB Edition,"
01-Aug-2012",4096x2160,Yes
1059.0,146.25,2048.0,144.2,192.0,1502.0,27.0,24.0,Kepler GK104-300-KD-A2,1920 x 1080,Yes,Nvidia,GDDR5,GeForce GTX 660 Ti Direct CU II Top Edition,"
01-Aug-2012",4096x2160,Yes
1084.0,150.0,2048.0,146.4,192.0,1525.0,28.0,24.0,Kepler GK104-300-KD-A2,1920 x 1080,Yes,Nvidia,GDDR5,GeForce GTX 660 Ti Asus Dragon DirectCU II TOP 2GB Edition,"
01-Jun-2013",4096x2160,Yes
980.0,150.0,2048.0,144.2,192.0,1502.0,25.0,24.0,Kepler GK104-300-KD-A2,1920 x 1080,Yes,Nvidia,GDDR5,GeForce GTX 660 Ti EVGA SC Edition,"
01-Aug-2012",4096x2160,Yes
915.0,225.0,2048.0,144.2,192.0,1502.0,24.0,24.0,Kepler GK104-300-KD-A2,1920 x 1080,Yes,Nvidia,GDDR5,GeForce GTX 660 Ti Direct CU II Edition,"
01-Aug-2012",4096x2160,Yes
1046.0,150.0,2048.0,144.2,192.0,1502.0,27.0,24.0,Kepler GK104-300-KD-A2,1920 x 1080,Yes,Nvidia,GDDR5,GeForce GTX 660 Ti EVGA FTW Edition,"
01-Oct-2012",4096x2160,Yes
915.0,450.0,6144.0,432.6,192.0,1502.0,71.0,24.0,Kepler GK104-200-KD-A2 (x3),1920 x 1080,Yes,Nvidia,GDDR5,GeForce GTX 660 Ti 3-way SLI,"
01-Aug-2012",4096x2160,Yes
1006.0,140.0,2048.0,146.6,192.0,1527.0,26.0,24.0,Kepler GK106-400-A1,1920 x 1080,Yes,Nvidia,GDDR5,GeForce GTX 660 Palit OC 2GB Edition,"
01-Sep-2012",4096x2160,Yes
915.0,150.0,2048.0,144.2,192.0,1502.0,24.0,24.0,Kepler GK104-300-KD-A2,1920 x 1080,Yes,Nvidia,GDDR5,GeForce GTX 660 Ti,"
16-Aug-2012",4096x2160,Yes
967.0,225.0,2048.0,144.2,192.0,1502.0,25.0,24.0,Kepler GK104-300-KD-A2,1920 x 1080,Yes,Nvidia,GDDR5,GeForce GTX 660 Ti Direct CU II OC Edition,"
01-Sep-2012",4096x2160,Yes
1106.0,150.0,2048.0,163.4,192.0,1702.0,29.0,24.0,Kepler GK104-300-KD-A2,1920 x 1080,Yes,Nvidia,GDDR5,GeForce GTX 660 Ti Colorful iGame ARES X 2GB Edition,"
16-Aug-2012",4096x2160,Yes
980.0,140.0,2048.0,144.2,192.0,1502.0,25.0,24.0,Kepler GK106-400-A1,1920 x 1080,Yes,Nvidia,GDDR5,GeForce GTX 660 Palit 2GB Edition,"
06-Sep-2012",4096x2160,Yes
1006.0,142.5,2048.0,144.2,192.0,1502.0,26.0,24.0,Kepler GK106-400-A1,1920 x 1080,Yes,Nvidia,GDDR5,GeForce GTX 660 MSI Gaming 2GB Edition,"
01-Sep-2013",4096x2160,Yes
1006.0,142.5,2048.0,144.2,192.0,1502.0,26.0,24.0,Kepler GK106-400-A1,1920 x 1080,Yes,Nvidia,GDDR5,GeForce GTX 660 MSI OC 2GB Edition,"
01-Oct-2012",4096x2160,Yes
980.0,280.0,4096.0,288.4,192.0,1502.0,50.0,24.0,Kepler GK106-400-A1 (x2),1920 x 1080,Yes,Nvidia,GDDR5,GeForce GTX 660 SLI,"
01-Sep-2012",4096x2160,Yes
1006.0,145.0,2048.0,146.6,192.0,1527.0,26.0,24.0,Kepler GK106-400-A1,1920 x 1080,Yes,Nvidia,GDDR5,GeForce GTX 660 Golden Sample Edition,"
01-Oct-2012",4096x2160,Yes
1085.0,146.25,2048.0,144.2,192.0,1502.0,28.0,24.0,Kepler GK106-400-A1,1920 x 1080,Yes,Nvidia,GDDR5,GeForce GTX 660 MSI Hawk 2GB Edition,"
01-Oct-2012",4096x2160,Yes
980.0,140.0,2048.0,144.2,192.0,1502.0,25.0,24.0,Kepler GK106-400-A1,1920 x 1080,Yes,Nvidia,GDDR5,GeForce GTX 660 Inno3D Edition,"
01-Sep-2012",4096x2160,Yes
1033.0,140.0,3072.0,144.2,192.0,1502.0,26.0,24.0,Kepler GK106-400-A1,1920 x 1080,Yes,Nvidia,GDDR5,GeForce GTX 660 Gigabyte OC 3GB Edition,"
01-Sep-2012",4096x2160,Yes
1033.0,147.5,2048.0,144.2,192.0,1502.0,26.0,24.0,Kepler GK106-400-A1,1920 x 1080,Yes,Nvidia,GDDR5,GeForce GTX 660 Gigabyte OC Edition,"
01-Sep-2012",4096x2160,Yes
1033.0,260.0,4096.0,288.4,192.0,1502.0,53.0,24.0,Kepler GK106-400-A1 (x2),1920 x 1080,Yes,Nvidia,GDDR5,GeForce GTX 660 Gigabyte OC 2GB Edition SLI,"
01-Sep-2012",4096x2160,Yes
1046.0,146.25,2048.0,144.2,192.0,1502.0,27.0,24.0,Kepler GK106-400-A1,1920 x 1080,Yes,Nvidia,GDDR5,GeForce GTX 660 EVGA Superclocked Edition,"
01-Sep-2012",4096x2160,Yes
1046.0,280.0,6144.0,288.4,192.0,1502.0,53.0,24.0,Kepler GK106-400-A1,2560 x 1440,Yes,Nvidia,GDDR5,GeForce GTX 660 EVGA SC Signature 2 Edition SLI,"
01-Sep-2012",4096x2160,Yes
1006.0,140.0,2048.0,144.2,192.0,1502.0,26.0,24.0,Kepler GK106-400-A1,1920 x 1080,Yes,Nvidia,GDDR5,GeForce GTX 660 Galaxy GC Edition,"
01-Sep-2012",4096x2160,Yes
980.0,140.0,2048.0,144.2,192.0,1502.0,25.0,24.0,Kepler GK106-400-A1,1920 x 1080,Yes,Nvidia,GDDR5,GeForce GTX 660 Gainward 2GB Edition,"
06-Sep-2012",4096x2160,Yes
1046.0,140.0,3072.0,144.2,192.0,1502.0,27.0,24.0,Kepler GK106-400-A1,1920 x 1080,Yes,Nvidia,GDDR5,GeForce GTX 660 EVGA SC Signature 2 Edition,"
01-Sep-2012",4096x2160,Yes
993.0,140.0,2048.0,144.2,192.0,1502.0,25.0,24.0,Kepler GK106-400-A1,1920 x 1080,Yes,Nvidia,GDDR5,GeForce GTX 660 EVGA OC 2GB Edition,"
01-Sep-2012",4096x2160,Yes
1072.0,140.0,3072.0,144.2,192.0,1502.0,27.0,24.0,Kepler GK106-400-A1,1920 x 1080,Yes,Nvidia,GDDR5,GeForce GTX 660 EVGA FTW Signature 2 3GB Edition,"
01-Oct-2012",4096x2160,Yes
1072.0,146.25,2048.0,144.2,192.0,1502.0,27.0,24.0,Kepler GK106-400-A1,1920 x 1080,Yes,Nvidia,GDDR5,GeForce GTX 660 EVGA FTW Signature 2 Edition,"
01-Oct-2012",4096x2160,Yes
1072.0,146.25,2048.0,146.6,192.0,1527.0,27.0,24.0,Kepler GK106-400-A1,1920 x 1080,Yes,Nvidia,GDDR5,GeForce GTX 660 Direct CU II Top Edition,"
01-Sep-2012",4096x2160,Yes
1020.0,145.0,2048.0,144.2,192.0,1502.0,26.0,24.0,Kepler GK106-400-A1,1920 x 1080,Yes,Nvidia,GDDR5,GeForce GTX 660 Direct CU II OC Edition,"
01-Sep-2012",4096x2160,Yes
980.0,140.5,2048.0,144.2,192.0,1502.0,25.0,24.0,Kepler GK106-400-A1,1920 x 1080,Yes,Nvidia,GDDR5,GeForce GTX 660 Direct CU II Edition,"
01-Sep-2012",4096x2160,Yes
1058.0,64.0,1024.0,80.0,128.0,1250.0,17.0,16.0,Kepler GK107-450-A2,1600 x 900,Yes,Nvidia,GDDR5,GeForce GTX 650 Zotac Synergy 2GB Edition,"
06-Sep-2012",4096x2160,No
823.0,130.0,3072.0,134.4,192.0,1400.0,21.0,24.0,Kepler GK104-200-KD-A2,1920 x 1080,Yes,Nvidia,GDDR5,GeForce GTX 660 3GB (OEM),"
22-Aug-2012",4096x2160,Yes
823.0,130.0,1536.0,134.4,192.0,1400.0,21.0,24.0,Kepler GK104-200-KD-A2,1920 x 1080,Yes,Nvidia,GDDR5,GeForce GTX 660 1.5GB (OEM),"
22-Aug-2012",4096x2160,Yes
993.0,140.0,2048.0,144.2,192.0,1502.0,25.0,24.0,Kepler GK106-240-A1,1920 x 1080,Yes,Nvidia,GDDR5,GeForce GTX 650 Ti Zotac Boost Edition,"
26-Mar-2013",4096x2160,Yes
928.0,110.0,2048.0,86.4,128.0,1350.0,15.0,16.0,Kepler GK106-220-A1,1600 x 900,Yes,Nvidia,GDDR5,GeForce GTX 650 Ti Zotac Synergy 2GB Edition,"
10-Jan-2012",4096x2160,No
980.0,140.0,2048.0,144.2,192.0,1502.0,25.0,24.0,Kepler GK106-400-A1,1920 x 1080,Yes,Nvidia,GDDR5,GeForce GTX 660,"
13-Sep-2012",4096x2160,Yes
1189.0,45.5,2048.0,89.6,128.0,1400.0,19.0,16.0,Kepler GK107-450-A2,1600 x 900,Yes,Nvidia,GDDR5,GeForce GTX 650 Zotac AMP! Edition,"
01-Sep-2012",4096x2160,No
1033.0,45.5,2048.0,99.2,128.0,1550.0,17.0,16.0,Kepler GK106-220-A1,1600 x 900,Yes,Nvidia,GDDR5,GeForce GTX 650 Ti Zotac AMP! 2GB,"
01-Oct-2012",4096x2160,No
1071.0,44.0,1024.0,80.0,128.0,1250.0,17.0,16.0,Kepler GK107-450-A2,1600 x 900,Yes,Nvidia,GDDR5,GeForce GTX 650 Zotac OC 1GB Edition,"
01-Sep-2012",4096x2160,No
1006.0,140.0,2048.0,144.2,192.0,1502.0,25.0,24.0,Kepler GK106-400-A1,1920 x 1080,Yes,Nvidia,GDDR5,GeForce GTX 660 DA OC 2GB Edition,"
01-Sep-2012",4096x2160,Yes
941.0,44.0,1024.0,86.4,128.0,1350.0,15.0,16.0,Kepler GK106-220-A1,1600 x 900,Yes,Nvidia,GDDR5,GeForce GTX 650 Ti Zotac 1GB Edition,"
01-Oct-2012",4096x2160,No
941.0,54.875,2048.0,86.4,128.0,1350.0,15.0,16.0,Kepler GK106-220-A1,1600 x 900,Yes,Nvidia,GDDR5,GeForce GTX 650 Ti Zotac 2GB Edition,"
01-Oct-2012",4096x2160,No
993.0,44.0,1024.0,86.4,128.0,1350.0,16.0,16.0,Kepler GK106-220-A1,1600 x 900,Yes,Nvidia,GDDR5,GeForce GTX 650 Ti Power Edition OC 1GB,"
01-Oct-2012",4096x2160,No
1033.0,140.0,2048.0,144.2,192.0,1502.0,26.0,24.0,Kepler GK106-240-A1,1920 x 1080,Yes,Nvidia,GDDR5,GeForce GTX 650 Ti MSI TF OC Boost Edition,"
26-Mar-2013",4096x2160,Yes
1032.0,44.0,1024.0,86.4,128.0,1350.0,17.0,16.0,Kepler GK106-220-A1,1600 x 900,Yes,Nvidia,GDDR5,GeForce GTX 650 Ti WindForce 2X 1GB Edition,"
01-Oct-2012",4096x2160,No
928.0,59.0,1024.0,86.4,128.0,1350.0,15.0,16.0,Kepler GK106-220-A1,1600 x 900,Yes,Nvidia,GDDR5,GeForce GTX 650 Ti MSI 1GB Edition,"
01-Oct-2012",4096x2160,No
954.0,44.0,1024.0,86.4,128.0,1350.0,15.0,16.0,Kepler GK106-220-A1,1600 x 900,Yes,Nvidia,GDDR5,GeForce GTX 650 Ti MSI OC 1GB Edition,"
01-Oct-2012",4096x2160,No
1032.0,48.625,2048.0,86.4,128.0,1350.0,17.0,16.0,Kepler GK106-220-A1,1600 x 900,Yes,Nvidia,GDDR5,GeForce GTX 650 Ti WindForce 2X 2GB Edition,"
01-Oct-2012",4096x2160,No
1006.0,53.625,1024.0,88.0,128.0,1375.0,16.0,16.0,Kepler GK106-220-A1,1600 x 900,Yes,Nvidia,GDDR5,GeForce GTX 650 Ti Golden Sample Edition,"
01-Oct-2012",4096x2160,No
1071.0,59.875,2048.0,86.4,128.0,1350.0,17.0,16.0,Kepler GK106-220-A1,1600 x 900,Yes,Nvidia,GDDR5,GeForce GTX 650 Ti EVGA SSC 2GB Edition,"
01-Oct-2012",4096x2160,No
928.0,110.0,2048.0,86.4,128.0,1350.0,15.0,16.0,Kepler GK106-220-A1,1600 x 900,Yes,Nvidia,GDDR5,GeForce GTX 650 Ti Gainward 2GB Edition,"
10-Jan-2012",4096x2160,No
1006.0,100.0,1024.0,88.0,128.0,1375.0,16.0,16.0,Kepler GK106-220-A1,1600 x 900,Yes,Nvidia,GDDR5,GeForce GTX 650 Ti Palit 1GB OC Edition,"
01-Oct-2012",4096x2160,No
966.0,100.0,1024.0,86.4,128.0,1350.0,15.0,16.0,Kepler GK106-220-A1,1600 x 900,Yes,Nvidia,GDDR5,GeForce GTX 650 Ti Galaxy GC Edition,"
01-Oct-2012",4096x2160,No
928.0,59.0,1024.0,86.4,128.0,1350.0,15.0,16.0,Kepler GK106-220-A1,1600 x 900,Yes,Nvidia,GDDR5,GeForce GTX 650 Ti Gainward 1GB Edition,"
10-Jan-2012",4096x2160,No
1071.0,110.0,1024.0,86.4,128.0,1350.0,17.0,16.0,Kepler GK106-220-A1,1600 x 900,Yes,Nvidia,GDDR5,GeForce GTX 650 Ti EVGA SSC 1GB Edition,"
01-Oct-2012",4096x2160,No
1072.0,140.0,2048.0,144.2,192.0,1502.0,27.0,24.0,Kepler GK106-240-A1,1920 x 1080,Yes,Nvidia,GDDR5,GeForce GTX 650 Ti EVGA Boost SC Edition,"
26-Mar-2013",4096x2160,Yes
980.0,150.0,2048.0,86.4,128.0,1350.0,16.0,16.0,Kepler GK106-220-A1,1600 x 900,Yes,Nvidia,GDDR5,GeForce GTX 650 Ti DirectCU II OC 2GB,"
01-Oct-2012",4096x2160,No
1072.0,140.0,1024.0,120.3,192.0,1253.0,27.0,24.0,Kepler GK106-240-A1,1920 x 1080,Yes,Nvidia,GDDR5,GeForce GTX 650 Ti EVGA Boost Superclocked 1GB Edition,"
26-Mar-2013",4096x2160,Yes
928.0,150.0,1024.0,86.4,128.0,1350.0,15.0,16.0,Kepler GK106-220-A1,1600 x 900,Yes,Nvidia,GDDR5,GeForce GTX 650 Ti DirectCU II 1GB Edition,"
01-Oct-2012",4096x2160,No
1006.0,140.0,2048.0,146.6,192.0,1527.0,26.0,24.0,Kepler GK106-240-A1,1920 x 1080,Yes,Nvidia,GDDR5,GeForce GTX 650 Ti Boost Palit OC 2GB Edition,"
26-Mar-2013",4096x2160,Yes
954.0,44.0,1024.0,86.4,128.0,1350.0,15.0,16.0,Kepler GK106-220-A1,1600 x 900,Yes,Nvidia,GDDR5,GeForce GTX 650 Ti DirectCU II OC 1GB,"
01-Oct-2012",4096x2160,No
1033.0,150.0,1024.0,86.4,128.0,1350.0,17.0,16.0,Kepler GK106-220-A1,1600 x 900,Yes,Nvidia,GDDR5,GeForce GTX 650 Ti DirectCU II TOP 1GB,"
01-Oct-2012",4096x2160,No
980.0,134.0,1024.0,120.3,192.0,1253.0,25.0,24.0,Kepler GK106-240-A1,1920 x 1080,Yes,Nvidia,GDDR5,GeForce GTX 650 Ti Boost Palit 1GB Edition,"
26-Mar-2013",4096x2160,Yes
1006.0,71.625,1024.0,122.5,192.0,1276.0,26.0,24.0,Kepler GK106-240-A1,1920 x 1080,Yes,Nvidia,GDDR5,GeForce GTX 650 Ti Boost Golden Sample Edition,"
26-Mar-2013",4096x2160,Yes
1006.0,140.0,2048.0,144.2,192.0,1502.0,26.0,24.0,Kepler GK106-240-A1,1920 x 1080,Yes,Nvidia,GDDR5,GeForce GTX 650 Ti Boost MSI OC 2GB Edition,"
26-Mar-2013",4096x2160,Yes
1032.0,84.0,1024.0,144.2,192.0,1502.0,26.0,24.0,Kepler GK106-240-A1,1920 x 1080,Yes,Nvidia,GDDR5,GeForce GTX 650 Ti Boost WindForce 2X OC Edition,"
26-Mar-2013",4096x2160,Yes
1033.0,140.0,2048.0,144.2,192.0,1502.0,26.0,24.0,Kepler GK106-240-A1,1920 x 1080,Yes,Nvidia,GDDR5,GeForce GTX 650 Ti Boost MSI Twin Frozr OC 2GB Edition,"
26-Mar-2013",4096x2160,Yes
928.0,110.0,1024.0,86.4,128.0,1350.0,15.0,16.0,Kepler GK106-220-A1,1600 x 900,Yes,Nvidia,GDDR5,GeForce GTX 650 Ti Asus PH 1GB Edition,"
31-Oct-2013",4096x2160,No
980.0,134.0,2048.0,144.2,192.0,1502.0,25.0,24.0,Kepler GK106-240-A1,1920 x 1080,Yes,Nvidia,GDDR5,GeForce GTX 650 Ti Boost Edition,"
26-Mar-2013",4096x2160,Yes
991.625,268.0,4096.0,288.4,192.0,1502.0,50.0,24.0,Kepler GK106-220-A1 (x2),1920 x 1080,Yes,Nvidia,GDDR5,GeForce GTX 650 Ti Boost Edition SLI,"
26-Mar-2013",4096x2160,Yes
928.0,110.0,1024.0,86.4,128.0,1350.0,15.0,16.0,Kepler GK106-220-A1,1600 x 900,Yes,Nvidia,GDDR5,GeForce GTX 650 Ti,"
09-Oct-2012",4096x2160,No
1020.0,150.0,2048.0,144.2,192.0,1502.0,26.0,24.0,Kepler GK106-240-A1,1920 x 1080,Yes,Nvidia,GDDR5,GeForce GTX 650 Ti Boost DirectCU II OC Edition,"
26-Mar-2013",4096x2160,Yes
1058.0,65.0,1024.0,80.0,128.0,1250.0,17.0,16.0,Kepler GK107-450-A2,1600 x 900,Yes,Nvidia,GDDR5,GeForce GTX 650 PNY XLR8 Performance 1GB Edition,"
06-Sep-2012",4096x2160,No
1124.0,44.0,1024.0,80.0,128.0,1250.0,18.0,16.0,Kepler GK107-450-A2,1600 x 900,Yes,Nvidia,GDDR5,GeForce GTX 650 Power Edition OC 1GB,"
01-Sep-2012",4096x2160,No
1058.0,65.0,2048.0,80.0,128.0,1250.0,17.0,16.0,Kepler GK107-450-A2,1600 x 900,Yes,Nvidia,GDDR5,GeForce GTX 650 PNY XLR8 Performance 2GB Edition,"
06-Sep-2012",4096x2160,No
1058.0,64.0,1024.0,80.0,128.0,1250.0,17.0,16.0,Kepler GK107-450-A2,1600 x 900,Yes,Nvidia,GDDR5,GeForce GTX 650 Palit 1GB Edition,"
01-Sep-2012",4096x2160,No
1071.0,44.0,1024.0,80.0,128.0,1250.0,17.0,16.0,Kepler GK107-450-A2,1600 x 900,Yes,Nvidia,GDDR5,GeForce GTX 650 MSI OC v1 1GB Edition,"
01-Sep-2012",4096x2160,No
1071.0,51.625,2048.0,80.0,128.0,1250.0,17.0,16.0,Kepler GK107-450-A2,1600 x 900,Yes,Nvidia,GDDR5,GeForce GTX 650 MSI OC 2GB Edition,"
01-Sep-2012",4096x2160,No
1058.0,75.0,2048.0,80.0,128.0,1250.0,17.0,16.0,Kepler GK107-450-A2,1600 x 900,Yes,Nvidia,GDDR5,GeForce GTX 650 Palit 2GB Edition,"
01-Oct-2012",4096x2160,No
1084.0,44.0,1024.0,80.0,128.0,1250.0,17.0,16.0,Kepler GK107-450-A2,1600 x 900,Yes,Nvidia,GDDR5,GeForce GTX 650 MSI OC 1GB,"
01-Sep-2012",4096x2160,No
1058.0,49.75,1024.0,80.0,128.0,1250.0,17.0,16.0,Kepler GK107-450-A2,1600 x 900,Yes,Nvidia,GDDR5,GeForce GTX 650 Power Edition 1GB,"
01-Sep-2012",4096x2160,No
1110.0,49.125,4096.0,80.0,128.0,1250.0,18.0,16.0,Kepler GK107-450-A2,1600 x 900,Yes,Nvidia,GDDR5,GeForce GTX 650 Gigabyte OC 4GB Edition,"
01-Sep-2012",4096x2160,No
1058.0,49.75,1024.0,80.0,128.0,1250.0,17.0,16.0,Kepler GK107-450-A2,1600 x 900,Yes,Nvidia,GDDR5,GeForce GTX 650 MSI 1GB,"
01-Sep-2012",4096x2160,No
1058.0,64.0,1024.0,80.0,128.0,1250.0,17.0,16.0,Kepler GK107-450-A2,1600 x 900,Yes,Nvidia,GDDR5,GeForce GTX 650 Inno3D 1GB Edition,"
01-Sep-2012",4096x2160,No
1058.0,64.0,1024.0,80.0,128.0,1250.0,17.0,16.0,Kepler GK107-450-A2,1600 x 900,Yes,Nvidia,GDDR5,GeForce GTX 650 Galaxy Green Edition,"
01-Sep-2012",4096x2160,No
1111.0,44.0,1024.0,80.0,128.0,1250.0,18.0,16.0,Kepler GK107-450-A2,1600 x 900,Yes,Nvidia,GDDR5,GeForce GTX 650 EX OC 1GB,"
01-Sep-2012",4096x2160,No
1110.0,48.625,2048.0,80.0,128.0,1250.0,18.0,16.0,Kepler GK107-450-A2,1600 x 900,Yes,Nvidia,GDDR5,GeForce GTX 650 Gigabyte OC 2GB Edition,"
01-Sep-2012",4096x2160,No
1058.0,64.0,1024.0,80.0,128.0,1250.0,17.0,16.0,Kepler GK107-450-A2,1600 x 900,Yes,Nvidia,GDDR5,GeForce GTX 650 EVGA 1GB Edition,"
01-Sep-2012",4096x2160,No
1100.0,65.0,1024.0,80.0,128.0,1250.0,18.0,16.0,Kepler GK107-450-A2,1600 x 900,Yes,Nvidia,GDDR5,GeForce GTX 650 Leadtek 1GB OC Edition,"
01-Sep-2012",4096x2160,No
1110.0,42.0,1024.0,80.0,128.0,1250.0,18.0,16.0,Kepler GK107-450-A2,1600 x 900,Yes,Nvidia,GDDR5,GeForce GTX 650 Gigabyte OC 1GB Edition,"
01-Sep-2012",4096x2160,No
1202.0,64.0,2048.0,80.0,128.0,1250.0,19.0,16.0,Kepler GK107-450-A2,1600 x 900,Yes,Nvidia,GDDR5,GeForce GTX 650 EVGA SC 2GB Edition,"
01-Sep-2012",4096x2160,No
1110.0,84.0,1024.0,80.0,128.0,1250.0,18.0,16.0,Kepler GK107-450-A2,1600 x 900,Yes,Nvidia,GDDR5,GeForce GTX 650 Galaxy GC Edition,"
01-Sep-2012",4096x2160,No
1202.0,64.0,1024.0,80.0,128.0,1250.0,19.0,16.0,Kepler GK107-450-A2,1600 x 900,Yes,Nvidia,GDDR5,GeForce GTX 650 EVGA SC 1GB Edition,"
01-Sep-2012",4096x2160,No
1071.0,75.0,2048.0,80.0,128.0,1250.0,17.0,16.0,Kepler GK107-450-A2,1600 x 900,Yes,Nvidia,GDDR5,GeForce GTX 650 Asus-E 2GB Edition,"
01-Oct-2012",4096x2160,No
1215.0,150.0,1024.0,81.6,128.0,1275.0,19.0,16.0,Kepler GK107-450-A2,1600 x 900,Yes,Nvidia,GDDR5,GeForce GTX 650 DirectCU TOP 1GB Edition,"
01-Sep-2012",4096x2160,No
1058.0,64.0,2048.0,80.0,128.0,1250.0,17.0,16.0,Kepler GK107-450-A2,1600 x 900,Yes,Nvidia,GDDR5,GeForce GTX 650 2GB,"
01-Sep-2012",4096x2160,No
1071.0,75.0,2048.0,80.0,128.0,1250.0,17.0,16.0,Kepler GK107-450-A2,1600 x 900,Yes,Nvidia,GDDR5,GeForce GTX 650 Asus-E 1GB Edition,"
01-Oct-2012",4096x2160,No
1058.0,64.0,1024.0,80.0,128.0,1250.0,17.0,16.0,Kepler GK107-450-A2,1600 x 900,Yes,Nvidia,GDDR5,GeForce GTX 650 1GB,"
01-Sep-2012",4096x2160,No
900.0,65.0,2048.0,28.5,128.0,891.0,14.0,16.0,Kepler GK107-300-A2,1366 x 768,Yes,Nvidia,DDR3,GeForce GT 640 Zotac Zone 2GB Edition,"
08-Jun-2012",4096x2160,No
1046.0,49.0,1024.0,40.1,64.0,1252.0,8.0,8.0,Kepler GK208-400-A1,1366 x 768,Yes,Nvidia,GDDR5,GeForce GT 640 v3 Zotac 1GB Edition,"
29-May-2013",4096x2160,No
1046.0,49.0,2048.0,40.1,64.0,1252.0,8.0,8.0,Kepler GK208-400-A1,1366 x 768,Yes,Nvidia,GDDR5,GeForce GT 640 v3 Zotac 2GB Edition,"
29-May-2013",4096x2160,No
1046.0,49.0,1024.0,40.1,64.0,1252.0,8.0,8.0,Kepler GK208-400-A1,1366 x 768,Yes,Nvidia,GDDR5,GeForce GT 640 v3 Asus Low Profile 1GB Edition,"
29-May-2013",4096x2160,No
902.0,49.0,1024.0,40.0,64.0,1250.0,14.0,16.0,Kepler GK107-300-A2,1366 x 768,Yes,Nvidia,GDDR5,GeForce GT 640 v2,"
05-Jun-2012",4096x2160,No
900.0,65.0,2048.0,25.9,128.0,810.0,14.0,16.0,Kepler GK107-300-A2,1366 x 768,Yes,Nvidia,DDR3,GeForce GT 640 MSI V1 2GB Edition,"
05-Jun-2012",4096x2160,No
1046.0,49.0,2048.0,40.1,64.0,1252.0,8.0,8.0,Kepler GK208-400-A1,1366 x 768,Yes,Nvidia,GDDR5,GeForce GT 640 v3,"
29-May-2013",4096x2160,No
900.0,65.0,2048.0,25.6,128.0,800.0,14.0,16.0,Kepler GK107-300-A2,1366 x 768,Yes,Nvidia,DDR3,GeForce GT 640 Zotac Synergy 2GB Edition,"
05-Jun-2012",4096x2160,No
823.0,65.0,1024.0,64.0,128.0,1000.0,14.0,16.0,Kepler GK106,1600 x 900,Yes,Nvidia,GDDR5,GeForce GTX 645 (OEM),"
22-Apr-2013",4096x2160,No
1050.0,65.0,2048.0,28.8,128.0,900.0,17.0,16.0,Kepler GK107-300-A2,1366 x 768,Yes,Nvidia,DDR3,GeForce GT 640 Gigabyte OC 2GB Edition,"
05-Jun-2012",4096x2160,Yes
950.0,65.0,1024.0,28.5,128.0,891.0,15.0,16.0,Kepler GK107-300-A2,1366 x 768,Yes,Nvidia,DDR3,GeForce GT 640 Galaxy GC 1GB Edition,"
05-Jun-2012",4096x2160,No
901.0,65.0,4096.0,21.3,128.0,667.0,14.0,16.0,Kepler GK107-300-A2,1366 x 768,Yes,Nvidia,DDR3,GeForce GT 640 EVGA 4GB Edition,"
08-Jun-2012",4096x2160,No
902.0,65.0,2048.0,28.5,128.0,891.0,14.0,16.0,Kepler GK107-300-A2,1366 x 768,Yes,Nvidia,DDR3,GeForce GT 640,"
05-Jun-2012",4096x2160,No
900.0,65.0,2048.0,28.5,128.0,891.0,14.0,16.0,Kepler GK107-300-A2,1366 x 768,Yes,Nvidia,DDR3,GeForce GT 640 Asus 2GB Edition,"
08-Jun-2012",4096x2160,No
700.0,65.0,1024.0,21.3,128.0,667.0,3.0,4.0,Fermi GF108-400-A1,1366 x 768,Yes,Nvidia,DDR3,GeForce GT 630 Zotac Synergy 1GB Edition,"
15-May-2012",4096x2160,No
902.0,25.0,4096.0,12.8,64.0,800.0,7.0,8.0,Kepler GK208-301-A1,1366 x 768,Yes,Nvidia,DDR3,GeForce GT 630 v3 Zotac Zone 4GB Edition,"
29-May-2013",4096x2160,No
967.0,35.0,2048.0,16.0,64.0,1001.0,8.0,8.0,Kepler GK208-301-A1,1366 x 720,Yes,Nvidia,DDR3,GeForce GT 635 (OEM),"
01-Oct-2013",4096x2160,No
875.0,50.0,2048.0,29.0,128.0,905.0,14.0,16.0,Kepler GK107-301-A2,1366 x 768,Yes,Nvidia,DDR3,GeForce GT 630 v4,"
24-Apr-2012",4096x2160,No
810.0,65.0,1024.0,51.2,128.0,800.0,3.0,4.0,Fermi GF108-400-A1,1600 x 900,Yes,Nvidia,GDDR5,GeForce GT 630 v2,"
15-May-2012",4096x2160,No
902.0,25.0,2048.0,14.4,64.0,900.0,7.0,8.0,Kepler GK208-301-A1,1366 x 768,Yes,Nvidia,DDR3,GeForce GT 630 v3 Asus Silent 2GB Edition,"
29-May-2013",4096x2160,No
700.0,65.0,2048.0,21.3,128.0,667.0,3.0,4.0,Fermi GF108-400-A1,1366 x 768,Yes,Nvidia,DDR3,GeForce GT 630 Zotac Synergy 2GB Edition,"
15-May-2012",4096x2160,No
780.0,65.0,1024.0,22.4,128.0,700.0,3.0,4.0,Fermi GF108-400-A1,1366 x 768,Yes,Nvidia,DDR3,GeForce GT 630 Palit 1GB Edition,"
15-May-2012",4096x2160,No
810.0,65.0,4096.0,32.0,128.0,1000.0,3.0,4.0,Fermi GF108-400-A1,1366 x 768,Yes,Nvidia,DDR3,GeForce GT 630 MSI 4GB Edition,"
15-May-2012",4096x2160,No
810.0,65.0,2048.0,25.6,128.0,800.0,3.0,4.0,Fermi GF108-400-A1,1366 x 768,Yes,Nvidia,DDR3,GeForce GT 630 Gigabyte 2GB Edition,"
18-May-2012",4096x2160,No
902.0,25.0,2048.0,14.4,64.0,900.0,7.0,8.0,Kepler GK208-301-A1,1366 x 768,Yes,Nvidia,DDR3,GeForce GT 630 v3,"
29-May-2013",4096x2160,No
700.0,65.0,4096.0,17.1,128.0,533.0,3.0,4.0,Fermi GF108-400-A1,1366 x 768,Yes,Nvidia,DDR3,GeForce GT 630 Zotac Synergy 4GB Edition,"
15-May-2012",4096x2160,No
810.0,65.0,1024.0,25.6,128.0,800.0,3.0,4.0,Fermi GF108-400-A1,1366 x 768,Yes,Nvidia,DDR3,GeForce GT 630 EVGA 1GB Edition,"
15-May-2012",4096x2160,No
780.0,65.0,2048.0,17.1,128.0,535.0,3.0,4.0,Fermi GF108-400-A1,1366 x 768,Yes,Nvidia,DDR3,GeForce GT 630 Palit 2GB Edition,"
15-May-2012",4096x2160,No
700.0,49.0,2048.0,8.5,64.0,533.0,3.0,4.0,Fermi GF108-100-KB-A1,1366 x 768,Yes,Nvidia,DDR3,GeForce GT 620 Zotac Synergy 2GB Edition,"
15-May-2012",2560x1600,No
700.0,49.0,2048.0,8.0,64.0,500.0,3.0,4.0,Fermi GF108-100-KB-A1,1366 x 768,Yes,Nvidia,DDR3,GeForce GT 620 Galaxy 2GB Edition,"
15-May-2012",2560x1600,No
810.0,30.0,1024.0,14.4,64.0,898.0,3.0,4.0,Fermi GF119-300-A1,1366 x 768,Yes,Nvidia,DDR3,GeForce GT 620 v2,"
02-Apr-2012",2560x1600,No
700.0,30.0,1024.0,8.6,64.0,535.0,3.0,4.0,Fermi GF108-100-KB-A1,1366 x 768,Yes,Nvidia,DDR3,GeForce GT 620 PNY PCIe 1GB Edition,"
01-May-2012",2560x1600,No
810.0,65.0,1024.0,28.8,128.0,900.0,3.0,4.0,Fermi GF108-400-A1,1366 x 768,Yes,Nvidia,DDR3,GeForce GT 630,"
15-May-2012",4096x2160,No
810.0,29.0,2048.0,8.0,64.0,500.0,3.0,4.0,Fermi GF119-300-A1,1366 x 768,Yes,Nvidia,DDR3,GeForce GT 610 MSI Low Profile 2GB Edition,"
14-May-2012",2560x1600,No
810.0,29.0,2048.0,8.5,64.0,533.0,3.0,4.0,Fermi GF119-300-A1,1366 x 768,Yes,Nvidia,DDR3,GeForce GT 610 Zotac 2GB Synergy Edition,"
02-Apr-2012",2560x1600,No
810.0,29.0,2048.0,8.6,64.0,535.0,3.0,4.0,Fermi GF119-300-A1,1366 x 768,Yes,Nvidia,DDR3,GeForce GT 610 Palit 2GB Edition,"
02-Apr-2012",2560x1600,No
700.0,49.0,1024.0,14.4,64.0,900.0,3.0,4.0,Fermi GF108-100-KB-A1,1366 x 768,Yes,Nvidia,DDR3,GeForce GT 620,"
15-May-2012",2560x1600,No
810.0,29.0,2048.0,10.7,64.0,667.0,3.0,4.0,Fermi GF119-300-A1,1366 x 768,Yes,Nvidia,DDR3,GeForce GT 610 Gigabyte 2GB Edition,"
18-May-2012",2560x1600,No
810.0,29.0,2048.0,9.6,64.0,600.0,3.0,4.0,Fermi GF119-300-A1,1366 x 768,Yes,Nvidia,DDR3,GeForce GT 610 Asus Silent 2GB Edition,"
28-May-2012",2560x1600,No
550.0,29.0,1024.0,8.0,64.0,500.0,2.0,4.0,Fermi GF119-B1,1366 x 768,Yes,Nvidia,DDR3,GeForce GT 610 v2,"
09-Sep-2012",2560x1600,No
523.0,25.0,512.0,14.4,64.0,898.0,2.0,4.0,Fermi GF119-B1,1366 x 768,Yes,Nvidia,DDR3,GeForce 605 512MB,"
01-Apr-2012",2560x1600,No
810.0,29.0,1024.0,14.4,64.0,900.0,3.0,4.0,Fermi GF119-300-A1,1366 x 768,Yes,Nvidia,DDR3,GeForce GT 610,"
02-Apr-2012",2560x1600,No
523.0,25.0,1024.0,14.4,64.0,898.0,2.0,4.0,Fermi GF119-B1,1366 x 768,Yes,Nvidia,DDR3,GeForce 605 1GB,"
02-Apr-2012",2560x1600,No
451.25,43.625,64.0,3.2,128.0,200.0,1.5,3.75,NV20,,Yes,Nvidia,DDR,GeForce 3 Ti 200,"
01-Oct-2001",,No
1038.125,408.0,2048.0,318.0,512.0,1242.0,41.0,32.0,Tesla GT200 B3 (x2),1920 x 1080,Yes,Nvidia,GDDR3,GeForce GTX 285 SLI,"
01-Dec-2008",2560x1600,Yes
576.0,289.0,1792.0,223.8,448.0,999.0,32.0,28.0,Tesla G200-400-B3 (x2),1920 x 1080,Yes,Nvidia,GDDR3,GeForce GTX 295,"
08-Jan-2009",2560x1600,Yes
648.0,204.0,1024.0,159.0,512.0,1242.0,21.0,32.0,Tesla G200-350-B3,1920 x 1080,Yes,Nvidia,GDDR3,GeForce GTX 285,"
23-Dec-2008",2560x1600,Yes
633.0,219.0,896.0,127.0,448.0,1134.0,18.0,28.0,Tesla G200-105-B3,1600 x 900,Yes,Nvidia,GDDR3,GeForce GTX 275,"
15-Jan-2009",2560x1600,Yes
648.0,500.0,4096.0,281.6,512.0,1100.0,36.0,28.0,Tesla G200-400-B3 (x2),1920 x 1080,Yes,Nvidia,GDDR3,GeForce GTX 295 Asus Mars ROG 4GB Edition,"
17-Jun-2009",2560x1600,Yes
602.0,236.0,1024.0,141.7,512.0,1107.0,19.0,32.0,Tesla G200-302-A2,1600 x 900,Yes,Nvidia,GDDR3,GeForce GTX 280,"
16-Jun-2009",2560x1600,Yes
650.125,430.0,1792.0,254.0,448.0,1134.0,35.0,28.0,Tesla GT200 B3 (x2),1920 x 1080,Yes,Nvidia,GDDR3,GeForce GTX 275 SLI,"
15-Jan-2009",2560x1600,Yes
451.25,31.875,64.0,3.7,128.0,230.0,1.75,4.25,NV20,,Yes,Nvidia,DDR,GeForce 3,"
27-Feb-2001",,No
650.0,171.0,896.0,117.6,448.0,1050.0,18.0,28.0,Tesla G200-103-B2,1600 x 900,Yes,Nvidia,GDDR3,GeForce GTX 260 v3 Zotac AMP²! 896MB Edition,"
16-Sep-2008",2560x1600,Yes
625.0,171.0,896.0,123.2,448.0,1100.0,18.0,28.0,Tesla G200-103-B2,1600 x 900,Yes,Nvidia,GDDR3,GeForce GTX 260 v3 Palit Sonic Platinum 896MB Edition,"
27-Nov-2008",2560x1600,Yes
518.0,182.0,1792.0,112.9,448.0,1008.0,15.0,28.0,Tesla G200-103-B2,1600 x 900,Yes,Nvidia,GDDR3,GeForce GTX 260 v4,"
08-Dec-2009",2560x1600,Yes
625.0,171.0,896.0,123.2,448.0,1100.0,18.0,28.0,Tesla G200-103-B2,1600 x 900,Yes,Nvidia,GDDR3,GeForce GTX 260 v3 Gainward GS 896MB Edition,"
27-Nov-2008",2560x1600,Yes
655.0,171.0,896.0,117.6,448.0,1050.0,18.0,28.0,Tesla G200-103-B2,1600 x 900,Yes,Nvidia,GDDR3,GeForce GTX 260 v3 MSI OC v4 896MB Edition,"
27-Nov-2008",2560x1600,Yes
576.0,171.0,896.0,111.9,448.0,999.0,16.0,28.0,Tesla G200-103-B2,1600 x 900,Yes,Nvidia,GDDR3,GeForce GTX 260 v3,"
27-Nov-2008",2560x1600,Yes
675.0,125.0,1024.0,64.0,256.0,1000.0,11.0,16.0,Tesla G92-428-B1,1600 x 900,Yes,Nvidia,GDDR3,GeForce GTS 250 Zotac ECO 1GB Edition,"
01-Sep-2009",2560x1600,Yes
576.0,182.0,896.0,111.9,448.0,999.0,16.0,28.0,Tesla G200-100-A2,1600 x 900,Yes,Nvidia,GDDR3,GeForce GTX 260,"
16-Jun-2008",2560x1600,Yes
576.0,182.0,896.0,111.9,448.0,999.0,16.0,28.0,Tesla G200-103-A2,1600 x 900,Yes,Nvidia,GDDR3,GeForce GTX 260 v2,"
16-Sep-2008",2560x1600,Yes
738.0,150.0,1024.0,64.0,256.0,1000.0,12.0,16.0,Tesla G92-428-B1,1600 x 900,Yes,Nvidia,GDDR3,GeForce GTS 250 XFX Core 1GB Edition,"
04-Mar-2009",2560x1600,Yes
675.0,140.0,512.0,70.4,256.0,1100.0,11.0,16.0,Tesla G92-420-A2,1600 x 900,Yes,Nvidia,GDDR3,GeForce GTS 250 v2,"
29-Jul-2008",2560x1600,Yes
675.0,110.0,512.0,57.6,256.0,900.0,11.0,16.0,Tesla G92-420-A2,1600 x 900,Yes,Nvidia,GDDR3,GeForce GTS 250 v2 Gainward Deep Green 512MB Edition,"
29-Jul-2008",2560x1600,Yes
648.0,145.75,3072.0,476.9,512.0,1242.0,62.0,32.0,Tesla G200-350-B3 (x3),1920 x 1080,Yes,Nvidia,GDDR3,GeForce GTX 285 3-Way SLI,"
01-Dec-2008",2560x1600,Yes
738.0,150.0,1024.0,70.4,256.0,1100.0,12.0,16.0,Tesla G92-428-B1,1600 x 900,Yes,Nvidia,GDDR3,GeForce GTS 250,"
04-Mar-2009",2560x1600,Yes
675.0,120.0,1024.0,70.4,256.0,1100.0,11.0,16.0,Tesla G92b,1366 x 768,Yes,Nvidia,GDDR3,GeForce GTS 240,"
01-Jul-2009",2560x1600,Yes
600.0,58.0,1024.0,44.8,256.0,700.0,10.0,16.0,Tesla G94,1366 x 768,Yes,Nvidia,GDDR3,GeForce GT 220,"
26-Jan-2010",2560x1600,No
500.0,75.0,1536.0,24.0,192.0,500.0,6.0,12.0,Tesla G92b,1366 x 768,Yes,Nvidia,DDR2,GeForce GT 230 v2,"
01-Oct-2009",2560x1600,No
615.0,58.0,512.0,32.0,128.0,1000.0,5.0,8.0,Tesla GT216-055-A3,1366 x 768,Yes,Nvidia,DDR2,GeForce GT 220 v3,"
12-Oct-2009",2560x1600,No
625.0,58.0,1024.0,6.4,128.0,400.0,5.0,8.0,Tesla GT215-450-A2,1366 x 768,Yes,Nvidia,GDDR2,GeForce GT 220 v2 Galaxy 1GB Edition,"
12-Oct-2009",2560x1600,No
650.0,75.0,512.0,57.6,256.0,900.0,10.0,16.0,Tesla G94-300-B1,1366 x 768,Yes,Nvidia,GDDR3,GeForce GT 230,"
12-Oct-2009",2560x1600,No
625.0,58.0,1024.0,6.4,128.0,400.0,5.0,8.0,Tesla GT215-450-A2,1366 x 768,Yes,Nvidia,GDDR2,GeForce GT 220 v2 MSI 1GB Edition,"
12-Oct-2009",2560x1600,No
625.0,58.0,1024.0,25.3,128.0,790.0,5.0,8.0,Tesla GT215-450-A2,1366 x 768,Yes,Nvidia,GDDR3,GeForce GT 220 v2,"
12-Oct-2009",2560x1600,No
589.0,31.0,512.0,6.4,64.0,400.0,2.0,4.0,Tesla GT218-200-B1,800 x 600,Yes,Nvidia,DDR2,GeForce 205,"
26-Nov-2009",2560x1600,No
589.0,31.0,1024.0,8.0,64.0,500.0,2.0,4.0,Tesla GT218-300-B1,1024 x 768,Yes,Nvidia,DDR2,GeForce 210 1GB,"
12-Oct-2009",2560x1600,No
700.0,250.0,1536.0,177.4,384.0,924.0,34.0,48.0,Fermi GF100-375-A3,1920 x 1080,Yes,Nvidia,GDDR5,GeForce GTX 480 Point of View Edition,"
01-Apr-2010",2560x1600,Yes
589.0,31.0,512.0,4.0,64.0,500.0,2.0,4.0,Tesla GT218-300-B1,1024 x 768,Yes,Nvidia,GDDR2,GeForce 210,"
01-Oct-2009",2560x1600,No
701.0,750.0,3072.0,354.8,256.0,924.0,101.0,48.0,Fermi GF100-375-A3 (x3),1920 x 1080,Yes,Nvidia,GDDR5,GeForce GTX 480 3-way SLI,"
01-Mar-2010",2560x1600,Yes
550.0,69.0,1024.0,54.4,128.0,850.0,4.0,8.0,Tesla GT215-450-A2,1366 x 768,Yes,Nvidia,GDDR5,GeForce GT 240,"
01-Nov-2009",2560x1600,No
607.0,430.0,2560.0,267.8,320.0,837.0,49.0,40.0,Fermi GF100-275-A3 (x2),1920 x 1080,Yes,Nvidia,GDDR5,GeForce GTX 470 SLI,"
01-Mar-2010",2560x1600,Yes
700.0,215.0,1280.0,133.9,320.0,837.0,28.0,40.0,Fermi GF100-275-A3,1920 x 1080,Yes,Nvidia,GDDR5,GeForce GTX 470 Gigabyte SOC 1.2GB Edition,"
09-Jul-2010",2560x1600,Yes
750.0,250.0,1536.0,192.0,384.0,1000.0,36.0,48.0,Fermi GF100-375-A3,1920 x 1080,Yes,Nvidia,GDDR5,GeForce GTX 480 MSI Lightning Edition,"
20-Sep-2010",2560x1600,Yes
700.0,250.0,1536.0,177.4,384.0,924.0,34.0,48.0,Fermi GF100-375-A3,1920 x 1080,Yes,Nvidia,GDDR5,GeForce GTX 480,"
01-Mar-2010",2560x1600,Yes
607.0,215.0,1280.0,133.9,320.0,837.0,24.0,40.0,Fermi GF100-275-A3,1920 x 1080,Yes,Nvidia,GDDR5,GeForce GTX 470,"
01-Mar-2010",2560x1600,Yes
607.0,124.75,1024.0,102.7,256.0,802.0,19.0,32.0,Fermi GF100-030-A3,1920 x 1080,Yes,Nvidia,GDDR5,GeForce GTX 465 MSI M2 Edition,"
01-Aug-2010",2560x1600,Yes
650.0,215.0,1280.0,136.0,320.0,850.0,26.0,40.0,Fermi GF100-275-A3,1920 x 1080,Yes,Nvidia,GDDR5,GeForce GTX 470 Golden Sample Edition,"
01-Jun-2010",2560x1600,Yes
778.0,160.0,1024.0,128.3,256.0,1002.0,25.0,32.0,Fermi GF104-300-KB-A1,1920 x 1080,Yes,Nvidia,GDDR5,GeForce GTX 460 v2,"
24-Sep-2011",2560x1600,Yes
607.0,200.0,1024.0,102.7,256.0,802.0,19.0,32.0,Fermi GF100-030-A3,1920 x 1080,Yes,Nvidia,GDDR5,GeForce GTX 465,"
01-May-2010",2560x1600,Yes
675.0,380.0,2048.0,230.4,256.0,900.0,43.0,32.0,Fermi GF104-300-KB-A1 (x2),1920 x 1080,Yes,Nvidia,GDDR5,GeForce GTX 460 SLI,"
01-Jul-2010",2560x1600,Yes
855.0,160.0,1024.0,128.6,256.0,1005.0,27.0,32.0,Fermi GF104-300-KB-A1,1600 x 900,Yes,Nvidia,GDDR5,GeForce GTX 460 Point of View TGT Beast 1GB Edition,"
10-Sep-2010",2560x1600,Yes
650.0,150.0,1024.0,108.8,256.0,850.0,21.0,32.0,Fermi GF104-300-KB-A1,1920 x 1080,Yes,Nvidia,GDDR5,GeForce GTX 460 SE,"
01-Nov-2010",2560x1600,Yes
725.0,160.0,1024.0,115.2,256.0,900.0,23.0,32.0,Fermi GF104-300-KB-A1,1600 x 900,Yes,Nvidia,GDDR5,GeForce GTX 460 MSI OC v1 1GB Edition,"
21-Sep-2010",2560x1600,Yes
700.0,160.0,1024.0,115.2,256.0,900.0,22.0,32.0,Fermi GF104-300-KB-A1,1600 x 900,Yes,Nvidia,GDDR5,GeForce GTX 460 Palit Sonic 1GB Edition,"
12-Jul-2010",2560x1600,Yes
810.0,160.0,1024.0,124.8,256.0,975.0,26.0,32.0,Fermi GF104-300-KB-A1,1600 x 900,Yes,Nvidia,GDDR5,GeForce GTX 460 MSI Hawk v2 1GB Edition,"
21-Sep-2010",2560x1600,Yes
765.0,133.75,1024.0,118.4,256.0,925.0,24.0,32.0,Fermi GF104-300-KB-A1,1600 x 900,Yes,Nvidia,GDDR5,GeForce GTX 460 PNY 1GB OC Edition,"
01-Aug-2010",2560x1600,Yes
725.0,160.0,1024.0,115.2,256.0,900.0,23.0,32.0,Fermi GF104-300-KB-A1,1600 x 900,Yes,Nvidia,GDDR5,GeForce GTX 460 MSI OC v2 1GB Edition,"
21-Sep-2010",2560x1600,Yes
780.0,160.0,1024.0,115.2,256.0,900.0,25.0,32.0,Fermi GF104-300-KB-A1,1600 x 900,Yes,Nvidia,GDDR5,GeForce GTX 460 MSI Hawk v1 1GB Edition,"
21-Sep-2010",2560x1600,Yes
700.0,180.0,2048.0,115.2,256.0,900.0,22.0,32.0,Fermi GF104-300-KB-A1,1600 x 900,Yes,Nvidia,GDDR5,GeForce GTX 460 Gainward Golden Sample 2GB Edition,"
01-Jul-2010",2560x1600,Yes
715.0,160.0,1024.0,115.2,256.0,900.0,23.0,32.0,Fermi GF104-300-KB-A1,1600 x 900,Yes,Nvidia,GDDR5,GeForce GTX 460 Gigabyte OC 1GB Edition,"
12-Jul-2010",2560x1600,Yes
700.0,160.0,1024.0,115.2,256.0,900.0,22.0,32.0,Fermi GF104-300-KB-A1,1600 x 900,Yes,Nvidia,GDDR5,GeForce GTX 460 Gainward GS 1GB Edition,"
12-Jul-2010",2560x1600,Yes
775.0,225.0,1024.0,128.0,256.0,1000.0,25.0,32.0,Fermi GF104-300-KB-A1,1600 x 900,Yes,Nvidia,GDDR5,GeForce GTX 460 Asus DirectCU TOP 1GB Edition,"
12-Aug-2010",2560x1600,Yes
763.0,160.0,1024.0,115.2,256.0,900.0,24.0,32.0,Fermi GF104-300-KB-A1,1600 x 900,Yes,Nvidia,GDDR5,GeForce GTX 460 EVGA Superclocked 1GB Edition,"
12-Jul-2010",2560x1600,Yes
675.0,160.0,1024.0,115.2,256.0,900.0,22.0,32.0,Fermi GF104-300-KB-A1,1600 x 900,Yes,Nvidia,GDDR5,GeForce GTX 460 Asus DirectCU II 1GB Edition,"
01-Jul-2010",2560x1600,Yes
783.0,106.0,1024.0,17.1,128.0,533.0,13.0,16.0,Fermi GF106-250-KA-A1,1366 x 768,Yes,Nvidia,DDR3,GeForce GTS 450 v4 Point of View 1GB Edition,"
11-Jul-2012",2560x1600,No
675.0,150.0,768.0,86.4,192.0,900.0,22.0,32.0,Fermi GF104-300-KD-A1,1920 x 1080,Yes,Nvidia,GDDR5,GeForce GTX 460 768MB,"
12-Jul-2010",2560x1600,Yes
783.0,96.0,1024.0,22.4,128.0,700.0,13.0,16.0,Fermi GF106-250-KA-A1,1366 x 768,Yes,Nvidia,DDR3,GeForce GTS 450 v4 Gainward 1GB Edition,"
11-Jul-2012",2560x1600,Yes
594.0,75.0,1024.0,25.6,128.0,800.0,10.0,16.0,Fermi GF106-250-KA-A1,1366 x 768,Yes,Nvidia,DDR3,GeForce GTS 450 v4 Asus DirectCU Silent 1GB Edition,"
11-Jul-2012",2560x1600,Yes
783.0,96.0,1024.0,22.4,128.0,700.0,13.0,16.0,Fermi GF106-250-KA-A1,1366 x 768,Yes,Nvidia,DDR3,GeForce GTS 450 v4 Palit 1GB Edition,"
11-Jul-2012",2560x1600,Yes
783.0,106.0,1024.0,22.4,128.0,700.0,13.0,16.0,Fermi GF116-250-KA-A1,1366 x 768,Yes,Nvidia,DDR3,GeForce GTS 450 v4,"
11-Jul-2012",2560x1600,No
594.0,75.0,1024.0,25.6,128.0,800.0,10.0,16.0,Fermi GF106-250-KA-A1,1366 x 768,Yes,Nvidia,DDR3,GeForce GTS 450 v4 Asus 1GB Edition,"
11-Jul-2012",2560x1600,Yes
790.0,106.0,1536.0,86.6,192.0,902.0,19.0,24.0,Fermi GF106-250-KB-A1,1600 x 900,Yes,Nvidia,GDDR5,GeForce GTS 450 v2,"
11-Oct-2010",2560x1600,Yes
783.0,106.0,2048.0,57.7,128.0,902.0,13.0,16.0,Fermi GF116-200-KA-A1,1600 x 900,Yes,Nvidia,GDDR5,GeForce GTS 450 v3,"
15-Mar-2011",2560x1600,Yes
930.0,107.0,1024.0,64.0,128.0,1000.0,15.0,16.0,Fermi GF106-250-KA-A1,1600 x 900,Yes,Nvidia,GDDR5,GeForce GTS 450 Palit Sonic Platinum 1GB Edition,"
13-Sep-2010",2560x1600,Yes
783.0,106.0,1024.0,57.7,128.0,902.0,13.0,16.0,Fermi GF106-250-KA-A1,1600 x 900,Yes,Nvidia,GDDR5,GeForce GTS 450 Point of View 1GB Edition,"
13-Sep-2010",2560x1600,Yes
783.0,106.0,1024.0,57.7,128.0,902.0,13.0,16.0,Fermi GF106-250-KA-A1,1600 x 900,Yes,Nvidia,GDDR5,GeForce GTS 450 PNY XLR8 Performance 1GB Edition,"
15-Oct-2010",2560x1600,No
850.0,106.0,1024.0,62.7,128.0,980.0,14.0,16.0,Fermi GF106-250-KA-A1,1600 x 900,Yes,Nvidia,GDDR5,GeForce GTS 450 MSI Cyclone 1GB Edition,"
13-Sep-2010",2560x1600,Yes
830.0,107.0,1024.0,57.7,128.0,902.0,13.0,16.0,Fermi GF106-250-KA-A1,1600 x 900,Yes,Nvidia,GDDR5,GeForce GTS 450 Gigabyte OC 1GB Edition,"
13-Sep-2010",2560x1600,Yes
825.0,106.0,1024.0,59.1,128.0,924.0,13.0,16.0,Fermi GF106-250-KA-A1,1600 x 900,Yes,Nvidia,GDDR5,GeForce GTS 450 Galaxy GC 1GB Edition,"
13-Sep-2010",2560x1600,Yes
783.0,106.0,1024.0,57.7,128.0,902.0,13.0,16.0,Fermi GF106-250-KA-A1,1600 x 900,Yes,Nvidia,GDDR5,GeForce GTS 450 Gainward 1GB Edition,"
13-Sep-2010",2560x1600,Yes
930.0,107.0,1024.0,65.7,128.0,1026.0,15.0,16.0,Fermi GF106-250-KA-A1,1600 x 900,Yes,Nvidia,GDDR5,GeForce GTS 450 EVGA FTW 1GB Edition,"
13-Sep-2010",2560x1600,No
882.0,107.0,1024.0,60.8,128.0,950.0,14.0,16.0,Fermi GF106-250-KA-A1,1600 x 900,Yes,Nvidia,GDDR5,GeForce GTS 450 EVGA SuperClocked 1GB Edition,"
13-Sep-2010",2560x1600,Yes
783.0,106.0,1024.0,57.7,128.0,902.0,13.0,16.0,Fermi GF106-250-KA-A1,1600 x 900,Yes,Nvidia,GDDR5,GeForce GTS 450 EVGA 1GB Edition,"
13-Sep-2010",2560x1600,Yes
783.0,106.0,1024.0,57.7,128.0,902.0,13.0,16.0,Fermi GF106-250-KA-A1,1600 x 900,Yes,Nvidia,GDDR5,GeForce GTS 450 Asus DirectCU 1GB Edition,"
13-Sep-2010",2560x1600,Yes
850.0,106.0,1024.0,60.8,128.0,950.0,14.0,16.0,Fermi GF106-250-KA-A1,1600 x 900,Yes,Nvidia,GDDR5,GeForce GTS 450 Asus DirectCU OC 1GB Edition,"
13-Sep-2010",2560x1600,Yes
810.0,65.0,1024.0,51.2,128.0,800.0,3.0,4.0,Fermi GF108-400-A1,1600 x 900,Yes,Nvidia,GDDR5,GeForce GT 440 Zotac 1GB Edition,"
01-Feb-2011",2560x1600,No
783.0,106.0,1024.0,57.7,128.0,902.0,13.0,16.0,Fermi GF106-250-KA-A1,1600 x 900,Yes,Nvidia,GDDR5,GeForce GTS 450,"
03-Sep-2010",2560x1600,Yes
925.0,106.0,1024.0,64.0,128.0,1000.0,15.0,16.0,Fermi GF106-250-KA-A1,1600 x 900,Yes,Nvidia,GDDR5,GeForce GTS 450 Asus DirectCU TOP 1GB Edition,"
13-Sep-2010",2560x1600,Yes
810.0,65.0,1024.0,21.3,128.0,667.0,3.0,4.0,Fermi GF108-400-A1,1366 x 768,Yes,Nvidia,DDR3,GeForce GT 440 v2 Inno3D 2GB Edition,"
01-Mar-2011",2560x1600,No
594.0,56.0,1536.0,43.2,192.0,900.0,14.0,24.0,Fermi GF106,1366 x 768,Yes,Nvidia,DDR3,GeForce GT 440 v3,"
01-Oct-2010",2560x1600,No
830.0,65.0,1024.0,28.8,128.0,900.0,3.0,4.0,Fermi GF108-400-A1,1366 x 768,Yes,Nvidia,DDR3,GeForce GT 440 v2 Gigabyte OC 1GB Edition,"
01-Mar-2011",2560x1600,No
810.0,65.0,1024.0,21.3,128.0,667.0,3.0,4.0,Fermi GF108-400-A1,1366 x 768,Yes,Nvidia,DDR3,GeForce GT 440 v2 Zotac Synergy 2GB Edition,"
01-Mar-2011",2560x1600,No
810.0,65.0,1024.0,51.2,128.0,800.0,3.0,4.0,Fermi GF108-400-A1,1600 x 900,Yes,Nvidia,GDDR5,GeForce GT 440 Palit 1GB Edition,"
01-Feb-2011",2560x1600,No
830.0,65.0,1024.0,51.2,128.0,800.0,3.0,4.0,Fermi GF108-400-A1,1600 x 900,Yes,Nvidia,GDDR5,GeForce GT 440 Gigabyte Turbo Cache 1GB Edition,"
01-Feb-2011",2560x1600,No
675.0,160.0,1024.0,115.2,256.0,900.0,22.0,32.0,Fermi GF104-300-KB-A1,1600 x 900,Yes,Nvidia,GDDR5,GeForce GTX 460,"
12-Jul-2010",2560x1600,Yes
810.0,65.0,1024.0,51.2,128.0,800.0,3.0,4.0,Fermi GF108-400-A1,1600 x 900,Yes,Nvidia,GDDR5,GeForce GT 440 Gainward 1GB Edition,"
01-Feb-2011",2560x1600,No
822.0,65.0,1024.0,51.2,128.0,800.0,3.0,4.0,Fermi GF108-400-A1,1600 x 900,Yes,Nvidia,GDDR5,GeForce GT 440 Asus 1GB Edition,"
01-Feb-2011",2560x1600,No
810.0,65.0,1024.0,28.8,128.0,900.0,3.0,4.0,Fermi GF108-400-A1,1366 x 768,Yes,Nvidia,DDR3,GeForce GT 440 v2,"
01-Feb-2011",2560x1600,No
810.0,65.0,512.0,51.2,128.0,800.0,3.0,4.0,Fermi GF108-400-A1,1600 x 900,Yes,Nvidia,GDDR5,GeForce GT 440,"
01-Feb-2011",2560x1600,No
700.0,49.0,2048.0,21.3,128.0,667.0,3.0,4.0,Fermi GF108-300-A1,1366 x 768,Yes,Nvidia,DDR3,GeForce GT 430 Zotac Synergy 2GB Edition,"
01-Oct-2010",2560x1600,No
700.0,49.0,4096.0,17.1,128.0,533.0,3.0,4.0,Fermi GF108-300-A1,1366 x 768,Yes,Nvidia,DDR3,GeForce GT 430 Zotac Synergy 4GB Edition,"
01-Oct-2010",2560x1600,No
700.0,60.0,2048.0,28.8,128.0,900.0,3.0,4.0,Fermi GF108-400-A1,1366 x 768,Yes,Nvidia,DDR3,GeForce GT 430 v2,"
11-Oct-2010",2560x1600,No
730.0,49.0,1024.0,21.3,128.0,667.0,3.0,4.0,Fermi GF108-300-A1,1366 x 768,Yes,Nvidia,DDR3,GeForce GT 430 MSI OC 2GB Edition,"
01-Dec-2010",2560x1600,No
785.0,49.0,1024.0,29.6,128.0,925.0,3.0,4.0,Fermi GF108-300-A1,1366 x 768,Yes,Nvidia,DDR3,GeForce GT 430 MSI Low Profile Single Fan OC 1GB Edition,"
01-Dec-2010",2560x1600,No
785.0,49.0,1024.0,32.0,128.0,1000.0,3.0,4.0,Fermi GF108-300-A1,1366 x 768,Yes,Nvidia,DDR3,GeForce GT 430 MSI Low Profile Dual Fan OC 1GB Edition,"
01-Dec-2010",2560x1600,No
700.0,49.0,1024.0,25.6,128.0,800.0,3.0,4.0,Fermi GF108-300-A1,1366 x 768,Yes,Nvidia,DDR3,GeForce GT 430 Gainward 1GB Edition,"
01-Oct-2010",2560x1600,No
700.0,49.0,4096.0,21.3,128.0,667.0,3.0,4.0,Fermi GF108-300-A1,1366 x 768,Yes,Nvidia,DDR3,GeForce GT 430 Inno3D 4GB Edition,"
01-Dec-2010",2560x1600,No
730.0,49.0,1024.0,28.8,128.0,900.0,3.0,4.0,Fermi GF108-300-A1,1366 x 768,Yes,Nvidia,DDR3,GeForce GT 430 Gigabyte OC 1GB Edition,"
01-Nov-2010",2560x1600,No
700.0,49.0,1024.0,25.6,128.0,800.0,3.0,4.0,Fermi GF108-300-A1,1366 x 768,Yes,Nvidia,DDR3,GeForce GT 430 EVGA 1GB Edition,"
01-Oct-2010",2560x1600,No
700.0,50.0,2048.0,16.0,128.0,500.0,3.0,4.0,Fermi GF108-300-A1,1366 x 768,Yes,Nvidia,DDR3,GeForce GT 430 AXLE 2GB Edition,"
01-Jan-2011",2560x1600,No
589.0,25.0,1024.0,12.6,64.0,790.0,2.0,4.0,Tesla GT218,800 x 600,Yes,Nvidia,DDR3,GeForce 405,"
16-Sep-2011",2560x1600,No
700.0,50.0,2048.0,28.8,128.0,900.0,3.0,4.0,Fermi GF108-200-A1,1366 x 768,Yes,Nvidia,DDR3,GeForce GT 420,"
03-Sep-2010",2560x1600,No
700.0,50.0,2048.0,25.6,128.0,800.0,3.0,4.0,Fermi GF108-200-A1,1366 x 768,Yes,Nvidia,DDR3,GeForce GT 420 Gigabyte Rev. 3.0 2GB Edition,"
03-Sep-2010",2560x1600,No
700.0,49.0,1024.0,28.8,128.0,900.0,3.0,4.0,Fermi GF108-300-A1,1366 x 768,Yes,Nvidia,DDR3,GeForce GT 430,"
11-Oct-2010",2560x1600,No
630.0,365.0,3072.0,331.8,384.0,864.0,60.0,48.0,Fermi GF110-351-A1,2560 x 1600,Yes,Nvidia,GDDR5,GeForce GTX 590 EVGA Classified Hydro Copper Edition,"
24-Mar-2011",2560x1600,Yes
782.0,499.0,3072.0,384.8,384.0,1002.0,75.0,48.0,Fermi GF110,2560 x 1600,Yes,Nvidia,GDDR5,GeForce GTX 590 Mars II Asus Edition,"
01-Apr-2011",2560x1600,Yes
607.0,700.0,6144.0,655.9,384.0,854.0,117.0,48.0,Fermi GF110-351-A1 (x2),2560 x 1600,Yes,Nvidia,GDDR5,GeForce GTX 590 SLI,"
24-Mar-2011",2560x1600,Yes
607.0,365.0,3072.0,327.9,384.0,854.0,58.0,48.0,Fermi GF110-351-A1,2560 x 1600,Yes,Nvidia,GDDR5,GeForce GTX 590,"
24-Mar-2011",2560x1600,Yes
630.0,365.0,3072.0,331.8,384.0,864.0,60.0,48.0,Fermi GF110-351-A1,2560 x 1600,Yes,Nvidia,GDDR5,GeForce GTX 590 EVGA Classified Edition,"
24-Mar-2011",2560x1600,Yes
815.0,255.0,1536.0,196.8,384.0,1025.0,39.0,48.0,Fermi GF110-375-A1,1920 x 1080,Yes,Nvidia,GDDR5,GeForce GTX 580 Zotac AMP! Edition,"
01-Jan-2011",2560x1600,Yes
800.0,246.125,1536.0,196.6,384.0,1024.0,38.0,48.0,Fermi GF110-375-A1,1920 x 1080,Yes,Nvidia,GDDR5,GeForce GTX 580 Twin Frozr II OC Edition,"
01-Mar-2011",2560x1600,Yes
772.0,488.0,3072.0,384.8,384.0,1002.0,74.0,48.0,Fermi GF110-375-A1 (x2),1920 x 1080,Yes,Nvidia,GDDR5,GeForce GTX 580 SLI,"
01-Nov-2010",2560x1600,Yes
783.0,244.0,3072.0,193.0,384.0,1005.0,38.0,48.0,Fermi GF110-375-A1,1920 x 1080,Yes,Nvidia,GDDR5,GeForce GTX 580 Palit Dual Fan 3GB Edition,"
12-Jan-2011",2560x1600,Yes
832.0,244.0,3072.0,201.6,384.0,1050.0,40.0,48.0,Fermi GF110-375-A1,1920 x 1080,Yes,Nvidia,GDDR5,GeForce GTX 580 Lightning Xtreme Edition,"
01-May-2011",2560x1600,Yes
795.0,246.125,1536.0,192.4,384.0,1002.0,38.0,48.0,Fermi GF110-375-A1,1920 x 1080,Yes,Nvidia,GDDR5,GeForce GTX 580 Gigabyte UD rev 1.0 Edition,"
01-Feb-2011",2560x1600,Yes
772.0,246.125,1536.0,192.4,384.0,1002.0,37.0,48.0,Fermi GF110-375-A1,1920 x 1080,Yes,Nvidia,GDDR5,GeForce GTX 580 Galaxy Edition,"
01-Nov-2010",2560x1600,Yes
783.0,160.875,3072.0,193.0,384.0,1005.0,38.0,48.0,Fermi GF110-375-A1,1920 x 1080,Yes,Nvidia,GDDR5,GeForce GTX 580 Gainward Phantom 3GB,"
09-Nov-2010",2560x1600,Yes
783.0,246.125,1536.0,193.0,384.0,1005.0,38.0,48.0,Fermi GF110-375-A1,1920 x 1080,Yes,Nvidia,GDDR5,GeForce GTX 580 Gainward GOOD Edition,"
01-May-2011",2560x1600,Yes
797.0,244.0,1536.0,194.5,384.0,1013.0,38.0,48.0,Fermi GF110-375-A1,1920 x 1080,Yes,Nvidia,GDDR5,GeForce GTX 580 EVGA Superclocked Edition,"
01-Jan-2011",2560x1600,Yes
850.0,244.0,1536.0,201.4,384.0,1049.0,41.0,48.0,Fermi GF110-375-A1,1920 x 1080,Yes,Nvidia,GDDR5,GeForce GTX 580 EVGA FTW Hydro Copper 2 1.5GB Edition,"
17-Jan-2011",2560x1600,Yes
797.0,244.0,1536.0,194.5,384.0,1013.0,38.0,48.0,Fermi GF110-375-A1,1920 x 1080,Yes,Nvidia,GDDR5,GeForce GTX 580 EVGA CoD Black Ops 1.5GB Edition,"
09-Nov-2010",2560x1600,Yes
782.0,244.0,1536.0,192.4,384.0,1002.0,38.0,48.0,Fermi GF110-375-A1,1920 x 1080,Yes,Nvidia,GDDR5,GeForce GTX 580 Asus DirectCU II Edition,"
01-Jan-2011",2560x1600,Yes
900.0,244.0,3072.0,202.2,384.0,1053.0,43.0,48.0,Fermi GF110-375-A1,1920 x 1080,Yes,Nvidia,GDDR5,GeForce GTX 580 CUHC 3GB,"
01-Nov-2010",2560x1600,Yes
797.0,244.0,1536.0,194.5,384.0,1013.0,38.0,48.0,Fermi GF110-375-A1,1920 x 1080,Yes,Nvidia,GDDR5,GeForce GTX 580 EVGA DS Superclocked 1.5GB Edition,"
22-Apr-2011",2560x1600,Yes
816.0,246.125,1536.0,192.4,384.0,1002.0,39.0,48.0,Fermi GF110-375-A1,1920 x 1080,Yes,Nvidia,GDDR5,GeForce GTX 580 Asus Matrix Edition,"
01-May-2011",2560x1600,Yes
900.0,244.0,3072.0,202.2,384.0,1053.0,43.0,48.0,Fermi GF110-375-A1,1920 x 1080,Yes,Nvidia,GDDR5,GeForce GTX 580 EVGA Classified Ultra 3GB Edition,"
25-Nov-2011",2560x1600,Yes
772.0,244.0,1536.0,192.4,384.0,1002.0,37.0,48.0,Fermi GF110-375-A1,1920 x 1080,Yes,Nvidia,GDDR5,GeForce GTX 580,"
09-Nov-2010",2560x1600,Yes
750.0,219.0,1280.0,156.0,320.0,975.0,30.0,40.0,Fermi GF110-275-A1,1920 x 1080,Yes,Nvidia,GDDR5,GeForce GTX 570 Sonic Edition,"
01-Jun-2011",2560x1600,Yes
772.0,244.0,3072.0,192.4,384.0,1002.0,37.0,48.0,Fermi GF110-375-A1,1920 x 1080,Yes,Nvidia,GDDR5,GeForce GTX 580 EVGA 3GB Edition,"
27-Jun-2011",2560x1600,Yes
800.0,219.0,1280.0,160.0,320.0,1000.0,32.0,40.0,Fermi GF110-275-A1,1920 x 1080,Yes,Nvidia,GDDR5,GeForce GTX 570 SP Edition,"
01-Dec-2010",2560x1600,Yes
732.0,410.0,2560.0,304.0,320.0,950.0,59.0,40.0,Fermi GF110-275-A1 (x2),1920 x 1080,Yes,Nvidia,GDDR5,GeForce GTX 570 SLI,"
01-Dec-2010",2560x1600,Yes
732.0,194.375,1280.0,152.0,320.0,950.0,29.0,40.0,Fermi GF110-275-A1,1920 x 1080,Yes,Nvidia,GDDR5,GeForce GTX 570 MSI Power Edition,"
01-Apr-2011",2560x1600,Yes
770.0,217.875,1280.0,160.0,320.0,1000.0,31.0,40.0,Fermi GF110-275-A1,1920 x 1080,Yes,Nvidia,GDDR5,GeForce GTX 570 MSI OC Power Edition,"
01-Apr-2011",2560x1600,Yes
800.0,219.0,1280.0,160.0,320.0,1000.0,32.0,40.0,Fermi GF110-275-A1,1920 x 1080,Yes,Nvidia,GDDR5,GeForce GTX 570 GS-GLH Edition,"
07-Dec-2010",2560x1600,Yes
845.0,170.75,1280.0,152.0,320.0,950.0,34.0,40.0,Fermi GF110-275-A1,1920 x 1080,Yes,Nvidia,GDDR5,GeForce GTX 570 Gigabyte SO Edition,"
01-May-2011",2560x1600,Yes
780.0,219.0,1280.0,152.0,320.0,950.0,31.0,40.0,Fermi GF110-275-A1,1920 x 1080,Yes,Nvidia,GDDR5,GeForce GTX 570 Gigabyte Edition,"
01-Apr-2011",2560x1600,Yes
797.0,219.0,1280.0,156.0,320.0,975.0,32.0,40.0,Fermi GF110-275-A1,1920 x 1080,Yes,Nvidia,GDDR5,GeForce GTX 570 EVGA SC Edition,"
01-Dec-2010",2560x1600,Yes
750.0,217.875,1280.0,156.0,320.0,975.0,30.0,40.0,Fermi GF110-275-A1,1920 x 1080,Yes,Nvidia,GDDR5,GeForce GTX 570 Gainward Phantom Edition,"
01-Jan-2011",2560x1600,Yes
742.0,216.75,1280.0,152.0,320.0,950.0,30.0,40.0,Fermi GF110-275-A1,1920 x 1080,Yes,Nvidia,GDDR5,GeForce GTX 570 Direct CU II Edition,"
01-Jul-2011",2560x1600,Yes
750.0,219.0,1280.0,156.0,320.0,975.0,30.0,40.0,Fermi GF110-275-A1,1920 x 1080,Yes,Nvidia,GDDR5,GeForce GTX 570 Gainward Golden Sample 1.2GB Edition,"
07-Dec-2010",2560x1600,Yes
732.0,219.0,1280.0,152.0,320.0,950.0,29.0,40.0,Fermi GF110-275-A1,1920 x 1080,Yes,Nvidia,GDDR5,GeForce GTX 570,"
07-Dec-2010",2560x1600,Yes
950.0,150.0,1024.0,140.8,256.0,1100.0,30.0,32.0,Fermi GF114-325-A1,1600 x 900,Yes,Nvidia,GDDR5,GeForce GTX 560 Zotac AMP! 1GB Edition,"
25-Jul-2011",2560x1600,Yes
820.0,150.0,1024.0,128.3,256.0,1002.0,26.0,32.0,Fermi GF114-325-A1,1600 x 900,Yes,Nvidia,GDDR5,GeForce GTX 560 Zotac 1GB Edition,"
17-May-2011",2560x1600,Yes
732.0,219.0,2560.0,152.0,320.0,950.0,29.0,40.0,Fermi GF110-275-A1,1920 x 1080,Yes,Nvidia,GDDR5,GeForce GTX 570 EVGA HD 2.5GB Edition,"
01-Sep-2011",2560x1600,Yes
910.0,154.125,1024.0,128.3,256.0,1002.0,29.0,32.0,Fermi GF114-400-A1,1600 x 900,Yes,Nvidia,GDDR5,GeForce GTX 560 Ti Zotac OC Edition,"
01-Feb-2011",2560x1600,Yes
950.0,170.0,1024.0,140.8,256.0,1100.0,30.0,32.0,Fermi GF114-400-A1,1600 x 900,Yes,Nvidia,GDDR5,GeForce GTX 560 Ti Zotac AMP! 1GB Edition,"
25-Jan-2011",2560x1600,Yes
880.0,173.75,2048.0,192.3,256.0,1502.0,28.0,32.0,Fermi GF114-400-A1,1600 x 900,Yes,Nvidia,GDDR5,GeForce GTX 560 Ti Twin Frozr II/OC 2GB,"
01-May-2011",2560x1600,Yes
822.0,144.125,2048.0,128.3,256.0,1002.0,26.0,32.0,Fermi GF114-400-A1,1600 x 900,Yes,Nvidia,GDDR5,GeForce GTX 560 Ti Twin Frozr II 2GB,"
01-May-2011",2560x1600,Yes
900.0,184.0,1024.0,134.8,256.0,1053.0,29.0,32.0,Fermi GF114-400-A1,1600 x 900,Yes,Nvidia,GDDR5,GeForce GTX 560 Ti Superclocked Edition,"
01-Mar-2011",2560x1600,Yes
900.0,180.0,1024.0,134.4,256.0,1050.0,29.0,32.0,Fermi GF114-400-A1,1600 x 900,Yes,Nvidia,GDDR5,GeForce GTX 560 Ti Sonic 1GB Edition,"
01-May-2012",2560x1600,Yes
823.0,300.0,2048.0,256.5,256.0,1002.0,53.0,32.0,Fermi GF114-400-A1 (x2),1920 x 1080,Yes,Nvidia,GDDR5,GeForce GTX 560 Ti SLI,"
01-Jan-2011",2560x1600,Yes
880.0,144.0,1024.0,131.2,256.0,1025.0,28.0,32.0,Fermi GF114-400-A1,1600 x 900,Yes,Nvidia,GDDR5,GeForce GTX 560 Ti Inno3D OC Edition,"
01-Jan-2011",2560x1600,Yes
880.0,170.0,1024.0,134.4,256.0,1050.0,28.0,32.0,Fermi GF114-400-A1,1600 x 900,Yes,Nvidia,GDDR5,GeForce GTX 560 Ti Twin Frozr II OC Edition,"
01-Feb-2011",2560x1600,Yes
835.0,140.625,1024.0,131.2,256.0,1025.0,27.0,32.0,Fermi GF114-400-A1,1600 x 900,Yes,Nvidia,GDDR5,GeForce GTX 560 Ti Phantom 1GB Edition,"
01-Jan-2011",2560x1600,Yes
900.0,169.5,1024.0,134.8,256.0,1053.0,29.0,32.0,Fermi GF114-400-A1,1600 x 900,Yes,Nvidia,GDDR5,GeForce GTX 560 Ti PNY OC2 1GB,"
01-Mar-2011",2560x1600,Yes
950.0,170.0,1024.0,134.4,256.0,1050.0,30.0,32.0,Fermi GF114-400-A1,1600 x 900,Yes,Nvidia,GDDR5,GeForce GTX 560 Ti Hawk Edition,"
09-Feb-2011",2560x1600,Yes
900.0,154.125,1024.0,128.0,256.0,1000.0,29.0,32.0,Fermi GF114-400-A1,1600 x 900,Yes,Nvidia,GDDR5,GeForce GTX 560 Ti Gigabyte OC 1GB Edition,"
01-Jan-2011",2560x1600,Yes
900.0,169.5,1024.0,134.4,256.0,1050.0,29.0,32.0,Fermi GF114-400-A1,1600 x 900,Yes,Nvidia,GDDR5,GeForce GTX 560 Ti Golden Sample Edition,"
01-Feb-2011",2560x1600,Yes
822.0,170.0,2048.0,128.3,256.0,1002.0,26.0,32.0,Fermi GF114-400-A1,1600 x 900,Yes,Nvidia,GDDR5,GeForce GTX 560 Ti EVGA 2GB Edition,"
10-Nov-2011",2560x1600,Yes
900.0,170.0,1024.0,134.8,256.0,1053.0,29.0,32.0,Fermi GF114-400-A1,1600 x 900,Yes,Nvidia,GDDR5,GeForce GTX 560 Ti Superclocked DS Edition,"
05-Nov-2011",2560x1600,Yes
900.0,136.625,2048.0,128.3,256.0,1002.0,29.0,32.0,Fermi GF114-400-A1,1600 x 900,Yes,Nvidia,GDDR5,GeForce GTX 560 Ti DirectCUII TOP 2GB,"
25-Feb-2011",2560x1600,Yes
1000.0,124.75,1024.0,146.6,256.0,1145.0,32.0,32.0,Fermi GF114-400-A1,1600 x 900,Yes,Nvidia,GDDR5,GeForce GTX 560 Ti SOC Edition,"
01-Jan-2011",2560x1600,Yes
900.0,169.5,1024.0,134.4,256.0,1050.0,29.0,32.0,Fermi GF114-400-A1,1600 x 900,Yes,Nvidia,GDDR5,GeForce GTX 560 Ti DirectCUII TOP 1GB,"
25-Feb-2011",2560x1600,Yes
822.0,170.0,2048.0,128.3,256.0,1002.0,26.0,32.0,Fermi GF114-400-A1,1600 x 900,Yes,Nvidia,GDDR5,GeForce GTX 560 Ti Gainward Phantom 2GB Edition,"
25-Jan-2011",2560x1600,Yes
830.0,145.25,1024.0,128.0,256.0,1000.0,27.0,32.0,Fermi GF114-400-A1,1600 x 900,Yes,Nvidia,GDDR5,GeForce GTX 560 Ti DirectCUII 1GB,"
01-Feb-2011",2560x1600,Yes
830.0,144.125,2048.0,128.3,256.0,1002.0,27.0,32.0,Fermi GF114-400-A1,1600 x 900,Yes,Nvidia,GDDR5,GeForce GTX 560 Ti DirectCUII 2GB,"
01-Feb-2011",2560x1600,Yes
900.0,169.5,1024.0,134.8,256.0,1053.0,29.0,32.0,Fermi GF114-400-A1,1600 x 900,Yes,Nvidia,GDDR5,GeForce GTX 560 Ti Crysis 2 Maximum Edition,"
23-Mar-2011",2560x1600,Yes
950.0,158.25,1024.0,140.8,256.0,1100.0,30.0,32.0,Fermi GF114-400-A1,1600 x 900,Yes,Nvidia,GDDR5,GeForce GTX 560 Ti AMP,"
08-Feb-2011",2560x1600,Yes
932.0,150.0,1024.0,143.6,256.0,1122.0,30.0,32.0,Fermi GF114-325-A1,1600 x 900,Yes,Nvidia,GDDR5,GeForce GTX 560 Sparkle Calibe DF 1GB Edition,"
19-May-2011",2560x1600,Yes
822.0,170.0,1024.0,128.3,256.0,1002.0,26.0,32.0,Fermi GF114-400-A1,1600 x 900,Yes,Nvidia,GDDR5,GeForce GTX 560 Ti,"
25-Jan-2011",2560x1600,Yes
732.0,210.0,1280.0,121.6,256.0,950.0,23.0,32.0,Fermi GF110-270-A1,1920 x 1080,Yes,Nvidia,GDDR5,GeForce GTX 560 Ti 448 Edition,"
29-Nov-2011",2560x1600,Yes
736.0,150.0,1024.0,91.9,192.0,957.0,18.0,24.0,Fermi GF114-200-KB-A1,1600 x 900,Yes,Nvidia,GDDR5,GeForce GTX 560 SE (OEM),"
30-Mar-2012",2560x1600,Yes
750.0,210.0,1280.0,124.8,256.0,975.0,24.0,32.0,Fermi GF110-270-A1,1920 x 1080,Yes,Nvidia,GDDR5,GeForce GTX 560 Ti 448 MSI Twin Frozr III Power OC 1.2GB Edition,"
29-Nov-2011",2560x1600,Yes
810.0,150.0,1024.0,128.3,256.0,1002.0,26.0,32.0,Fermi GF114-325-A1,1600 x 900,Yes,Nvidia,GDDR5,GeForce GTX 560 Gigabyte WindForce 2X Rev 3.0 1GB Edition,"
17-May-2011",2560x1600,Yes
810.0,150.0,2048.0,128.3,256.0,1002.0,26.0,32.0,Fermi GF114-325-A1,1600 x 900,Yes,Nvidia,GDDR5,GeForce GTX 560 Palit 2GB Edition,"
01-May-2011",2560x1600,Yes
870.0,150.0,1024.0,130.6,256.0,1020.0,28.0,32.0,Fermi GF114-325-A1,1600 x 900,Yes,Nvidia,GDDR5,GeForce GTX 560 MSI TwinFrozr II OC 1GB Edition,"
17-May-2011",2560x1600,Yes
810.0,150.0,1024.0,128.3,256.0,1002.0,26.0,32.0,Fermi GF114-325-A1,1600 x 900,Yes,Nvidia,GDDR5,GeForce GTX 560 Gigabyte WindForce 2X Rev 2.0 1GB Edition,"
17-May-2011",2560x1600,Yes
810.0,150.0,1024.0,128.3,256.0,1002.0,26.0,32.0,Fermi GF114-325-A1,1600 x 900,Yes,Nvidia,GDDR5,GeForce GTX 560 Gigabyte WindForce 2X Rev 1.0 1GB Edition,"
17-May-2011",2560x1600,Yes
850.0,150.0,2048.0,128.3,256.0,1002.0,27.0,32.0,Fermi GF114-325-A1,1600 x 900,Yes,Nvidia,GDDR5,GeForce GTX 560 Galaxy GC 2GB Edition,"
01-Dec-2011",2560x1600,Yes
810.0,300.0,2048.0,256.3,256.0,1001.0,52.0,32.0,Fermi GF114-325-A1 (x2),1920 x 1080,Yes,Nvidia,GDDR5,GeForce GTX 560 SLI,"
17-May-2011",2560x1600,Yes
851.0,150.0,2048.0,131.3,256.0,1026.0,27.0,32.0,Fermi GF114-325-A1,1600 x 900,Yes,Nvidia,GDDR5,GeForce GTX 560 EVGA Superclocked 2GB Edition,"
01-Jun-2011",2560x1600,Yes
822.0,150.0,1024.0,129.3,256.0,1010.0,26.0,32.0,Fermi GF114-325-A1,1600 x 900,Yes,Nvidia,GDDR5,GeForce GTX 560 Gainward Phantom 1GB Edition,"
28-Nov-2011",2560x1600,Yes
931.0,150.0,1024.0,137.9,256.0,1077.0,30.0,32.0,Fermi GF114-325-A1,1600 x 900,Yes,Nvidia,GDDR5,GeForce GTX 560 EVGA FTW+ 1GB Edition,"
15-Aug-2011",2560x1600,Yes
851.0,150.0,1024.0,131.3,256.0,1026.0,27.0,32.0,Fermi GF114-325-A1,1600 x 900,Yes,Nvidia,GDDR5,GeForce GTX 560 EVGA Superclocked 1GB Edition,"
17-May-2011",2560x1600,Yes
900.0,150.0,1024.0,133.1,256.0,1040.0,29.0,32.0,Fermi GF114-325-A1,1600 x 900,Yes,Nvidia,GDDR5,GeForce GTX 560 EVGA DS SSC 1GB Edition,"
02-Dec-2011",2560x1600,Yes
900.0,176.0,1024.0,131.3,256.0,1026.0,29.0,32.0,Fermi GF114-325-A1,1600 x 900,Yes,Nvidia,GDDR5,GeForce GTX 560 Club3D CoolStream Super OC 1GB Edition,"
17-May-2011",2560x1600,Yes
925.0,150.0,1024.0,134.4,256.0,1050.0,30.0,32.0,Fermi GF114-325-A1,1600 x 900,Yes,Nvidia,GDDR5,GeForce GTX 560 Asus DirectCU II TOP 1GB Edition,"
19-May-2011",2560x1600,Yes
810.0,150.0,1024.0,128.3,256.0,1002.0,26.0,32.0,Fermi GF114-325-A1,1600 x 900,Yes,Nvidia,GDDR5,GeForce GTX 560 EVGA 1GB Edition,"
17-May-2011",2560x1600,Yes
850.0,150.0,1024.0,134.4,256.0,1050.0,27.0,32.0,Fermi GF114-325-A1,1600 x 900,Yes,Nvidia,GDDR5,GeForce GTX 560 Asus DirectCU II OC 1GB Edition,"
17-May-2011",2560x1600,Yes
552.0,150.0,1280.0,128.3,320.0,802.0,22.0,40.0,Fermi GF110,1600 x 900,Yes,Nvidia,GDDR5,GeForce GTX 560 (OEM),"
29-Nov-2011",2560x1600,Yes
931.0,150.0,1024.0,128.3,256.0,1002.0,30.0,32.0,Fermi GF114-325-A1,1600 x 900,Yes,Nvidia,GDDR5,GeForce GTX 560 ECS Black 1GB Edition,"
17-May-2011",2560x1600,Yes
810.0,150.0,1024.0,128.3,256.0,1002.0,26.0,32.0,Fermi GF114-325-A1,1600 x 900,Yes,Nvidia,GDDR5,GeForce GTX 560 Asus DirectCU 1GB Edition,"
17-May-2011",2560x1600,Yes
822.0,150.0,1024.0,129.3,256.0,1010.0,26.0,32.0,Fermi GF114-325-A1,1600 x 900,Yes,Nvidia,GDDR5,GeForce GTX 560 Gainward Golden Sample 1GB Edition,"
08-Sep-2011",2560x1600,Yes
776.0,150.0,1024.0,91.9,192.0,957.0,19.0,24.0,Fermi GF114-200-KB-A1,1680 x 1050,Yes,Nvidia,GDDR5,GeForce GTX 555 (OEM),"
01-May-2012",2560x1600,Yes
810.0,150.0,1024.0,128.1,256.0,1001.0,26.0,32.0,Fermi GF114-325-A1,1600 x 900,Yes,Nvidia,GDDR5,GeForce GTX 560,"
17-May-2011",2560x1600,Yes
1000.0,67.375,1024.0,105.6,192.0,1100.0,24.0,24.0,Fermi GF116-400-A1,1600 x 900,Yes,Nvidia,GDDR5,GeForce GTX 550 Ti Zotac AMP! Edition,"
01-Mar-2011",2560x1600,Yes
970.0,102.75,1024.0,98.4,192.0,1025.0,23.0,24.0,Fermi GF116-400-A1,1600 x 900,Yes,Nvidia,GDDR5,GeForce GTX 550 Ti WindForce Edition,"
01-Sep-2011",2560x1600,Yes
900.0,250.0,2048.0,196.8,192.0,1025.0,43.0,24.0,Fermi GF116-400-A1 (x2),1920 x 1080,Yes,Nvidia,GDDR5,GeForce GTX 550 Ti SLI,"
15-Mar-2011",2560x1600,Yes
900.0,116.0,1024.0,98.4,192.0,1025.0,22.0,24.0,Fermi GF116-400-A1,1600 x 900,Yes,Nvidia,GDDR5,GeForce GTX 550 Ti Zotac Edition,"
01-Mar-2011",2560x1600,Yes
900.0,116.0,1024.0,98.4,192.0,1025.0,22.0,24.0,Fermi GF116-400-A1,1600 x 900,Yes,Nvidia,GDDR5,GeForce GTX 550 Ti Palit Edition,"
01-Mar-2011",2560x1600,Yes
950.0,80.875,1024.0,103.2,192.0,1075.0,23.0,24.0,Fermi GF116-400-A1,1600 x 900,Yes,Nvidia,GDDR5,GeForce GTX 550 Ti M2D1 OC Edition,"
01-May-2011",2560x1600,Yes
975.0,80.875,1024.0,98.5,192.0,1026.0,23.0,24.0,Fermi GF116-400-A1,1600 x 900,Yes,Nvidia,GDDR5,GeForce GTX 550 Ti DirectCU TOP Edition,"
01-Mar-2011",2560x1600,Yes
1000.0,67.375,1024.0,105.6,192.0,1100.0,24.0,24.0,Fermi GF116-400-A1,1600 x 900,Yes,Nvidia,GDDR5,GeForce GTX 550 Ti Sonic Edition,"
01-Mar-2011",2560x1600,Yes
970.0,90.125,1024.0,100.8,192.0,1050.0,23.0,24.0,Fermi GF116-400-A1,1600 x 900,Yes,Nvidia,GDDR5,GeForce GTX 550 Ti Gigabyte OC Edition,"
01-Jul-2011",2560x1600,Yes
951.0,116.0,1024.0,104.5,192.0,1089.0,23.0,24.0,Fermi GF116-400-A1,1600 x 900,Yes,Nvidia,GDDR5,GeForce GTX 550 Ti FPB,"
01-Mar-2011",2560x1600,Yes
900.0,105.25,1024.0,98.4,192.0,1025.0,22.0,24.0,Fermi GF116-400-A1,1600 x 900,Yes,Nvidia,GDDR5,GeForce GTX 550 Ti Gainward Edition,"
01-Mar-2011",2560x1600,Yes
981.0,84.25,1024.0,108.3,192.0,1128.0,24.0,24.0,Fermi GF116-400-A1,1600 x 900,Yes,Nvidia,GDDR5,GeForce GTX 550 Ti EVGA SC Edition,"
01-Mar-2011",2560x1600,Yes
910.0,99.875,1024.0,98.5,192.0,1026.0,22.0,24.0,Fermi GF116-400-A1,1600 x 900,Yes,Nvidia,GDDR5,GeForce GTX 550 Ti DirectCU Edition,"
01-Mar-2011",2560x1600,Yes
1000.0,116.0,1024.0,105.6,192.0,1100.0,24.0,24.0,Fermi GF116-400-A1,1600 x 900,Yes,Nvidia,GDDR5,GeForce GTX 550 Ti Golden Sample Edition,"
01-Mar-2011",2560x1600,Yes
900.0,60.875,2048.0,96.2,192.0,1002.0,22.0,24.0,Fermi GF116-400-A1,1600 x 900,Yes,Nvidia,GDDR5,GeForce GTX 550 Ti EVGA 2GB Edition,"
01-Mar-2011",2560x1600,Yes
950.0,80.875,1024.0,103.2,192.0,1075.0,23.0,24.0,Fermi GF116-400-A1,1600 x 900,Yes,Nvidia,GDDR5,GeForce GTX 550 Ti Cyclone II OC Edition,"
15-Mar-2011",2560x1600,Yes
900.0,105.25,1024.0,98.4,192.0,1025.0,22.0,24.0,Fermi GF116-400-A1,1600 x 900,Yes,Nvidia,GDDR5,GeForce GTX 550 Ti Asus M2D1 Edition,"
01-May-2011",2560x1600,Yes
910.0,250.0,2048.0,196.8,192.0,1025.0,44.0,24.0,Fermi GF116-400-A1 (x2),1920 x 1080,Yes,Nvidia,GDDR5,GeForce GTX 550 Ti Asus Edition SLI,"
15-Mar-2011",2560x1600,Yes
910.0,116.0,1024.0,98.5,192.0,1026.0,22.0,24.0,Fermi GF116-400-A1,1600 x 900,Yes,Nvidia,GDDR5,GeForce GTX 550 Ti Asus Edition,"
01-Mar-2011",2560x1600,Yes
900.0,116.0,1024.0,98.4,192.0,1025.0,22.0,24.0,Fermi GF116-400-A1,1600 x 900,Yes,Nvidia,GDDR5,GeForce GTX 550 Ti,"
15-Mar-2011",2560x1600,Yes
720.0,70.0,3072.0,38.4,192.0,800.0,12.0,16.0,Fermi GF116-400-A1,1600 x 900,Yes,Nvidia,DDR3,GeForce GT 545 3GB,"
14-May-2011",2560x1600,Yes
720.0,70.0,1536.0,38.4,192.0,800.0,12.0,16.0,Fermi GF116-400-A1,1366 x 768,Yes,Nvidia,DDR3,GeForce GT 545 1.5GB,"
14-May-2011",2560x1600,Yes
810.0,29.0,1024.0,8.5,64.0,533.0,3.0,4.0,Fermi GF119-300-A1,1366 x 768,Yes,Nvidia,DDR3,GeForce GT 520 Zotac Synergy 1GB Edition,"
01-May-2011",2560x1600,No
870.0,105.0,1024.0,63.9,128.0,999.0,14.0,16.0,Fermi GF116-400-KD-A1,1600 x 900,Yes,Nvidia,GDDR5,GeForce GT 545 (OEM),"
14-May-2011",2560x1600,Yes
598.0,29.0,1024.0,8.0,64.0,500.0,2.0,4.0,Fermi GF119-300-A1,1366 x 768,Yes,Nvidia,DDR3,GeForce GT 520 v4,"
20-Aug-2012",2560x1600,No
810.0,29.0,2048.0,14.4,64.0,898.0,2.0,2.0,Fermi GF108-200-A1,1366 x 768,Yes,Nvidia,DDR3,GeForce GT 520 v3,"
01-Feb-2012",2560x1600,No
810.0,29.0,1024.0,10.7,64.0,667.0,3.0,4.0,Fermi GF119-300-A1,1366 x 768,Yes,Nvidia,DDR3,GeForce GT 520 Gigabyte 1GB Edition,"
13-Apr-2011",2560x1600,No
700.0,50.0,1024.0,28.8,128.0,900.0,3.0,4.0,Fermi GF108-300-A1,1366 x 768,Yes,Nvidia,DDR3,GeForce GT 530,"
14-May-2011",2560x1600,Yes
700.0,29.0,1024.0,10.7,64.0,667.0,1.0,2.0,Fermi GF108-200-A1,1366 x 768,Yes,Nvidia,DDR3,GeForce GT 520 v2,"
01-Feb-2012",2560x1600,No
810.0,29.0,1024.0,14.4,64.0,900.0,3.0,4.0,Fermi GF119-300-A1,1366 x 768,Yes,Nvidia,DDR3,GeForce GT 520,"
13-Apr-2011",2560x1600,No
810.0,29.0,2048.0,9.6,64.0,600.0,3.0,4.0,Fermi GF119-300-A1,1366 x 768,Yes,Nvidia,DDR3,GeForce GT 520 Asus Silent Low Profile 2GB Edition,"
13-Jun-2013",2560x1600,No
1202.0,170.0,4096.0,230.4,256.0,1800.0,83.0,64.0,Maxwell GM204-400-A1,2560 x 1440,Yes,Nvidia,GDDR5,GeForce GTX 980 Zotac AMP! Omega 4GB Edition,"
19-Sep-2014",5120x3200,Yes
810.0,29.0,1024.0,9.6,64.0,600.0,3.0,4.0,Fermi GF119-300-A1,1366 x 768,Yes,Nvidia,DDR3,GeForce GT 520 Asus Silent Low Profile 1GB Edition,"
13-Jun-2013",2560x1600,No
1291.0,350.0,8192.0,460.8,256.0,1800.0,39.0,14.0,Maxwell GM204-400-A1 (x2),2560 x 1440,Yes,Nvidia,GDDR5,GeForce GTX 980 Zotac AMP! Extreme 4GB Edition SLI,"
19-Sep-2014",4096x2160,Yes
810.0,29.0,1024.0,8.6,64.0,535.0,3.0,4.0,Fermi GF119-300-A1,1366 x 768,Yes,Nvidia,DDR3,GeForce GT 520 Gainward SilentFX 1GB Edition,"
13-Jun-2013",2560x1600,No
1291.0,185.0,4096.0,230.4,256.0,1800.0,89.0,64.0,Maxwell GM204-400-A1,2560 x 1440,Yes,Nvidia,GDDR5,GeForce GTX 980 Zotac AMP! Extreme 4GB Edition,"
19-Sep-2014",5120x3200,Yes
1126.0,165.0,4096.0,224.4,256.0,1753.0,78.0,64.0,Maxwell GM204-400-A1,2560 x 1440,Yes,Nvidia,GDDR5,GeForce GTX 980 Zotac 4GB Edition,"
19-Sep-2014",5120x3200,Yes
1165.0,170.0,4096.0,224.4,256.0,1753.0,81.0,64.0,Maxwell GM204-400-A1,2560 x 1440,Yes,Nvidia,GDDR5,GeForce GTX 980 Zotac AMP! 4GB Edition,"
19-Sep-2014",5120x3200,Yes
523.0,25.0,1024.0,14.4,64.0,898.0,2.0,4.0,Fermi GF119-200-A1,1366 x 768,Yes,Nvidia,DDR3,GeForce 510,"
29-Sep-2011",2560x1600,No
1025.0,250.0,6144.0,336.6,384.0,1753.0,107.0,96.0,Maxwell GM200-310-A1,2560 x 1600,Yes,Nvidia,GDDR5,GeForce GTX 980 Ti Zotac ArcticStorm 6GB Edition,"
02-Jun-2015",5120x3200,Yes
1051.0,250.0,6144.0,336.6,384.0,1753.0,109.0,96.0,Maxwell GM200-310-A1,2560 x 1600,Yes,Nvidia,GDDR5,GeForce GTX 980 Ti Zotac AMP! 6GB Edition,"
02-Jun-2015",5120x3200,Yes
1253.0,500.0,12288.0,692.4,384.0,1803.0,260.0,96.0,Maxwell GM200-310-A1 (x2),3840 x 2160,Yes,Nvidia,GDDR5,GeForce GTX 980 Ti Zotac AMP! Extreme 6GB Edition SLI,"
02-Jun-2015",5120x3200,Yes
1253.0,250.0,6144.0,346.2,384.0,1803.0,130.0,96.0,Maxwell GM200-310-A1,2560 x 1600,Yes,Nvidia,GDDR5,GeForce GTX 980 Ti Zotac AMP! Extreme 6GB Edition,"
02-Jun-2015",5120x3200,Yes
1000.0,250.0,6144.0,336.6,384.0,1753.0,103.0,96.0,Maxwell GM200-310-A1,2560 x 1600,Yes,Nvidia,GDDR5,GeForce GTX 980 Ti Zotac 6GB Edition,"
02-Jun-2015",5120x3200,Yes
1165.0,250.0,6144.0,336.6,384.0,1753.0,122.0,96.0,Maxwell GM200-310-A1,2560 x 1600,Yes,Nvidia,GDDR5,GeForce GTX 980 Ti PNY XLR8 OC 6GB Edition,"
07-Jul-2015",5120x3200,Yes
1152.0,280.0,6144.0,336.6,384.0,1753.0,119.0,96.0,Maxwell GM200-310-A1,2560 x 1600,Yes,Nvidia,GDDR5,GeForce GTX 980 Ti Palit Super JetStream 6GB Edition,"
15-Jun-2015",5120x3200,Yes
1000.0,250.0,6144.0,336.6,384.0,1753.0,103.0,96.0,Maxwell GM200-310-A1,2560 x 1600,Yes,Nvidia,GDDR5,GeForce GTX 980 Ti Palit JetStream 6GB Edition,"
02-Jun-2015",5120x3200,Yes
1000.0,250.0,6144.0,336.6,384.0,1753.0,103.0,96.0,Maxwell GM200-310-A1,2560 x 1600,Yes,Nvidia,GDDR5,GeForce GTX 980 Ti Palit 6GB Edition,"
02-Jun-2015",5120x3200,Yes
1190.0,250.0,6144.0,340.6,384.0,1774.0,124.0,96.0,Maxwell GM200-310-A1,2560 x 1600,Yes,Nvidia,GDDR5,GeForce GTX 980 Ti MSI Gaming Golden 6GB Edition,"
01-Oct-2015",5120x3200,Yes
1190.0,250.0,6144.0,340.6,384.0,1774.0,124.0,96.0,Maxwell GM200-310-A1,2560 x 1600,Yes,Nvidia,GDDR5,GeForce GTX 980 Ti MSI Sea Hawk 6GB Edition,"
26-Aug-2015",5120x3200,Yes
1000.0,250.0,6144.0,336.6,384.0,1753.0,103.0,96.0,Maxwell GM200-310-A1,2560 x 1600,Yes,Nvidia,GDDR5,GeForce GTX 980 Ti MSI 6GB Edition,"
02-Jun-2015",5120x3200,Yes
1178.0,500.0,12288.0,681.6,384.0,1775.0,246.0,96.0,Maxwell GM200-310-A1 (x2),3840 x 2160,Yes,Nvidia,GDDR5,GeForce GTX 980 Ti MSI Gaming 6GB Edition SLI,"
02-Jun-2015",5120x3200,Yes
1203.0,250.0,6144.0,340.6,384.0,1774.0,125.0,96.0,Maxwell GM200-310-A1,2560 x 1600,Yes,Nvidia,GDDR5,GeForce GTX 980 Ti MSI Lightning 6GB Edition,"
26-Aug-2015",5120x3200,Yes
1102.0,250.0,6144.0,336.6,384.0,1753.0,114.0,96.0,Maxwell GM200-310-A1,2560 x 1600,Yes,Nvidia,GDDR5,GeForce GTX 980 Ti MSI Armor 2X OC 6GB Edition,"
02-Jun-2015",5120x3200,Yes
1152.0,280.0,6144.0,345.6,384.0,1800.0,119.0,96.0,Maxwell GM200-310-A1,2560 x 1600,Yes,Nvidia,GDDR5,GeForce GTX 980 Ti Inno3D iChill X4 Ultra 6GB Edition,"
02-Jun-2015",5120x3200,Yes
1152.0,280.0,6144.0,345.6,384.0,1800.0,119.0,96.0,Maxwell GM200-310-A1,2560 x 1600,Yes,Nvidia,GDDR5,GeForce GTX 980 Ti Inno3D iChill X3 Ultra 6GB Edition,"
02-Jun-2015",5120x3200,Yes
1216.0,250.0,6144.0,345.6,384.0,1800.0,126.0,96.0,Maxwell GM200-310-A1,2560 x 1600,Yes,Nvidia,GDDR5,GeForce GTX 980 Ti Gigabyte XTREME Water 6GB Edition,"
11-Nov-2015",5120x3200,Yes
1178.0,250.0,6144.0,340.8,384.0,1775.0,123.0,96.0,Maxwell GM200-310-A1,2560 x 1600,Yes,Nvidia,GDDR5,GeForce GTX 980 Ti MSI Gaming 6GB Edition,"
02-Jun-2015",5120x3200,Yes
1206.0,290.0,6144.0,349.4,384.0,1820.0,125.0,96.0,Maxwell GM200-310-A1,2560 x 1600,Yes,Nvidia,GDDR5,GeForce GTX 980 Ti Inno3D iChill Black 6GB Edition,"
02-Jun-2015",5120x3200,Yes
1216.0,250.0,6144.0,345.6,384.0,1800.0,126.0,96.0,Maxwell GM200-310-A1,2560 x 1600,Yes,Nvidia,GDDR5,GeForce GTX 980 Ti Gigabyte XTREME 6GB Edition,"
 11-Nov-2015",5120x3200,Yes
1190.0,250.0,6144.0,336.6,384.0,1753.0,124.0,96.0,Maxwell GM200-310-A1,2560 x 1600,Yes,Nvidia,GDDR5,GeForce GTX 980 Ti Gigabyte G1 Gaming 6GB Edition,"
02-Jun-2015",5120x3200,Yes
1000.0,250.0,6144.0,336.6,384.0,1753.0,103.0,96.0,Maxwell GM200-310-A1,2560 x 1600,Yes,Nvidia,GDDR5,GeForce GTX 980 Ti Gigabyte 6GB Edition,"
02-Jun-2015",5120x3200,Yes
1190.0,250.0,6144.0,336.6,384.0,1753.0,124.0,96.0,Maxwell GM200-310-A1,2560 x 1600,Yes,Nvidia,GDDR5,GeForce GTX 980 Ti Gigabyte WindForce 3X OC 6GB Edition,"
01-Sep-2015",5120x3200,Yes
1190.0,500.0,12288.0,673.2,384.0,1753.0,248.0,96.0,Maxwell GM200-310-A1 (x2),3840 x 2160,Yes,Nvidia,GDDR5,GeForce GTX 980 Ti Gigabyte G1 Gaming 6GB Edition SLI,"
02-Jun-2015",5120x3200,Yes
1203.0,250.0,6144.0,336.6,384.0,1753.0,125.0,96.0,Maxwell GM200-310-A1,2560 x 1600,Yes,Nvidia,GDDR5,GeForce GTX 980 Ti Galax HOF WaterCooled 6GB Edition,"
09-Jun-2015",5120x3200,Yes
1000.0,500.0,12288.0,673.2,384.0,1753.0,207.0,96.0,Maxwell GM200-310-A1 (x2),3840 x 2160,Yes,Nvidia,GDDR5,GeForce GTX 980 Ti Gigabyte 6GB Edition SLI,"
02-Jun-2015",4096x2160,Yes
1102.0,250.0,6144.0,336.6,384.0,1753.0,114.0,96.0,Maxwell GM200-310-A1,2560 x 1600,Yes,Nvidia,GDDR5,GeForce GTX 980 Ti EVGA Superclocked+ ACX 2.0+ 6GB Edition,"
02-Jun-2015",5120x3200,Yes
1190.0,250.0,6144.0,336.6,384.0,1753.0,124.0,96.0,Maxwell GM200-310-A1,2560 x 1600,Yes,Nvidia,GDDR5,GeForce GTX 980 Ti Galax HOF 6GB Edition,"
02-Jun-2015",5120x3200,Yes
1102.0,250.0,12288.0,673.2,384.0,1753.0,228.0,96.0,Maxwell GM200-310-A1 (x2),3840 x 2160,Yes,Nvidia,GDDR5,GeForce GTX 980 Ti EVGA Superclocked ACX 2.0+ 6GB Edition SLI,"
02-Jun-2015",5120x3200,Yes
1102.0,250.0,6144.0,336.6,384.0,1753.0,114.0,96.0,Maxwell GM200-310-A1,2560 x 1600,Yes,Nvidia,GDDR5,GeForce GTX 980 Ti EVGA Superclocked ACX 2.0+ 6GB Edition,"
02-Jun-2015",5120x3200,Yes
1102.0,250.0,6144.0,336.6,384.0,1753.0,114.0,96.0,Maxwell GM200-310-A1,2560 x 1600,Yes,Nvidia,GDDR5,GeForce GTX 980 Ti EVGA Superclocked 6GB Edition,"
02-Jun-2015",5120x3200,Yes
1140.0,250.0,6144.0,336.6,384.0,1753.0,118.0,96.0,Maxwell GM200-310-A1,2560 x 1600,Yes,Nvidia,GDDR5,GeForce GTX 980 Ti EVGA Hydro Copper 6GB Edition,"
02-Jun-2015",5120x3200,Yes
1190.0,600.0,12288.0,673.2,384.0,1753.0,248.0,96.0,Maxwell GM200-310-A1 (x2),2560 x 1600,Yes,Nvidia,GDDR5,GeForce GTX 980 Ti EVGA Classified ACX 2.0+ 6GB Edition SLI,"
02-Jun-2015",5120x3200,Yes
1203.0,250.0,6144.0,336.6,384.0,1753.0,125.0,96.0,Maxwell GM200-310-A1,2560 x 1600,Yes,Nvidia,GDDR5,GeForce GTX 980 Ti Galax HOF LN2 6GB Edition,"
02-Jun-2015",5120x3200,Yes
1190.0,300.0,6144.0,340.6,384.0,1774.0,124.0,96.0,Maxwell GM200-310-A1,2560 x 1600,Yes,Nvidia,GDDR5,GeForce GTX 980 Ti EVGA Kingpin 6GB Edition,"
21-Jul-2015",5120x3200,Yes
1140.0,250.0,6144.0,336.6,384.0,1753.0,118.0,96.0,Maxwell GM200-310-A1,2560 x 1600,Yes,Nvidia,GDDR5,GeForce GTX 980 Ti EVGA Hybrid 6GB Edition,"
02-Jun-2015",5120x3200,Yes
1190.0,275.0,6144.0,336.6,384.0,1753.0,124.0,96.0,Maxwell GM200-310-A1,2560 x 1600,Yes,Nvidia,GDDR5,GeForce GTX 980 Ti EVGA FTW ACX 2.0+ 6GB Edition,"
11-Sep-2015",5120x3200,Yes
1000.0,250.0,6144.0,336.6,384.0,1753.0,103.0,96.0,Maxwell GM200-310-A1,2560 x 1600,Yes,Nvidia,GDDR5,GeForce GTX 980 Ti EVGA ACX 2.0+ 6GB Edition,"
02-Jun-2015",5120x3200,Yes
1216.0,375.0,6144.0,345.6,384.0,1800.0,126.0,96.0,Maxwell GM200-310-A1,2560 x 1600,Yes,Nvidia,GDDR5,GeForce GTX 980 Ti Asus DirectCU III OC Strix Gaming 6GB Edition,"
02-Jun-2015",5120x3200,Yes
1190.0,300.0,6144.0,336.6,384.0,1753.0,124.0,96.0,Maxwell GM200-310-A1,2560 x 1600,Yes,Nvidia,GDDR5,GeForce GTX 980 Ti EVGA Classified ACX 2.0+ 6GB Edition,"
02-Jun-2015",5120x3200,Yes
1000.0,250.0,6144.0,336.6,384.0,1753.0,103.0,96.0,Maxwell GM200-310-A1,2560 x 1600,Yes,Nvidia,GDDR5,GeForce GTX 980 Ti EVGA 6GB Edition,"
02-Jun-2015",5120x3200,Yes
1000.0,250.0,6144.0,336.6,384.0,1753.0,103.0,96.0,Maxwell GM200-310-A1,2560 x 1600,Yes,Nvidia,GDDR5,GeForce GTX 980 Ti Asus 6GB Edition,"
02-Jun-2015",5120x3200,Yes
1127.0,165.0,4096.0,224.4,256.0,1753.0,78.0,64.0,Maxwell GM204-400-A1,2560 x 1440,Yes,Nvidia,GDDR5,GeForce GTX 980 Point of View 4GB Edition,"
19-Sep-2014",5120x3200,Yes
1216.0,750.0,12288.0,691.2,384.0,1800.0,253.0,96.0,Maxwell GM200-310-A1 (x2),3840 x 2160,Yes,Nvidia,GDDR5,GeForce GTX 980 Ti Asus DirectCU III OC Strix Gaming 6GB SLI,"
02-Jun-2015",5120x3200,Yes
1000.0,500.0,12288.0,673.2,384.0,1753.0,207.0,96.0,Maxwell GM200-310-A1 (x2),3840 x 2160,Yes,Nvidia,GDDR5,GeForce GTX 980 Ti 6GB SLI,"
02-Jun-2015",4096x2160,Yes
1228.0,180.0,4096.0,224.4,256.0,1753.0,85.0,64.0,Maxwell GM204-400-A1,2560 x 1440,Yes,Nvidia,GDDR5,GeForce GTX 980 PNY XLR8 Pro OC 4GB Edition,"
01-Jan-2015",5120x3200,Yes
1127.0,180.0,4096.0,224.4,256.0,1753.0,78.0,64.0,Maxwell GM204-400-A1,2560 x 1440,Yes,Nvidia,GDDR5,GeForce GTX 980 Palit Trio 4GB Edition,"
01-Jun-2015",5120x3200,Yes
1000.0,250.0,6144.0,336.6,384.0,1753.0,103.0,96.0,Maxwell GM200-310-A1,2560 x 1600,Yes,Nvidia,GDDR5,GeForce GTX 980 Ti 6GB,"
01-Jun-2015",5120x3200,Yes
1203.0,180.0,4096.0,230.4,256.0,1800.0,83.0,64.0,Maxwell GM204-400-A1,2560 x 1440,Yes,Nvidia,GDDR5,GeForce GTX 980 Palit Super JetStream 4GB Edition,"
19-Sep-2014",5120x3200,Yes
1126.0,165.0,4096.0,224.4,256.0,1753.0,78.0,64.0,Maxwell GM204-400-A1,2560 x 1440,Yes,Nvidia,GDDR5,GeForce GTX 980 PNY 4GB Edition,"
19-Sep-2014",5120x3200,Yes
1126.0,180.0,4096.0,224.4,256.0,1753.0,78.0,64.0,Maxwell GM204-400-A1,2560 x 1440,Yes,Nvidia,GDDR5,GeForce GTX 980 Palit JetStream 4GB Edition,"
19-Sep-2014",5120x3200,Yes
1127.0,180.0,4096.0,224.4,256.0,1753.0,78.0,64.0,Maxwell GM204-400-A1,2560 x 1440,Yes,Nvidia,GDDR5,GeForce GTX 980 Palit 4GB Edition,"
19-Sep-2014",5120x3200,Yes
1152.0,165.0,4096.0,224.4,256.0,1753.0,80.0,64.0,Maxwell GM204-400-A1,2560 x 1440,Yes,Nvidia,GDDR5,GeForce GTX 980 MSI OC v1 4GB Edition,"
19-Sep-2014",5120x3200,Yes
1216.0,340.0,8192.0,448.8,256.0,1753.0,169.0,64.0,Maxwell GM204-400-A1 (x2),2560 x 1440,Yes,Nvidia,GDDR5,GeForce GTX 980 MSI Gaming 4GB Edition SLI,"
19-Sep-2014",4096x2160,Yes
1216.0,481.25,12288.0,673.2,256.0,1753.0,253.0,64.0,Maxwell GM204-400-A1 (x3),3840 x 2160,Yes,Nvidia,GDDR5,GeForce GTX 980 MSI Gaming 4GB Edition 3-Way SLI,"
19-Sep-2014",4096x2160,Yes
1178.0,165.0,4096.0,224.4,256.0,1753.0,82.0,64.0,Maxwell GM204-400-A1,2560 x 1440,Yes,Nvidia,GDDR5,GeForce GTX 980 MSI Armor 2X OC 4GB Edition,"
19-Sep-2014",5120x3200,Yes
1216.0,165.0,4096.0,224.4,256.0,1753.0,84.0,64.0,Maxwell GM204-400-A1,2560 x 1440,Yes,Nvidia,GDDR5,GeForce GTX 980 MSI Gaming 4GB Edition,"
19-Sep-2014",5120x3200,Yes
1152.0,170.0,4096.0,224.4,256.0,1753.0,80.0,64.0,Maxwell GM204-400-A1,2560 x 1440,Yes,Nvidia,GDDR5,GeForce GTX 980 Leadtek Winfast Hurricane 4GB Edition,"
20-Oct-2014",5120x3200,Yes
1126.0,165.0,4096.0,224.4,256.0,1753.0,78.0,64.0,Maxwell GM204-400-A1,2560 x 1440,Yes,Nvidia,GDDR5,GeForce GTX 980 Leadtek WinFast 4GB Edition,"
04-Nov-2014",5120x3200,Yes
1266.0,165.0,4096.0,230.4,256.0,1800.0,87.0,64.0,Maxwell GM204-400-A1,2560 x 1440,Yes,Nvidia,GDDR5,GeForce GTX 980 Inno3D iChill HerculeZ X4 ABU 4GB Edition,"
19-Sep-2014",5120x3200,Yes
1126.0,180.0,4096.0,224.4,256.0,1753.0,78.0,64.0,Maxwell GM204-400-A1,2560 x 1440,Yes,Nvidia,GDDR5,GeForce GTX 980 MSI 4GB Edition,"
19-Sep-2014",5120x3200,Yes
1241.0,300.0,4096.0,227.2,256.0,1775.0,86.0,64.0,Maxwell GM204-400-A1,2560 x 1440,Yes,Nvidia,GDDR5,GeForce GTX 980 Gigabyte XTREME 4GB Edition,"
11-Nov-2015",5120x3200,Yes
1126.0,165.0,4096.0,224.4,256.0,1753.0,78.0,64.0,Maxwell GM204-400-A1,2560 x 1440,Yes,Nvidia,GDDR5,GeForce GTX 980 Inno3D 4GB Edition,"
19-Sep-2014",5120x3200,Yes
1228.0,165.0,4096.0,224.4,256.0,1753.0,85.0,64.0,Maxwell GM204-400-A1,2560 x 1440,Yes,Nvidia,GDDR5,GeForce GTX 980 Inno3D iChill HerculeZ X4 Air 4GB Edition,"
19-Sep-2014",5120x3200,Yes
1228.0,300.625,8192.0,448.8,256.0,1753.0,170.0,64.0,Maxwell GM204-400-A1,2560 x 1440,Yes,Nvidia,GDDR5,GeForce GTX 980 Gigabyte G1 Gaming 4GB Edition SLI,"
19-Sep-2014",4096x2160,Yes
1128.0,165.0,4096.0,224.4,256.0,1753.0,75.0,64.0,Maxwell GM204-400-A1,2560 x 1440,Yes,Nvidia,GDDR5,GeForce GTX 980 Gigabyte WindForce 3X 4GB Edition,"
19-Sep-2014",5120x3200,Yes
1228.0,165.0,4096.0,224.4,256.0,1753.0,85.0,64.0,Maxwell GM204-400-A1,2560 x 1440,Yes,Nvidia,GDDR5,GeForce GTX 980 Gigabyte G1 Gaming 4GB Edition,"
19-Sep-2014",5120x3200,Yes
1126.0,250.0,4096.0,224.4,256.0,1753.0,78.0,64.0,Maxwell GM204-400-A1,2560 x 1440,Yes,Nvidia,GDDR5,GeForce GTX 980 Galax 4GB Edition,"
19-Sep-2014",5120x3200,Yes
1241.0,300.625,8192.0,448.8,256.0,1753.0,172.0,64.0,Maxwell GM204-400-A1 (x2),5760 x 1080,Yes,Nvidia,GDDR5,GeForce GTX 980 EVGA Superclocked 4GB Edition SLI,"
19-Sep-2014",4096x2160,Yes
1266.0,300.625,8192.0,448.8,256.0,1753.0,175.0,64.0,Maxwell GM204-400-A1 (x2),3840 x 2160,Yes,Nvidia,GDDR5,GeForce GTX 980 EVGA Superclocked ACX 2.0 4GB Edition SLI,"
19-Sep-2014",4096x2160,Yes
1228.0,250.0,4096.0,224.4,256.0,1753.0,85.0,64.0,Maxwell GM204-400-A1,2560 x 1440,Yes,Nvidia,GDDR5,GeForce GTX 980 Galax SOC 4GB Edition,"
30-Sep-2014",5120x3200,Yes
1126.0,165.0,4096.0,224.4,256.0,1753.0,78.0,64.0,Maxwell GM204-400-A1,2560 x 1440,Yes,Nvidia,GDDR5,GeForce GTX 980 Gainward 4GB Edition,"
19-Sep-2014",5120x3200,Yes
1304.0,165.0,4096.0,224.4,256.0,1753.0,91.0,64.0,Maxwell GM204-400-A1,2560 x 1440,Yes,Nvidia,GDDR5,GeForce GTX 980 Galax HOF 4GB Edition,"
10-Nov-2014",5120x3200,Yes
1266.0,165.0,4096.0,224.4,256.0,1753.0,87.0,64.0,Maxwell GM204-400-A1,2560 x 1440,Yes,Nvidia,GDDR5,GeForce GTX 980 EVGA Superclocked ACX 2.0 4GB Edition,"
19-Sep-2014",5120x3200,Yes
1291.0,165.0,4096.0,224.4,256.0,1753.0,89.0,64.0,Maxwell GM204-400-A1,2560 x 1440,Yes,Nvidia,GDDR5,GeForce GTX 980 EVGA Hydro Copper 4GB Edition,"
19-Sep-2014",5120x3200,Yes
1241.0,165.0,4096.0,224.4,256.0,1753.0,86.0,64.0,Maxwell GM204-400-A1,2560 x 1440,Yes,Nvidia,GDDR5,GeForce GTX 980 EVGA Superclocked 4GB Edition,"
19-Sep-2014",5120x3200,Yes
1279.0,165.0,4096.0,224.4,256.0,1753.0,88.0,64.0,Maxwell GM204-400-A1,2560 x 1440,Yes,Nvidia,GDDR5,GeForce GTX 980 EVGA FTW ACX 2.0 4GB Edition,"
19-Sep-2014",5120x3200,Yes
1291.0,165.0,4096.0,224.4,256.0,1753.0,89.0,64.0,Maxwell GM204-400-A1,2560 x 1440,Yes,Nvidia,GDDR5,GeForce GTX 980 EVGA Hybrid 4GB Edition,"
26-Mar-2015",5120x3200,Yes
1126.0,165.0,4096.0,224.4,256.0,1753.0,78.0,64.0,Maxwell GM204-400-A1,2560 x 1440,Yes,Nvidia,GDDR5,GeForce GTX 980 EVGA 4GB Edition,"
19-Sep-2014",5120x3200,Yes
1178.0,344.375,8192.0,448.8,256.0,1753.0,164.0,64.0,Maxwell GM204-400-A1 (x2),5760 x 1080,Yes,Nvidia,GDDR5,GeForce GTX 980 Asus Strix OC 4GB Edition SLI,"
19-Sep-2014",4096x2160,Yes
1126.0,165.0,4096.0,224.4,256.0,1753.0,78.0,64.0,Maxwell GM204-400-A1,2560 x 1440,Yes,Nvidia,GDDR5,GeForce GTX 980 EVGA ACX 2.0 4GB Edition,"
19-Sep-2014",5120x3200,Yes
1291.0,165.0,4096.0,224.4,256.0,1753.0,89.0,64.0,Maxwell GM204-400-A1,2560 x 1440,Yes,Nvidia,GDDR5,GeForce GTX 980 EVGA Classified ACX 2.0 4GB Edition,"
01-Oct-2014",5120x3200,Yes
1304.0,165.0,4096.0,224.4,256.0,1753.0,91.0,64.0,Maxwell GM204-400-A1,2560 x 1440,Yes,Nvidia,GDDR5,GeForce GTX 980 EVGA Classified Kingpin ACX 2.0+ 4GB Edition,"
06-Feb-2015",5120x3200,Yes
1178.0,300.0,4096.0,224.4,256.0,1753.0,82.0,64.0,Maxwell GM204-400-A1,2560 x 1440,Yes,Nvidia,GDDR5,GeForce GTX 980 Asus Strix OC 4GB Edition,"
19-Sep-2014",5120x3200,Yes
1241.0,325.0,8192.0,448.8,256.0,1753.0,172.0,64.0,Maxwell GM204-400-A1,3840 x 2160,Yes,Nvidia,GDDR5,GeForce GTX 980 Asus ROG Matrix Platinum 4GB Edition SLI,"
03-Dec-2014",4096x2160,Yes
1291.0,300.625,8192.0,448.8,256.0,1753.0,178.0,64.0,Maxwell GM204-400-A1,3840 x 2160,Yes,Nvidia,GDDR5,GeForce GTX 980 EVGA Classified ACX 2.0 4GB Edition SLI,"
01-Oct-2014",4096x2160,Yes
1126.0,225.0,4096.0,224.4,256.0,1753.0,78.0,64.0,Maxwell GM204-400-A1,2560 x 1440,Yes,Nvidia,GDDR5,GeForce GTX 980 Asus 4GB Edition,"
19-Sep-2014",5120x3200,Yes
1126.0,350.0,8192.0,448.8,256.0,1753.0,156.0,64.0,Maxwell GM204-400-A1 (x2),5760 x 1080,Yes,Nvidia,GDDR5,GeForce GTX 980 4GB SLI,"
19-Sep-2014",4096x2160,Yes
1126.0,512.5,12288.0,673.2,256.0,1753.0,233.0,64.0,Maxwell GM204-400-A1 (x3),5760 x 1080,Yes,Nvidia,GDDR5,GeForce GTX 980 4GB 3-Way SLI,"
19-Sep-2014",4096x2160,Yes
1126.0,165.0,4096.0,224.4,256.0,1753.0,78.0,64.0,Maxwell GM204-400-A1,2560 x 1440,Yes,Nvidia,GDDR5,GeForce GTX 980 4GB,"
19-Sep-2014",5120x3200,Yes
1228.0,300.625,8192.0,460.8,256.0,1800.0,155.0,56.0,Maxwell GM204-200-A1 (x2),2560 x 1440,Yes,Nvidia,GDDR5,GeForce GTX 970 Zotac AMP! Extreme Core 4GB Edition SLI,"
19-Sep-2014",4096x2160,Yes
1102.0,160.0,4096.0,225.4,256.0,1761.0,69.0,56.0,Maxwell GM204-200-A1,2560 x 1440,Yes,Nvidia,GDDR5,GeForce GTX 970 Zotac AMP! Omega 4GB Edition,"
19-Sep-2014",5120x3200,Yes
1152.0,148.0,4096.0,224.4,256.0,1753.0,73.0,56.0,Maxwell GM204-200-A1,2560 x 1440,Yes,Nvidia,GDDR5,GeForce GTX 970 Zotac AMP! Omega Core 4GB Edition,"
19-Sep-2014",5120x3200,Yes
1228.0,175.0,4096.0,230.4,256.0,1800.0,77.0,56.0,Maxwell GM204-200-A1,2560 x 1440,Yes,Nvidia,GDDR5,GeForce GTX 970 Zotac AMP! Extreme Core 4GB Edition,"
19-Sep-2014",5120x3200,Yes
1203.0,175.0,4096.0,230.4,256.0,1800.0,76.0,56.0,Maxwell GM204-200-A1,2560 x 1440,Yes,Nvidia,GDDR5,GeForce GTX 970 Zotac AMP! Extreme 4GB Edition,"
19-Sep-2014",5120x3200,Yes
1178.0,300.0,4096.0,224.4,256.0,1753.0,82.0,64.0,Maxwell GM204-400-A1,2560 x 1440,Yes,Nvidia,GDDR5,GeForce GTX 980 Asus ROG Poseidon 4GB Edition,"
10-Nov-2014",5120x3200,Yes
1317.0,375.0,4096.0,224.4,256.0,1753.0,92.0,64.0,Maxwell GM204-400-A1,2560 x 1440,Yes,Nvidia,GDDR5,GeForce GTX 980 Asus ROG Matrix Gold 4GB Edition,"
31-Mar-2015",5120x3200,Yes
1076.0,344.375,8192.0,448.8,256.0,1753.0,136.0,56.0,Maxwell GM204-200-A1 (x2),2560 x 1440,Yes,Nvidia,GDDR5,GeForce GTX 970 Zotac 4GB Edition SLI,"
19-Sep-2014",4096x2160,Yes
1050.0,150.0,4096.0,224.4,256.0,1753.0,66.0,56.0,Maxwell GM204-200-A1,2560 x 1440,Yes,Nvidia,GDDR5,GeForce GTX 970 PNY 4GB Edition,"
19-Sep-2014",5120x3200,Yes
1203.0,344.375,8192.0,460.8,256.0,1800.0,152.0,56.0,Maxwell GM204-200-A1 (x2),3840 x 2160,Yes,Nvidia,GDDR5,GeForce GTX 970 Zotac AMP! Extreme 4GB Edition SLI,"
19-Sep-2014",4096x2160,Yes
1050.0,148.0,4096.0,224.4,256.0,1753.0,66.0,56.0,Maxwell GM204-200-A1,2560 x 1440,Yes,Nvidia,GDDR5,GeForce GTX 970 Point of View 4GB Edition,"
19-Sep-2014",5120x3200,Yes
1050.0,150.0,4096.0,224.4,256.0,1753.0,66.0,56.0,Maxwell GM204-200-A1,2560 x 1440,Yes,Nvidia,GDDR5,GeForce GTX 970 Palit 4GB Edition,"
19-Sep-2014",5120x3200,Yes
1152.0,150.0,4096.0,224.4,256.0,1753.0,73.0,56.0,Maxwell GM204-200-A1,2560 x 1440,Yes,Nvidia,GDDR5,GeForce GTX 970 Palit JetStream 4GB Edition,"
19-Sep-2014",5120x3200,Yes
1140.0,290.0,8192.0,448.8,256.0,1753.0,143.0,56.0,Maxwell GM204-200-A1 (x2),3840 x 2160,Yes,Nvidia,GDDR5,GeForce GTX 970 MSI Gaming 100 ME 4GB Edition SLI,"
28-Jan-2015",5120x3200,Yes
1140.0,148.0,4096.0,224.4,256.0,1753.0,66.0,56.0,Maxwell GM204-200-A1,1920 x 1080,Yes,Nvidia,GDDR5,GeForce GTX 970 MSI Gaming 4GB Edition,"
19-Sep-2014",5120x3200,Yes
1140.0,296.0,8192.0,224.4,256.0,1753.0,72.0,56.0,Maxwell GM204-200-A1,2560 x 1440,Yes,Nvidia,GDDR5,GeForce GTX 970 MSI Gaming 4GB Edition SLI,"
19-Sep-2014",5120x3200,Yes
1076.0,150.0,4096.0,224.4,256.0,1753.0,68.0,56.0,Maxwell GM204-200-A1,2560 x 1440,Yes,Nvidia,GDDR5,GeForce GTX 970 Zotac 4GB Edition,"
19-Sep-2014",5120x3200,Yes
1140.0,145.0,4096.0,224.4,256.0,1753.0,72.0,56.0,Maxwell GM204-200-A1,2560 x 1440,Yes,Nvidia,GDDR5,GeForce GTX 970 MSI Gaming 100 ME 4GB Edition,"
28-Jan-2015",5120x3200,Yes
1102.0,148.0,4096.0,224.4,256.0,1753.0,69.0,56.0,Maxwell GM204-200-A1,2560 x 1440,Yes,Nvidia,GDDR5,GeForce GTX 970 MSI Armor 2X OC 4GB Edition,"
19-Sep-2014",5120x3200,Yes
1241.0,300.0,4096.0,224.4,256.0,1753.0,86.0,64.0,Maxwell GM204-400-A1,2560 x 1440,Yes,Nvidia,GDDR5,GeForce GTX 980 Asus ROG Matrix Platinum 4GB Edition,"
03-Dec-2014",5120x3200,Yes
1076.0,148.0,4096.0,224.4,256.0,1753.0,68.0,56.0,Maxwell GM204-200-A1,2560 x 1440,Yes,Nvidia,GDDR5,GeForce GTX 970 MSI OC 4GB Edition,"
19-Sep-2014",5120x3200,Yes
1076.0,150.0,4096.0,224.4,256.0,1753.0,68.0,56.0,Maxwell GM204-200-A1,2560 x 1440,Yes,Nvidia,GDDR5,GeForce GTX 970 Leadtek WinFast Hurricane 4GB Edition,"
20-Oct-2014",5120x3200,Yes
1165.0,145.0,4096.0,224.4,256.0,1753.0,74.0,56.0,Maxwell GM204-200-A1,2560 x 1440,Yes,Nvidia,GDDR5,GeForce GTX 970 MSI Gaming Golden 4GB Edition,"
14-Nov-2014",5120x3200,Yes
1050.0,148.0,4096.0,224.4,256.0,1753.0,66.0,56.0,Maxwell GM204-200-A1,2560 x 1440,Yes,Nvidia,GDDR5,GeForce GTX 970 Leadtek WinFast 4GB Edition,"
04-Nov-2014",5120x3200,Yes
1178.0,145.0,4096.0,230.4,256.0,1800.0,74.0,56.0,Maxwell GM204-200-A1,2560 x 1440,Yes,Nvidia,GDDR5,GeForce GTX 970 Inno3D iChill HerculeZ X4 ABU 4GB Edition,"
19-Sep-2014",5120x3200,Yes
1088.0,145.0,4096.0,224.4,256.0,1753.0,69.0,56.0,Maxwell GM204-200-A1,2560 x 1440,Yes,Nvidia,GDDR5,GeForce GTX 970 Inno3D HerculeZ X2 OC 4GB Edition,"
29-Sep-2014",5120x3200,Yes
1178.0,145.0,4096.0,224.4,256.0,1753.0,74.0,56.0,Maxwell GM204-200-A1,2560 x 1440,Yes,Nvidia,GDDR5,GeForce GTX 970 KFA2 EXOC Sniper 4GB Edition,"
18-Jan-2016",5120x3200,Yes
1114.0,150.0,4096.0,224.4,256.0,1753.0,70.0,56.0,Maxwell GM204-200-A1,2560 x 1440,Yes,Nvidia,GDDR5,GeForce GTX 970 Gigabyte WindForce 3X OC 4GB Edition,"
29-Sep-2014",5120x3200,Yes
1126.0,145.0,4096.0,224.4,256.0,1753.0,71.0,56.0,Maxwell GM204-200-A1,2560 x 1440,Yes,Nvidia,GDDR5,GeForce GTX 970 Galax OC 4GB Edition,"
 19-Sep-2014",5120x3200,Yes
1101.0,148.0,4096.0,224.4,256.0,1753.0,69.0,56.0,Maxwell GM204-200-A1,2560 x 1440,Yes,Nvidia,GDDR5,GeForce GTX 970 Gigabyte Twin Turbo OC 4GB Edition,"
28-Jul-2015",5120x3200,Yes
1178.0,350.0,8192.0,448.8,256.0,1753.0,149.0,56.0,Maxwell GM204-200-A1 (x2),5760 x 1600,Yes,Nvidia,GDDR5,GeForce GTX 970 Gigabyte G1 Gaming 4GB Edition SLI,"
19-Sep-2014",4096x2160,Yes
1076.0,150.0,4096.0,224.4,256.0,1753.0,68.0,56.0,Maxwell GM204-200-A1,2560 x 1440,Yes,Nvidia,GDDR5,GeForce GTX 970 Gigabyte Mini-ITX OC 4GB Edition,"
21-Oct-2014",5120x3200,Yes
1178.0,150.0,4096.0,224.4,256.0,1753.0,74.0,56.0,Maxwell GM204-200-A1,2560 x 1440,Yes,Nvidia,GDDR5,GeForce GTX 970 Gigabyte G1 Gaming 4GB Edition,"
19-Sep-2014",5120x3200,Yes
1164.0,145.0,4096.0,224.4,256.0,1753.0,74.0,56.0,Maxwell GM204-200-A1,2560 x 1440,Yes,Nvidia,GDDR5,GeForce GTX 970 Galax EXOC 4GB Black Edition,"
31-Oct-2014",5120x3200,Yes
1216.0,165.0,4096.0,224.4,256.0,1753.0,77.0,56.0,Maxwell GM204-200-A1,2560 x 1440,Yes,Nvidia,GDDR5,GeForce GTX 970 Galax HOF 4GB Edition,"
10-Oct-2014",5120x3200,Yes
1190.0,148.0,4096.0,227.2,256.0,1775.0,75.0,56.0,Maxwell GM204-200-A1,2560 x 1440,Yes,Nvidia,GDDR5,GeForce GTX 970 Gigabyte XTREME 4GB Edition,"
11-Nov-2015",5120x3200,Yes
1164.0,344.375,8192.0,448.8,256.0,1753.0,148.0,56.0,Maxwell GM204-200-A1 (x2),2560 x 1440,Yes,Nvidia,GDDR5,GeForce GTX 970 Galax EXOC 4GB Black Edition SLI,"
31-Oct-2014",4096x2160,Yes
1152.0,150.0,4096.0,224.4,256.0,1753.0,73.0,56.0,Maxwell GM204-200-A1,2560 x 1440,Yes,Nvidia,GDDR5,GeForce GTX 970 Gainward Phantom Phoenix 4GB Edition,"
21-Aug-2015",5120x3200,Yes
1152.0,150.0,4096.0,224.4,256.0,1753.0,73.0,56.0,Maxwell GM204-200-A1,2560 x 1440,Yes,Nvidia,GDDR5,GeForce GTX 970 Gainward Phantom 4GB Edition,"
19-Sep-2014",5120x3200,Yes
1165.0,344.375,8192.0,448.8,256.0,1753.0,148.0,56.0,Maxwell GM204-200-A1 (x2),3840 x 2160,Yes,Nvidia,GDDR5,GeForce GTX 970 EVGA Superclocked ACX 2.0 4GB Edition SLI,"
19-Sep-2014",4096x2160,Yes
1165.0,150.0,4096.0,224.4,256.0,1753.0,74.0,56.0,Maxwell GM204-200-A1,2560 x 1440,Yes,Nvidia,GDDR5,GeForce GTX 970 EVGA Superclocked ACX 2.0 4GB Edition,"
19-Sep-2014",5120x3200,Yes
1190.0,344.375,8192.0,448.8,256.0,1753.0,150.0,56.0,Maxwell GM204-200-A1 (x2),3840 x 2160,Yes,Nvidia,GDDR5,GeForce GTX 970 EVGA SSC ACX+ 2.0 4GB Edition SLI,"
08-Jan-2015",4096x2160,Yes
1190.0,300.0,8192.0,448.8,256.0,1753.0,150.0,56.0,Maxwell GM204-200-A1 (x2),3840 x 2160,Yes,Nvidia,GDDR5,GeForce GTX 970 EVGA SSC ACX 2.0 4GB Edition SLI,"
19-Sep-2014",4096x2160,Yes
1140.0,150.0,4096.0,224.4,256.0,1753.0,72.0,56.0,Maxwell GM204-200-A1,2560 x 1440,Yes,Nvidia,GDDR5,GeForce GTX 970 EVGA Superclocked 4GB Edition,"
19-Sep-2014",5120x3200,Yes
1190.0,145.0,4096.0,224.4,256.0,1753.0,75.0,56.0,Maxwell GM204-200-A1,2560 x 1440,Yes,Nvidia,GDDR5,GeForce GTX 970 EVGA SSC ACX+ 2.0 4GB Edition,"
08-Jan-2015",5120x3200,Yes
1216.0,160.0,4096.0,224.4,256.0,1753.0,77.0,56.0,Maxwell GM204-200-A1,2560 x 1440,Yes,Nvidia,GDDR5,GeForce GTX 970 EVGA FTW+ ACX 2.0+ 4GB Edition,"
19-Sep-2014",5120x3200,Yes
1216.0,300.0,8192.0,448.8,256.0,1753.0,153.0,56.0,Maxwell GM204-200-A1 (x2),3840 x 2160,Yes,Nvidia,GDDR5,GeForce GTX 970 EVGA FTW+ ACX 2.0+ 4GB Edition SLI,"
19-Sep-2014",4096x2160,Yes
1190.0,150.0,4096.0,224.4,256.0,1753.0,75.0,56.0,Maxwell GM204-200-A1,2560 x 1440,Yes,Nvidia,GDDR5,GeForce GTX 970 EVGA SSC ACX 2.0 4GB Edition,"
19-Sep-2014",5120x3200,Yes
1165.0,150.0,4096.0,224.4,256.0,1753.0,74.0,56.0,Maxwell GM204-200-A1,2560 x 1440,Yes,Nvidia,GDDR5,GeForce GTX 970 EVGA Superclocked ACX 4GB Edition,"
19-Sep-2014",5120x3200,Yes
1088.0,148.0,4096.0,224.4,256.0,1753.0,69.0,56.0,Maxwell GM204-200-A1,2560 x 1440,Yes,Nvidia,GDDR5,GeForce GTX 970 Asus Turbo OC 4GB Edition,"
05-May-2015",5120x3200,Yes
1050.0,148.0,4096.0,224.4,256.0,1753.0,66.0,56.0,Maxwell GM204-200-A1,2560 x 1440,Yes,Nvidia,GDDR5,GeForce GTX 970 EVGA ACX 4GB Edition,"
19-Sep-2014",5120x3200,Yes
1114.0,344.375,8192.0,448.8,256.0,1753.0,140.0,56.0,Maxwell GM204-200-A1 (x2),3840 x 2160,Yes,Nvidia,GDDR5,GeForce GTX 970 Asus Strix OC 4GB Edition SLI,"
19-Sep-2014",4096x2160,Yes
1050.0,148.0,4096.0,224.4,256.0,1753.0,66.0,56.0,Maxwell GM204-200-A1,2560 x 1440,Yes,Nvidia,GDDR5,GeForce GTX 970 EVGA ACX 2.0 4GB Edition,"
19-Sep-2014",5120x3200,Yes
1114.0,225.0,4096.0,224.4,256.0,1753.0,70.0,56.0,Maxwell GM204-200-A1,2560 x 1440,Yes,Nvidia,GDDR5,GeForce GTX 970 Asus Strix OC 4GB Edition,"
19-Sep-2014",5120x3200,Yes
1216.0,221.875,4096.0,448.8,256.0,1753.0,153.0,56.0,Maxwell GM204-200-A1 (x2),3840 x 2160,Yes,Nvidia,GDDR5,GeForce GTX 970 EVGA FTW ACX 2.0 4GB Edition SLI,"
19-Sep-2014",4096x2160,Yes
1216.0,160.0,4096.0,224.4,256.0,1753.0,77.0,56.0,Maxwell GM204-200-A1,2560 x 1440,Yes,Nvidia,GDDR5,GeForce GTX 970 EVGA FTW ACX 2.0 4GB Edition,"
19-Sep-2014",5120x3200,Yes
1050.0,148.0,4096.0,224.4,256.0,1753.0,66.0,56.0,Maxwell GM204-200-A1,2560 x 1440,Yes,Nvidia,GDDR5,GeForce GTX 970 EVGA 4GB Edition,"
19-Sep-2014",5120x3200,Yes
1050.0,325.0,8192.0,448.8,256.0,1753.0,151.0,64.0,Maxwell GM204-200-A1 (x2),3840 x 2160,Yes,Nvidia,GDDR5,GeForce GTX 970 4GB SLI,"
19-Sep-2014",4096x2160,Yes
1088.0,148.0,4096.0,224.4,256.0,1753.0,69.0,56.0,Maxwell GM204-200-A1,2560 x 1440,Yes,Nvidia,GDDR5,GeForce GTX 970 Asus DirectCU Mini OC 4GB Edition,"
01-Dec-2014",5120x3200,Yes
1177.0,120.0,2048.0,112.2,128.0,1753.0,40.0,32.0,Maxwell GM206-300-A1,1920 x 1080,Yes,Nvidia,GDDR5,GeForce GTX 960 Zotac v2 2GB Edition,"
22-Jan-2015",5120x3200,Yes
1266.0,120.0,2048.0,112.2,128.0,1753.0,43.0,32.0,Maxwell GM206-300-A1,1920 x 1080,Yes,Nvidia,GDDR5,GeForce GTX 960 Zotac AMP! v2 2GB Edition,"
22-Jan-2015",5120x3200,Yes
1050.0,145.0,4096.0,224.4,256.0,1753.0,66.0,56.0,Maxwell GM204-200-A1,2560 x 1440,Yes,Nvidia,GDDR5,GeForce GTX 970 4GB,"
19-Sep-2014",5120x3200,Yes
1177.0,120.0,2048.0,112.2,128.0,1753.0,40.0,32.0,Maxwell GM206-300-A1,1920 x 1080,Yes,Nvidia,GDDR5,GeForce GTX 960 Zotac 2GB Edition,"
22-Jan-2015",5120x3200,Yes
1266.0,120.0,2048.0,112.2,128.0,1753.0,43.0,32.0,Maxwell GM206-300-A1,1920 x 1080,Yes,Nvidia,GDDR5,GeForce GTX 960 Zotac AMP! 2GB Edition,"
22-Jan-2015",5120x3200,Yes
1177.0,120.0,4096.0,112.2,128.0,1753.0,40.0,32.0,Maxwell GM206-300-A1,1920 x 1080,Yes,Nvidia,GDDR5,GeForce GTX 960 Zotac 4GB Edition,"
11-Mar-2015",5120x3200,Yes
1128.25,140.0,2048.0,224.4,256.0,1753.0,75.0,64.0,Maxwell GM204-200-KD,1920 x 1080,Yes,Nvidia,GDDR5,GeForce GTX 960 Ti 2GB [not released],"
31-Oct-2015",4096x2160,Yes
1165.0,120.0,2048.0,112.2,128.0,1753.0,39.0,32.0,Maxwell GM206-300-A1,1920 x 1080,Yes,Nvidia,GDDR5,GeForce GTX 960 Point of View AMMO OC 2GB Edition,"
22-Jan-2015",5120x3200,Yes
1266.0,120.0,4096.0,112.2,128.0,1753.0,43.0,32.0,Maxwell GM206-300-A1,1920 x 1080,Yes,Nvidia,GDDR5,GeForce GTX 960 Zotac AMP! 4GB Edition,"
11-Mar-2015",5120x3200,Yes
1150.375,140.0,4096.0,224.4,256.0,1753.0,75.0,64.0,Maxwell GM204-200-KD,1920 x 1080,Yes,Nvidia,GDDR5,GeForce GTX 960 Ti 4GB [not released],"
31-Oct-2015",4096x2160,Yes
1127.0,120.0,2048.0,112.2,128.0,1753.0,38.0,32.0,Maxwell GM206-300-A1,1920 x 1080,Yes,Nvidia,GDDR5,GeForce GTX 960 PNY 2GB Edition,"
22-Jan-2015",5120x3200,Yes
1279.0,120.0,2048.0,115.2,128.0,1800.0,43.0,32.0,Maxwell GM206-300-A1,1920 x 1080,Yes,Nvidia,GDDR5,GeForce GTX 960 Palit Super JetStream 2GB Edition,"
22-Jan-2015",5120x3200,Yes
1127.0,120.0,4096.0,112.2,128.0,1753.0,38.0,32.0,Maxwell GM206-300-A1,1920 x 1080,Yes,Nvidia,GDDR5,GeForce GTX 960 Palit JetStream 4GB Edition,"
20-Mar-2015",5120x3200,Yes
1127.0,120.0,4096.0,112.2,128.0,1753.0,38.0,32.0,Maxwell GM206-300-A1,1920 x 1080,Yes,Nvidia,GDDR5,GeForce GTX 960 PNY XLR8 4GB Edition,"
10-Mar-2015",5120x3200,Yes
1203.0,120.0,2048.0,115.2,128.0,1800.0,41.0,32.0,Maxwell GM206-300-A1,1920 x 1080,Yes,Nvidia,GDDR5,GeForce GTX 960 Palit JetStream 2GB Edition,"
22-Jan-2015",5120x3200,Yes
1127.0,120.0,2048.0,112.2,128.0,1753.0,38.0,32.0,Maxwell GM206-300-A1,1920 x 1080,Yes,Nvidia,GDDR5,GeForce GTX 960 Palit 2GB Edition,"
22-Jan-2015",5120x3200,Yes
1176.0,120.0,2048.0,112.2,128.0,1753.0,40.0,32.0,Maxwell GM206-300-A1,1920 x 1080,Yes,Nvidia,GDDR5,GeForce GTX 960 MSI OC 2GB Edition,"
22-Jan-2015",5120x3200,Yes
1241.0,240.0,8192.0,224.4,128.0,1753.0,83.0,32.0,Maxwell GM206-300-A1 (x2),2560 x 1440,Yes,Nvidia,GDDR5,GeForce GTX 960 MSI Gaming 4GB Edition SLI,"
10-Mar-2015",4096x2160,Yes
1190.0,120.0,2048.0,112.2,128.0,1753.0,40.0,32.0,Maxwell GM206-300-A1,1920 x 1080,Yes,Nvidia,GDDR5,GeForce GTX 960 MSI Gaming 2GB Edition,"
22-Jan-2015",5120x3200,Yes
1241.0,120.0,4096.0,112.2,128.0,1753.0,42.0,32.0,Maxwell GM206-300-A1,1920 x 1080,Yes,Nvidia,GDDR5,GeForce GTX 960 MSI Gaming 4GB Edition,"
10-Mar-2015",5120x3200,Yes
1178.0,120.0,4096.0,112.2,128.0,1753.0,40.0,32.0,Maxwell GM206-300-A1,1920 x 1080,Yes,Nvidia,GDDR5,GeForce GTX 960 MSI Tiger OC 4GB Edition,"
10-Mar-2015",5120x3200,Yes
1127.0,120.0,2048.0,112.2,128.0,1753.0,38.0,32.0,Maxwell GM206-300-A1,1920 x 1080,Yes,Nvidia,GDDR5,GeForce GTX 960 MSI 2GB Edition,"
22-Jan-2015",5120x3200,Yes
941.0,250.0,3072.0,288.4,384.0,1502.0,48.0,48.0,Kepler GK110-300-A1,2560 x 1440,Yes,Nvidia,GDDR5,GeForce GTX 780 Zotac OC Edition,"
23-May-2013",4096x2160,Yes
941.0,450.0,6144.0,576.8,384.0,1502.0,95.0,48.0,Kepler GK110-300-A1 (x2),2560 x 1600,Yes,Nvidia,GDDR5,GeForce GTX 780 Zotac OC Edition SLI,"
23-May-2013",4096x2160,Yes
1329.0,160.0,2048.0,115.2,128.0,1800.0,45.0,32.0,Maxwell GM206-300-A1,1920 x 1080,Yes,Nvidia,GDDR5,GeForce GTX 960 Inno3D HerculeZ X3 Air Boss Ultra 2GB Edition,"
22-Jan-2015",5120x3200,Yes
1178.0,120.0,4096.0,112.2,128.0,1753.0,40.0,32.0,Maxwell GM206-300-A1,1920 x 1080,Yes,Nvidia,GDDR5,GeForce GTX 960 Inno3D HerculeZ 2X OC 4GB Edition,"
03-Mar-2015",5120x3200,Yes
1190.0,120.0,2048.0,112.2,128.0,1753.0,40.0,32.0,Maxwell GM206-300-A1,1920 x 1080,Yes,Nvidia,GDDR5,GeForce GTX 960 MSI Gaming 100ME 2GB Edition,"
22-Jan-2015",5120x3200,Yes
1006.0,300.0,3072.0,298.0,384.0,1552.0,51.0,48.0,Kepler GK110-300-A1,2560 x 1440,Yes,Nvidia,GDDR5,GeForce GTX 780 Zotac AMP! Edition,"
23-Aug-2013",4096x2160,Yes
954.0,260.0,3072.0,288.4,384.0,1502.0,48.0,48.0,Kepler GK110-300-A1,2560 x 1440,Yes,Nvidia,GDDR5,GeForce GTX 780 WindForce 3X OC Edition,"
23-May-2013",4096x2160,Yes
1020.0,250.0,3072.0,336.0,384.0,1750.0,52.0,48.0,Kepler GK110-425-B1,2560 x 1440,Yes,Nvidia,GDDR5,GeForce GTX 780 Ti WindForce 3X OC Edition,"
21-Nov-2013",4096x2160,Yes
1006.0,250.0,3072.0,345.6,384.0,1800.0,51.0,48.0,Kepler GK110-425-B1,2560 x 1440,Yes,Nvidia,GDDR5,GeForce GTX 780 Ti Zotac AMP! Edition,"
27-Nov-2013",4096x2160,Yes
980.0,250.0,3072.0,336.0,384.0,1750.0,48.0,48.0,Kepler GK110-425-B1,2560 x 1440,Yes,Nvidia,GDDR5,GeForce GTX 780 Ti Palit JetStream Edition,"
21-Nov-2013",4096x2160,Yes
875.0,500.0,6144.0,672.0,384.0,1750.0,89.0,48.0,Kepler GK110-425-B1 (x2),5760 x 1080,Yes,Nvidia,GDDR5,GeForce GTX 780 Ti SLI,"
07-Nov-2013",4096x2160,Yes
1020.0,250.0,3072.0,336.0,384.0,1750.0,52.0,48.0,Kepler GK110-425-B1,2560 x 1440,Yes,Nvidia,GDDR5,GeForce GTX 780 Ti MSI Gaming 3GB Edition,"
12-Dec-2013",4096x2160,Yes
1085.0,250.0,3072.0,336.0,384.0,1750.0,55.0,48.0,Kepler GK110-425-B1,2560 x 1440,Yes,Nvidia,GDDR5,GeForce GTX 780 Ti Gigabyte GHz Edition,"
01-Dec-2013",4096x2160,Yes
980.0,250.0,3072.0,336.0,384.0,1750.0,50.0,48.0,Kepler GK110-425-B1,2560 x 1440,Yes,Nvidia,GDDR5,GeForce GTX 780 Ti PNY XLR8 Enthusiast OC Edition,"
07-Nov-2013",4096x2160,Yes
1020.0,250.0,3072.0,336.0,384.0,1750.0,52.0,48.0,Kepler GK110-425-B1,2560 x 1440,Yes,Nvidia,GDDR5,GeForce GTX 780 Ti Galaxy HOF+ Edition,"
07-Nov-2013",4096x2160,Yes
980.0,250.0,3072.0,336.0,384.0,1750.0,50.0,48.0,Kepler GK110-425-B1,2560 x 1440,Yes,Nvidia,GDDR5,GeForce GTX 780 Ti Gainward Phantom Edition,"
26-Nov-2013",4096x2160,Yes
1006.0,250.0,3072.0,345.6,384.0,1800.0,50.0,48.0,Kepler GK110-425-B1,2560 x 1440,Yes,Nvidia,GDDR5,GeForce GTX 780 Ti HerculeZ X3 Ultra Edition,"
07-Nov-2013",4096x2160,Yes
1006.0,250.0,3072.0,336.0,384.0,1750.0,51.0,48.0,Kepler GK110-425-B1,2560 x 1440,Yes,Nvidia,GDDR5,GeForce GTX 780 Ti EVGA SuperClocked w/ ACX Edition,"
07-Nov-2013",4096x2160,Yes
1072.0,250.0,3072.0,336.0,384.0,1750.0,55.0,48.0,Kepler GK110-425-B1,2560 x 1440,Yes,Nvidia,GDDR5,GeForce GTX 780 Ti EVGA Classified Kingpin Edition,"
12-Dec-2013",4096x2160,Yes
1020.0,250.0,3072.0,336.0,384.0,1750.0,52.0,48.0,Kepler GK110-425-B1,2560 x 1440,Yes,Nvidia,GDDR5,GeForce GTX 780 Ti EVGA DC w/ ACX Edition,"
01-Dec-2013",4096x2160,Yes
980.0,250.0,3072.0,336.0,384.0,1750.0,50.0,48.0,Kepler GK110-425-B1,2560 x 1440,Yes,Nvidia,GDDR5,GeForce GTX 780 Ti EVGA SuperClocked Edition,"
07-Nov-2013",4096x2160,Yes
954.0,250.0,3072.0,336.0,384.0,1750.0,49.0,48.0,Kepler GK110-425-B1,2560 x 1440,Yes,Nvidia,GDDR5,GeForce GTX 780 Ti DirectCU II OC Edition,"
21-Nov-2013",4096x2160,Yes
875.0,250.0,3072.0,336.0,384.0,1750.0,45.0,48.0,Kepler GK110-425-B1,2560 x 1440,Yes,Nvidia,GDDR5,GeForce GTX 780 Ti,"
07-Nov-2013",4096x2160,Yes
980.0,250.0,3072.0,297.6,384.0,1550.0,50.0,48.0,Kepler GK110-300-A1,2560 x 1440,Yes,Nvidia,GDDR5,GeForce GTX 780 Palit Super JetStream Edition,"
01-Sep-2013",4096x2160,Yes
1006.0,250.0,3072.0,336.0,384.0,1750.0,51.0,48.0,Kepler GK110-425-B1,2560 x 1440,Yes,Nvidia,GDDR5,GeForce GTX 780 Ti Asus ROG Matrix Platinum Edition,"
19-Mar-2014",4096x2160,Yes
1127.0,120.0,4096.0,112.2,128.0,1753.0,38.0,32.0,Maxwell GM206-300-A1,1920 x 1080,Yes,Nvidia,GDDR5,GeForce GTX 960 Inno3D HerculeZ 1X 4GB Edition,"
03-Mar-2015",5120x3200,Yes
1241.0,120.0,4096.0,112.2,128.0,1753.0,42.0,32.0,Maxwell GM206-300-A1,1920 x 1080,Yes,Nvidia,GDDR5,GeForce GTX 960 Gigabyte WindForce 2X OC 4GB Edition,"
05-Mar-2015",5120x3200,Yes
1178.0,120.0,2048.0,112.2,128.0,1753.0,40.0,32.0,Maxwell GM206-300-A1,1920 x 1080,Yes,Nvidia,GDDR5,GeForce GTX 960 Inno3D HerculeZ 2X OC 2GB Edition,"
22-Jan-2015",5120x3200,Yes
1127.0,120.0,2048.0,112.2,128.0,1753.0,38.0,32.0,Maxwell GM206-300-A1,1920 x 1080,Yes,Nvidia,GDDR5,GeForce GTX 960 Inno3D HerculeZ 1X 2GB Edition,"
22-Jan-2015",5120x3200,Yes
863.0,500.0,6144.0,576.8,384.0,1502.0,87.0,48.0,Kepler GK110-300-A1 (x2),2560 x 1600,Yes,Nvidia,GDDR5,GeForce GTX 780 SLI,"
23-May-2013",4096x2160,Yes
1190.0,120.0,2048.0,112.2,128.0,1753.0,40.0,32.0,Maxwell GM206-300-A1,1920 x 1080,Yes,Nvidia,GDDR5,GeForce GTX 960 Gigabyte OC 2GB Edition,"
29-Jun-2015",5120x3200,Yes
1165.0,120.0,2048.0,112.2,128.0,1753.0,39.0,32.0,Maxwell GM206-300-A1,1920 x 1080,Yes,Nvidia,GDDR5,GeForce GTX 960 Gigabyte IX OC 2GB Edition,"
22-Jan-2015",5120x3200,Yes
1241.0,120.0,2048.0,112.2,128.0,1753.0,42.0,32.0,Maxwell GM206-300-A1,1920 x 1080,Yes,Nvidia,GDDR5,GeForce GTX 960 Gigabyte G1 Gaming 2GB Edition,"
22-Jan-2015",5120x3200,Yes
1216.0,120.0,2048.0,112.2,128.0,1753.0,41.0,32.0,Maxwell GM206-300-A1,1920 x 1080,Yes,Nvidia,GDDR5,GeForce GTX 960 Gigabyte WindForce 2X OC 2GB Edition,"
22-Jan-2015",5120x3200,Yes
1165.0,120.0,2048.0,112.2,128.0,1753.0,39.0,32.0,Maxwell GM206-300-A1,1920 x 1080,Yes,Nvidia,GDDR5,GeForce GTX 960 Galax OC 2GB Edition,"
22-Jan-2015",5120x3200,Yes
1266.0,120.0,4096.0,112.2,128.0,1753.0,43.0,32.0,Maxwell GM206-300-A1,1920 x 1080,Yes,Nvidia,GDDR5,GeForce GTX 960 Galax KFA2 EXOC 4GB Edition,"
22-Jan-2015",5120x3200,No
1266.0,120.0,2048.0,112.2,128.0,1753.0,43.0,32.0,Maxwell GM206-300-A1,1920 x 1080,Yes,Nvidia,GDDR5,GeForce GTX 960 Galax KFA2 EXOC 2GB Edition,"
22-Jan-2015",5120x3200,Yes
1241.0,120.0,4096.0,112.2,128.0,1753.0,42.0,32.0,Maxwell GM206-300-A1,1920 x 1080,Yes,Nvidia,GDDR5,GeForce GTX 960 Gigabyte G1 Gaming 4GB Edition,"
05-Mar-2015",5120x3200,Yes
1279.0,120.0,2048.0,112.2,128.0,1753.0,43.0,32.0,Maxwell GM206-300-A1,1920 x 1080,Yes,Nvidia,GDDR5,GeForce GTX 960 Galax EXOC White 2GB Edition,"
05-May-2015",5120x3200,Yes
1190.0,120.0,4096.0,112.2,128.0,1753.0,40.0,32.0,Maxwell GM206-300-A1,1920 x 1080,Yes,Nvidia,GDDR5,GeForce GTX 960 Gigabyte OC 4GB Edition,"
29-Jun-2015",5120x3200,Yes
1127.0,120.0,2048.0,112.2,128.0,1753.0,38.0,32.0,Maxwell GM206-300-A1,1920 x 1080,Yes,Nvidia,GDDR5,GeForce GTX 960 Galax 2GB Edition,"
22-Jan-2015",5120x3200,Yes
1279.0,120.0,2048.0,115.2,128.0,1800.0,43.0,32.0,Maxwell GM206-300-A1,1920 x 1080,Yes,Nvidia,GDDR5,GeForce GTX 960 Gainward Phantom GLH 2GB Edition,"
22-Jan-2015",5120x3200,Yes
1203.0,120.0,2048.0,115.2,128.0,1800.0,41.0,32.0,Maxwell GM206-300-A1,1920 x 1080,Yes,Nvidia,GDDR5,GeForce GTX 960 Gainward Phantom 2GB Edition,"
22-Jan-2015",5120x3200,Yes
1203.0,120.0,2048.0,112.2,128.0,1753.0,41.0,32.0,Maxwell GM206-300-A1,1920 x 1080,Yes,Nvidia,GDDR5,GeForce GTX 960 Galax EXOC 2GB Edition,"
22-Jan-2015",5120x3200,Yes
1165.0,120.0,2048.0,112.2,128.0,1753.0,39.0,32.0,Maxwell GM206-300-A1,1920 x 1080,Yes,Nvidia,GDDR5,GeForce GTX 960 Gainward OC 2GB Edition,"
22-Jan-2015",5120x3200,Yes
1190.0,120.0,4096.0,112.2,128.0,1753.0,40.0,32.0,Maxwell GM206-300-A1,1920 x 1080,Yes,Nvidia,GDDR5,GeForce GTX 960 Galax Gamer OC Mini Black 4GB Edition,"
22-Jan-2015",5120x3200,Yes
1279.0,160.0,4096.0,112.2,128.0,1753.0,43.0,32.0,Maxwell GM206-300-A1,1920 x 1080,Yes,Nvidia,GDDR5,GeForce GTX 960 EVGA SuperSC ACX 2.0+ 4GB Edition,"
22-Jan-2015",5120x3200,Yes
1216.0,120.0,2048.0,112.2,128.0,1753.0,41.0,32.0,Maxwell GM206-300-A1,1920 x 1080,Yes,Nvidia,GDDR5,GeForce GTX 960 EVGA Superclocked 2GB Edition,"
22-Jan-2015",5120x3200,Yes
954.0,260.0,3072.0,288.4,384.0,1502.0,48.0,48.0,Kepler GK110-300-A1,2560 x 1440,Yes,Nvidia,GDDR5,GeForce GTX 780 MSI TwinFrozr Gaming OC Edition,"
30-Aug-2013",4096x2160,Yes
902.0,250.0,3072.0,288.4,384.0,1502.0,46.0,48.0,Kepler GK110-300-A1,2560 x 1440,Yes,Nvidia,GDDR5,GeForce GTX 780 Palit JetStream Edition,"
23-May-2013",4096x2160,Yes
1279.0,120.0,2048.0,112.2,128.0,1753.0,43.0,32.0,Maxwell GM206-300-A1,1920 x 1080,Yes,Nvidia,GDDR5,GeForce GTX 960 EVGA SuperSC ACX 2.0+ 2GB Edition,"
22-Jan-2015",5120x3200,Yes
980.0,260.0,3072.0,288.4,384.0,1502.0,50.0,48.0,Kepler GK110-300-A1,2560 x 1440,Yes,Nvidia,GDDR5,GeForce GTX 780 MSI Lightning Edition,"
30-Aug-2013",4096x2160,Yes
1046.0,265.0,3072.0,297.6,384.0,1550.0,52.0,48.0,Kepler GK110-300-A1,2560 x 1440,Yes,Nvidia,GDDR5,GeForce GTX 780 Inno3D iChill HerculeZ X3 Ultra DHS Edition,"
01-Jan-2013",4096x2160,Yes
900.0,250.0,3072.0,288.4,384.0,1502.0,45.0,48.0,Kepler GK110-300-A1,2560 x 1440,Yes,Nvidia,GDDR5,GeForce GTX 780 Inno3D HerculeZ 2000 Edition,"
23-May-2013",4096x2160,Yes
954.0,250.0,6144.0,288.4,384.0,1502.0,48.0,48.0,Kepler GK110-301-B1,2560 x 1440,Yes,Nvidia,GDDR5,GeForce GTX 780 MSI Gaming 6GB Edition,"
10-Sep-2013",4096x2160,Yes
1006.0,258.125,3072.0,298.2,384.0,1553.0,50.0,48.0,Kepler GK110-300-A1,2560 x 1440,Yes,Nvidia,GDDR5,GeForce GTX 780 Inno3D Ice Dragon Edition,"
01-Jun-2013",4096x2160,Yes
1019.0,253.75,3072.0,288.4,384.0,1502.0,51.0,48.0,Kepler GK110-300-A1,2560 x 1440,Yes,Nvidia,GDDR5,GeForce GTX 780 Gigabyte GHz Edition,"
01-Jul-2013",4096x2160,Yes
980.0,260.0,3072.0,288.4,384.0,1502.0,50.0,48.0,Kepler GK110-300-A1,2560 x 1440,Yes,Nvidia,GDDR5,GeForce GTX 780 Gainward Phantom GLH Edition,"
30-Jun-2013",4096x2160,Yes
967.0,500.0,6144.0,576.8,384.0,1502.0,98.0,48.0,Kepler GK110,2560 x 1600,Yes,Nvidia,GDDR5,GeForce GTX 780 EVGA SC w/ ACX Edition SLI,"
23-May-2013",4096x2160,Yes
980.0,250.0,3072.0,288.4,384.0,1502.0,50.0,48.0,Kepler GK110-300-A1,2560 x 1440,Yes,Nvidia,GDDR5,GeForce GTX 780 EVGA Dual FTW w/ ACX Edition,"
23-May-2013",4096x2160,Yes
902.0,253.75,3072.0,288.4,384.0,1502.0,46.0,48.0,Kepler GK110-300-A1,2560 x 1440,Yes,Nvidia,GDDR5,GeForce GTX 780 Gainward Phantom Edition,"
30-Aug-2013",4096x2160,Yes
967.0,250.0,6144.0,288.4,384.0,1502.0,49.0,48.0,Kepler GK110-301-B1,2560 x 1440,Yes,Nvidia,GDDR5,GeForce GTX 780 EVGA SC w/ ACX 6GB Edition,"
 10-Sep-2013",4096x2160,Yes
993.0,250.0,3072.0,288.4,384.0,1502.0,50.0,48.0,Kepler GK110-300-A1,2560 x 1440,Yes,Nvidia,GDDR5,GeForce GTX 780 EVGA Dual Classified w/ ACX Edition,"
23-May-2013",4096x2160,Yes
889.0,250.0,6144.0,288.4,384.0,1502.0,45.0,48.0,Kepler GK110-301-B1,2560 x 1440,Yes,Nvidia,GDDR5,GeForce GTX 780 Asus Strix OC 6GB Edition,"
22-May-2014",4096x2160,Yes
967.0,250.0,3072.0,288.4,384.0,1502.0,49.0,48.0,Kepler GK110-300-A1,2560 x 1440,Yes,Nvidia,GDDR5,GeForce GTX 780 EVGA SC w/ ACX Edition,"
23-May-2013",4096x2160,Yes
941.0,250.0,3072.0,288.4,384.0,1502.0,48.0,48.0,Kepler GK110-300-A1,2560 x 1440,Yes,Nvidia,GDDR5,GeForce GTX 780 EVGA SC Edition,"
23-May-2013",4096x2160,Yes
863.0,250.0,3072.0,288.4,384.0,1502.0,43.0,48.0,Kepler GK110-300-A1,2560 x 1440,Yes,Nvidia,GDDR5,GeForce GTX 780 DirectCU II Edition,"
01-Jul-2013",4096x2160,Yes
889.0,253.75,3072.0,288.4,384.0,1502.0,43.0,48.0,Kepler GK110-300-A1,2560 x 1440,Yes,Nvidia,GDDR5,GeForce GTX 780 DirectCU II OC Edition,"
01-Jul-2013",4096x2160,Yes
1304.0,120.0,4096.0,112.2,128.0,1753.0,44.0,32.0,Maxwell GM206-300-A1,1920 x 1080,Yes,Nvidia,GDDR5,GeForce GTX 960 EVGA FTW ACX 2.0+ 4GB Edition,"
22-Jan-2015",5120x3200,Yes
1006.0,250.0,3072.0,288.4,384.0,1502.0,51.0,48.0,Kepler GK110-300-A1,2560 x 1440,Yes,Nvidia,GDDR5,GeForce GTX 780 Galaxy HOF 3GB Edition,"
01-Sep-2013",4096x2160,Yes
1127.0,120.0,4096.0,112.2,128.0,1753.0,38.0,32.0,Maxwell GM206-300-A1,1920 x 1080,Yes,Nvidia,GDDR5,GeForce GTX 960 EVGA ACX 2.0+ 4GB Edition,"
22-Jan-2015",5120x3200,Yes
1304.0,120.0,2048.0,112.2,128.0,1753.0,44.0,32.0,Maxwell GM206-300-A1,1920 x 1080,Yes,Nvidia,GDDR5,GeForce GTX 960 EVGA FTW ACX 2.0+ 2GB Edition,"
22-Jan-2015",5120x3200,Yes
1253.0,300.0,8192.0,224.4,128.0,1753.0,84.0,32.0,Maxwell GM206-300-A1 (x2),2560 x 1600,Yes,Nvidia,GDDR5,GeForce GTX 960 Asus Turbo OC 4GB Edition SLI,"
05-May-2015",5120x3200,Yes
1253.0,120.0,2048.0,112.2,128.0,1753.0,42.0,32.0,Maxwell GM206-300-A1,1920 x 1080,Yes,Nvidia,GDDR5,GeForce GTX 960 Asus Turbo OC 2GB Edition,"
05-May-2015",5120x3200,Yes
1253.0,150.0,4096.0,112.2,128.0,1753.0,42.0,32.0,Maxwell GM206-300-A1,1920 x 1080,Yes,Nvidia,GDDR5,GeForce GTX 960 Asus Turbo OC 4GB Edition,"
05-May-2015",5120x3200,Yes
1253.0,150.0,4096.0,112.2,128.0,1753.0,42.0,32.0,Maxwell GM206-300-A1,1920 x 1080,Yes,Nvidia,GDDR5,GeForce GTX 960 Asus Strix DirectCU II OC 4GB Edition,"
22-Jan-2015",5120x3200,Yes
1127.0,120.0,2048.0,112.2,128.0,1753.0,38.0,32.0,Maxwell GM206-300-A1,1920 x 1080,Yes,Nvidia,GDDR5,GeForce GTX 960 EVGA ACX 2.0+ 2GB Edition,"
22-Jan-2015",5120x3200,Yes
1127.0,120.0,2048.0,112.2,128.0,1753.0,38.0,32.0,Maxwell GM206-300-A1,1920 x 1080,Yes,Nvidia,GDDR5,GeForce GTX 960 2GB,"
22-Jan-2015",5120x3200,Yes
954.0,550.0,6144.0,576.8,384.0,1502.0,97.0,48.0,Kepler GK110-300-A1 (x2),2560 x 1600,Yes,Nvidia,GDDR5,GeForce GTX 780 Asus ROG POSEIDON Edition SLI,"
18-Dec-2013",4096x2160,Yes
1127.0,240.0,4096.0,224.4,128.0,1753.0,75.0,32.0,Maxwell GM206-300-A1 (x2),2560 x 1440,Yes,Nvidia,GDDR5,GeForce GTX 960 2GB SLI,"
22-Jan-2015",4096x2160,Yes
1253.0,120.0,2048.0,115.2,128.0,1800.0,42.0,32.0,Maxwell GM206-300-A1,1920 x 1080,Yes,Nvidia,GDDR5,GeForce GTX 960 Asus Strix DirectCU II OC 2GB Edition,"
22-Jan-2015",5120x3200,Yes
1203.0,120.0,2048.0,112.3,128.0,1755.0,45.0,32.0,Maxwell GM206-250,1920 x 1080,Yes,Nvidia,GDDR5,GeForce GTX 950 Zotac AMP! 2GB Edition,"
20-Aug-2015",5120x3200,Yes
1089.0,120.0,2048.0,105.7,128.0,1652.0,41.0,32.0,Maxwell GM206-250,1920 x 1080,Yes,Nvidia,GDDR5,GeForce GTX 950 Zotac 2GB Edition,"
20-Aug-2015",5120x3200,Yes
1102.0,120.0,2048.0,108.9,128.0,1701.0,41.0,32.0,Maxwell GM206-250,1920 x 1080,Yes,Nvidia,GDDR5,GeForce GTX 950 Zotac OC 2GB Edition,"
20-Aug-2015",5120x3200,Yes
1024.0,94.0,2048.0,105.8,128.0,1653.0,38.0,32.0,Maxwell GM206-250,1920 x 1080,Yes,Nvidia,GDDR5,GeForce GTX 950 PNY 2GB Edition,"
20-Aug-2015",5120x3200,Yes
1126.0,150.0,2048.0,105.8,128.0,1653.0,38.0,32.0,Maxwell GM206-250,1920 x 1080,Yes,Nvidia,GDDR5,GeForce GTX 950 Palit StormX 2GB Edition,"
20-Aug-2015",5120x3200,Yes
1076.0,75.0,2048.0,105.8,128.0,1653.0,40.0,32.0,Maxwell GM206-251-A1,1920 x 1080,Yes,Nvidia,GDDR5,GeForce GTX 950 LP MSI OC v3 2GB Edition,"
01-Mar-2016",5120x3200,Yes
1127.0,100.0,2048.0,106.4,128.0,1663.0,42.0,32.0,Maxwell GM206-250,1920 x 1080,Yes,Nvidia,GDDR5,GeForce GTX 950 MSI Gaming 2GB Edition,"
20-Aug-2015",5120x3200,Yes
889.0,500.0,6144.0,576.8,768.0,1502.0,87.0,96.0,Kepler GK110-300-A1 (x2),2560 x 1600,Yes,Nvidia,GDDR5,GeForce GTX 780 Asus DirectCU II OC Edition SLI,"
01-Jul-2013",4096x2160,No
863.0,250.0,6144.0,288.4,384.0,1502.0,43.0,48.0,Kepler GK110-301-B1,2560 x 1440,Yes,Nvidia,GDDR5,GeForce GTX 780 6GB,"
10-Sep-2013",4096x2160,Yes
1150.0,190.375,2048.0,230.4,256.0,1800.0,38.0,32.0,Kepler GK104-425-A2,1920 x 1080,Yes,Nvidia,GDDR5,GeForce GTX 770 Zotac AMP! Edition,"
30-Jun-2013",4096x2160,Yes
863.0,250.0,3072.0,288.4,384.0,1502.0,43.0,48.0,Kepler GK110-300-A1,2560 x 1440,Yes,Nvidia,GDDR5,GeForce GTX 780,"
23-May-2013",4096x2160,Yes
1076.0,90.0,2048.0,105.8,128.0,1653.0,40.0,32.0,Maxwell GM206-250,1920 x 1080,Yes,Nvidia,GDDR5,GeForce GTX 950 MSI Armor 2X OC 2GB Edition,"
20-Aug-2015",5120x3200,Yes
1059.0,155.0,2048.0,224.4,256.0,1753.0,36.0,32.0,Kepler GK104-425-A2,1920 x 1080,Yes,Nvidia,GDDR5,GeForce GTX 770 Zotac 2GB OC Edition,"
30-Jun-2013",4096x2160,Yes
1059.0,230.0,4096.0,224.3,256.0,1752.0,35.0,32.0,Kepler GK104-425-A2,1920 x 1080,Yes,Nvidia,GDDR5,GeForce GTX 770 Zotac 4GB Edition,"
30-May-2013",4096x2160,Yes
1137.0,192.875,2048.0,224.3,256.0,1752.0,38.0,32.0,Kepler GK104-425-A2,1920 x 1080,Yes,Nvidia,GDDR5,GeForce GTX 770 WindForce 3X OC Edition,"
30-May-2013",4096x2160,Yes
1064.0,90.0,2048.0,105.8,128.0,1653.0,40.0,32.0,Maxwell GM206-250,1920 x 1080,Yes,Nvidia,GDDR5,GeForce GTX 950 Palit StormX Dual OC 2GB Edition,"
20-Aug-2015",5120x3200,Yes
1137.0,164.875,4096.0,224.3,256.0,1752.0,38.0,32.0,Kepler GK104-425-A2,1920 x 1080,Yes,Nvidia,GDDR5,GeForce GTX 770 WindForce 3X OC 4GB Edition,"
30-May-2013",4096x2160,Yes
1137.0,500.0,8192.0,448.5,256.0,1752.0,76.0,32.0,Kepler GK104,1920 x 1080,Yes,Nvidia,GDDR5,GeForce GTX 770 WindForce 3X OC 4GB Edition SLI,"
30-May-2013",4096x2160,Yes
1046.0,230.0,2048.0,218.0,256.0,1703.0,35.0,32.0,Kepler GK104-425-A2,1920 x 1080,Yes,Nvidia,GDDR5,GeForce GTX 770 PNY XLR8 Enthusiast Edition,"
01-May-2013",4096x2160,Yes
1059.0,230.0,4096.0,224.4,256.0,1753.0,36.0,32.0,Kepler GK104-425-A2,1920 x 1080,Yes,Nvidia,GDDR5,GeForce GTX 770 PNY Enthusiast 4GB OC Edition,"
30-Aug-2013",4096x2160,Yes
1046.0,400.0,4096.0,448.5,256.0,1752.0,69.0,32.0,Kepler GK104-425-A2 (x2),2560 x 1600,Yes,Nvidia,GDDR5,GeForce GTX 770 SLI,"
30-May-2013",4096x2160,Yes
1190.0,150.0,2048.0,112.2,128.0,1753.0,40.0,32.0,Maxwell GM206-300-A1,1920 x 1080,Yes,Nvidia,GDDR5,GeForce GTX 960 Asus Mini OC 2GB Edition,"
22-Jan-2015",5120x3200,Yes
1076.0,90.0,2048.0,105.8,128.0,1653.0,40.0,32.0,Maxwell GM206-250,1920 x 1080,Yes,Nvidia,GDDR5,GeForce GTX 950 MSI OC 2GB Edition,"
20-Aug-2015",5120x3200,Yes
1137.0,229.0,2048.0,224.4,256.0,1753.0,38.0,32.0,Kepler GK104-425-A2,1920 x 1080,Yes,Nvidia,GDDR5,GeForce GTX 770 MSI TwinFrozr Edition,"
18-Jun-2013",4096x2160,Yes
1150.0,173.75,4096.0,448.5,256.0,1752.0,77.0,32.0,Kepler GK104-425-A2,2560 x 1600,Yes,Nvidia,GDDR5,GeForce GTX 770 Palit JetStream 2GB Edition SLI,"
30-May-2013",4096x2160,Yes
1150.0,190.375,2048.0,224.3,256.0,1752.0,38.0,32.0,Kepler GK104-425-A2,1920 x 1080,Yes,Nvidia,GDDR5,GeForce GTX 770 Palit JetStream 2GB Edition,"
30-May-2013",4096x2160,Yes
1046.0,230.0,4096.0,224.3,256.0,1752.0,35.0,32.0,Kepler GK104-425-A2,1920 x 1080,Yes,Nvidia,GDDR5,GeForce GTX 770 Palit JetStream 4GB Edition,"
30-May-2013",4096x2160,Yes
1137.0,229.0,4096.0,224.4,256.0,1753.0,38.0,32.0,Kepler GK104-425-A2,1920 x 1080,Yes,Nvidia,GDDR5,GeForce GTX 770 MSI TwinFrozr 4GB Edition,"
18-Jun-2013",4096x2160,Yes
1150.0,280.0,2048.0,224.4,256.0,1753.0,38.0,32.0,Kepler GK104-425-A2,1920 x 1080,Yes,Nvidia,GDDR5,GeForce GTX 770 MSI Lightning Edition,"
18-Jun-2013",4096x2160,Yes
1150.0,256.0,4096.0,230.4,256.0,1800.0,38.0,32.0,Kepler GK104-425-A2,1920 x 1080,Yes,Nvidia,GDDR5,GeForce GTX 770 Inno3D iChill HerculeZ X3 Ultra 4GB Edition,"
22-Jun-2013",4096x2160,Yes
1059.0,230.0,4096.0,224.3,256.0,1752.0,36.0,32.0,Kepler GK104-425-A2,1920 x 1080,Yes,Nvidia,GDDR5,GeForce GTX 770 Leadtek Hurricane III Edition,"
30-May-2013",4096x2160,Yes
1150.0,244.0,2048.0,230.4,256.0,1800.0,38.0,32.0,Kepler GK104-425-A2,1920 x 1080,Yes,Nvidia,GDDR5,GeForce GTX 770 Inno3D iChill HerculeZ X3 Ultra 2GB Edition,"
22-Jun-2013",4096x2160,Yes
1072.0,230.0,2048.0,224.4,256.0,1753.0,36.0,32.0,Kepler GK104-425-A2,1920 x 1080,Yes,Nvidia,GDDR5,GeForce GTX 770 Inno3D HerculeZ 2000 2GB Edition,"
01-May-2013",4096x2160,Yes
1202.0,230.0,2048.0,224.4,256.0,1753.0,40.0,32.0,Kepler GK104-425-A2,1920 x 1080,Yes,Nvidia,GDDR5,GeForce GTX 770 Galaxy HOF 2GB Edition,"
01-Jun-2013",4096x2160,Yes
1150.0,190.375,2048.0,224.3,256.0,1752.0,38.0,32.0,Kepler GK104-425-A2,1920 x 1080,Yes,Nvidia,GDDR5,GeForce GTX 770 Gainward Phantom Edition,"
01-Jun-2013",4096x2160,Yes
1046.0,230.0,2048.0,224.3,256.0,1752.0,35.0,32.0,Kepler GK104-425-A2,1920 x 1080,Yes,Nvidia,GDDR5,GeForce GTX 770 Gainward 2GB Edition,"
30-May-2013",4096x2160,Yes
1046.0,250.0,2048.0,218.0,256.0,1703.0,35.0,32.0,Kepler GK104-425-A2,1920 x 1080,Yes,Nvidia,GDDR5,GeForce GTX 770 EVGA W/ ACX Edition,"
01-Jun-2013",4096x2160,Yes
1111.0,500.0,4096.0,436.0,256.0,1703.0,74.0,32.0,Kepler GK104-425-A2 (x2),1920 x 1080,Yes,Nvidia,GDDR5,GeForce GTX 770 EVGA SC W/ ACX Edition SLI,"
01-Jun-2013",4096x2160,Yes
1111.0,250.0,2048.0,218.0,256.0,1703.0,37.0,32.0,Kepler GK104-425-A2,1920 x 1080,Yes,Nvidia,GDDR5,GeForce GTX 770 EVGA SC W/ ACX Edition,"
01-Jun-2013",4096x2160,Yes
1110.0,230.0,2048.0,218.0,256.0,1703.0,37.0,32.0,Kepler GK104-425-A2,1920 x 1080,Yes,Nvidia,GDDR5,GeForce GTX 770 Galaxy GC 2GB Edition,"
30-May-2013",4096x2160,Yes
1085.0,250.0,2048.0,224.4,256.0,1753.0,36.0,32.0,Kepler GK104-425-A2,1920 x 1080,Yes,Nvidia,GDDR5,GeForce GTX 770 EVGA Superclocked Edition,"
01-Jun-2013",4096x2160,Yes
1111.0,250.0,4096.0,217.9,256.0,1702.0,37.0,32.0,Kepler GK104-425-A2,1920 x 1080,Yes,Nvidia,GDDR5,GeForce GTX 770 EVGA Dual SC W/ ACX 4GB Edition,"
01-Jun-2013",4096x2160,Yes
1085.0,250.0,2048.0,218.0,256.0,1703.0,36.0,32.0,Kepler GK104-425-A2,1920 x 1080,Yes,Nvidia,GDDR5,GeForce GTX 770 EVGA SC Edition,"
01-Jun-2013",4096x2160,Yes
1150.0,400.0,6144.0,448.8,256.0,1753.0,77.0,32.0,Kepler GK104,1920 x 1080,Yes,Nvidia,GDDR5,GeForce GTX 770 EVGA 4GB Classified Edition SLI,"
30-Jun-2013",4096x2160,Yes
1024.0,75.0,2048.0,105.8,128.0,1653.0,38.0,32.0,Maxwell GM206-251-A1,1920 x 1080,Yes,Nvidia,GDDR5,GeForce GTX 950 LP 2GB,"
01-Mar-2016",5120x3200,Yes
1150.0,250.0,4096.0,224.4,256.0,1753.0,38.0,32.0,Kepler GK104-425-A2,1920 x 1080,Yes,Nvidia,GDDR5,GeForce GTX 770 EVGA 4GB Classified Edition,"
01-Jun-2013",4096x2160,Yes
954.0,300.0,3072.0,288.4,384.0,1502.0,48.0,48.0,Kepler GK110-300-A1,2560 x 1440,Yes,Nvidia,GDDR5,GeForce GTX 780 Asus ROG POSEIDON Edition,"
18-Dec-2013",4096x2160,Yes
1150.0,157.375,4096.0,224.3,256.0,1752.0,38.0,32.0,Kepler GK104-425-A2,1920 x 1080,Yes,Nvidia,GDDR5,GeForce GTX 770 Gainward Phantom 4GB Edition,"
01-Jun-2013",4096x2160,Yes
1026.0,75.0,2048.0,105.8,128.0,1653.0,38.0,32.0,Maxwell GM206-251-A1,1920 x 1080,Yes,Nvidia,GDDR5,GeForce GTX 950 LP Asus 2GB Edition,"
06-Mar-2016",5120x3200,Yes
1178.0,110.0,2048.0,108.8,128.0,1700.0,43.0,32.0,Maxwell GM206-250,1920 x 1080,Yes,Nvidia,GDDR5,GeForce GTX 950 Inno3D iChill 2GB Edition,"
20-Aug-2015",5120x3200,Yes
1076.0,75.0,2048.0,105.8,128.0,1653.0,40.0,32.0,Maxwell GM206-251-A1,1920 x 1080,Yes,Nvidia,GDDR5,GeForce GTX 950 LP MSI OC v2 2GB Edition,"
01-Mar-2016",5120x3200,Yes
1051.0,90.0,2048.0,105.8,128.0,1653.0,39.0,32.0,Maxwell GM206-250,1920 x 1080,Yes,Nvidia,GDDR5,GeForce GTX 950 Inno3D OC 2GB Edition,"
20-Aug-2015",5120x3200,Yes
1114.0,90.0,2048.0,105.8,128.0,1653.0,42.0,32.0,Maxwell GM206-250,1920 x 1080,Yes,Nvidia,GDDR5,GeForce GTX 950 Galax KFA2 OC 2GB Edition,"
20-Aug-2015",5120x3200,Yes
1178.0,110.0,2048.0,108.8,128.0,1700.0,44.0,32.0,Maxwell GM206-250,1920 x 1080,Yes,Nvidia,GDDR5,GeForce GTX 950 Inno3D iChill Ultra 2GB Edition,"
20-Aug-2015",5120x3200,Yes
1102.0,100.0,2048.0,105.8,128.0,1653.0,41.0,32.0,Maxwell GM206-250,1920 x 1080,Yes,Nvidia,GDDR5,GeForce GTX 950 Gigabyte WindForce 2X OC 2GB Edition,"
20-Aug-2015",5120x3200,Yes
1064.0,100.0,2048.0,105.8,128.0,1653.0,40.0,32.0,Maxwell GM206-250,1920 x 1080,Yes,Nvidia,GDDR5,GeForce GTX 950 Gigabyte OC 2GB Edition,"
20-Aug-2015",5120x3200,Yes
1203.0,120.0,2048.0,112.0,128.0,1750.0,45.0,32.0,Maxwell GM206-250,1920 x 1080,Yes,Nvidia,GDDR5,GeForce GTX 950 Gigabyte XTREME Gaming 2GB Edition,"
09-Sep-2015",5120x3200,Yes
1165.0,110.0,2048.0,105.8,128.0,1653.0,43.0,32.0,Maxwell GM206-250,1920 x 1080,Yes,Nvidia,GDDR5,GeForce GTX 950 EVGA Superclocked+ ACX 2.0 2GB Edition,"
20-Aug-2015",5120x3200,Yes
1203.0,90.0,2048.0,107.7,128.0,1683.0,45.0,32.0,Maxwell GM206-250,1920 x 1080,Yes,Nvidia,GDDR5,GeForce GTX 950 Galax KFA2 EX OC White 2GB Edition,"
20-Aug-2015",5120x3200,Yes
1190.0,125.0,2048.0,105.8,128.0,1653.0,45.0,32.0,Maxwell GM206-250,1920 x 1080,Yes,Nvidia,GDDR5,GeForce GTX 950 EVGA SSC ACX 2.0 2GB Edition,"
20-Aug-2015",5120x3200,Yes
1102.0,75.0,2048.0,105.8,128.0,1653.0,41.0,32.0,Maxwell GM206-250,1920 x 1080,Yes,Nvidia,GDDR5,GeForce GTX 950 Asus OC 2GB Edition,"
20-Aug-2015",5120x3200,Yes
1152.0,110.0,2048.0,105.8,128.0,1653.0,43.0,32.0,Maxwell GM206-250,1920 x 1080,Yes,Nvidia,GDDR5,GeForce GTX 950 EVGA Superclocked 2.0 2GB Edition,"
20-Aug-2015",5120x3200,Yes
1140.0,150.0,2048.0,105.8,128.0,1653.0,43.0,32.0,Maxwell GM206-250,1920 x 1080,Yes,Nvidia,GDDR5,GeForce GTX 950 Asus DirectCU II OC Strix Gaming 2GB Edition,"
20-Aug-2015",5120x3200,Yes
1126.0,90.0,2048.0,105.8,128.0,1653.0,38.0,32.0,Maxwell GM206-250,1920 x 1080,Yes,Nvidia,GDDR5,GeForce GTX 950 Gainward 2GB Edition,"
20-Aug-2015",5120x3200,Yes
1126.0,150.0,2048.0,105.8,128.0,1653.0,38.0,32.0,Maxwell GM206-250,1920 x 1080,Yes,Nvidia,GDDR5,GeForce GTX 950 Asus Mini 2GB Edition,"
20-Aug-2015",5120x3200,Yes
1024.0,180.0,4096.0,211.6,128.0,1653.0,76.0,32.0,Maxwell GM206-250 (x2),1920 x 1080,Yes,Nvidia,GDDR5,GeForce GTX 950 2GB SLI,"
20-Aug-2015",4096x2160,Yes
1024.0,90.0,2048.0,105.8,128.0,1653.0,38.0,32.0,Maxwell GM206-250,1920 x 1080,Yes,Nvidia,GDDR5,GeForce GTX 950 2GB,"
20-Aug-2015",5120x3200,Yes
1058.0,156.5,4096.0,448.8,256.0,1753.0,71.0,32.0,Kepler GK104-425-A2 (x2),1920 x 1080,Yes,Nvidia,GDDR5,GeForce GTX 770 DirectCU II 2GB OC Edition SLI,"
30-May-2013",4096x2160,Yes
1049.5,60.0,2048.0,80.0,128.0,1250.0,17.5,16.0,Maxwell GM???,,Yes,Nvidia,GDDR5,GeForce GT 940 2GB [not released],"
31-Oct-2016",4096x2160,No
993.0,170.0,2048.0,192.3,256.0,1502.0,34.0,32.0,Kepler GK104-225-A2,1920 x 1080,Yes,Nvidia,GDDR5,GeForce GTX 760 Zotac OC Edition,"
25-Jun-2013",4096x2160,Yes
1046.0,230.0,2048.0,224.3,256.0,1752.0,35.0,32.0,Kepler GK104-425-A2,1920 x 1080,Yes,Nvidia,GDDR5,GeForce GTX 770,"
30-May-2013",4096x2160,Yes
1203.0,125.0,2048.0,105.8,128.0,1653.0,45.0,32.0,Maxwell GM206-250,1920 x 1080,Yes,Nvidia,GDDR5,GeForce GTX 950 EVGA FTW ACX 2.0 2GB Edition,"
20-Aug-2015",5120x3200,Yes
1111.0,170.0,2048.0,192.3,256.0,1502.0,38.0,32.0,Kepler GK104-225-A2,1920 x 1080,Yes,Nvidia,GDDR5,GeForce GTX 760 Zotac AMP! Edition,"
25-Jun-2013",4096x2160,Yes
1058.0,230.0,4096.0,224.4,256.0,1753.0,36.0,32.0,Kepler GK104-425-A2,1920 x 1080,Yes,Nvidia,GDDR5,GeForce GTX 770 DirectCU II 4GB OC Edition,"
30-May-2013",4096x2160,Yes
993.0,170.0,2048.0,192.3,256.0,1502.0,34.0,32.0,Kepler GK104-225-A2,1920 x 1080,Yes,Nvidia,GDDR5,GeForce GTX 760 Zotac 2GB Edition,"
25-Jun-2013",4096x2160,Yes
980.0,170.0,4096.0,192.3,256.0,1502.0,33.0,32.0,Kepler GK104-225-A2,1920 x 1080,Yes,Nvidia,GDDR5,GeForce GTX 760 Zotac 4GB Edition,"
25-Jun-2013",4096x2160,Yes
1085.0,170.0,2048.0,192.3,256.0,1502.0,37.0,32.0,Kepler GK104-225-A2,1920 x 1080,Yes,Nvidia,GDDR5,GeForce GTX 760 WindForce 3X OC Edition,"
25-Jun-2013",4096x2160,Yes
1085.0,170.0,4096.0,192.3,256.0,1502.0,37.0,32.0,Kepler GK104-225-A2,1920 x 1080,Yes,Nvidia,GDDR5,GeForce GTX 760 WindForce 3X OC 4GB Edition,"
25-Jun-2013",4096x2160,Yes
1111.0,170.0,2048.0,198.7,256.0,1552.0,38.0,32.0,Kepler GK104-225-A2,1920 x 1080,Yes,Nvidia,GDDR5,GeForce GTX 760 WinFast Dual Fan OC 2GB Edition,"
25-Jul-2013",4096x2160,Yes
1033.0,170.0,2048.0,192.3,256.0,1502.0,35.0,32.0,Kepler GK104-225-A2,1920 x 1080,Yes,Nvidia,GDDR5,GeForce GTX 760 WindForce 2X OC 2GB Edition,"
21-Apr-2014",4096x2160,Yes
1072.0,155.0,2048.0,224.4,256.0,1753.0,36.0,32.0,Kepler GK104-425-A2,1920 x 1080,Yes,Nvidia,GDDR5,GeForce GTX 770 MSI 2GB OC Edition,"
18-Jul-2013",4096x2160,Yes
915.0,170.0,2048.0,192.3,256.0,1502.0,31.0,32.0,Kepler GK104-325-A2,1920 x 1080,Yes,Nvidia,GDDR5,GeForce GTX 760 Ti (OEM),"
17-Oct-2013",4096x2160,Yes
1111.0,170.0,4096.0,198.7,256.0,1552.0,38.0,32.0,Kepler GK104-225-A2,1920 x 1080,Yes,Nvidia,GDDR5,GeForce GTX 760 WinFast Dual Fan OC 4GB Edition,"
25-Jul-2013",4096x2160,Yes
1072.0,170.0,4096.0,198.4,256.0,1550.0,36.0,32.0,Kepler GK104-225-A2,1920 x 1080,Yes,Nvidia,GDDR5,GeForce GTX 760 Palit JetStream 4GB Edition,"
25-Jun-2013",4096x2160,Yes
1059.0,170.0,2048.0,192.3,256.0,1502.0,36.0,32.0,Kepler GK104-225-A2,1920 x 1080,Yes,Nvidia,GDDR5,GeForce GTX 760 MSI TwinFrozr OC 2GB Edition,"
25-Jun-2013",4096x2160,Yes
1020.0,170.0,2048.0,192.3,256.0,1502.0,33.0,32.0,Kepler GK104-225-A2,1920 x 1080,Yes,Nvidia,GDDR5,GeForce GTX 760 MSI TwinFrozr Gaming Edition,"
25-Jun-2013",4096x2160,Yes
1085.0,170.0,2048.0,192.3,256.0,1502.0,37.0,32.0,Kepler GK104-225-A2,1920 x 1080,Yes,Nvidia,GDDR5,GeForce GTX 760 MSI TwinFrozr Gaming OC Edition,"
25-Jun-2013",4096x2160,Yes
1111.0,300.0,4096.0,224.4,256.0,1753.0,37.0,32.0,Kepler GK104-425-A2,1920 x 1080,Yes,Nvidia,GDDR5,GeForce GTX 770 Asus ROG Poseidon 2GB Edition,"
30-May-2013",4096x2160,Yes
1006.0,170.0,2048.0,192.3,256.0,1502.0,34.0,32.0,Kepler GK104-225-A2,1920 x 1080,Yes,Nvidia,GDDR5,GeForce GTX 760 MSI OC 2GB Edition,"
01-Jul-2013",4096x2160,Yes
1085.0,170.0,4096.0,192.3,256.0,1502.0,37.0,32.0,Kepler GK104-225-A2,1920 x 1080,Yes,Nvidia,GDDR5,GeForce GTX 760 MSI TwinFrozr Gaming OC 4GB Edition,"
25-Jun-2013",4096x2160,Yes
1058.0,176.875,2048.0,224.4,256.0,1753.0,36.0,32.0,Kepler GK104-425-A2,1920 x 1080,Yes,Nvidia,GDDR5,GeForce GTX 770 DirectCU II 2GB OC Edition,"
30-May-2013",4096x2160,Yes
1058.0,170.0,2048.0,192.3,256.0,1502.0,36.0,32.0,Kepler GK104-225-A2,1920 x 1080,Yes,Nvidia,GDDR5,GeForce GTX 760 KFA2 EX OC 2GB Edition,"
25-Jun-2013",4096x2160,Yes
1058.0,170.0,4096.0,192.3,256.0,1502.0,36.0,32.0,Kepler GK104-225-A2,1920 x 1080,Yes,Nvidia,GDDR5,GeForce GTX 760 KFA2 EX OC 4GB Edition,"
25-Jun-2013",4096x2160,Yes
980.0,170.0,4096.0,192.3,256.0,1502.0,33.0,32.0,Kepler GK104-225-A2,1920 x 1080,Yes,Nvidia,GDDR5,GeForce GTX 760 Gainward Phantom 4GB Edition,"
19-Oct-2013",4096x2160,Yes
1058.0,170.0,2048.0,192.3,256.0,1502.0,36.0,32.0,Kepler GK104-225-A2,1920 x 1080,Yes,Nvidia,GDDR5,GeForce GTX 760 Galaxy GC 2GB Edition,"
23-Jun-2013",4096x2160,Yes
980.0,170.0,2048.0,192.3,256.0,1502.0,33.0,32.0,Kepler GK104-225-A2,1920 x 1080,Yes,Nvidia,GDDR5,GeForce GTX 760 EVGA W/ ACX 2GB Edition,"
25-Jun-2013",4096x2160,Yes
1033.0,170.0,2048.0,192.3,256.0,1502.0,35.0,32.0,Kepler GK104-225-A2,1920 x 1080,Yes,Nvidia,GDDR5,GeForce GTX 760 MSI Gaming ITX 2GB Edition,"
20-Nov-2013",4096x2160,Yes
1072.0,170.0,2048.0,198.4,256.0,1550.0,36.0,32.0,Kepler GK104-225-A2,1920 x 1080,Yes,Nvidia,GDDR5,GeForce GTX 760 Gainward Phantom 2GB Edition,"
25-Jun-2013",4096x2160,Yes
980.0,170.0,2048.0,192.3,256.0,1502.0,33.0,32.0,Kepler GK104-225-A2,1920 x 1080,Yes,Nvidia,GDDR5,GeForce GTX 760 Gainward 2GB Edition,"
25-Jun-2013",4096x2160,Yes
1006.0,160.0,2048.0,192.3,256.0,1502.0,34.0,32.0,Kepler GK104-225-A2,1920 x 1080,Yes,Nvidia,GDDR5,GeForce GTX 760 Inno3D OC 2GB Edition,"
25-Jun-2013",4096x2160,Yes
1072.0,170.0,2048.0,192.3,256.0,1502.0,36.0,32.0,Kepler GK104-225-A2,1920 x 1080,Yes,Nvidia,GDDR5,GeForce GTX 760 EVGA SC W/ ACX 2GB Edition,"
25-Jun-2013",4096x2160,Yes
1072.0,170.0,2048.0,192.3,256.0,1502.0,36.0,32.0,Kepler GK104-225-A2,1920 x 1080,Yes,Nvidia,GDDR5,GeForce GTX 760 EVGA SC 2GB Edition,"
25-Jun-2013",4096x2160,Yes
1072.0,170.0,4096.0,192.3,256.0,1502.0,36.0,32.0,Kepler GK104-225-A2,1920 x 1080,Yes,Nvidia,GDDR5,GeForce GTX 760 EVGA SC W/ ACX 4GB Edition,"
25-Jun-2013",4096x2160,Yes
1111.0,170.0,2048.0,192.3,256.0,1502.0,38.0,32.0,Kepler GK104-225-A2,1920 x 1080,Yes,Nvidia,GDDR5,GeForce GTX 760 MSI Hawk Edition,"
25-Jun-2013",4096x2160,Yes
980.0,170.0,4096.0,192.3,256.0,1502.0,33.0,32.0,Kepler GK104-225-A2,1920 x 1080,Yes,Nvidia,GDDR5,GeForce GTX 760 EVGA 4GB Edition,"
25-Jun-2013",4096x2160,Yes
1111.0,170.0,2048.0,198.7,256.0,1552.0,38.0,32.0,Kepler GK104-225-A2,1920 x 1080,Yes,Nvidia,GDDR5,GeForce GTX 760 PNY Enthusiast OC Edition,"
14-Sep-2013",4096x2160,Yes
997.5,35.0,2048.0,16.0,64.0,1000.0,8.375,16.0,Maxwell GM???,,Yes,Nvidia,DDR3,GeForce GT 930 2GB [not released],"
31-Oct-2016",4096x2160,No
1006.0,170.0,2048.0,192.3,256.0,1502.0,34.0,32.0,Kepler GK104-225-A2,1920 x 1080,Yes,Nvidia,GDDR5,GeForce GTX 760 Asus DirectCU II OC Edition,"
25-Jun-2013",4096x2160,Yes
1085.0,170.0,4096.0,192.3,256.0,1502.0,37.0,32.0,Kepler GK104-225-A2,1920 x 1080,Yes,Nvidia,GDDR5,GeForce GTX 760 EVGA Dual 4GB FTW w/ ACX Edition,"
25-Jun-2013",4096x2160,Yes
1006.0,170.0,2048.0,192.3,256.0,1502.0,34.0,32.0,Kepler GK104-225-A2,1920 x 1080,Yes,Nvidia,GDDR5,GeForce GTX 760 Asus DC Mini Edition,"
25-Sep-2013",4096x2160,Yes
1072.0,170.0,2048.0,192.3,256.0,1502.0,36.0,32.0,Kepler GK104-225-A2,1920 x 1080,Yes,Nvidia,GDDR5,GeForce GTX 760 Asus DirectCU II TOP SSU Edition,"
25-Jun-2013",4096x2160,Yes
1006.0,250.0,4096.0,384.5,256.0,1502.0,69.0,32.0,Kepler GK104,1920 x 1080,Yes,Nvidia,GDDR5,GeForce GTX 760 Asus ROG MARS Edition,"
19-Nov-2013",4096x2160,Yes
823.0,130.0,3072.0,134.4,192.0,1400.0,21.0,24.0,Kepler GK104-200-KD-A2,1920 x 1080,Yes,Nvidia,GDDR5,GeForce GTX 760 3GB (OEM),"
27-Jul-2013",4096x2160,No
1085.0,170.0,4096.0,192.3,256.0,1502.0,37.0,32.0,Kepler GK104-225-A2,1920 x 1080,Yes,Nvidia,GDDR5,GeForce GTX 760 Asus ROG Striker Platinum Edition,"
19-Apr-2014",4096x2160,Yes
823.0,130.0,1536.0,134.4,192.0,1400.0,21.0,24.0,Kepler GK104-200-KD-A2,1920 x 1080,Yes,Nvidia,GDDR5,GeForce GTX 760 1.5GB (OEM),"
27-Jun-2013",4096x2160,No
1033.0,55.0,1024.0,80.0,128.0,1250.0,18.0,16.0,Maxwell GM107-300-A2,1600 x 900,Yes,Nvidia,GDDR5,GeForce GTX 750 Zotac 1GB Edition,"
18-Feb-2014",4096x2160,No
1033.0,55.0,2048.0,80.0,128.0,1250.0,18.0,16.0,Maxwell GM107-300-A2,1600 x 900,Yes,Nvidia,GDDR5,GeForce GTX 750 Zotac 2GB Edition,"
18-Feb-2014",4096x2160,No
1033.0,60.0,1024.0,86.4,128.0,1350.0,18.0,16.0,Maxwell GM107-400-A2,1600 x 900,Yes,Nvidia,GDDR5,GeForce GTX 750 Ti Zotac 1GB Edition,"
18-Feb-2014",4096x2160,No
1229.0,90.0,2048.0,96.1,128.0,1502.0,21.0,16.0,Maxwell GM107-400-A2,1600 x 900,Yes,Nvidia,GDDR5,GeForce GTX 750 Ti Zotac Thunderbolt 2GB Edition,"
18-Feb-2014",4096x2160,No
980.0,170.0,2048.0,192.3,256.0,1502.0,33.0,32.0,Kepler GK104-225-A2,1920 x 1080,Yes,Nvidia,GDDR5,GeForce GTX 760,"
25-Jun-2013",4096x2160,Yes
1229.0,55.0,1024.0,86.4,128.0,1350.0,21.0,16.0,Maxwell GM107-300-A2,1600 x 900,Yes,Nvidia,GDDR5,GeForce GTX 750 Zotac Thunderbolt 1GB Edition,"
18-Feb-2014",4096x2160,No
1202.0,60.0,2048.0,96.1,128.0,1502.0,20.0,16.0,Maxwell GM107-400-A2,1600 x 900,Yes,Nvidia,GDDR5,GeForce GTX 750 Ti PNY Performance OC 2GB Edition,"
18-Feb-2014",4096x2160,No
1032.0,60.0,2048.0,86.4,128.0,1350.0,18.0,16.0,Maxwell GM107-400-A2,1600 x 900,Yes,Nvidia,GDDR5,GeForce GTX 750 Ti Zotac 2GB Edition,"
18-Feb-2014",4096x2160,No
1046.0,60.0,2048.0,86.4,128.0,1350.0,18.0,16.0,Maxwell GM107-400-A2,1600 x 900,Yes,Nvidia,GDDR5,GeForce GTX 750 Ti Zotac OC 2GB Edition,"
18-Feb-2014",4096x2160,No
1085.0,60.0,2048.0,88.0,128.0,1375.0,19.0,16.0,Maxwell GM107-400-A2,1600 x 900,Yes,Nvidia,GDDR5,GeForce GTX 750 Ti Palit StormX OC 2GB Edition,"
18-Feb-2014",4096x2160,No
1202.0,90.0,2048.0,96.1,128.0,1502.0,20.0,16.0,Maxwell GM107-400-A2,1600 x 900,Yes,Nvidia,GDDR5,GeForce GTX 750 Ti Palit StormX Dual 2GB Edition,"
18-Feb-2014",4096x2160,No
1058.0,60.0,2048.0,86.4,128.0,1350.0,18.0,16.0,Maxwell GM107-400-A2,1600 x 900,Yes,Nvidia,GDDR5,GeForce GTX 750 Ti MSI OC 2GB Edition,"
18-Feb-2014",4096x2160,No
1059.0,60.0,2048.0,86.4,128.0,1350.0,18.0,16.0,Maxwell GM107-400-A2,1600 x 900,Yes,Nvidia,GDDR5,GeForce GTX 750 Ti MSI OC v1 2GB Edition,"
01-May-2014",4096x2160,No
1046.0,60.0,2048.0,86.4,128.0,1350.0,18.0,16.0,Maxwell GM107-400-A2,1600 x 900,Yes,Nvidia,GDDR5,GeForce GTX 750 Ti Inno3D OC 2GB Edition,"
18-Feb-2014",4096x2160,No
1020.0,60.0,2048.0,86.4,128.0,1350.0,17.0,16.0,Maxwell GM107-400-A2,1600 x 900,Yes,Nvidia,GDDR5,GeForce GTX 750 Ti MSI Low Profile 2GB Edition,"
01-Nov-2014",4096x2160,No
1072.0,60.0,2048.0,86.4,128.0,1350.0,18.0,16.0,Maxwell GM107-400-A2,1600 x 900,Yes,Nvidia,GDDR5,GeForce GTX 750 Ti KFA2 OC 2GB Edition,"
18-Feb-2014",4096x2160,No
1163.0,60.0,2048.0,86.4,128.0,1350.0,20.0,16.0,Maxwell GM107-400-A2,1600 x 900,Yes,Nvidia,GDDR5,GeForce GTX 750 Ti Gigabyte WindForce 2X 2GB Black Edition,"
12-May-2014",4096x2160,No
1085.0,60.0,2048.0,86.4,128.0,1350.0,19.0,16.0,Maxwell GM107-400-A2,1600 x 900,Yes,Nvidia,GDDR5,GeForce GTX 750 Ti MSI Gaming 2GB Edition,"
18-Feb-2014",4096x2160,No
1059.0,75.0,4096.0,86.4,128.0,1350.0,18.0,16.0,Maxwell GM107-400-A2,1600 x 900,Yes,Nvidia,GDDR5,GeForce GTX 750 Ti Gigabyte WindForce 2X OC 4GB Edition,"
23-Jan-2015",4096x2160,No
1032.0,60.0,2048.0,86.4,128.0,1350.0,18.0,16.0,Maxwell GM107-400-A2,1600 x 900,Yes,Nvidia,GDDR5,GeForce GTX 750 Ti Gigabyte OC 2GB Edition,"
18-Feb-2014",4096x2160,No
1215.0,60.0,2048.0,86.4,128.0,1350.0,21.0,16.0,Maxwell GM107-400-A2,1600 x 900,Yes,Nvidia,GDDR5,GeForce GTX 750 Ti Gigabyte WindForce 2X OC 2GB Edition,"
18-Feb-2014",4096x2160,No
1032.0,75.0,2048.0,86.4,128.0,1350.0,18.0,16.0,Maxwell GM107-400-A2,1600 x 900,Yes,Nvidia,GDDR5,GeForce GTX 750 Ti Gigabyte OC 1GB Edition,"
18-Feb-2014",4096x2160,No
1032.0,60.0,2048.0,86.4,128.0,1350.0,18.0,16.0,Maxwell GM107-400-A2,1600 x 900,Yes,Nvidia,GDDR5,GeForce GTX 750 Ti Gigabyte Low Profile OC 2GB Edition,"
01-Sep-2014",4096x2160,No
1072.0,60.0,2048.0,86.4,128.0,1350.0,18.0,16.0,Maxwell GM107-400-A2,1600 x 900,Yes,Nvidia,GDDR5,GeForce GTX 750 Ti Galaxy OC 2GB Edition,"
18-Feb-2014",4096x2160,No
1110.0,60.0,2048.0,86.4,128.0,1350.0,19.0,16.0,Maxwell GM107-400-A2,1600 x 900,Yes,Nvidia,GDDR5,GeForce GTX 750 Ti Galaxy GC 2GB Edition,"
18-Feb-2014",4096x2160,No
980.0,350.0,4096.0,384.5,256.0,1502.0,66.0,32.0,Kepler GK104-225-A2 (x2),1920 x 1080,Yes,Nvidia,GDDR5,GeForce GTX 760 SLI,"
25-Jun-2013",4096x2160,Yes
1202.0,90.0,2048.0,96.1,128.0,1502.0,20.0,16.0,Maxwell GM107-400-A2,1600 x 900,Yes,Nvidia,GDDR5,GeForce GTX 750 Ti Gainward Golden Sample 2GB Edition,"
18-Feb-2014",4096x2160,No
1189.0,85.0,2048.0,86.4,128.0,1350.0,20.0,16.0,Maxwell GM107-400-A2,1600 x 900,Yes,Nvidia,GDDR5,GeForce GTX 750 Ti EVGA FTW W/ ACX 2GB Edition,"
18-Feb-2014",4096x2160,No
1176.0,60.0,2048.0,86.4,128.0,1350.0,20.0,16.0,Maxwell GM107-400-A2,1600 x 900,Yes,Nvidia,GDDR5,GeForce GTX 750 Ti EVGA SuperClocked 2GB Edition,"
18-Feb-2014",4096x2160,No
1085.0,60.0,2048.0,88.0,128.0,1375.0,19.0,16.0,Maxwell GM107-400-A2,1600 x 900,Yes,Nvidia,GDDR5,GeForce GTX 750 Ti Gainward 2GB Edition,"
18-Feb-2014",4096x2160,No
1020.0,65.0,2048.0,86.4,128.0,1350.0,17.0,16.0,Maxwell GM107-400-A2,1600 x 900,Yes,Nvidia,GDDR5,GeForce GTX 750 Ti Asus Strix 2GB Edition,"
01-Aug-2014",4096x2160,No
1020.0,60.0,2048.0,86.4,128.0,1350.0,17.0,16.0,Maxwell GM107-400-A2,1600 x 900,Yes,Nvidia,GDDR5,GeForce GTX 750 Ti EVGA 2GB Edition,"
18-Feb-2014",4096x2160,No
1058.0,60.0,2048.0,86.4,128.0,1350.0,18.0,16.0,Maxwell GM107-400-A2,1600 x 900,Yes,Nvidia,GDDR5,GeForce GTX 750 Ti EVGA W/ ACX 2GB Edition,"
18-Feb-2014",4096x2160,No
1020.0,60.0,2048.0,86.4,128.0,1350.0,17.0,16.0,Maxwell GM107-400-A2,1600 x 900,Yes,Nvidia,GDDR5,GeForce GTX 750 Ti Asus 2GB Edition,"
18-Feb-2014",4096x2160,No
1020.0,60.0,2048.0,86.4,128.0,1350.0,17.0,16.0,Maxwell GM107-400-A2,1600 x 900,Yes,Nvidia,GDDR5,GeForce GTX 750 Ti Asus PH 2GB Edition,"
18-Feb-2014",4096x2160,No
1085.0,55.0,1024.0,81.6,128.0,1275.0,19.0,16.0,Maxwell GM107-300-A2,1600 x 900,Yes,Nvidia,GDDR5,GeForce GTX 750 Palit StormX OC 1GB Edition,"
18-Feb-2014",4096x2160,No
1020.0,60.0,2048.0,86.4,128.0,1350.0,17.0,16.0,Maxwell GM107-400-A2,1600 x 900,Yes,Nvidia,GDDR5,GeForce GTX 750 Ti,"
18-Feb-2014",4096x2160,No
1072.0,150.0,2048.0,86.4,128.0,1350.0,18.0,16.0,Maxwell GM107-400-A2,1600 x 900,Yes,Nvidia,GDDR5,GeForce GTX 750 Ti Asus OC 2GB Edition,"
18-Feb-2014",4096x2160,No
1020.0,55.0,1024.0,80.2,128.0,1253.0,17.0,16.0,Maxwell GM107-300-A2,1600 x 900,Yes,Nvidia,GDDR5,GeForce GTX 750 Sparkle 1GB Edition,"
18-Feb-2014",4096x2160,No
1124.0,65.0,2048.0,86.4,128.0,1350.0,19.0,16.0,Maxwell GM107-400-A2,1600 x 900,Yes,Nvidia,GDDR5,GeForce GTX 750 Ti Asus Strix OC 2GB Edition,"
18-Aug-2014",4096x2160,No
1020.0,55.0,2048.0,80.0,128.0,1250.0,17.0,16.0,Maxwell GM107-300-A2,1600 x 900,Yes,Nvidia,GDDR5,GeForce GTX 750 Palit KalmX 2GB Edition,"
15-Jul-2014",4096x2160,No
1020.0,55.0,2048.0,80.0,128.0,1250.0,17.0,16.0,Maxwell GM107-300-A2,1600 x 900,Yes,Nvidia,GDDR5,GeForce GTX 750 Palit StormX 2GB Edition,"
10-Mar-2014",4096x2160,Yes
1059.0,55.0,2048.0,80.2,128.0,1253.0,18.0,16.0,Maxwell GM107-300-A2,1600 x 900,Yes,Nvidia,GDDR5,GeForce GTX 750 MSI OC 2GB Edition,"
18-Feb-2014",4096x2160,No
1020.0,55.0,2048.0,80.0,128.0,1250.0,17.0,16.0,Maxwell GM107-300-A2,1600 x 900,Yes,Nvidia,GDDR5,GeForce GTX 750 Inno3D 2GB Edition,"
02-Mar-2014",4096x2160,No
1085.0,55.0,2048.0,80.2,128.0,1253.0,19.0,16.0,Maxwell GM107-300-A2,1600 x 900,Yes,Nvidia,GDDR5,GeForce GTX 750 MSI Gaming 2GB Edition,"
18-Feb-2014",4096x2160,No
1059.0,55.0,1024.0,80.2,128.0,1253.0,18.0,16.0,Maxwell GM107-300-A2,1600 x 900,Yes,Nvidia,GDDR5,GeForce GTX 750 MSI OC 1GB Edition,"
18-Feb-2014",4096x2160,No
1124.0,75.0,4096.0,86.4,128.0,1350.0,19.0,16.0,Maxwell GM107-400-A2,1600 x 900,Yes,Nvidia,GDDR5,GeForce GTX 750 Ti Asus Strix DirectCU II OC 4GB Edition,"
23-Jan-2015",4096x2160,No
1072.0,170.0,2048.0,198.4,256.0,1550.0,36.0,32.0,Kepler GK104-225-A2,1920 x 1080,Yes,Nvidia,GDDR5,GeForce GTX 760 Palit JetStream 2GB Edition,"
25-Jun-2013",4096x2160,Yes
1058.0,42.75,1024.0,80.2,128.0,1253.0,18.0,16.0,Maxwell GM107-300-A2,1600 x 900,Yes,Nvidia,GDDR5,GeForce GTX 750 Gigabyte OC 1GB Edition,"
18-Feb-2014",4096x2160,No
1215.0,55.0,1024.0,80.2,128.0,1253.0,21.0,16.0,Maxwell GM107-300-A2,1600 x 900,Yes,Nvidia,GDDR5,GeForce GTX 750 EVGA Superclocked 1GB Edition,"
02-Mar-2014",4096x2160,No
1072.0,55.0,1024.0,80.0,128.0,1250.0,18.0,16.0,Maxwell GM107-300-A2,1600 x 900,Yes,Nvidia,GDDR5,GeForce GTX 750 Galaxy Slim OC 1GB Edition,"
10-Mar-2014",4096x2160,No
1085.0,55.0,1024.0,80.2,128.0,1253.0,19.0,16.0,Maxwell GM107-300-A2,1600 x 900,Yes,Nvidia,GDDR5,GeForce GTX 750 MSI Gaming 1GB Edition,"
18-Feb-2014",4096x2160,No
1058.0,53.375,2048.0,80.2,128.0,1253.0,18.0,16.0,Maxwell GM107-300-A2,1600 x 900,Yes,Nvidia,GDDR5,GeForce GTX 750 Gigabyte OC 2GB Edition,"
18-Feb-2014",4096x2160,No
1215.0,55.0,2048.0,80.2,128.0,1253.0,21.0,16.0,Maxwell GM107-300-A2,1600 x 900,Yes,Nvidia,GDDR5,GeForce GTX 750 EVGA Superclocked 2GB Edition,"
02-Mar-2014",4096x2160,No
1085.0,55.0,1024.0,81.6,128.0,1275.0,19.0,16.0,Maxwell GM107-300-A2,1600 x 900,Yes,Nvidia,GDDR5,GeForce GTX 750 Gainward 1GB Edition,"
18-Feb-2014",4096x2160,No
1020.0,55.0,2048.0,80.0,128.0,1250.0,17.0,16.0,Maxwell GM107-300-A2,1600 x 900,Yes,Nvidia,GDDR5,GeForce GTX 750 Asus DirectCU Silent 2GB Edition,"
02-Mar-2014",4096x2160,No
1020.0,55.0,1024.0,80.0,128.0,1250.0,17.0,16.0,Maxwell GM107-300-A2,1600 x 900,Yes,Nvidia,GDDR5,GeForce GTX 750,"
18-Feb-2014",4096x2160,No
1058.0,55.0,2048.0,80.2,128.0,1253.0,18.0,16.0,Maxwell GM107-300-A2,1600 x 900,Yes,Nvidia,GDDR5,GeForce GTX 750 Asus 2GB OC Edition,"
18-Feb-2014",4096x2160,No
1033.0,55.0,4096.0,28.8,128.0,900.0,17.0,16.0,Maxwell GM107-300-A2,1366 x 768,Yes,Nvidia,DDR3,GeForce GTX 745 (OEM),"
18-Feb-2014",4096x2160,No
1058.0,55.0,1024.0,80.2,128.0,1253.0,18.0,16.0,Maxwell GM107-300-A2,1600 x 900,Yes,Nvidia,GDDR5,GeForce GTX 750 Asus 1GB OC Edition,"
18-Feb-2014",4096x2160,No
1085.0,55.0,2048.0,81.6,128.0,1275.0,19.0,16.0,Maxwell GM107-300-A2,1600 x 900,Yes,Nvidia,GDDR5,GeForce GTX 750 Gainward 2GB Edition,"
18-Feb-2014",4096x2160,No
1020.0,55.0,2048.0,80.0,128.0,1250.0,17.0,16.0,Maxwell GM107-300-A2,1600 x 900,Yes,Nvidia,GDDR5,GeForce GTX 750 EVGA 2GB Edition,"
02-Mar-2014",4096x2160,No
1006.0,64.0,2048.0,80.0,128.0,1250.0,16.0,16.0,Kepler GK106,1600 x 900,Yes,Nvidia,GDDR5,GeForce GT 740 v3 MSI 2GB Edition,"
14-Apr-2015",4096x2160,No
1071.0,64.0,2048.0,80.0,128.0,1250.0,17.0,16.0,Kepler GK106,1600 x 900,Yes,Nvidia,GDDR5,GeForce GT 740 v3 Asus Dust Proof Fan OC 2GB Edition,"
14-Apr-2015",4096x2160,No
1100.0,64.0,2048.0,83.2,128.0,1300.0,18.0,16.0,Kepler GK107-425-A2,1600 x 900,Yes,Nvidia,GDDR5,GeForce GT 740 v2 Inno3D iChill HerculeZ 2000 1GB Edition,"
29-May-2014",4096x2160,No
1006.0,64.0,1024.0,80.0,128.0,1250.0,16.0,16.0,Kepler GK106,1600 x 900,Yes,Nvidia,GDDR5,GeForce GT 740 v3,"
14-Apr-2015",4096x2160,No
1058.0,64.0,2048.0,80.0,128.0,1250.0,17.0,16.0,Kepler GK107-425-A2,1600 x 900,Yes,Nvidia,GDDR5,GeForce GT 740 v2 Inno3D HerculeZ OC 2GB Edition,"
29-May-2014",4096x2160,No
1058.0,64.0,2048.0,80.0,128.0,1250.0,17.0,16.0,Kepler GK107-425-A2,1600 x 900,Yes,Nvidia,GDDR5,GeForce GT 740 v2 Gainward Golden Sample 2GB Edition,"
29-May-2014",4096x2160,No
1058.0,64.0,1024.0,80.0,128.0,1250.0,17.0,16.0,Kepler GK107-425-A2,1600 x 900,Yes,Nvidia,GDDR5,GeForce GT 740 v2 Gainward Golden Sample 1GB Edition,"
29-May-2014",4096x2160,No
993.0,64.0,2048.0,80.0,128.0,1250.0,16.0,16.0,Kepler GK107-425-A2,1600 x 900,Yes,Nvidia,GDDR5,GeForce GT 740 v2 Gainward 2GB Edition,"
29-May-2014",4096x2160,No
1058.0,64.0,1024.0,80.0,128.0,1250.0,17.0,16.0,Kepler GK107-425-A2,1600 x 900,Yes,Nvidia,GDDR5,GeForce GT 740 v2 Inno3D HerculeZ OC 1GB Edition,"
29-May-2014",4096x2160,No
1072.0,64.0,2048.0,80.0,128.0,1250.0,17.0,16.0,Kepler GK107-425-A2,1600 x 900,Yes,Nvidia,GDDR5,GeForce GT 740 v2 Gigabyte OC 2GB Edition,"
29-May-2014",4096x2160,No
1085.0,64.0,1024.0,80.0,128.0,1250.0,17.0,16.0,Kepler GK107-425-A2,1600 x 900,Yes,Nvidia,GDDR5,GeForce GT 740 v2 EVGA Superclocked 1GB Edition,"
29-May-2014",4096x2160,No
1085.0,64.0,4096.0,80.0,128.0,1250.0,17.0,16.0,Kepler GK107-425-A2,1600 x 900,Yes,Nvidia,GDDR5,GeForce GT 740 v2 EVGA Superclocked 4GB Edition,"
29-May-2014",4096x2160,No
993.0,64.0,1024.0,80.0,128.0,1250.0,16.0,16.0,Kepler GK107-425-A2,1600 x 900,Yes,Nvidia,GDDR5,GeForce GT 740 v2 Gainward 1GB Edition,"
29-May-2014",4096x2160,No
1202.0,64.0,2048.0,80.0,128.0,1250.0,19.0,16.0,Kepler GK107-425-A2,1600 x 900,Yes,Nvidia,GDDR5,GeForce GT 740 v2 EVGA FTW 2GB Edition,"
29-May-2014",4096x2160,No
1085.0,64.0,2048.0,80.0,128.0,1250.0,17.0,16.0,Kepler GK107-425-A2,1600 x 900,Yes,Nvidia,GDDR5,GeForce GT 740 v2 EVGA Superclocked 2GB Edition,"
29-May-2014",4096x2160,No
1033.0,64.0,1024.0,80.0,128.0,1250.0,17.0,16.0,Kepler GK107-425-A2,1600 x 900,Yes,Nvidia,GDDR5,GeForce GT 740 v2 Asus OC 1GB Edition,"
29-May-2014",4096x2160,No
1202.0,64.0,1024.0,80.0,128.0,1250.0,19.0,16.0,Kepler GK107-425-A2,1600 x 900,Yes,Nvidia,GDDR5,GeForce GT 740 v2 EVGA FTW 1GB Edition,"
29-May-2014",4096x2160,No
993.0,64.0,2048.0,28.5,128.0,891.0,16.0,16.0,Kepler GK107-425-A2,1366 x 768,Yes,Nvidia,DDR3,GeForce GT 740 Gainward One-Slot Cooler 2GB Edition,"
29-May-2014",4096x2160,No
993.0,64.0,1024.0,28.5,128.0,891.0,16.0,16.0,Kepler GK107-425-A2,1366 x 768,Yes,Nvidia,DDR3,GeForce GT 740 Gainward One-Slot Cooler 1GB Edition,"
29-May-2014",4096x2160,No
1059.0,64.0,4096.0,21.3,128.0,667.0,17.0,16.0,Kepler GK107-425-A2,1366 x 768,Yes,Nvidia,DDR3,GeForce GT 740 EVGA Superclocked SS 4GB Edition,"
29-May-2014",4096x2160,No
1059.0,64.0,4096.0,28.5,128.0,891.0,17.0,16.0,Kepler GK107-425-A2,1366 x 768,Yes,Nvidia,DDR3,GeForce GT 740 EVGA Superclocked DS 4GB Edition,"
29-May-2014",4096x2160,No
1033.0,64.0,2048.0,80.0,128.0,1250.0,17.0,16.0,Kepler GK107-425-A2,1600 x 900,Yes,Nvidia,GDDR5,GeForce GT 740 v2 Asus OC 2GB Edition,"
29-May-2014",4096x2160,No
993.0,64.0,1024.0,80.0,128.0,1250.0,16.0,16.0,Kepler GK107-425-A2,1600 x 900,Yes,Nvidia,GDDR5,GeForce GT 740 v2,"
29-May-2014",4096x2160,No
1059.0,64.0,2048.0,28.5,128.0,891.0,17.0,16.0,Kepler GK107-425-A2,1366 x 768,Yes,Nvidia,DDR3,GeForce GT 740 EVGA Superclocked DS 2GB Edition,"
29-May-2014",4096x2160,No
1059.0,64.0,2048.0,21.3,128.0,667.0,17.0,16.0,Kepler GK107-425-A2,1366 x 768,Yes,Nvidia,DDR3,GeForce GT 740 EVGA Superclocked SS 2GB Edition,"
29-May-2014",4096x2160,No
993.0,64.0,2048.0,28.8,128.0,900.0,16.0,16.0,Kepler GK107-425-A2,1366 x 768,Yes,Nvidia,DDR3,GeForce GT 740,"
 29-May-2014",4096x2160,No
993.0,64.0,2048.0,28.5,128.0,891.0,16.0,16.0,Kepler GK107-425-A2,1366 x 768,Yes,Nvidia,DDR3,GeForce GT 740 Asus 2GB Edition,"
29-May-2014",4096x2160,No
700.0,49.0,4096.0,16.0,128.0,500.0,3.0,4.0,Fermi GF108-400-A1,1366 x 768,Yes,Nvidia,DDR3,GeForce GT 730 v3 MSI 4GB Edition,"
18-Jun-2014",4096x2160,No
700.0,49.0,2048.0,28.8,128.0,900.0,3.0,4.0,Fermi GF108-400-A1,1366 x 768,Yes,Nvidia,DDR3,GeForce GT 730 v3 Palit 2GB Edition,"
18-Jun-2014",4096x2160,No
700.0,49.0,4096.0,17.1,128.0,533.0,3.0,4.0,Fermi GF108-400-A1,1366 x 768,Yes,Nvidia,DDR3,GeForce GT 730 v3 Zotac 4GB Edition,"
18-Jun-2014",4096x2160,No
1058.0,55.0,2048.0,80.2,128.0,1253.0,18.0,16.0,Maxwell GM107-300-A2,1600 x 900,Yes,Nvidia,GDDR5,GeForce GTX 750 Gigabyte OC Low Profile 2GB Edition,"
22-Jul-2014",4096x2160,No
700.0,49.0,2048.0,28.8,128.0,900.0,3.0,4.0,Fermi GF108-400-A1,1366 x 768,Yes,Nvidia,DDR3,GeForce GT 730 v3 Gigabyte 2GB Edition,"
18-Jun-2014",4096x2160,No
700.0,49.0,2048.0,21.3,128.0,667.0,3.0,4.0,Fermi GF108-400-A1,1366 x 768,Yes,Nvidia,DDR3,GeForce GT 730 v3 Inno3D 2GB Edition,"
18-Jun-2014",4096x2160,No
700.0,49.0,2048.0,21.3,128.0,667.0,3.0,4.0,Fermi GF108-400-A1,1366 x 768,Yes,Nvidia,DDR3,GeForce GT 730 v3 MSI 2GB Edition,"
18-Jun-2014",4096x2160,No
810.0,65.0,2048.0,17.1,128.0,533.0,3.0,4.0,Fermi GF108-400-A1,1366 x 768,Yes,Nvidia,DDR3,GeForce GT 730 v3 Biostar OC 2GB Edition,"
18-Jun-2014",4096x2160,No
700.0,49.0,1024.0,28.8,128.0,900.0,3.0,4.0,Fermi GF108-400-A1,1366 x 768,Yes,Nvidia,DDR3,GeForce GT 730 v3 Gainward 1GB Edition,"
18-Jun-2014",4096x2160,No
700.0,75.0,2048.0,28.8,128.0,900.0,3.0,4.0,Fermi GF108-400-A1,1366 x 768,Yes,Nvidia,DDR3,GeForce GT 730 v3 Asus 2GB Edition,"
18-Jun-2014",4096x2160,No
700.0,49.0,4096.0,28.8,128.0,900.0,3.0,4.0,Fermi GF108-400-A1,1366 x 768,Yes,Nvidia,DDR3,GeForce GT 730 v3 Asus 4GB Edition,"
18-Jun-2014",4096x2160,No
1006.0,49.0,2048.0,40.1,64.0,1253.0,8.0,8.0,Kepler GK208-301-A1,1366 x 768,Yes,Nvidia,GDDR5,GeForce GT 730 v2 MSI OC 2GB Edition,"
18-Jun-2014",4096x2160,No
902.0,38.0,2048.0,40.0,64.0,1250.0,7.0,8.0,Kepler GK208-301-A1,1366 x 768,Yes,Nvidia,GDDR5,GeForce GT 730 v2 Zotac 2GB Edition,"
18-Jun-2014",4096x2160,No
902.0,38.0,2048.0,40.1,64.0,1253.0,7.0,8.0,Kepler GK208-301-A1,1366 x 768,Yes,Nvidia,GDDR5,GeForce GT 730 v2 Inno3D Low Profile 2GB Edition,"
18-Jun-2014",4096x2160,No
902.0,38.0,1024.0,40.1,64.0,1253.0,7.0,8.0,Kepler GK208-301-A1,1366 x 768,Yes,Nvidia,GDDR5,GeForce GT 730 v2 Zotac 1GB Edition,"
18-Jun-2014",4096x2160,No
1006.0,49.0,1024.0,40.1,64.0,1253.0,8.0,8.0,Kepler GK208-301-A1,1366 x 768,Yes,Nvidia,GDDR5,GeForce GT 730 v2 MSI OC 1GB Edition,"
18-Jun-2014",4096x2160,No
902.0,38.0,2048.0,40.0,64.0,1250.0,7.0,8.0,Kepler GK208-301-A1,1366 x 768,Yes,Nvidia,GDDR5,GeForce GT 730 v2 Gigabyte Rev 1.0 2GB Edition,"
18-Jun-2014",4096x2160,No
1006.0,49.0,1024.0,40.1,64.0,1253.0,8.0,8.0,Kepler GK208-301-A1,1366 x 768,Yes,Nvidia,GDDR5,GeForce GT 730 v2 Gigabyte OC 1GB Edition,"
15-Jun-2015",4096x2160,No
902.0,23.0,2048.0,14.4,64.0,900.0,7.0,8.0,Kepler GK208,1366 x 768,Yes,Nvidia,DDR3,GeForce GT 730 Asus Silent 2GB Edition,"
18-Jun-2014",4096x2160,No
902.0,25.0,1024.0,40.0,64.0,1250.0,7.0,8.0,Kepler GK208-301-A1,1366 x 768,Yes,Nvidia,GDDR5,GeForce GT 730 v2,"
18-Jun-2014",4096x2160,No
902.0,23.0,1024.0,14.4,64.0,900.0,7.0,8.0,Kepler GK208,1366 x 768,Yes,Nvidia,DDR3,GeForce GT 730 Asus Silent 1GB Edition,"
18-Jun-2014",4096x2160,No
902.0,38.0,1024.0,40.1,64.0,1253.0,7.0,8.0,Kepler GK208-301-A1,1366 x 768,Yes,Nvidia,GDDR5,GeForce GT 730 v2 Inno3D Low Profile 1GB Edition,"
18-Jun-2014",4096x2160,No
700.0,49.0,1024.0,28.8,128.0,900.0,3.0,4.0,Fermi GF108-400-A1,1366 x 768,Yes,Nvidia,DDR3,GeForce GT 730 v3,"
18-Jun-2014",4096x2160,No
902.0,38.0,2048.0,40.0,64.0,1250.0,7.0,8.0,Kepler GK208-301-A1,1366 x 768,Yes,Nvidia,GDDR5,GeForce GT 730 v2 Gigabyte Rev 2.0 2GB Edition,"
09-Dec-2014",4096x2160,No
902.0,23.0,4096.0,14.4,64.0,902.0,7.0,8.0,Kepler GK208,1366 x 768,Yes,Nvidia,DDR3,GeForce GT 730 Afox Low Profile 4GB Edition,"
18-Jun-2014",4096x2160,No
902.0,25.0,2048.0,40.0,64.0,1250.0,7.0,8.0,Kepler GK208-301-A1,1366 x 768,Yes,Nvidia,GDDR5,GeForce GT 730 v2 EVGA Low Profile 2GB Edition,"
18-Jun-2014",4096x2160,No
797.0,19.0,1024.0,40.0,64.0,1250.0,6.0,8.0,Kepler GK208,1366 x 768,Yes,Nvidia,GDDR5,GeForce GT 720 v2,"
27-Mar-2014",4096x2160,No
797.0,19.0,2048.0,40.0,64.0,1250.0,6.0,8.0,Kepler GK208,1366 x 768,Yes,Nvidia,GDDR5,GeForce GT 720 v2 MSI 2GB Edition,"
 27-Mar-2014",4096x2160,No
902.0,23.0,2048.0,14.4,64.0,900.0,7.0,8.0,Kepler GK208,1366 x 768,Yes,Nvidia,DDR3,GeForce GT 730,"
18-Jun-2014",4096x2160,No
451.25,31.875,64.0,3.7,128.0,230.0,1.75,4.25,NV16,,Yes,Nvidia,DDR,GeForce2 Ultra,"
14-Aug-2000",,No
954.0,19.0,2048.0,14.4,64.0,900.0,8.0,8.0,Kepler GK208,1366 x 768,Yes,Nvidia,DDR3,GeForce GT 710 v2,"
26-Jan-2016",4096x2160,No
810.0,30.0,1024.0,14.4,64.0,898.0,3.0,4.0,Fermi GF119-300-A1,1366 x 768,Yes,Nvidia,DDR3,GeForce GT 710,"
22-Aug-2014",4096x2160,No
797.0,19.0,1024.0,14.4,64.0,900.0,6.0,8.0,Kepler GK208,1366 x 768,Yes,Nvidia,DDR3,GeForce GT 720,"
27-Mar-2014",4096x2160,No
451.25,4.0,64.0,2.7,128.0,166.0,1.625,3.75,NV11,,Yes,Nvidia,DDR,GeForce 2 MX 64MB,"
28-Jun-2000",1600x1200,No
458.75,4.0,64.0,1.3,64.0,166.0,2.25,4.0,NV11,,Yes,Nvidia,DDR,GeForce 2 MX 400 64MB,"
03-Mar-2001",1600x1200,No
954.0,25.0,2048.0,14.4,64.0,900.0,8.0,8.0,Kepler GK208,1366 x 768,Yes,Nvidia,DDR3,GeForce GT 710 v2 EVGA Low Profile 2GB Edition,"
26-Jan-2016",4096x2160,No
451.25,43.625,64.0,3.2,128.0,200.0,1.5,3.75,NV15,,Yes,Nvidia,DDR,GeForce2 Ti,"
01-Nov-2001",,No
451.25,39.125,32.0,2.7,128.0,166.0,1.75,4.25,NV15,,Yes,Nvidia,DDR,GeForce2 GTS,"
26-Apr-2000",,No
590.0,29.0,256.0,14.4,128.0,450.0,1.75,4.25,NV36,,Yes,Nvidia,DDR2,GeForce FX 5700 Ultra,"
23-Oct-2003",2048x1536,No
448.75,15.0,32.0,1.3,64.0,166.0,2.375,4.0,NV11,,Yes,Nvidia,DDR,GeForce 2 MX 100/200 32MB,"
03-Mar-2001",1600x1200,No
458.75,59.0,256.0,13.6,256.0,425.0,2.0,4.0,NV35,,Yes,Nvidia,DDR,GeForce FX 5900 Ultra,"
12-May-2003",2048x1536,No
492.125,33.0,256.0,3.2,128.0,200.0,1.75,4.25,NV36,,Yes,Nvidia,DDR,GeForce FX 5700 VE,"
02-Jan-2003",2048x1536,No
486.25,22.75,256.0,4.0,128.0,250.0,1.75,4.25,NV36,,Yes,Nvidia,DDR,GeForce FX 5700,"
01-Oct-2003",2048x1536,No
451.25,37.5,128.0,3.2,128.0,200.0,1.75,4.25,NV31,,Yes,Nvidia,DDR,GeForce FX 5600 XT,"
01-Mar-2003",2048x1536,No
492.125,33.0,256.0,3.2,128.0,200.0,1.75,4.25,NV34B,,Yes,Nvidia,DDR,GeForce FX 5500,"
01-Mar-2004",2048x1536,No
451.25,37.5,128.0,3.2,128.0,200.0,1.75,4.25,NV36,,Yes,Nvidia,DDR,GeForce FX 5700 LE,"
01-Mar-2004",2048x1536,No
527.5,18.375,128.0,5.6,128.0,350.0,1.75,4.25,NV31,,Yes,Nvidia,DDR,GeForce FX 5600 Ultra,"
06-Mar-2003",2048x1536,No
451.25,37.5,128.0,3.2,128.0,200.0,1.75,4.25,NV34,,Yes,Nvidia,DDR,GeForce FX 5200,"
01-Mar-2003",2048x1536,No
451.25,39.25,128.0,4.4,128.0,275.0,1.75,4.375,NV25,,Yes,Nvidia,DDR,GeForce4 Ti 4400,"
06-Feb-2002",,No
527.5,18.375,128.0,5.2,128.0,325.0,1.625,4.25,NV25,,Yes,Nvidia,DDR,GeForce4 Ti 4600,"
06-Feb-2002",,No
954.0,25.0,2048.0,14.4,64.0,900.0,8.0,8.0,Kepler GK208,1366 x 768,Yes,Nvidia,DDR3,GeForce GT 710 v2 EVGA Passive 2GB Edition,"
26-Jan-2016",4096x2160,No
451.25,39.25,128.0,4.4,128.0,275.0,1.75,4.375,NV17,,Yes,Nvidia,DDR,GeForce4 MX 460,"
06-Feb-2002",,No
454.625,15.0,64.0,1.3,64.0,166.0,2.375,4.0,NV17,,Yes,Nvidia,DDR,GeForce4 MX 420,"
06-Feb-2002",,No
451.25,37.5,128.0,3.2,128.0,200.0,1.75,4.25,NV17,,Yes,Nvidia,DDR,GeForce 4 MX 440,"
06-Feb-2002",1600x1200,No
448.75,18.25,128.0,1.8,64.0,222.0,2.375,4.0,NV25,,Yes,Nvidia,DDR,GeForce4 Ti 4200,"
16-Apr-2002",,No
451.25,39.25,128.0,4.4,128.0,275.0,1.75,4.375,NV18,,Yes,Nvidia,DDR,GeForce 4 MX 440 AGP 8X,"
25-Sep-2002",,No
545.0,55.0,256.0,32.0,256.0,500.0,3.25,7.0,NV40/NV42,,Yes,Nvidia,GDDR3,GeForce 6800 GS,"
01-Dec-2005",2560x1600,Yes
448.75,15.0,128.0,1.3,64.0,166.0,2.375,4.0,NV18,,Yes,Nvidia,DDR,GeForce 4 MX 4000,"
14-Dec-2003",1600x1200,No
602.5,36.0,256.0,16.0,128.0,500.0,22.0,19.25,NV43,,Yes,Nvidia,GDDR3,GeForce 6600 GT 256MB,"
01-Nov-2004",2560x1600,Yes
613.75,93.25,256.0,32.0,256.0,500.0,39.375,38.0,NV40/NV45,,Yes,Nvidia,DDR3,GeForce 6800 GT Leadtek Edition,"
01-May-2004",2560x1600,Yes
492.125,33.0,256.0,3.2,128.0,200.0,1.75,4.25,NV43,,Yes,Nvidia,DDR,GeForce 6600 LE,"
30-Jan-2004",2560x1600,Yes
596.25,67.0,256.0,32.0,256.0,500.0,6.0,16.0,NV45,,Yes,Nvidia,GDDR3,GeForce 6800 GT,"
08-Jun-2004",2560x1600,Yes
527.5,48.0,128.0,15.2,128.0,475.0,1.875,4.25,NV43,,Yes,Nvidia,GDDR3,GeForce 6600 GT,"
01-Nov-2004",2560x1600,Yes
451.25,42.5,256.0,5.3,128.0,333.0,1.75,4.25,NV44,,Yes,Nvidia,DDR,GeForce 6500,"
02-Jan-2005",2560x1600,No
495.75,24.375,256.0,2.1,64.0,266.0,2.375,4.0,NV44,,Yes,Nvidia,DDR,GeForce 6200 LE,"
02-Jan-2005",2048x1536,No
451.25,31.625,32.0,3.2,128.0,200.0,1.75,4.25,NV15,,Yes,Nvidia,DDR,GeForce2 Pro,"
05-Dec-2000",,No
494.875,28.0,256.0,4.4,128.0,275.0,2.0,4.25,NV43,,Yes,Nvidia,DDR,GeForce 6600,"
02-Jan-2004",2560x1600,Yes
527.5,17.625,128.0,2.8,64.0,350.0,1.875,3.5,NV44,,Yes,Nvidia,DDR,GeForce 6200 TurboCache,"
02-Jan-2005",2560x1600,No
635.625,22.625,864.0,8.5,64.0,533.0,2.375,4.0,MCP61,,No,Nvidia,DDR3,GeForce 6150 SE / nForce 430 64MB DDR3,"
01-Oct-2010",,No
515.625,39.5,376.0,23.3125,128.0,589.375,0.0,1.0,C51,,No,Nvidia,,GeForce 6150 LE,"
11-Oct-2004",2560x1600,No
1057.5,63.375,7168.0,248.0,128.0,1484.625,9.0,13.0,MCP61,,No,Nvidia,DDR2,GeForce 6150 SE nForce 430,"
01-Jun-2006",2560x1600,No
1057.5,63.375,7168.0,248.0,128.0,1484.625,9.0,13.0,MCP61,,No,Nvidia,DDR2,GeForce 6150 SE 256MB,"
01-Jun-2006",2560x1600,No
946.893927125506,125.59870550161813,2872.7689216342933,138.2429223744292,205.35645933014354,1175.6555589215388,34.965408805031444,26.821827057182706,MCP51,,,Nvidia,,GeForce 6100 nForce 405,"
20-Oct-2005",,No
1057.5,63.375,7168.0,248.0,128.0,1484.625,9.0,13.0,MCP51,,No,Nvidia,DDR2,GeForce 6100,"
01-Nov-2005",2560x1600,No
494.875,35.5,256.0,8.8,128.0,275.0,1.75,4.25,NV43,,Yes,Nvidia,DDR2,GeForce 6200,"
02-Jan-2004",2560x1600,No
